Project_Name,Class_Name,Release_ID,Original_NSmells,Actual_Bugginess,Predicted_BPlus,Probability_BPlus_YES,Predicted_B,Probability_B_YES,Transition,Preventable_Actual_Buggy
ZOOKEEPER,src/java/main/org/apache/jute/compiler/JDouble.java,1,1.0000,NO,NO,0.00000000,NO,0.00000000,NO_TO_NO,NO
ZOOKEEPER,src/java/main/org/apache/zookeeper/server/auth/ProviderRegistry.java,1,3.0000,YES,YES,0.86000000,YES,0.84000000,YES_TO_YES,NO
ZOOKEEPER,src/java/main/org/apache/jute/compiler/CGenerator.java,1,7.0000,NO,NO,0.02000000,NO,0.04000000,NO_TO_NO,NO
ZOOKEEPER,src/java/main/org/apache/zookeeper/server/quorum/Vote.java,1,4.0000,YES,YES,0.88000000,YES,0.87000000,YES_TO_YES,NO
ZOOKEEPER,src/java/main/org/apache/zookeeper/server/PrepRequestProcessor.java,1,11.0000,YES,YES,1.00000000,YES,0.98000000,YES_TO_YES,NO
ZOOKEEPER,src/java/main/org/apache/jute/RecordReader.java,1,9.0000,NO,NO,0.00000000,NO,0.01000000,NO_TO_NO,NO
ZOOKEEPER,src/java/main/org/apache/zookeeper/server/quorum/LeaderElection.java,1,16.0000,YES,YES,0.96000000,YES,0.93000000,YES_TO_YES,NO
ZOOKEEPER,src/java/jmx/org/apache/zookeeper/server/quorum/ObservableLeader.java,1,1.0000,NO,NO,0.00000000,NO,0.00000000,NO_TO_NO,NO
ZOOKEEPER,src/java/jmx/org/apache/zookeeper/jmx/server/ConnectionBean.java,1,1.0000,NO,NO,0.04000000,NO,0.05000000,NO_TO_NO,NO
ZOOKEEPER,src/java/main/org/apache/zookeeper/server/PurgeTxnLog.java,1,9.0000,YES,YES,0.86000000,YES,0.81000000,YES_TO_YES,NO
ZOOKEEPER,src/java/main/org/apache/zookeeper/server/upgrade/DataNodeV1.java,1,11.0000,NO,NO,0.02000000,NO,0.09000000,NO_TO_NO,NO
ZOOKEEPER,src/java/main/org/apache/jute/compiler/generated/SimpleCharStream.java,1,34.0000,NO,NO,0.04000000,NO,0.16000000,NO_TO_NO,NO
ZOOKEEPER,src/java/jmx/org/apache/zookeeper/server/ManagedZooKeeperServerMain.java,1,1.0000,NO,NO,0.19000000,NO,0.25000000,NO_TO_NO,NO
ZOOKEEPER,src/java/main/org/apache/jute/compiler/generated/RccTokenManager.java,1,84.0000,NO,NO,0.03000000,NO,0.14000000,NO_TO_NO,NO
ZOOKEEPER,src/java/main/org/apache/zookeeper/server/quorum/AuthFastLeaderElection.java,1,46.0000,YES,YES,0.96000000,YES,0.97000000,YES_TO_YES,NO
ZOOKEEPER,src/java/main/org/apache/zookeeper/server/Request.java,1,14.0000,YES,YES,0.86000000,YES,0.85000000,YES_TO_YES,NO
ZOOKEEPER,src/java/main/org/apache/jute/compiler/JField.java,1,1.0000,NO,NO,0.01000000,NO,0.00000000,NO_TO_NO,NO
ZOOKEEPER,src/java/main/org/apache/zookeeper/KeeperException.java,1,24.0000,YES,YES,0.78000000,YES,0.75000000,YES_TO_YES,NO
ZOOKEEPER,src/java/main/org/apache/zookeeper/server/quorum/QuorumPeer.java,1,23.0000,YES,YES,1.00000000,YES,0.98000000,YES_TO_YES,NO
ZOOKEEPER,src/java/jmx/org/apache/zookeeper/server/quorum/ManagedQuorumPeer.java,1,1.0000,YES,YES,0.89000000,YES,0.88000000,YES_TO_YES,NO
ZOOKEEPER,src/java/main/org/apache/jute/XmlOutputArchive.java,1,10.0000,NO,NO,0.07000000,NO,0.11000000,NO_TO_NO,NO
ZOOKEEPER,src/java/main/org/apache/zookeeper/WatchedEvent.java,1,2.0000,NO,NO,0.17000000,NO,0.21000000,NO_TO_NO,NO
ZOOKEEPER,docs/zookeeperInternals.html,1,23.0000,NO,NO,0.00000000,NO,0.00000000,NO_TO_NO,NO
ZOOKEEPER,src/java/main/org/apache/zookeeper/server/util/Profiler.java,1,1.0000,NO,NO,0.05000000,NO,0.07000000,NO_TO_NO,NO
ZOOKEEPER,docs/releasenotes.html,1,19.0000,NO,NO,0.00000000,NO,0.00000000,NO_TO_NO,NO
ZOOKEEPER,src/java/main/org/apache/jute/compiler/JBuffer.java,1,3.0000,NO,NO,0.00000000,NO,0.01000000,NO_TO_NO,NO
ZOOKEEPER,src/java/main/org/apache/zookeeper/server/upgrade/DataTreeV1.java,1,33.0000,NO,NO,0.07000000,NO,0.32000000,NO_TO_NO,NO
ZOOKEEPER,src/java/main/org/apache/zookeeper/CreateMode.java,1,1.0000,NO,NO,0.03000000,NO,0.05000000,NO_TO_NO,NO
ZOOKEEPER,src/docs/src/documentation/skinconf.xml,1,6.0000,NO,NO,0.00000000,NO,0.00000000,NO_TO_NO,NO
ZOOKEEPER,src/java/main/org/apache/zookeeper/server/quorum/Follower.java,1,7.0000,YES,YES,0.98000000,YES,0.95000000,YES_TO_YES,NO
ZOOKEEPER,src/java/main/org/apache/zookeeper/server/quorum/ProposalRequestProcessor.java,1,1.0000,YES,YES,0.95000000,YES,0.94000000,YES_TO_YES,NO
ZOOKEEPER,src/java/main/org/apache/jute/RecordWriter.java,1,17.0000,NO,NO,0.00000000,NO,0.01000000,NO_TO_NO,NO
ZOOKEEPER,src/java/main/org/apache/zookeeper/server/upgrade/UpgradeSnapShot.java,1,1.0000,NO,NO,0.08000000,NO,0.13000000,NO_TO_NO,NO
ZOOKEEPER,src/java/main/org/apache/zookeeper/server/persistence/FileTxnLog.java,1,15.0000,YES,YES,0.98000000,YES,0.91000000,YES_TO_YES,NO
ZOOKEEPER,src/java/jmx/org/apache/zookeeper/server/quorum/ObservableFollower.java,1,1.0000,NO,NO,0.01000000,NO,0.01000000,NO_TO_NO,NO
ZOOKEEPER,src/java/main/org/apache/zookeeper/server/persistence/Util.java,1,9.0000,YES,YES,0.94000000,YES,0.86000000,YES_TO_YES,NO
ZOOKEEPER,src/java/main/org/apache/zookeeper/server/persistence/FileTxnSnapLog.java,1,8.0000,YES,YES,0.89000000,YES,0.87000000,YES_TO_YES,NO
ZOOKEEPER,src/java/main/org/apache/zookeeper/ClientCnxn.java,1,41.0000,YES,YES,0.99000000,YES,0.95000000,YES_TO_YES,NO
ZOOKEEPER,src/java/main/org/apache/zookeeper/server/quorum/QuorumPeerConfig.java,1,8.0000,YES,YES,0.94000000,YES,0.89000000,YES_TO_YES,NO
ZOOKEEPER,docs/zookeeperOver.html,1,35.0000,NO,NO,0.00000000,NO,0.00000000,NO_TO_NO,NO
ZOOKEEPER,src/java/main/org/apache/jute/compiler/JRecord.java,1,49.0000,NO,NO,0.22000000,NO,0.40000000,NO_TO_NO,NO
ZOOKEEPER,src/java/main/org/apache/jute/compiler/generated/ParseException.java,1,15.0000,NO,NO,0.02000000,NO,0.06000000,NO_TO_NO,NO
ZOOKEEPER,src/java/main/org/apache/jute/Utils.java,1,27.0000,YES,YES,0.72000000,YES,0.62000000,YES_TO_YES,NO
ZOOKEEPER,src/java/jmx/org/apache/zookeeper/server/ManagedZooKeeperServer.java,1,1.0000,NO,NO,0.04000000,NO,0.05000000,NO_TO_NO,NO
ZOOKEEPER,src/java/jmx/org/apache/zookeeper/jmx/CommonNames.java,1,2.0000,NO,NO,0.00000000,NO,0.00000000,NO_TO_NO,NO
ZOOKEEPER,src/java/main/org/apache/zookeeper/server/ServerStats.java,1,15.0000,NO,NO,0.13000000,NO,0.14000000,NO_TO_NO,NO
ZOOKEEPER,src/java/main/org/apache/zookeeper/AsyncCallback.java,1,1.0000,NO,NO,0.01000000,NO,0.00000000,NO_TO_NO,NO
ZOOKEEPER,src/java/main/org/apache/jute/compiler/generated/Rcc.java,1,133.0000,NO,NO,0.07000000,NO,0.20000000,NO_TO_NO,NO
ZOOKEEPER,src/java/main/org/apache/zookeeper/server/quorum/Leader.java,1,39.0000,YES,YES,0.96000000,YES,0.95000000,YES_TO_YES,NO
ZOOKEEPER,src/java/main/org/apache/zookeeper/server/persistence/FileSnap.java,1,2.0000,YES,YES,0.91000000,YES,0.89000000,YES_TO_YES,NO
ZOOKEEPER,src/java/main/org/apache/zookeeper/server/ZooKeeperServer.java,1,30.0000,YES,YES,0.94000000,YES,0.92000000,YES_TO_YES,NO
ZOOKEEPER,src/java/main/org/apache/zookeeper/ZooKeeperMain.java,1,39.0000,YES,YES,0.76000000,YES,0.76000000,YES_TO_YES,NO
ZOOKEEPER,src/java/main/org/apache/jute/OutputArchive.java,1,7.0000,NO,NO,0.01000000,NO,0.02000000,NO_TO_NO,NO
ZOOKEEPER,src/java/main/org/apache/zookeeper/ZooKeeper.java,1,21.0000,YES,YES,1.00000000,YES,0.97000000,YES_TO_YES,NO
ZOOKEEPER,src/java/main/org/apache/jute/compiler/JVector.java,1,9.0000,NO,NO,0.03000000,NO,0.04000000,NO_TO_NO,NO
ZOOKEEPER,src/java/main/org/apache/zookeeper/server/quorum/QuorumStats.java,1,6.0000,NO,NO,0.15000000,NO,0.18000000,NO_TO_NO,NO
ZOOKEEPER,src/java/main/org/apache/zookeeper/server/upgrade/UpgradeMain.java,1,2.0000,NO,NO,0.19000000,NO,0.24000000,NO_TO_NO,NO
ZOOKEEPER,src/java/main/org/apache/jute/compiler/JMap.java,1,9.0000,NO,NO,0.00000000,NO,0.00000000,NO_TO_NO,NO
ZOOKEEPER,src/java/main/org/apache/zookeeper/server/TraceFormatter.java,1,4.0000,NO,NO,0.00000000,NO,0.01000000,NO_TO_NO,NO
ZOOKEEPER,src/java/main/org/apache/jute/compiler/JFloat.java,1,1.0000,NO,NO,0.00000000,NO,0.00000000,NO_TO_NO,NO
ZOOKEEPER,src/java/main/org/apache/jute/compiler/JLong.java,1,1.0000,NO,NO,0.00000000,NO,0.00000000,NO_TO_NO,NO
ZOOKEEPER,src/java/main/org/apache/zookeeper/server/auth/DigestAuthenticationProvider.java,1,16.0000,NO,NO,0.09000000,NO,0.13000000,NO_TO_NO,NO
ZOOKEEPER,docs/zookeeperTutorial.html,1,9.0000,NO,NO,0.00000000,NO,0.00000000,NO_TO_NO,NO
ZOOKEEPER,docs/javaExample.html,1,13.0000,NO,NO,0.00000000,NO,0.00000000,NO_TO_NO,NO
ZOOKEEPER,src/java/jmx/org/apache/zookeeper/server/ObservableNIOServerCnxn.java,1,1.0000,NO,NO,0.00000000,NO,0.00000000,NO_TO_NO,NO
ZOOKEEPER,src/java/main/org/apache/zookeeper/server/NIOServerCnxn.java,1,34.0000,YES,YES,0.99000000,YES,0.99000000,YES_TO_YES,NO
ZOOKEEPER,src/java/main/org/apache/jute/CsvInputArchive.java,1,14.0000,NO,NO,0.02000000,NO,0.06000000,NO_TO_NO,NO
ZOOKEEPER,src/java/main/org/apache/jute/compiler/generated/TokenMgrError.java,1,9.0000,NO,NO,0.00000000,NO,0.02000000,NO_TO_NO,NO
ZOOKEEPER,src/java/main/org/apache/zookeeper/ServerAdminClient.java,1,17.0000,NO,NO,0.24000000,NO,0.28000000,NO_TO_NO,NO
ZOOKEEPER,src/java/main/org/apache/zookeeper/server/quorum/FollowerRequestProcessor.java,1,2.0000,YES,YES,0.94000000,YES,0.93000000,YES_TO_YES,NO
ZOOKEEPER,src/java/main/org/apache/zookeeper/server/ZooTrace.java,1,16.0000,NO,NO,0.05000000,NO,0.07000000,NO_TO_NO,NO
ZOOKEEPER,src/java/main/org/apache/zookeeper/server/quorum/QuorumCnxManager.java,1,29.0000,YES,YES,0.94000000,YES,0.93000000,YES_TO_YES,NO
ZOOKEEPER,src/java/jmx/org/apache/zookeeper/jmx/server/DataTreeBean.java,1,2.0000,NO,NO,0.03000000,NO,0.03000000,NO_TO_NO,NO
ZOOKEEPER,src/java/main/org/apache/zookeeper/server/quorum/FollowerSessionTracker.java,1,7.0000,NO,NO,0.02000000,NO,0.05000000,NO_TO_NO,NO
ZOOKEEPER,src/java/main/org/apache/jute/compiler/generated/Token.java,1,10.0000,NO,NO,0.00000000,NO,0.00000000,NO_TO_NO,NO
ZOOKEEPER,src/java/main/org/apache/zookeeper/server/LogFormatter.java,1,2.0000,NO,NO,0.01000000,NO,0.01000000,NO_TO_NO,NO
ZOOKEEPER,src/java/main/org/apache/zookeeper/server/quorum/FastLeaderElection.java,1,24.0000,YES,YES,0.97000000,YES,0.93000000,YES_TO_YES,NO
ZOOKEEPER,src/java/main/org/apache/jute/compiler/JType.java,1,4.0000,NO,NO,0.03000000,NO,0.05000000,NO_TO_NO,NO
ZOOKEEPER,src/docs/status.xml,1,1.0000,NO,NO,0.00000000,NO,0.00000000,NO_TO_NO,NO
ZOOKEEPER,docs/zookeeperAdmin.html,1,49.0000,NO,NO,0.00000000,NO,0.00000000,NO_TO_NO,NO
ZOOKEEPER,src/java/main/org/apache/jute/compiler/generated/RccConstants.java,1,4.0000,NO,NO,0.00000000,NO,0.00000000,NO_TO_NO,NO
ZOOKEEPER,src/java/main/org/apache/zookeeper/server/upgrade/UpgradeSnapShotV1.java,1,5.0000,YES,YES,0.76000000,YES,0.72000000,YES_TO_YES,NO
ZOOKEEPER,src/java/main/org/apache/zookeeper/server/SyncRequestProcessor.java,1,7.0000,YES,YES,0.96000000,YES,0.95000000,YES_TO_YES,NO
ZOOKEEPER,src/java/main/org/apache/zookeeper/server/auth/AuthenticationProvider.java,1,2.0000,NO,NO,0.00000000,NO,0.00000000,NO_TO_NO,NO
ZOOKEEPER,src/java/main/org/apache/jute/compiler/JavaGenerator.java,1,7.0000,NO,NO,0.00000000,NO,0.00000000,NO_TO_NO,NO
ZOOKEEPER,src/java/main/org/apache/jute/compiler/CppGenerator.java,1,7.0000,NO,NO,0.00000000,NO,0.00000000,NO_TO_NO,NO
ZOOKEEPER,src/java/main/org/apache/zookeeper/server/FinalRequestProcessor.java,1,6.0000,YES,YES,0.95000000,YES,0.93000000,YES_TO_YES,NO
ZOOKEEPER,src/java/main/org/apache/zookeeper/server/quorum/CommitProcessor.java,1,8.0000,YES,YES,0.96000000,YES,0.92000000,YES_TO_YES,NO
ZOOKEEPER,src/java/main/org/apache/jute/XmlInputArchive.java,1,20.0000,NO,NO,0.03000000,NO,0.08000000,NO_TO_NO,NO
ZOOKEEPER,src/java/main/org/apache/zookeeper/version/util/VerGen.java,1,9.0000,YES,YES,0.87000000,YES,0.84000000,YES_TO_YES,NO
ZOOKEEPER,src/java/main/org/apache/zookeeper/server/ServerConfig.java,1,2.0000,NO,NO,0.11000000,NO,0.14000000,NO_TO_NO,NO
ZOOKEEPER,src/java/main/org/apache/jute/compiler/JCompType.java,1,1.0000,NO,NO,0.00000000,NO,0.00000000,NO_TO_NO,NO
ZOOKEEPER,src/java/main/org/apache/zookeeper/server/SessionTrackerImpl.java,1,12.0000,NO,NO,0.31000000,NO,0.38000000,NO_TO_NO,NO
ZOOKEEPER,src/java/main/org/apache/zookeeper/server/quorum/FollowerHandler.java,1,15.0000,YES,YES,0.93000000,YES,0.91000000,YES_TO_YES,NO
ZOOKEEPER,docs/zookeeperOtherInfo.html,1,3.0000,NO,NO,0.00000000,NO,0.00000000,NO_TO_NO,NO
ZOOKEEPER,src/java/main/org/apache/jute/BinaryInputArchive.java,1,12.0000,NO,NO,0.04000000,NO,0.06000000,NO_TO_NO,NO
ZOOKEEPER,src/java/jmx/org/apache/zookeeper/server/util/ZooKeeperObserverManager.java,1,5.0000,NO,NO,0.01000000,NO,0.01000000,NO_TO_NO,NO
ZOOKEEPER,src/java/main/org/apache/zookeeper/server/DataTree.java,1,40.0000,YES,YES,0.98000000,YES,0.95000000,YES_TO_YES,NO
ZOOKEEPER,src/java/main/org/apache/jute/compiler/JString.java,1,1.0000,NO,NO,0.00000000,NO,0.00000000,NO_TO_NO,NO
ZOOKEEPER,src/java/main/org/apache/zookeeper/server/DataNode.java,1,11.0000,YES,YES,0.94000000,YES,0.92000000,YES_TO_YES,NO
ZOOKEEPER,src/java/main/org/apache/jute/BinaryOutputArchive.java,1,7.0000,NO,NO,0.17000000,NO,0.21000000,NO_TO_NO,NO
ZOOKEEPER,src/java/main/org/apache/zookeeper/server/auth/HostAuthenticationProvider.java,1,3.0000,NO,NO,0.00000000,NO,0.00000000,NO_TO_NO,NO
ZOOKEEPER,src/java/main/org/apache/jute/CsvOutputArchive.java,1,4.0000,YES,YES,0.85000000,YES,0.86000000,YES_TO_YES,NO
ZOOKEEPER,src/java/main/org/apache/zookeeper/server/quorum/FollowerZooKeeperServer.java,1,4.0000,YES,YES,0.91000000,YES,0.91000000,YES_TO_YES,NO
ZOOKEEPER,src/java/main/org/apache/jute/compiler/JFile.java,1,7.0000,NO,NO,0.01000000,NO,0.01000000,NO_TO_NO,NO
ZOOKEEPER,src/java/main/org/apache/zookeeper/server/WatchManager.java,1,4.0000,NO,NO,0.20000000,NO,0.24000000,NO_TO_NO,NO
ZOOKEEPER,docs/zookeeperProgrammers.html,1,64.0000,NO,NO,0.00000000,NO,0.00000000,NO_TO_NO,NO
ZOOKEEPER,docs/zookeeperStarted.html,1,13.0000,NO,NO,0.00000000,NO,0.00000000,NO_TO_NO,NO
ZOOKEEPER,src/java/main/org/apache/zookeeper/server/util/SerializeUtils.java,1,2.0000,NO,NO,0.06000000,NO,0.08000000,NO_TO_NO,NO
ZOOKEEPER,src/java/main/org/apache/zookeeper/server/auth/IPAuthenticationProvider.java,1,12.0000,NO,NO,0.02000000,NO,0.04000000,NO_TO_NO,NO
ZOOKEEPER,docs/recipes.html,1,27.0000,NO,NO,0.00000000,NO,0.00000000,NO_TO_NO,NO
ZOOKEEPER,src/java/jmx/org/apache/zookeeper/jmx/MBeanRegistry.java,1,4.0000,NO,NO,0.14000000,NO,0.17000000,NO_TO_NO,NO
ZOOKEEPER,src/java/main/org/apache/zookeeper/ZooDefs.java,1,27.0000,NO,NO,0.16000000,NO,0.20000000,NO_TO_NO,NO
ZOOKEEPER,src/java/main/org/apache/zookeeper/Version.java,1,4.0000,NO,NO,0.15000000,NO,0.15000000,NO_TO_NO,NO
ZOOKEEPER,src/java/main/org/apache/zookeeper/server/ServerCnxn.java,1,16.0000,YES,YES,0.72000000,YES,0.60000000,YES_TO_YES,NO
ZOOKEEPER,src/java/main/org/apache/zookeeper/Watcher.java,1,13.0000,YES,YES,0.86000000,YES,0.76000000,YES_TO_YES,NO
ZOOKEEPER,src/java/main/org/apache/jute/compiler/JDouble.java,2,1.0000,NO,NO,0.00000000,NO,0.00000000,NO_TO_NO,NO
ZOOKEEPER,src/java/main/org/apache/zookeeper/server/auth/ProviderRegistry.java,2,3.0000,NO,NO,0.08000000,NO,0.06000000,NO_TO_NO,NO
ZOOKEEPER,src/java/main/org/apache/jute/compiler/CGenerator.java,2,7.0000,NO,NO,0.01000000,NO,0.02000000,NO_TO_NO,NO
ZOOKEEPER,src/java/main/org/apache/zookeeper/server/quorum/Vote.java,2,4.0000,NO,NO,0.32000000,NO,0.25000000,NO_TO_NO,NO
ZOOKEEPER,src/java/main/org/apache/zookeeper/server/PrepRequestProcessor.java,2,11.0000,YES,YES,0.89000000,YES,0.85000000,YES_TO_YES,NO
ZOOKEEPER,src/java/main/org/apache/jute/RecordReader.java,2,9.0000,NO,NO,0.00000000,NO,0.02000000,NO_TO_NO,NO
ZOOKEEPER,src/java/main/org/apache/zookeeper/server/quorum/LeaderElection.java,2,16.0000,NO,NO,0.25000000,NO,0.46000000,NO_TO_NO,NO
ZOOKEEPER,src/java/jmx/org/apache/zookeeper/server/quorum/ObservableLeader.java,2,1.0000,NO,NO,0.01000000,NO,0.02000000,NO_TO_NO,NO
ZOOKEEPER,src/java/jmx/org/apache/zookeeper/jmx/server/ConnectionBean.java,2,1.0000,NO,NO,0.02000000,NO,0.02000000,NO_TO_NO,NO
ZOOKEEPER,src/java/main/org/apache/zookeeper/server/PurgeTxnLog.java,2,9.0000,YES,YES,0.74000000,NO,0.43000000,YES_TO_NO,YES
ZOOKEEPER,src/java/main/org/apache/zookeeper/server/upgrade/DataNodeV1.java,2,11.0000,NO,NO,0.03000000,NO,0.24000000,NO_TO_NO,NO
ZOOKEEPER,src/java/main/org/apache/jute/compiler/generated/SimpleCharStream.java,2,34.0000,NO,NO,0.01000000,NO,0.19000000,NO_TO_NO,NO
ZOOKEEPER,src/java/jmx/org/apache/zookeeper/server/ManagedZooKeeperServerMain.java,2,1.0000,NO,NO,0.18000000,NO,0.25000000,NO_TO_NO,NO
ZOOKEEPER,src/java/main/org/apache/jute/compiler/generated/RccTokenManager.java,2,84.0000,NO,NO,0.00000000,NO,0.19000000,NO_TO_NO,NO
ZOOKEEPER,src/java/main/org/apache/zookeeper/server/quorum/AuthFastLeaderElection.java,2,46.0000,NO,NO,0.34000000,NO,0.43000000,NO_TO_NO,NO
ZOOKEEPER,src/java/main/org/apache/zookeeper/server/Request.java,2,14.0000,NO,NO,0.29000000,NO,0.37000000,NO_TO_NO,NO
ZOOKEEPER,src/java/main/org/apache/jute/compiler/JField.java,2,1.0000,NO,NO,0.00000000,NO,0.00000000,NO_TO_NO,NO
ZOOKEEPER,src/java/main/org/apache/zookeeper/KeeperException.java,2,24.0000,YES,YES,0.64000000,NO,0.49000000,YES_TO_NO,YES
ZOOKEEPER,src/java/main/org/apache/zookeeper/server/quorum/QuorumPeer.java,2,23.0000,YES,YES,0.96000000,YES,0.90000000,YES_TO_YES,NO
ZOOKEEPER,src/java/jmx/org/apache/zookeeper/server/quorum/ManagedQuorumPeer.java,2,1.0000,NO,NO,0.18000000,NO,0.16000000,NO_TO_NO,NO
ZOOKEEPER,src/java/main/org/apache/jute/XmlOutputArchive.java,2,10.0000,NO,NO,0.03000000,NO,0.09000000,NO_TO_NO,NO
ZOOKEEPER,src/java/main/org/apache/zookeeper/WatchedEvent.java,2,2.0000,NO,NO,0.00000000,NO,0.01000000,NO_TO_NO,NO
ZOOKEEPER,docs/zookeeperInternals.html,2,23.0000,NO,NO,0.00000000,NO,0.00000000,NO_TO_NO,NO
ZOOKEEPER,src/java/main/org/apache/zookeeper/server/util/Profiler.java,2,1.0000,NO,NO,0.02000000,NO,0.03000000,NO_TO_NO,NO
ZOOKEEPER,docs/releasenotes.html,2,19.0000,NO,NO,0.00000000,NO,0.00000000,NO_TO_NO,NO
ZOOKEEPER,src/java/main/org/apache/jute/compiler/JBuffer.java,2,3.0000,NO,NO,0.00000000,NO,0.01000000,NO_TO_NO,NO
ZOOKEEPER,src/java/main/org/apache/zookeeper/server/upgrade/DataTreeV1.java,2,33.0000,NO,NO,0.11000000,NO,0.32000000,NO_TO_NO,NO
ZOOKEEPER,src/java/main/org/apache/zookeeper/CreateMode.java,2,1.0000,NO,NO,0.00000000,NO,0.00000000,NO_TO_NO,NO
ZOOKEEPER,src/docs/src/documentation/skinconf.xml,2,6.0000,NO,NO,0.00000000,NO,0.00000000,NO_TO_NO,NO
ZOOKEEPER,src/java/main/org/apache/zookeeper/server/quorum/Follower.java,2,7.0000,NO,NO,0.17000000,NO,0.21000000,NO_TO_NO,NO
ZOOKEEPER,src/java/main/org/apache/zookeeper/server/quorum/ProposalRequestProcessor.java,2,1.0000,NO,NO,0.07000000,NO,0.13000000,NO_TO_NO,NO
ZOOKEEPER,src/java/main/org/apache/jute/RecordWriter.java,2,17.0000,NO,NO,0.01000000,NO,0.03000000,NO_TO_NO,NO
ZOOKEEPER,src/java/main/org/apache/zookeeper/server/upgrade/UpgradeSnapShot.java,2,1.0000,NO,NO,0.01000000,NO,0.01000000,NO_TO_NO,NO
ZOOKEEPER,src/java/main/org/apache/zookeeper/server/persistence/FileTxnLog.java,2,15.0000,YES,YES,0.87000000,YES,0.61000000,YES_TO_YES,NO
ZOOKEEPER,src/java/jmx/org/apache/zookeeper/server/quorum/ObservableFollower.java,2,1.0000,NO,NO,0.01000000,NO,0.01000000,NO_TO_NO,NO
ZOOKEEPER,src/java/main/org/apache/zookeeper/server/persistence/Util.java,2,9.0000,YES,YES,0.87000000,YES,0.55000000,YES_TO_YES,NO
ZOOKEEPER,src/java/main/org/apache/zookeeper/server/persistence/FileTxnSnapLog.java,2,8.0000,YES,YES,0.84000000,YES,0.57000000,YES_TO_YES,NO
ZOOKEEPER,src/java/main/org/apache/zookeeper/ClientCnxn.java,2,43.0000,YES,YES,0.97000000,YES,0.92000000,YES_TO_YES,NO
ZOOKEEPER,src/java/main/org/apache/zookeeper/server/quorum/QuorumPeerConfig.java,2,6.0000,YES,YES,0.91000000,YES,0.87000000,YES_TO_YES,NO
ZOOKEEPER,docs/zookeeperOver.html,2,35.0000,NO,NO,0.00000000,NO,0.00000000,NO_TO_NO,NO
ZOOKEEPER,src/java/main/org/apache/jute/compiler/JRecord.java,2,49.0000,NO,NO,0.02000000,NO,0.20000000,NO_TO_NO,NO
ZOOKEEPER,src/java/main/org/apache/jute/compiler/generated/ParseException.java,2,15.0000,NO,NO,0.02000000,NO,0.05000000,NO_TO_NO,NO
ZOOKEEPER,src/java/main/org/apache/jute/Utils.java,2,27.0000,YES,YES,0.64000000,NO,0.31000000,YES_TO_NO,YES
ZOOKEEPER,src/java/jmx/org/apache/zookeeper/server/ManagedZooKeeperServer.java,2,1.0000,NO,NO,0.02000000,NO,0.02000000,NO_TO_NO,NO
ZOOKEEPER,src/java/jmx/org/apache/zookeeper/jmx/CommonNames.java,2,2.0000,NO,NO,0.00000000,NO,0.00000000,NO_TO_NO,NO
ZOOKEEPER,src/java/main/org/apache/zookeeper/server/ServerStats.java,2,15.0000,NO,NO,0.11000000,NO,0.30000000,NO_TO_NO,NO
ZOOKEEPER,src/java/main/org/apache/zookeeper/AsyncCallback.java,2,1.0000,NO,NO,0.00000000,NO,0.01000000,NO_TO_NO,NO
ZOOKEEPER,src/java/main/org/apache/jute/compiler/generated/Rcc.java,2,133.0000,NO,NO,0.02000000,NO,0.19000000,NO_TO_NO,NO
ZOOKEEPER,src/java/main/org/apache/zookeeper/server/quorum/Leader.java,2,39.0000,NO,NO,0.22000000,NO,0.35000000,NO_TO_NO,NO
ZOOKEEPER,src/java/main/org/apache/zookeeper/server/persistence/FileSnap.java,2,2.0000,YES,YES,0.76000000,YES,0.64000000,YES_TO_YES,NO
ZOOKEEPER,src/java/main/org/apache/zookeeper/server/ZooKeeperServer.java,2,30.0000,NO,NO,0.35000000,NO,0.44000000,NO_TO_NO,NO
ZOOKEEPER,src/java/main/org/apache/zookeeper/ZooKeeperMain.java,2,39.0000,YES,YES,0.81000000,NO,0.48000000,YES_TO_NO,YES
ZOOKEEPER,src/java/main/org/apache/jute/OutputArchive.java,2,7.0000,NO,NO,0.00000000,NO,0.01000000,NO_TO_NO,NO
ZOOKEEPER,src/java/main/org/apache/zookeeper/ZooKeeper.java,2,21.0000,YES,YES,0.97000000,YES,0.92000000,YES_TO_YES,NO
ZOOKEEPER,src/java/main/org/apache/zookeeper/Environment.java,2,3.0000,NO,NO,0.03000000,NO,0.03000000,NO_TO_NO,NO
ZOOKEEPER,src/java/main/org/apache/jute/compiler/JVector.java,2,9.0000,NO,NO,0.01000000,NO,0.04000000,NO_TO_NO,NO
ZOOKEEPER,src/java/main/org/apache/zookeeper/server/quorum/QuorumStats.java,2,6.0000,NO,NO,0.05000000,NO,0.09000000,NO_TO_NO,NO
ZOOKEEPER,src/java/main/org/apache/zookeeper/server/upgrade/UpgradeMain.java,2,2.0000,NO,NO,0.10000000,NO,0.27000000,NO_TO_NO,NO
ZOOKEEPER,src/java/main/org/apache/jute/compiler/JMap.java,2,9.0000,NO,NO,0.00000000,NO,0.00000000,NO_TO_NO,NO
ZOOKEEPER,src/java/main/org/apache/zookeeper/server/TraceFormatter.java,2,4.0000,NO,NO,0.02000000,NO,0.03000000,NO_TO_NO,NO
ZOOKEEPER,src/java/main/org/apache/jute/compiler/JFloat.java,2,1.0000,NO,NO,0.00000000,NO,0.00000000,NO_TO_NO,NO
ZOOKEEPER,src/java/main/org/apache/jute/compiler/JLong.java,2,1.0000,NO,NO,0.00000000,NO,0.00000000,NO_TO_NO,NO
ZOOKEEPER,src/java/main/org/apache/zookeeper/server/auth/DigestAuthenticationProvider.java,2,16.0000,NO,NO,0.14000000,NO,0.15000000,NO_TO_NO,NO
ZOOKEEPER,docs/zookeeperTutorial.html,2,9.0000,NO,NO,0.00000000,NO,0.00000000,NO_TO_NO,NO
ZOOKEEPER,docs/javaExample.html,2,13.0000,NO,NO,0.00000000,NO,0.00000000,NO_TO_NO,NO
ZOOKEEPER,src/java/jmx/org/apache/zookeeper/server/ObservableNIOServerCnxn.java,2,1.0000,NO,NO,0.00000000,NO,0.00000000,NO_TO_NO,NO
ZOOKEEPER,src/java/main/org/apache/zookeeper/server/NIOServerCnxn.java,2,35.0000,YES,YES,0.96000000,YES,0.94000000,YES_TO_YES,NO
ZOOKEEPER,src/java/main/org/apache/jute/CsvInputArchive.java,2,14.0000,NO,NO,0.00000000,NO,0.03000000,NO_TO_NO,NO
ZOOKEEPER,src/java/main/org/apache/jute/compiler/generated/TokenMgrError.java,2,9.0000,NO,NO,0.00000000,NO,0.01000000,NO_TO_NO,NO
ZOOKEEPER,src/java/main/org/apache/zookeeper/ServerAdminClient.java,2,17.0000,NO,NO,0.02000000,NO,0.15000000,NO_TO_NO,NO
ZOOKEEPER,src/java/main/org/apache/zookeeper/server/quorum/FollowerRequestProcessor.java,2,2.0000,NO,NO,0.13000000,NO,0.20000000,NO_TO_NO,NO
ZOOKEEPER,src/java/main/org/apache/zookeeper/server/ZooTrace.java,2,16.0000,NO,NO,0.00000000,NO,0.04000000,NO_TO_NO,NO
ZOOKEEPER,src/java/main/org/apache/zookeeper/server/quorum/QuorumCnxManager.java,2,29.0000,YES,YES,0.72000000,YES,0.61000000,YES_TO_YES,NO
ZOOKEEPER,src/java/jmx/org/apache/zookeeper/jmx/server/DataTreeBean.java,2,2.0000,NO,NO,0.02000000,NO,0.03000000,NO_TO_NO,NO
ZOOKEEPER,src/java/main/org/apache/zookeeper/server/quorum/FollowerSessionTracker.java,2,7.0000,NO,NO,0.06000000,NO,0.06000000,NO_TO_NO,NO
ZOOKEEPER,src/java/main/org/apache/jute/compiler/generated/Token.java,2,10.0000,NO,NO,0.00000000,NO,0.00000000,NO_TO_NO,NO
ZOOKEEPER,src/java/main/org/apache/zookeeper/server/LogFormatter.java,2,2.0000,NO,NO,0.02000000,NO,0.03000000,NO_TO_NO,NO
ZOOKEEPER,src/java/main/org/apache/zookeeper/server/quorum/FastLeaderElection.java,2,24.0000,YES,YES,0.84000000,YES,0.78000000,YES_TO_YES,NO
ZOOKEEPER,src/java/main/org/apache/jute/compiler/JType.java,2,4.0000,NO,NO,0.00000000,NO,0.03000000,NO_TO_NO,NO
ZOOKEEPER,src/docs/status.xml,2,1.0000,NO,NO,0.00000000,NO,0.00000000,NO_TO_NO,NO
ZOOKEEPER,docs/zookeeperAdmin.html,2,49.0000,NO,NO,0.00000000,NO,0.00000000,NO_TO_NO,NO
ZOOKEEPER,src/java/main/org/apache/jute/compiler/generated/RccConstants.java,2,4.0000,NO,NO,0.00000000,NO,0.00000000,NO_TO_NO,NO
ZOOKEEPER,src/docs/src/documentation/content/xdocs/site.xml,2,1.0000,NO,NO,0.00000000,NO,0.00000000,NO_TO_NO,NO
ZOOKEEPER,src/java/main/org/apache/zookeeper/server/upgrade/UpgradeSnapShotV1.java,2,5.0000,YES,YES,0.54000000,NO,0.48000000,YES_TO_NO,YES
ZOOKEEPER,src/java/main/org/apache/zookeeper/server/SyncRequestProcessor.java,2,8.0000,YES,YES,0.87000000,YES,0.81000000,YES_TO_YES,NO
ZOOKEEPER,src/java/main/org/apache/zookeeper/server/auth/AuthenticationProvider.java,2,2.0000,NO,NO,0.00000000,NO,0.01000000,NO_TO_NO,NO
ZOOKEEPER,src/java/main/org/apache/jute/compiler/JavaGenerator.java,2,7.0000,NO,NO,0.01000000,NO,0.02000000,NO_TO_NO,NO
ZOOKEEPER,src/java/main/org/apache/jute/compiler/CppGenerator.java,2,7.0000,NO,NO,0.00000000,NO,0.01000000,NO_TO_NO,NO
ZOOKEEPER,src/java/main/org/apache/zookeeper/server/FinalRequestProcessor.java,2,6.0000,NO,NO,0.11000000,NO,0.17000000,NO_TO_NO,NO
ZOOKEEPER,src/java/main/org/apache/zookeeper/server/quorum/CommitProcessor.java,2,8.0000,YES,YES,0.81000000,YES,0.70000000,YES_TO_YES,NO
ZOOKEEPER,src/java/main/org/apache/jute/XmlInputArchive.java,2,20.0000,NO,NO,0.01000000,NO,0.08000000,NO_TO_NO,NO
ZOOKEEPER,src/java/main/org/apache/zookeeper/version/util/VerGen.java,2,9.0000,YES,YES,0.81000000,NO,0.47000000,YES_TO_NO,YES
ZOOKEEPER,src/java/main/org/apache/zookeeper/server/ServerConfig.java,2,1.0000,NO,NO,0.13000000,NO,0.18000000,NO_TO_NO,NO
ZOOKEEPER,src/java/main/org/apache/jute/compiler/JCompType.java,2,1.0000,NO,NO,0.00000000,NO,0.00000000,NO_TO_NO,NO
ZOOKEEPER,src/java/main/org/apache/zookeeper/server/SessionTrackerImpl.java,2,12.0000,NO,NO,0.16000000,NO,0.25000000,NO_TO_NO,NO
ZOOKEEPER,src/java/main/org/apache/zookeeper/server/quorum/FollowerHandler.java,2,15.0000,NO,NO,0.17000000,NO,0.20000000,NO_TO_NO,NO
ZOOKEEPER,docs/zookeeperOtherInfo.html,2,3.0000,NO,NO,0.00000000,NO,0.00000000,NO_TO_NO,NO
ZOOKEEPER,src/java/main/org/apache/jute/BinaryInputArchive.java,2,12.0000,NO,NO,0.01000000,NO,0.03000000,NO_TO_NO,NO
ZOOKEEPER,src/java/jmx/org/apache/zookeeper/server/util/ZooKeeperObserverManager.java,2,5.0000,NO,NO,0.03000000,NO,0.04000000,NO_TO_NO,NO
ZOOKEEPER,src/java/main/org/apache/zookeeper/server/DataTree.java,2,40.0000,YES,YES,0.90000000,YES,0.85000000,YES_TO_YES,NO
ZOOKEEPER,src/java/main/org/apache/jute/compiler/JString.java,2,1.0000,NO,NO,0.00000000,NO,0.00000000,NO_TO_NO,NO
ZOOKEEPER,src/java/main/org/apache/zookeeper/server/DataNode.java,2,11.0000,YES,YES,0.80000000,YES,0.68000000,YES_TO_YES,NO
ZOOKEEPER,src/java/main/org/apache/jute/BinaryOutputArchive.java,2,7.0000,NO,NO,0.00000000,NO,0.06000000,NO_TO_NO,NO
ZOOKEEPER,src/java/main/org/apache/zookeeper/server/auth/HostAuthenticationProvider.java,2,3.0000,NO,NO,0.07000000,NO,0.05000000,NO_TO_NO,NO
ZOOKEEPER,src/java/main/org/apache/jute/CsvOutputArchive.java,2,4.0000,NO,NO,0.01000000,NO,0.04000000,NO_TO_NO,NO
ZOOKEEPER,src/java/main/org/apache/zookeeper/server/quorum/FollowerZooKeeperServer.java,2,4.0000,NO,NO,0.20000000,NO,0.31000000,NO_TO_NO,NO
ZOOKEEPER,src/java/main/org/apache/jute/compiler/JFile.java,2,7.0000,NO,NO,0.00000000,NO,0.00000000,NO_TO_NO,NO
ZOOKEEPER,src/java/main/org/apache/zookeeper/server/WatchManager.java,2,4.0000,NO,NO,0.02000000,NO,0.07000000,NO_TO_NO,NO
ZOOKEEPER,docs/zookeeperProgrammers.html,2,64.0000,NO,NO,0.00000000,NO,0.00000000,NO_TO_NO,NO
ZOOKEEPER,docs/zookeeperStarted.html,2,13.0000,NO,NO,0.00000000,NO,0.00000000,NO_TO_NO,NO
ZOOKEEPER,src/java/main/org/apache/zookeeper/server/util/SerializeUtils.java,2,2.0000,NO,NO,0.04000000,NO,0.15000000,NO_TO_NO,NO
ZOOKEEPER,src/java/main/org/apache/zookeeper/server/auth/IPAuthenticationProvider.java,2,12.0000,NO,NO,0.03000000,NO,0.02000000,NO_TO_NO,NO
ZOOKEEPER,docs/recipes.html,2,27.0000,NO,NO,0.00000000,NO,0.00000000,NO_TO_NO,NO
ZOOKEEPER,src/java/jmx/org/apache/zookeeper/jmx/MBeanRegistry.java,2,4.0000,NO,NO,0.04000000,NO,0.07000000,NO_TO_NO,NO
ZOOKEEPER,src/java/main/org/apache/zookeeper/ZooDefs.java,2,27.0000,NO,NO,0.10000000,NO,0.11000000,NO_TO_NO,NO
ZOOKEEPER,src/java/main/org/apache/zookeeper/Version.java,2,4.0000,NO,NO,0.00000000,NO,0.04000000,NO_TO_NO,NO
ZOOKEEPER,src/java/main/org/apache/zookeeper/server/ServerCnxn.java,2,18.0000,YES,YES,0.82000000,YES,0.64000000,YES_TO_YES,NO
ZOOKEEPER,src/java/main/org/apache/zookeeper/Watcher.java,2,13.0000,NO,NO,0.04000000,NO,0.07000000,NO_TO_NO,NO
ZOOKEEPER,src/java/main/org/apache/jute/compiler/JDouble.java,3,1.0000,NO,NO,0.00000000,NO,0.01000000,NO_TO_NO,NO
ZOOKEEPER,src/java/main/org/apache/zookeeper/server/auth/ProviderRegistry.java,3,3.0000,NO,NO,0.23000000,NO,0.17000000,NO_TO_NO,NO
ZOOKEEPER,src/java/main/org/apache/jute/compiler/CGenerator.java,3,7.0000,NO,NO,0.01000000,NO,0.02000000,NO_TO_NO,NO
ZOOKEEPER,src/java/main/org/apache/zookeeper/server/quorum/Vote.java,3,4.0000,YES,YES,0.96000000,YES,0.64000000,YES_TO_YES,NO
ZOOKEEPER,src/java/main/org/apache/zookeeper/server/PrepRequestProcessor.java,3,14.0000,YES,YES,0.99000000,YES,1.00000000,YES_TO_YES,NO
ZOOKEEPER,src/java/main/org/apache/jute/RecordReader.java,3,9.0000,NO,NO,0.00000000,NO,0.02000000,NO_TO_NO,NO
ZOOKEEPER,src/java/main/org/apache/zookeeper/server/quorum/LeaderElection.java,3,15.0000,NO,NO,0.27000000,NO,0.40000000,NO_TO_NO,NO
ZOOKEEPER,src/contrib/bookkeeper/src/java/org/apache/bookkeeper/proto/BookieServer.java,3,6.0000,NO,NO,0.14000000,NO,0.22000000,NO_TO_NO,NO
ZOOKEEPER,src/java/main/org/apache/zookeeper/server/PurgeTxnLog.java,3,12.0000,YES,YES,0.85000000,YES,0.74000000,YES_TO_YES,NO
ZOOKEEPER,src/java/main/org/apache/zookeeper/server/upgrade/DataNodeV1.java,3,11.0000,NO,NO,0.01000000,NO,0.23000000,NO_TO_NO,NO
ZOOKEEPER,src/java/main/org/apache/jute/compiler/generated/SimpleCharStream.java,3,34.0000,NO,NO,0.01000000,NO,0.20000000,NO_TO_NO,NO
ZOOKEEPER,src/contrib/bookkeeper/src/java/org/apache/bookkeeper/util/LocalBookKeeper.java,3,19.0000,YES,YES,0.75000000,NO,0.49000000,YES_TO_NO,YES
ZOOKEEPER,src/java/main/org/apache/jute/compiler/generated/RccTokenManager.java,3,84.0000,NO,NO,0.01000000,NO,0.22000000,NO_TO_NO,NO
ZOOKEEPER,src/java/main/org/apache/zookeeper/server/quorum/AuthFastLeaderElection.java,3,46.0000,YES,YES,0.88000000,YES,0.83000000,YES_TO_YES,NO
ZOOKEEPER,src/contrib/bookkeeper/src/java/org/apache/bookkeeper/client/BKException.java,3,10.0000,NO,NO,0.05000000,NO,0.20000000,NO_TO_NO,NO
ZOOKEEPER,src/java/main/org/apache/zookeeper/server/Request.java,3,14.0000,YES,YES,0.84000000,YES,0.68000000,YES_TO_YES,NO
ZOOKEEPER,src/java/main/org/apache/jute/compiler/JField.java,3,1.0000,NO,NO,0.00000000,NO,0.00000000,NO_TO_NO,NO
ZOOKEEPER,src/java/main/org/apache/zookeeper/server/quorum/LeaderBean.java,3,2.0000,NO,NO,0.03000000,NO,0.03000000,NO_TO_NO,NO
ZOOKEEPER,src/java/main/org/apache/zookeeper/KeeperException.java,3,74.0000,YES,YES,0.90000000,YES,0.83000000,YES_TO_YES,NO
ZOOKEEPER,src/java/main/org/apache/zookeeper/server/quorum/QuorumPeer.java,3,27.0000,YES,YES,1.00000000,YES,0.97000000,YES_TO_YES,NO
ZOOKEEPER,src/java/main/org/apache/jute/XmlOutputArchive.java,3,10.0000,NO,NO,0.00000000,NO,0.07000000,NO_TO_NO,NO
ZOOKEEPER,src/contrib/bookkeeper/src/java/org/apache/bookkeeper/client/BookKeeper.java,3,52.0000,NO,NO,0.12000000,NO,0.42000000,NO_TO_NO,NO
ZOOKEEPER,src/java/main/org/apache/zookeeper/WatchedEvent.java,3,2.0000,NO,NO,0.00000000,NO,0.01000000,NO_TO_NO,NO
ZOOKEEPER,docs/zookeeperInternals.html,3,23.0000,NO,NO,0.00000000,NO,0.00000000,NO_TO_NO,NO
ZOOKEEPER,src/java/main/org/apache/zookeeper/server/util/Profiler.java,3,1.0000,NO,NO,0.04000000,NO,0.07000000,NO_TO_NO,NO
ZOOKEEPER,docs/releasenotes.html,3,19.0000,NO,NO,0.00000000,NO,0.00000000,NO_TO_NO,NO
ZOOKEEPER,src/java/main/org/apache/jute/compiler/JBuffer.java,3,3.0000,NO,NO,0.00000000,NO,0.02000000,NO_TO_NO,NO
ZOOKEEPER,src/java/main/org/apache/zookeeper/server/upgrade/DataTreeV1.java,3,33.0000,NO,NO,0.24000000,NO,0.50000000,NO_TO_NO,NO
ZOOKEEPER,src/java/main/org/apache/zookeeper/CreateMode.java,3,1.0000,NO,NO,0.00000000,NO,0.00000000,NO_TO_NO,NO
ZOOKEEPER,src/docs/src/documentation/skinconf.xml,3,6.0000,NO,NO,0.00000000,NO,0.00000000,NO_TO_NO,NO
ZOOKEEPER,src/java/main/org/apache/zookeeper/server/quorum/Follower.java,3,9.0000,YES,YES,0.90000000,YES,0.87000000,YES_TO_YES,NO
ZOOKEEPER,src/java/main/org/apache/zookeeper/server/quorum/ProposalRequestProcessor.java,3,1.0000,NO,NO,0.09000000,NO,0.10000000,NO_TO_NO,NO
ZOOKEEPER,src/java/main/org/apache/jute/RecordWriter.java,3,17.0000,NO,NO,0.00000000,NO,0.02000000,NO_TO_NO,NO
ZOOKEEPER,src/java/main/org/apache/zookeeper/server/upgrade/UpgradeSnapShot.java,3,1.0000,NO,NO,0.00000000,NO,0.00000000,NO_TO_NO,NO
ZOOKEEPER,src/java/main/org/apache/zookeeper/server/persistence/FileTxnLog.java,3,15.0000,YES,YES,0.96000000,YES,0.84000000,YES_TO_YES,NO
ZOOKEEPER,src/contrib/bookkeeper/src/java/org/apache/bookkeeper/client/ErrorCodes.java,3,1.0000,NO,NO,0.05000000,NO,0.07000000,NO_TO_NO,NO
ZOOKEEPER,src/java/main/org/apache/zookeeper/server/persistence/Util.java,3,9.0000,YES,YES,0.98000000,YES,0.86000000,YES_TO_YES,NO
ZOOKEEPER,src/java/main/org/apache/zookeeper/server/persistence/FileTxnSnapLog.java,3,8.0000,YES,YES,0.88000000,YES,0.85000000,YES_TO_YES,NO
ZOOKEEPER,src/java/main/org/apache/zookeeper/ClientCnxn.java,3,44.0000,YES,YES,0.99000000,YES,0.96000000,YES_TO_YES,NO
ZOOKEEPER,src/java/main/org/apache/zookeeper/server/quorum/QuorumPeerConfig.java,3,6.0000,YES,YES,0.89000000,YES,0.85000000,YES_TO_YES,NO
ZOOKEEPER,docs/zookeeperOver.html,3,35.0000,NO,NO,0.00000000,NO,0.00000000,NO_TO_NO,NO
ZOOKEEPER,src/java/main/org/apache/jute/compiler/JRecord.java,3,49.0000,NO,NO,0.01000000,NO,0.29000000,NO_TO_NO,NO
ZOOKEEPER,src/contrib/bookkeeper/src/java/org/apache/bookkeeper/bookie/LedgerDescriptor.java,3,7.0000,NO,NO,0.11000000,NO,0.22000000,NO_TO_NO,NO
ZOOKEEPER,src/java/main/org/apache/jute/compiler/generated/ParseException.java,3,15.0000,NO,NO,0.01000000,NO,0.04000000,NO_TO_NO,NO
ZOOKEEPER,src/java/main/org/apache/jute/Utils.java,3,21.0000,YES,YES,0.83000000,YES,0.65000000,YES_TO_YES,NO
ZOOKEEPER,src/java/main/org/apache/zookeeper/jmx/CommonNames.java,3,2.0000,NO,NO,0.00000000,NO,0.00000000,NO_TO_NO,NO
ZOOKEEPER,src/java/main/org/apache/zookeeper/server/ServerStats.java,3,11.0000,YES,YES,0.90000000,YES,0.82000000,YES_TO_YES,NO
ZOOKEEPER,src/java/main/org/apache/zookeeper/AsyncCallback.java,3,1.0000,NO,NO,0.00000000,NO,0.03000000,NO_TO_NO,NO
ZOOKEEPER,src/java/main/org/apache/jute/compiler/generated/Rcc.java,3,133.0000,NO,NO,0.00000000,NO,0.20000000,NO_TO_NO,NO
ZOOKEEPER,src/java/main/org/apache/zookeeper/server/quorum/Leader.java,3,39.0000,YES,YES,0.93000000,YES,0.89000000,YES_TO_YES,NO
ZOOKEEPER,src/java/main/org/apache/zookeeper/server/persistence/FileSnap.java,3,4.0000,YES,YES,0.85000000,YES,0.78000000,YES_TO_YES,NO
ZOOKEEPER,src/java/main/org/apache/zookeeper/server/ZooKeeperServer.java,3,30.0000,YES,YES,0.98000000,YES,0.95000000,YES_TO_YES,NO
ZOOKEEPER,src/java/main/org/apache/zookeeper/ZooKeeperMain.java,3,60.0000,YES,YES,0.71000000,YES,0.66000000,YES_TO_YES,NO
ZOOKEEPER,src/java/main/org/apache/jute/OutputArchive.java,3,7.0000,NO,NO,0.00000000,NO,0.01000000,NO_TO_NO,NO
ZOOKEEPER,src/java/main/org/apache/zookeeper/server/ConnectionBean.java,3,1.0000,YES,YES,0.83000000,YES,0.84000000,YES_TO_YES,NO
ZOOKEEPER,src/java/main/org/apache/zookeeper/ZooKeeper.java,3,24.0000,YES,YES,0.99000000,YES,0.98000000,YES_TO_YES,NO
ZOOKEEPER,src/java/main/org/apache/zookeeper/Environment.java,3,3.0000,NO,NO,0.01000000,NO,0.00000000,NO_TO_NO,NO
ZOOKEEPER,src/java/main/org/apache/jute/compiler/JVector.java,3,9.0000,NO,NO,0.01000000,NO,0.04000000,NO_TO_NO,NO
ZOOKEEPER,src/java/main/org/apache/zookeeper/server/quorum/QuorumStats.java,3,4.0000,NO,NO,0.06000000,NO,0.06000000,NO_TO_NO,NO
ZOOKEEPER,src/java/main/org/apache/zookeeper/server/upgrade/UpgradeMain.java,3,2.0000,NO,NO,0.03000000,NO,0.24000000,NO_TO_NO,NO
ZOOKEEPER,src/contrib/bookkeeper/src/java/org/apache/bookkeeper/client/LedgerHandle.java,3,9.0000,YES,YES,0.76000000,YES,0.74000000,YES_TO_YES,NO
ZOOKEEPER,src/java/main/org/apache/jute/compiler/JMap.java,3,9.0000,NO,NO,0.00000000,NO,0.02000000,NO_TO_NO,NO
ZOOKEEPER,src/java/main/org/apache/zookeeper/server/TraceFormatter.java,3,4.0000,NO,NO,0.00000000,NO,0.03000000,NO_TO_NO,NO
ZOOKEEPER,src/java/main/org/apache/jute/compiler/JFloat.java,3,1.0000,NO,NO,0.00000000,NO,0.00000000,NO_TO_NO,NO
ZOOKEEPER,src/java/main/org/apache/jute/compiler/JLong.java,3,1.0000,NO,NO,0.00000000,NO,0.00000000,NO_TO_NO,NO
ZOOKEEPER,src/java/main/org/apache/zookeeper/server/auth/DigestAuthenticationProvider.java,3,16.0000,NO,NO,0.19000000,NO,0.24000000,NO_TO_NO,NO
ZOOKEEPER,docs/zookeeperTutorial.html,3,9.0000,NO,NO,0.00000000,NO,0.00000000,NO_TO_NO,NO
ZOOKEEPER,docs/javaExample.html,3,13.0000,NO,NO,0.00000000,NO,0.00000000,NO_TO_NO,NO
ZOOKEEPER,src/java/main/org/apache/zookeeper/server/NIOServerCnxn.java,3,30.0000,YES,YES,1.00000000,YES,0.98000000,YES_TO_YES,NO
ZOOKEEPER,src/java/main/org/apache/jute/CsvInputArchive.java,3,14.0000,NO,NO,0.00000000,NO,0.03000000,NO_TO_NO,NO
ZOOKEEPER,src/java/main/org/apache/jute/compiler/generated/TokenMgrError.java,3,9.0000,NO,NO,0.00000000,NO,0.01000000,NO_TO_NO,NO
ZOOKEEPER,src/contrib/bookkeeper/src/java/org/apache/bookkeeper/proto/NIOServerFactory.java,3,25.0000,YES,YES,0.73000000,YES,0.66000000,YES_TO_YES,NO
ZOOKEEPER,src/java/main/org/apache/zookeeper/ServerAdminClient.java,3,17.0000,NO,NO,0.04000000,NO,0.22000000,NO_TO_NO,NO
ZOOKEEPER,src/contrib/bookkeeper/src/java/org/apache/bookkeeper/util/Main.java,3,2.0000,NO,NO,0.01000000,NO,0.01000000,NO_TO_NO,NO
ZOOKEEPER,src/java/main/org/apache/zookeeper/server/quorum/FollowerRequestProcessor.java,3,2.0000,NO,NO,0.15000000,NO,0.17000000,NO_TO_NO,NO
ZOOKEEPER,src/java/main/org/apache/zookeeper/server/ZooTrace.java,3,16.0000,NO,NO,0.00000000,NO,0.04000000,NO_TO_NO,NO
ZOOKEEPER,src/java/main/org/apache/zookeeper/server/quorum/QuorumCnxManager.java,3,18.0000,YES,YES,0.98000000,YES,0.94000000,YES_TO_YES,NO
ZOOKEEPER,src/java/main/org/apache/zookeeper/jmx/ManagedUtil.java,3,3.0000,NO,NO,0.20000000,NO,0.26000000,NO_TO_NO,NO
ZOOKEEPER,src/java/main/org/apache/zookeeper/server/quorum/FollowerSessionTracker.java,3,7.0000,NO,NO,0.19000000,NO,0.15000000,NO_TO_NO,NO
ZOOKEEPER,src/java/main/org/apache/jute/compiler/generated/Token.java,3,10.0000,NO,NO,0.00000000,NO,0.01000000,NO_TO_NO,NO
ZOOKEEPER,src/contrib/bookkeeper/src/java/org/apache/bookkeeper/proto/BookieProtocol.java,3,1.0000,NO,NO,0.00000000,NO,0.01000000,NO_TO_NO,NO
ZOOKEEPER,src/java/main/org/apache/zookeeper/server/quorum/LeaderZooKeeperServer.java,3,1.0000,YES,YES,0.87000000,YES,0.83000000,YES_TO_YES,NO
ZOOKEEPER,src/java/main/org/apache/zookeeper/server/LogFormatter.java,3,2.0000,NO,NO,0.04000000,NO,0.08000000,NO_TO_NO,NO
ZOOKEEPER,src/java/main/org/apache/zookeeper/server/quorum/FastLeaderElection.java,3,28.0000,YES,YES,0.98000000,YES,0.96000000,YES_TO_YES,NO
ZOOKEEPER,src/java/main/org/apache/jute/compiler/JType.java,3,4.0000,NO,NO,0.00000000,NO,0.03000000,NO_TO_NO,NO
ZOOKEEPER,src/docs/status.xml,3,1.0000,NO,NO,0.00000000,NO,0.00000000,NO_TO_NO,NO
ZOOKEEPER,docs/zookeeperAdmin.html,3,63.0000,NO,NO,0.00000000,NO,0.00000000,NO_TO_NO,NO
ZOOKEEPER,src/java/main/org/apache/jute/compiler/generated/RccConstants.java,3,4.0000,NO,NO,0.00000000,NO,0.00000000,NO_TO_NO,NO
ZOOKEEPER,src/docs/src/documentation/content/xdocs/site.xml,3,1.0000,NO,NO,0.00000000,NO,0.00000000,NO_TO_NO,NO
ZOOKEEPER,src/java/main/org/apache/zookeeper/common/PathTrie.java,3,6.0000,NO,NO,0.22000000,NO,0.28000000,NO_TO_NO,NO
ZOOKEEPER,src/java/main/org/apache/zookeeper/server/upgrade/UpgradeSnapShotV1.java,3,5.0000,YES,YES,0.83000000,YES,0.79000000,YES_TO_YES,NO
ZOOKEEPER,src/java/main/org/apache/zookeeper/server/SyncRequestProcessor.java,3,8.0000,YES,YES,0.89000000,YES,0.80000000,YES_TO_YES,NO
ZOOKEEPER,src/java/main/org/apache/zookeeper/server/auth/AuthenticationProvider.java,3,2.0000,NO,NO,0.08000000,NO,0.14000000,NO_TO_NO,NO
ZOOKEEPER,src/java/main/org/apache/jute/compiler/JavaGenerator.java,3,7.0000,NO,NO,0.01000000,NO,0.02000000,NO_TO_NO,NO
ZOOKEEPER,src/contrib/bookkeeper/src/java/org/apache/bookkeeper/proto/ServerStats.java,3,15.0000,NO,NO,0.05000000,NO,0.19000000,NO_TO_NO,NO
ZOOKEEPER,src/contrib/bookkeeper/src/java/org/apache/bookkeeper/client/LedgerSequence.java,3,3.0000,NO,NO,0.02000000,NO,0.02000000,NO_TO_NO,NO
ZOOKEEPER,src/java/main/org/apache/jute/compiler/CppGenerator.java,3,7.0000,NO,NO,0.00000000,NO,0.01000000,NO_TO_NO,NO
ZOOKEEPER,src/java/main/org/apache/zookeeper/server/FinalRequestProcessor.java,3,6.0000,YES,YES,0.95000000,YES,0.90000000,YES_TO_YES,NO
ZOOKEEPER,src/java/main/org/apache/zookeeper/server/quorum/CommitProcessor.java,3,8.0000,YES,YES,0.91000000,YES,0.82000000,YES_TO_YES,NO
ZOOKEEPER,src/java/main/org/apache/jute/XmlInputArchive.java,3,20.0000,NO,NO,0.00000000,NO,0.08000000,NO_TO_NO,NO
ZOOKEEPER,src/java/main/org/apache/zookeeper/version/util/VerGen.java,3,11.0000,NO,NO,0.18000000,NO,0.23000000,NO_TO_NO,NO
ZOOKEEPER,src/java/main/org/apache/zookeeper/server/ServerConfig.java,3,1.0000,NO,NO,0.10000000,NO,0.12000000,NO_TO_NO,NO
ZOOKEEPER,src/java/main/org/apache/jute/compiler/JCompType.java,3,1.0000,NO,NO,0.00000000,NO,0.00000000,NO_TO_NO,NO
ZOOKEEPER,src/java/main/org/apache/zookeeper/server/SessionTrackerImpl.java,3,12.0000,YES,YES,0.80000000,YES,0.66000000,YES_TO_YES,NO
ZOOKEEPER,src/contrib/bookkeeper/src/java/org/apache/bookkeeper/client/LedgerEntry.java,3,1.0000,NO,NO,0.01000000,NO,0.01000000,NO_TO_NO,NO
ZOOKEEPER,src/java/main/org/apache/zookeeper/server/quorum/FollowerHandler.java,3,14.0000,NO,NO,0.31000000,NO,0.48000000,NO_TO_NO,NO
ZOOKEEPER,src/contrib/bookkeeper/src/java/org/apache/bookkeeper/client/LedgerStream.java,3,3.0000,NO,NO,0.03000000,NO,0.01000000,NO_TO_NO,NO
ZOOKEEPER,docs/zookeeperOtherInfo.html,3,3.0000,NO,NO,0.00000000,NO,0.00000000,NO_TO_NO,NO
ZOOKEEPER,src/java/main/org/apache/jute/BinaryInputArchive.java,3,12.0000,NO,NO,0.00000000,NO,0.02000000,NO_TO_NO,NO
ZOOKEEPER,src/contrib/bookkeeper/src/java/org/apache/bookkeeper/client/LedgerRecoveryMonitor.java,3,15.0000,YES,YES,0.67000000,YES,0.56000000,YES_TO_YES,NO
ZOOKEEPER,src/contrib/fatjar/src/java/org/apache/zookeeper/util/FatJarMain.java,3,10.0000,NO,NO,0.11000000,NO,0.19000000,NO_TO_NO,NO
ZOOKEEPER,src/java/main/org/apache/zookeeper/server/DataTree.java,3,50.0000,YES,YES,1.00000000,YES,0.97000000,YES_TO_YES,NO
ZOOKEEPER,src/contrib/bookkeeper/benchmark/org/apache/bookkeeper/benchmark/TestClient.java,3,32.0000,NO,NO,0.16000000,NO,0.25000000,NO_TO_NO,NO
ZOOKEEPER,src/java/main/org/apache/jute/compiler/JString.java,3,1.0000,NO,NO,0.00000000,NO,0.00000000,NO_TO_NO,NO
ZOOKEEPER,src/java/main/org/apache/zookeeper/server/DataNode.java,3,9.0000,NO,NO,0.18000000,NO,0.19000000,NO_TO_NO,NO
ZOOKEEPER,src/contrib/bookkeeper/src/java/org/apache/bookkeeper/util/ClientBase.java,3,16.0000,NO,NO,0.34000000,NO,0.44000000,NO_TO_NO,NO
ZOOKEEPER,src/contrib/bookkeeper/benchmark/org/apache/bookkeeper/benchmark/MySqlClient.java,3,12.0000,NO,NO,0.10000000,NO,0.25000000,NO_TO_NO,NO
ZOOKEEPER,src/java/main/org/apache/jute/BinaryOutputArchive.java,3,7.0000,NO,NO,0.00000000,NO,0.06000000,NO_TO_NO,NO
ZOOKEEPER,src/contrib/bookkeeper/src/java/org/apache/bookkeeper/client/QuorumEngine.java,3,11.0000,NO,NO,0.13000000,NO,0.21000000,NO_TO_NO,NO
ZOOKEEPER,src/java/main/org/apache/zookeeper/server/auth/HostAuthenticationProvider.java,3,3.0000,NO,NO,0.06000000,NO,0.12000000,NO_TO_NO,NO
ZOOKEEPER,src/java/main/org/apache/zookeeper/Quotas.java,3,5.0000,NO,NO,0.03000000,NO,0.06000000,NO_TO_NO,NO
ZOOKEEPER,src/java/main/org/apache/jute/CsvOutputArchive.java,3,4.0000,NO,NO,0.02000000,NO,0.04000000,NO_TO_NO,NO
ZOOKEEPER,src/contrib/bookkeeper/src/java/org/apache/bookkeeper/client/QuorumOpMonitor.java,3,37.0000,NO,NO,0.14000000,NO,0.34000000,NO_TO_NO,NO
ZOOKEEPER,src/java/main/org/apache/zookeeper/server/quorum/FollowerZooKeeperServer.java,3,5.0000,YES,YES,0.98000000,YES,0.92000000,YES_TO_YES,NO
ZOOKEEPER,src/java/main/org/apache/jute/compiler/JFile.java,3,7.0000,NO,NO,0.00000000,NO,0.00000000,NO_TO_NO,NO
ZOOKEEPER,src/java/main/org/apache/zookeeper/server/WatchManager.java,3,4.0000,NO,NO,0.06000000,NO,0.07000000,NO_TO_NO,NO
ZOOKEEPER,docs/zookeeperProgrammers.html,3,66.0000,NO,NO,0.00000000,NO,0.00000000,NO_TO_NO,NO
ZOOKEEPER,docs/zookeeperStarted.html,3,19.0000,NO,NO,0.00000000,NO,0.00000000,NO_TO_NO,NO
ZOOKEEPER,docs/zookeeperQuotas.html,3,9.0000,NO,NO,0.00000000,NO,0.00000000,NO_TO_NO,NO
ZOOKEEPER,src/contrib/bookkeeper/src/java/org/apache/bookkeeper/client/ClientCBWorker.java,3,4.0000,YES,YES,0.72000000,YES,0.63000000,YES_TO_YES,NO
ZOOKEEPER,src/java/main/org/apache/zookeeper/server/util/SerializeUtils.java,3,2.0000,NO,NO,0.01000000,NO,0.11000000,NO_TO_NO,NO
ZOOKEEPER,src/contrib/bookkeeper/src/java/org/apache/bookkeeper/bookie/Bookie.java,3,30.0000,YES,YES,0.74000000,YES,0.66000000,YES_TO_YES,NO
ZOOKEEPER,src/java/main/org/apache/zookeeper/server/auth/IPAuthenticationProvider.java,3,12.0000,NO,NO,0.04000000,NO,0.07000000,NO_TO_NO,NO
ZOOKEEPER,src/java/main/org/apache/zookeeper/jmx/MBeanRegistry.java,3,4.0000,YES,YES,0.88000000,YES,0.88000000,YES_TO_YES,NO
ZOOKEEPER,src/contrib/bookkeeper/src/java/org/apache/bookkeeper/client/BookieHandle.java,3,17.0000,YES,YES,0.78000000,YES,0.58000000,YES_TO_YES,NO
ZOOKEEPER,docs/recipes.html,3,27.0000,NO,NO,0.00000000,NO,0.00000000,NO_TO_NO,NO
ZOOKEEPER,src/contrib/bookkeeper/src/java/org/apache/bookkeeper/proto/BookieClient.java,3,24.0000,YES,YES,0.77000000,YES,0.65000000,YES_TO_YES,NO
ZOOKEEPER,src/java/main/org/apache/zookeeper/ZooDefs.java,3,27.0000,NO,NO,0.21000000,NO,0.15000000,NO_TO_NO,NO
ZOOKEEPER,src/java/main/org/apache/zookeeper/Version.java,3,4.0000,NO,NO,0.00000000,NO,0.03000000,NO_TO_NO,NO
ZOOKEEPER,docs/zookeeperJMX.html,3,13.0000,NO,NO,0.00000000,NO,0.00000000,NO_TO_NO,NO
ZOOKEEPER,src/java/main/org/apache/zookeeper/server/ServerCnxn.java,3,20.0000,YES,YES,0.83000000,YES,0.65000000,YES_TO_YES,NO
ZOOKEEPER,src/java/main/org/apache/zookeeper/Watcher.java,3,15.0000,NO,NO,0.18000000,NO,0.15000000,NO_TO_NO,NO
ZOOKEEPER,src/java/main/org/apache/jute/compiler/JDouble.java,4,1.0000,NO,NO,0.00000000,NO,0.01000000,NO_TO_NO,NO
ZOOKEEPER,src/java/main/org/apache/zookeeper/server/auth/ProviderRegistry.java,4,3.0000,YES,YES,0.62000000,NO,0.45000000,YES_TO_NO,YES
ZOOKEEPER,src/java/main/org/apache/jute/compiler/CGenerator.java,4,7.0000,NO,NO,0.07000000,NO,0.10000000,NO_TO_NO,NO
ZOOKEEPER,src/java/main/org/apache/zookeeper/server/quorum/Vote.java,4,4.0000,YES,YES,1.00000000,YES,0.68000000,YES_TO_YES,NO
ZOOKEEPER,src/java/main/org/apache/zookeeper/server/PrepRequestProcessor.java,4,15.0000,YES,YES,0.98000000,YES,0.94000000,YES_TO_YES,NO
ZOOKEEPER,src/java/main/org/apache/jute/RecordReader.java,4,9.0000,NO,NO,0.00000000,NO,0.02000000,NO_TO_NO,NO
ZOOKEEPER,src/java/main/org/apache/zookeeper/server/quorum/LeaderElection.java,4,15.0000,YES,YES,0.77000000,YES,0.69000000,YES_TO_YES,NO
ZOOKEEPER,src/contrib/bookkeeper/src/java/org/apache/bookkeeper/proto/BookieServer.java,4,6.0000,NO,NO,0.13000000,NO,0.30000000,NO_TO_NO,NO
ZOOKEEPER,src/java/main/org/apache/zookeeper/server/PurgeTxnLog.java,4,12.0000,NO,NO,0.02000000,NO,0.13000000,NO_TO_NO,NO
ZOOKEEPER,src/java/main/org/apache/zookeeper/server/upgrade/DataNodeV1.java,4,11.0000,NO,NO,0.00000000,NO,0.22000000,NO_TO_NO,NO
ZOOKEEPER,src/java/main/org/apache/jute/compiler/generated/SimpleCharStream.java,4,34.0000,NO,NO,0.01000000,NO,0.20000000,NO_TO_NO,NO
ZOOKEEPER,src/contrib/bookkeeper/src/java/org/apache/bookkeeper/util/LocalBookKeeper.java,4,19.0000,YES,YES,0.81000000,NO,0.38000000,YES_TO_NO,YES
ZOOKEEPER,src/java/main/org/apache/jute/compiler/generated/RccTokenManager.java,4,84.0000,NO,NO,0.01000000,NO,0.21000000,NO_TO_NO,NO
ZOOKEEPER,src/java/main/org/apache/zookeeper/server/quorum/AuthFastLeaderElection.java,4,46.0000,YES,YES,0.82000000,YES,0.67000000,YES_TO_YES,NO
ZOOKEEPER,src/contrib/bookkeeper/src/java/org/apache/bookkeeper/client/BKException.java,4,10.0000,NO,NO,0.01000000,NO,0.25000000,NO_TO_NO,NO
ZOOKEEPER,src/java/main/org/apache/zookeeper/server/Request.java,4,14.0000,YES,YES,0.86000000,YES,0.70000000,YES_TO_YES,NO
ZOOKEEPER,src/java/main/org/apache/jute/compiler/JField.java,4,1.0000,NO,NO,0.00000000,NO,0.00000000,NO_TO_NO,NO
ZOOKEEPER,src/java/main/org/apache/zookeeper/server/quorum/LeaderBean.java,4,2.0000,NO,NO,0.00000000,NO,0.00000000,NO_TO_NO,NO
ZOOKEEPER,src/java/main/org/apache/zookeeper/KeeperException.java,4,74.0000,YES,YES,0.79000000,YES,0.56000000,YES_TO_YES,NO
ZOOKEEPER,src/java/main/org/apache/zookeeper/server/quorum/QuorumPeer.java,4,27.0000,YES,YES,0.99000000,YES,0.93000000,YES_TO_YES,NO
ZOOKEEPER,src/java/main/org/apache/jute/XmlOutputArchive.java,4,10.0000,NO,NO,0.00000000,NO,0.09000000,NO_TO_NO,NO
ZOOKEEPER,src/contrib/bookkeeper/src/java/org/apache/bookkeeper/client/BookKeeper.java,4,52.0000,NO,NO,0.10000000,NO,0.33000000,NO_TO_NO,NO
ZOOKEEPER,src/java/main/org/apache/zookeeper/WatchedEvent.java,4,2.0000,NO,NO,0.00000000,NO,0.01000000,NO_TO_NO,NO
ZOOKEEPER,docs/zookeeperInternals.html,4,23.0000,NO,NO,0.00000000,NO,0.00000000,NO_TO_NO,NO
ZOOKEEPER,src/java/main/org/apache/zookeeper/server/util/Profiler.java,4,1.0000,NO,NO,0.01000000,NO,0.02000000,NO_TO_NO,NO
ZOOKEEPER,docs/releasenotes.html,4,19.0000,NO,NO,0.00000000,NO,0.00000000,NO_TO_NO,NO
ZOOKEEPER,src/java/main/org/apache/jute/compiler/JBuffer.java,4,3.0000,NO,NO,0.00000000,NO,0.02000000,NO_TO_NO,NO
ZOOKEEPER,src/java/main/org/apache/zookeeper/server/upgrade/DataTreeV1.java,4,33.0000,NO,NO,0.06000000,NO,0.36000000,NO_TO_NO,NO
ZOOKEEPER,src/java/main/org/apache/zookeeper/CreateMode.java,4,1.0000,NO,NO,0.00000000,NO,0.00000000,NO_TO_NO,NO
ZOOKEEPER,src/docs/src/documentation/skinconf.xml,4,6.0000,NO,NO,0.00000000,NO,0.00000000,NO_TO_NO,NO
ZOOKEEPER,src/java/main/org/apache/zookeeper/server/quorum/Follower.java,4,11.0000,YES,YES,0.99000000,YES,0.96000000,YES_TO_YES,NO
ZOOKEEPER,src/java/main/org/apache/zookeeper/server/quorum/ProposalRequestProcessor.java,4,1.0000,NO,NO,0.02000000,NO,0.07000000,NO_TO_NO,NO
ZOOKEEPER,src/java/main/org/apache/jute/RecordWriter.java,4,17.0000,NO,NO,0.00000000,NO,0.03000000,NO_TO_NO,NO
ZOOKEEPER,src/java/main/org/apache/zookeeper/server/upgrade/UpgradeSnapShot.java,4,1.0000,NO,NO,0.00000000,NO,0.00000000,NO_TO_NO,NO
ZOOKEEPER,src/java/main/org/apache/zookeeper/server/persistence/FileTxnLog.java,4,15.0000,YES,YES,0.87000000,YES,0.81000000,YES_TO_YES,NO
ZOOKEEPER,src/contrib/bookkeeper/src/java/org/apache/bookkeeper/client/ErrorCodes.java,4,1.0000,NO,NO,0.00000000,NO,0.00000000,NO_TO_NO,NO
ZOOKEEPER,src/java/main/org/apache/zookeeper/server/persistence/Util.java,4,9.0000,YES,YES,0.91000000,YES,0.54000000,YES_TO_YES,NO
ZOOKEEPER,src/java/main/org/apache/zookeeper/server/persistence/FileTxnSnapLog.java,4,8.0000,YES,YES,0.84000000,YES,0.74000000,YES_TO_YES,NO
ZOOKEEPER,src/java/main/org/apache/zookeeper/ClientCnxn.java,4,44.0000,YES,YES,0.95000000,YES,0.92000000,YES_TO_YES,NO
ZOOKEEPER,src/java/main/org/apache/zookeeper/server/quorum/QuorumPeerConfig.java,4,6.0000,YES,YES,0.96000000,YES,0.92000000,YES_TO_YES,NO
ZOOKEEPER,docs/zookeeperOver.html,4,35.0000,NO,NO,0.00000000,NO,0.00000000,NO_TO_NO,NO
ZOOKEEPER,src/java/main/org/apache/jute/compiler/JRecord.java,4,49.0000,NO,NO,0.01000000,NO,0.28000000,NO_TO_NO,NO
ZOOKEEPER,src/contrib/bookkeeper/src/java/org/apache/bookkeeper/bookie/LedgerDescriptor.java,4,7.0000,YES,YES,0.69000000,NO,0.44000000,YES_TO_NO,YES
ZOOKEEPER,src/java/main/org/apache/jute/compiler/generated/ParseException.java,4,15.0000,NO,NO,0.00000000,NO,0.05000000,NO_TO_NO,NO
ZOOKEEPER,src/java/main/org/apache/jute/Utils.java,4,21.0000,NO,NO,0.05000000,NO,0.13000000,NO_TO_NO,NO
ZOOKEEPER,src/java/main/org/apache/zookeeper/jmx/CommonNames.java,4,2.0000,NO,NO,0.00000000,NO,0.00000000,NO_TO_NO,NO
ZOOKEEPER,src/java/main/org/apache/zookeeper/server/ServerStats.java,4,11.0000,YES,YES,0.94000000,YES,0.63000000,YES_TO_YES,NO
ZOOKEEPER,src/java/main/org/apache/zookeeper/AsyncCallback.java,4,1.0000,NO,NO,0.02000000,NO,0.12000000,NO_TO_NO,NO
ZOOKEEPER,src/java/main/org/apache/jute/compiler/generated/Rcc.java,4,133.0000,NO,NO,0.00000000,NO,0.20000000,NO_TO_NO,NO
ZOOKEEPER,src/java/main/org/apache/zookeeper/server/quorum/Leader.java,4,44.0000,YES,YES,0.98000000,YES,0.95000000,YES_TO_YES,NO
ZOOKEEPER,src/java/main/org/apache/zookeeper/server/persistence/FileSnap.java,4,4.0000,YES,YES,0.70000000,YES,0.53000000,YES_TO_YES,NO
ZOOKEEPER,src/java/main/org/apache/zookeeper/server/ZooKeeperServer.java,4,31.0000,YES,YES,0.93000000,YES,0.89000000,YES_TO_YES,NO
ZOOKEEPER,src/java/main/org/apache/zookeeper/ZooKeeperMain.java,4,60.0000,YES,YES,0.74000000,NO,0.42000000,YES_TO_NO,YES
ZOOKEEPER,src/java/main/org/apache/jute/OutputArchive.java,4,7.0000,NO,NO,0.00000000,NO,0.05000000,NO_TO_NO,NO
ZOOKEEPER,src/java/main/org/apache/zookeeper/server/ConnectionBean.java,4,1.0000,YES,YES,0.92000000,YES,0.79000000,YES_TO_YES,NO
ZOOKEEPER,src/java/main/org/apache/zookeeper/ZooKeeper.java,4,24.0000,YES,YES,0.99000000,YES,0.94000000,YES_TO_YES,NO
ZOOKEEPER,src/java/main/org/apache/zookeeper/Environment.java,4,3.0000,NO,NO,0.00000000,NO,0.00000000,NO_TO_NO,NO
ZOOKEEPER,src/java/main/org/apache/jute/compiler/JVector.java,4,9.0000,NO,NO,0.01000000,NO,0.07000000,NO_TO_NO,NO
ZOOKEEPER,src/java/main/org/apache/zookeeper/server/quorum/QuorumStats.java,4,4.0000,NO,NO,0.04000000,NO,0.04000000,NO_TO_NO,NO
ZOOKEEPER,src/java/main/org/apache/zookeeper/server/upgrade/UpgradeMain.java,4,2.0000,NO,NO,0.05000000,NO,0.27000000,NO_TO_NO,NO
ZOOKEEPER,src/contrib/bookkeeper/src/java/org/apache/bookkeeper/client/LedgerHandle.java,4,9.0000,YES,YES,0.64000000,YES,0.55000000,YES_TO_YES,NO
ZOOKEEPER,src/java/main/org/apache/jute/compiler/JMap.java,4,9.0000,NO,NO,0.00000000,NO,0.02000000,NO_TO_NO,NO
ZOOKEEPER,src/java/main/org/apache/zookeeper/server/TraceFormatter.java,4,4.0000,NO,NO,0.01000000,NO,0.04000000,NO_TO_NO,NO
ZOOKEEPER,src/java/main/org/apache/jute/compiler/JFloat.java,4,1.0000,NO,NO,0.00000000,NO,0.00000000,NO_TO_NO,NO
ZOOKEEPER,src/java/main/org/apache/jute/compiler/JLong.java,4,1.0000,NO,NO,0.00000000,NO,0.00000000,NO_TO_NO,NO
ZOOKEEPER,src/java/main/org/apache/zookeeper/server/auth/DigestAuthenticationProvider.java,4,16.0000,YES,YES,0.60000000,NO,0.40000000,YES_TO_NO,YES
ZOOKEEPER,docs/zookeeperTutorial.html,4,9.0000,NO,NO,0.00000000,NO,0.00000000,NO_TO_NO,NO
ZOOKEEPER,docs/javaExample.html,4,13.0000,NO,NO,0.00000000,NO,0.00000000,NO_TO_NO,NO
ZOOKEEPER,src/java/main/org/apache/zookeeper/server/NIOServerCnxn.java,4,30.0000,YES,YES,0.99000000,YES,0.96000000,YES_TO_YES,NO
ZOOKEEPER,src/java/main/org/apache/jute/CsvInputArchive.java,4,14.0000,NO,NO,0.00000000,NO,0.04000000,NO_TO_NO,NO
ZOOKEEPER,src/java/main/org/apache/jute/compiler/generated/TokenMgrError.java,4,9.0000,NO,NO,0.00000000,NO,0.02000000,NO_TO_NO,NO
ZOOKEEPER,src/contrib/bookkeeper/src/java/org/apache/bookkeeper/proto/NIOServerFactory.java,4,25.0000,YES,YES,0.68000000,NO,0.45000000,YES_TO_NO,YES
ZOOKEEPER,src/java/main/org/apache/zookeeper/ServerAdminClient.java,4,17.0000,NO,NO,0.03000000,NO,0.23000000,NO_TO_NO,NO
ZOOKEEPER,src/contrib/bookkeeper/src/java/org/apache/bookkeeper/util/Main.java,4,2.0000,NO,NO,0.01000000,NO,0.01000000,NO_TO_NO,NO
ZOOKEEPER,src/java/main/org/apache/zookeeper/server/quorum/FollowerRequestProcessor.java,4,2.0000,NO,NO,0.07000000,NO,0.17000000,NO_TO_NO,NO
ZOOKEEPER,src/java/main/org/apache/zookeeper/server/ZooTrace.java,4,16.0000,NO,NO,0.01000000,NO,0.04000000,NO_TO_NO,NO
ZOOKEEPER,src/java/main/org/apache/zookeeper/server/quorum/QuorumCnxManager.java,4,18.0000,YES,YES,0.89000000,YES,0.78000000,YES_TO_YES,NO
ZOOKEEPER,src/java/main/org/apache/zookeeper/jmx/ManagedUtil.java,4,3.0000,NO,NO,0.01000000,NO,0.07000000,NO_TO_NO,NO
ZOOKEEPER,src/java/main/org/apache/zookeeper/server/quorum/FollowerSessionTracker.java,4,7.0000,YES,YES,0.65000000,NO,0.44000000,YES_TO_NO,YES
ZOOKEEPER,src/java/main/org/apache/jute/compiler/generated/Token.java,4,10.0000,NO,NO,0.00000000,NO,0.01000000,NO_TO_NO,NO
ZOOKEEPER,src/contrib/bookkeeper/src/java/org/apache/bookkeeper/proto/BookieProtocol.java,4,1.0000,NO,NO,0.00000000,NO,0.00000000,NO_TO_NO,NO
ZOOKEEPER,src/java/main/org/apache/zookeeper/server/quorum/LeaderZooKeeperServer.java,4,1.0000,YES,YES,0.73000000,YES,0.64000000,YES_TO_YES,NO
ZOOKEEPER,src/java/main/org/apache/zookeeper/server/LogFormatter.java,4,2.0000,NO,NO,0.04000000,NO,0.07000000,NO_TO_NO,NO
ZOOKEEPER,src/java/main/org/apache/zookeeper/server/quorum/FastLeaderElection.java,4,28.0000,YES,YES,0.93000000,YES,0.82000000,YES_TO_YES,NO
ZOOKEEPER,src/java/main/org/apache/jute/compiler/JType.java,4,4.0000,NO,NO,0.00000000,NO,0.02000000,NO_TO_NO,NO
ZOOKEEPER,src/docs/status.xml,4,1.0000,NO,NO,0.00000000,NO,0.00000000,NO_TO_NO,NO
ZOOKEEPER,docs/zookeeperAdmin.html,4,63.0000,NO,NO,0.00000000,NO,0.00000000,NO_TO_NO,NO
ZOOKEEPER,src/java/main/org/apache/jute/compiler/generated/RccConstants.java,4,4.0000,NO,NO,0.00000000,NO,0.00000000,NO_TO_NO,NO
ZOOKEEPER,src/docs/src/documentation/content/xdocs/site.xml,4,1.0000,NO,NO,0.00000000,NO,0.00000000,NO_TO_NO,NO
ZOOKEEPER,src/java/main/org/apache/zookeeper/common/PathTrie.java,4,6.0000,YES,YES,0.87000000,YES,0.65000000,YES_TO_YES,NO
ZOOKEEPER,src/java/main/org/apache/zookeeper/server/upgrade/UpgradeSnapShotV1.java,4,5.0000,NO,NO,0.17000000,NO,0.23000000,NO_TO_NO,NO
ZOOKEEPER,src/java/main/org/apache/zookeeper/server/SyncRequestProcessor.java,4,8.0000,YES,YES,0.91000000,YES,0.83000000,YES_TO_YES,NO
ZOOKEEPER,src/java/main/org/apache/zookeeper/server/auth/AuthenticationProvider.java,4,2.0000,NO,NO,0.00000000,NO,0.06000000,NO_TO_NO,NO
ZOOKEEPER,src/java/main/org/apache/jute/compiler/JavaGenerator.java,4,7.0000,NO,NO,0.01000000,NO,0.04000000,NO_TO_NO,NO
ZOOKEEPER,src/contrib/bookkeeper/src/java/org/apache/bookkeeper/proto/ServerStats.java,4,15.0000,NO,NO,0.08000000,NO,0.43000000,NO_TO_NO,NO
ZOOKEEPER,src/contrib/bookkeeper/src/java/org/apache/bookkeeper/client/LedgerSequence.java,4,3.0000,NO,NO,0.02000000,NO,0.04000000,NO_TO_NO,NO
ZOOKEEPER,src/java/main/org/apache/jute/compiler/CppGenerator.java,4,7.0000,NO,NO,0.00000000,NO,0.01000000,NO_TO_NO,NO
ZOOKEEPER,src/java/main/org/apache/zookeeper/server/FinalRequestProcessor.java,4,6.0000,YES,YES,0.90000000,YES,0.82000000,YES_TO_YES,NO
ZOOKEEPER,src/java/main/org/apache/zookeeper/server/quorum/CommitProcessor.java,4,8.0000,YES,YES,0.93000000,YES,0.82000000,YES_TO_YES,NO
ZOOKEEPER,src/java/main/org/apache/jute/XmlInputArchive.java,4,20.0000,NO,NO,0.00000000,NO,0.08000000,NO_TO_NO,NO
ZOOKEEPER,src/java/main/org/apache/zookeeper/version/util/VerGen.java,4,11.0000,NO,NO,0.03000000,NO,0.10000000,NO_TO_NO,NO
ZOOKEEPER,src/java/main/org/apache/zookeeper/server/ServerConfig.java,4,1.0000,YES,YES,0.75000000,YES,0.71000000,YES_TO_YES,NO
ZOOKEEPER,src/java/main/org/apache/jute/compiler/JCompType.java,4,1.0000,NO,NO,0.00000000,NO,0.00000000,NO_TO_NO,NO
ZOOKEEPER,src/java/main/org/apache/zookeeper/server/SessionTrackerImpl.java,4,12.0000,YES,YES,0.78000000,YES,0.67000000,YES_TO_YES,NO
ZOOKEEPER,src/contrib/bookkeeper/src/java/org/apache/bookkeeper/client/LedgerEntry.java,4,1.0000,NO,NO,0.02000000,NO,0.02000000,NO_TO_NO,NO
ZOOKEEPER,src/java/main/org/apache/zookeeper/server/quorum/FollowerHandler.java,4,14.0000,YES,YES,0.92000000,YES,0.93000000,YES_TO_YES,NO
ZOOKEEPER,src/contrib/bookkeeper/src/java/org/apache/bookkeeper/client/LedgerStream.java,4,3.0000,NO,NO,0.06000000,NO,0.03000000,NO_TO_NO,NO
ZOOKEEPER,docs/zookeeperOtherInfo.html,4,3.0000,NO,NO,0.00000000,NO,0.00000000,NO_TO_NO,NO
ZOOKEEPER,src/java/main/org/apache/jute/BinaryInputArchive.java,4,12.0000,NO,NO,0.00000000,NO,0.04000000,NO_TO_NO,NO
ZOOKEEPER,src/contrib/bookkeeper/src/java/org/apache/bookkeeper/client/LedgerRecoveryMonitor.java,4,15.0000,YES,YES,0.67000000,NO,0.40000000,YES_TO_NO,YES
ZOOKEEPER,src/contrib/fatjar/src/java/org/apache/zookeeper/util/FatJarMain.java,4,10.0000,NO,NO,0.01000000,NO,0.38000000,NO_TO_NO,NO
ZOOKEEPER,src/java/main/org/apache/zookeeper/server/DataTree.java,4,50.0000,YES,YES,0.90000000,YES,0.87000000,YES_TO_YES,NO
ZOOKEEPER,src/contrib/bookkeeper/benchmark/org/apache/bookkeeper/benchmark/TestClient.java,4,13.0000,NO,NO,0.17000000,NO,0.25000000,NO_TO_NO,NO
ZOOKEEPER,src/java/main/org/apache/jute/compiler/JString.java,4,1.0000,NO,NO,0.00000000,NO,0.00000000,NO_TO_NO,NO
ZOOKEEPER,src/java/main/org/apache/zookeeper/server/DataNode.java,4,9.0000,NO,NO,0.04000000,NO,0.05000000,NO_TO_NO,NO
ZOOKEEPER,src/contrib/bookkeeper/src/java/org/apache/bookkeeper/util/ClientBase.java,4,16.0000,NO,NO,0.21000000,NO,0.38000000,NO_TO_NO,NO
ZOOKEEPER,src/contrib/bookkeeper/benchmark/org/apache/bookkeeper/benchmark/MySqlClient.java,4,12.0000,NO,NO,0.05000000,NO,0.36000000,NO_TO_NO,NO
ZOOKEEPER,src/java/main/org/apache/jute/BinaryOutputArchive.java,4,7.0000,NO,NO,0.01000000,NO,0.09000000,NO_TO_NO,NO
ZOOKEEPER,src/contrib/bookkeeper/src/java/org/apache/bookkeeper/client/QuorumEngine.java,4,11.0000,NO,NO,0.12000000,NO,0.30000000,NO_TO_NO,NO
ZOOKEEPER,src/java/main/org/apache/zookeeper/server/auth/HostAuthenticationProvider.java,4,3.0000,YES,YES,0.65000000,NO,0.41000000,YES_TO_NO,YES
ZOOKEEPER,src/java/main/org/apache/zookeeper/Quotas.java,4,5.0000,NO,NO,0.01000000,NO,0.01000000,NO_TO_NO,NO
ZOOKEEPER,src/java/main/org/apache/jute/CsvOutputArchive.java,4,4.0000,NO,NO,0.03000000,NO,0.06000000,NO_TO_NO,NO
ZOOKEEPER,src/contrib/bookkeeper/src/java/org/apache/bookkeeper/client/QuorumOpMonitor.java,4,37.0000,NO,NO,0.13000000,NO,0.22000000,NO_TO_NO,NO
ZOOKEEPER,src/java/main/org/apache/zookeeper/server/quorum/FollowerZooKeeperServer.java,4,5.0000,NO,NO,0.37000000,NO,0.37000000,NO_TO_NO,NO
ZOOKEEPER,src/java/main/org/apache/jute/compiler/JFile.java,4,7.0000,NO,NO,0.00000000,NO,0.02000000,NO_TO_NO,NO
ZOOKEEPER,src/java/main/org/apache/zookeeper/server/WatchManager.java,4,4.0000,NO,NO,0.03000000,NO,0.10000000,NO_TO_NO,NO
ZOOKEEPER,docs/zookeeperProgrammers.html,4,66.0000,NO,NO,0.00000000,NO,0.00000000,NO_TO_NO,NO
ZOOKEEPER,docs/zookeeperStarted.html,4,19.0000,NO,NO,0.00000000,NO,0.00000000,NO_TO_NO,NO
ZOOKEEPER,docs/zookeeperQuotas.html,4,9.0000,NO,NO,0.00000000,NO,0.00000000,NO_TO_NO,NO
ZOOKEEPER,src/contrib/bookkeeper/src/java/org/apache/bookkeeper/client/ClientCBWorker.java,4,4.0000,YES,YES,0.64000000,NO,0.34000000,YES_TO_NO,YES
ZOOKEEPER,src/java/main/org/apache/zookeeper/server/util/SerializeUtils.java,4,2.0000,NO,NO,0.09000000,NO,0.14000000,NO_TO_NO,NO
ZOOKEEPER,src/contrib/bookkeeper/src/java/org/apache/bookkeeper/bookie/Bookie.java,4,30.0000,YES,YES,0.72000000,YES,0.58000000,YES_TO_YES,NO
ZOOKEEPER,src/java/main/org/apache/zookeeper/server/auth/IPAuthenticationProvider.java,4,12.0000,NO,NO,0.05000000,NO,0.10000000,NO_TO_NO,NO
ZOOKEEPER,src/java/main/org/apache/zookeeper/jmx/MBeanRegistry.java,4,4.0000,NO,NO,0.17000000,NO,0.16000000,NO_TO_NO,NO
ZOOKEEPER,src/contrib/bookkeeper/src/java/org/apache/bookkeeper/client/BookieHandle.java,4,17.0000,YES,YES,0.86000000,NO,0.49000000,YES_TO_NO,YES
ZOOKEEPER,docs/recipes.html,4,27.0000,NO,NO,0.00000000,NO,0.00000000,NO_TO_NO,NO
ZOOKEEPER,src/contrib/bookkeeper/src/java/org/apache/bookkeeper/proto/BookieClient.java,4,24.0000,YES,YES,0.70000000,NO,0.42000000,YES_TO_NO,YES
ZOOKEEPER,src/java/main/org/apache/zookeeper/ZooDefs.java,4,27.0000,YES,YES,0.66000000,NO,0.30000000,YES_TO_NO,YES
ZOOKEEPER,src/java/main/org/apache/zookeeper/Version.java,4,4.0000,NO,NO,0.00000000,NO,0.03000000,NO_TO_NO,NO
ZOOKEEPER,docs/zookeeperJMX.html,4,13.0000,NO,NO,0.00000000,NO,0.00000000,NO_TO_NO,NO
ZOOKEEPER,src/java/main/org/apache/zookeeper/server/ServerCnxn.java,4,20.0000,YES,YES,0.84000000,NO,0.46000000,YES_TO_NO,YES
ZOOKEEPER,src/java/main/org/apache/zookeeper/Watcher.java,4,15.0000,NO,NO,0.04000000,NO,0.06000000,NO_TO_NO,NO
ZOOKEEPER,src/contrib/bookkeeper/src/java/org/apache/bookkeeper/streaming/LedgerInputStream.java,5,2.0000,NO,NO,0.14000000,NO,0.22000000,NO_TO_NO,NO
ZOOKEEPER,src/java/main/org/apache/jute/compiler/JDouble.java,5,1.0000,NO,NO,0.00000000,NO,0.00000000,NO_TO_NO,NO
ZOOKEEPER,src/java/main/org/apache/zookeeper/server/auth/ProviderRegistry.java,5,3.0000,YES,YES,0.82000000,YES,0.74000000,YES_TO_YES,NO
ZOOKEEPER,src/java/main/org/apache/jute/compiler/CGenerator.java,5,1.0000,NO,NO,0.03000000,NO,0.06000000,NO_TO_NO,NO
ZOOKEEPER,src/java/main/org/apache/zookeeper/server/quorum/Vote.java,5,4.0000,YES,YES,0.99000000,YES,0.68000000,YES_TO_YES,NO
ZOOKEEPER,src/java/main/org/apache/zookeeper/server/PrepRequestProcessor.java,5,14.0000,YES,YES,0.98000000,YES,0.97000000,YES_TO_YES,NO
ZOOKEEPER,src/java/main/org/apache/jute/RecordReader.java,5,9.0000,NO,NO,0.02000000,NO,0.05000000,NO_TO_NO,NO
ZOOKEEPER,src/java/main/org/apache/zookeeper/server/quorum/LeaderElection.java,5,15.0000,YES,YES,0.99000000,YES,0.94000000,YES_TO_YES,NO
ZOOKEEPER,src/contrib/bookkeeper/src/java/org/apache/bookkeeper/proto/BookieServer.java,5,7.0000,NO,NO,0.25000000,NO,0.28000000,NO_TO_NO,NO
ZOOKEEPER,src/contrib/bookkeeper/src/java/org/apache/bookkeeper/streaming/LedgerOutputStream.java,5,1.0000,NO,NO,0.16000000,NO,0.19000000,NO_TO_NO,NO
ZOOKEEPER,src/java/main/org/apache/zookeeper/server/PurgeTxnLog.java,5,12.0000,NO,NO,0.00000000,NO,0.10000000,NO_TO_NO,NO
ZOOKEEPER,src/java/main/org/apache/zookeeper/server/upgrade/DataNodeV1.java,5,11.0000,NO,NO,0.01000000,NO,0.09000000,NO_TO_NO,NO
ZOOKEEPER,src/java/main/org/apache/jute/compiler/generated/SimpleCharStream.java,5,34.0000,NO,NO,0.00000000,NO,0.19000000,NO_TO_NO,NO
ZOOKEEPER,src/contrib/bookkeeper/src/java/org/apache/bookkeeper/util/LocalBookKeeper.java,5,17.0000,YES,YES,0.81000000,YES,0.63000000,YES_TO_YES,NO
ZOOKEEPER,src/contrib/rest/src/java/org/apache/zookeeper/server/jersey/ZooKeeperService.java,5,8.0000,NO,NO,0.05000000,NO,0.07000000,NO_TO_NO,NO
ZOOKEEPER,src/java/main/org/apache/jute/compiler/generated/RccTokenManager.java,5,84.0000,NO,NO,0.00000000,NO,0.20000000,NO_TO_NO,NO
ZOOKEEPER,src/java/main/org/apache/zookeeper/server/quorum/AuthFastLeaderElection.java,5,47.0000,YES,YES,1.00000000,YES,1.00000000,YES_TO_YES,NO
ZOOKEEPER,src/contrib/rest/src/java/org/apache/zookeeper/server/jersey/resources/JAXBContextResolver.java,5,3.0000,NO,NO,0.01000000,NO,0.02000000,NO_TO_NO,NO
ZOOKEEPER,src/contrib/bookkeeper/src/java/org/apache/bookkeeper/client/BKException.java,5,13.0000,NO,NO,0.35000000,NO,0.41000000,NO_TO_NO,NO
ZOOKEEPER,src/java/main/org/apache/zookeeper/server/Request.java,5,15.0000,YES,YES,0.86000000,YES,0.70000000,YES_TO_YES,NO
ZOOKEEPER,src/java/main/org/apache/jute/compiler/JField.java,5,1.0000,NO,NO,0.00000000,NO,0.01000000,NO_TO_NO,NO
ZOOKEEPER,src/java/main/org/apache/zookeeper/server/quorum/LeaderBean.java,5,2.0000,NO,NO,0.00000000,NO,0.00000000,NO_TO_NO,NO
ZOOKEEPER,src/java/main/org/apache/zookeeper/KeeperException.java,5,75.0000,YES,YES,0.95000000,YES,0.89000000,YES_TO_YES,NO
ZOOKEEPER,src/java/main/org/apache/zookeeper/server/quorum/QuorumPeer.java,5,27.0000,YES,YES,1.00000000,YES,0.99000000,YES_TO_YES,NO
ZOOKEEPER,src/java/main/org/apache/jute/XmlOutputArchive.java,5,9.0000,NO,NO,0.07000000,NO,0.13000000,NO_TO_NO,NO
ZOOKEEPER,src/recipes/lock/src/java/org/apache/zookeeper/recipes/lock/ProtocolSupport.java,5,2.0000,NO,NO,0.11000000,NO,0.18000000,NO_TO_NO,NO
ZOOKEEPER,src/contrib/rest/src/java/org/apache/zookeeper/server/jersey/jaxb/ZChildrenJSON.java,5,8.0000,NO,NO,0.00000000,NO,0.02000000,NO_TO_NO,NO
ZOOKEEPER,src/contrib/bookkeeper/src/java/org/apache/bookkeeper/client/BookKeeper.java,5,37.0000,NO,NO,0.20000000,NO,0.50000000,NO_TO_NO,NO
ZOOKEEPER,src/java/main/org/apache/zookeeper/server/quorum/flexible/QuorumHierarchical.java,5,13.0000,YES,YES,0.76000000,YES,0.64000000,YES_TO_YES,NO
ZOOKEEPER,src/java/main/org/apache/zookeeper/WatchedEvent.java,5,2.0000,NO,NO,0.02000000,NO,0.02000000,NO_TO_NO,NO
ZOOKEEPER,docs/zookeeperInternals.html,5,25.0000,NO,NO,0.00000000,NO,0.00000000,NO_TO_NO,NO
ZOOKEEPER,src/java/main/org/apache/zookeeper/server/util/Profiler.java,5,1.0000,NO,NO,0.02000000,NO,0.05000000,NO_TO_NO,NO
ZOOKEEPER,docs/releasenotes.html,5,19.0000,NO,NO,0.00000000,NO,0.00000000,NO_TO_NO,NO
ZOOKEEPER,docs/bookkeeperConfig.html,5,9.0000,NO,NO,0.00000000,NO,0.00000000,NO_TO_NO,NO
ZOOKEEPER,src/java/main/org/apache/jute/compiler/JBuffer.java,5,3.0000,NO,NO,0.02000000,NO,0.04000000,NO_TO_NO,NO
ZOOKEEPER,src/java/main/org/apache/zookeeper/server/upgrade/DataTreeV1.java,5,33.0000,NO,NO,0.00000000,NO,0.30000000,NO_TO_NO,NO
ZOOKEEPER,src/java/main/org/apache/zookeeper/CreateMode.java,5,1.0000,NO,NO,0.00000000,NO,0.06000000,NO_TO_NO,NO
ZOOKEEPER,src/docs/src/documentation/skinconf.xml,5,6.0000,NO,NO,0.00000000,NO,0.00000000,NO_TO_NO,NO
ZOOKEEPER,src/contrib/rest/src/java/org/apache/zookeeper/server/jersey/jaxb/ZStat.java,5,16.0000,NO,NO,0.03000000,NO,0.06000000,NO_TO_NO,NO
ZOOKEEPER,src/java/main/org/apache/zookeeper/server/quorum/Follower.java,5,11.0000,YES,YES,0.99000000,YES,0.97000000,YES_TO_YES,NO
ZOOKEEPER,src/java/main/org/apache/zookeeper/server/quorum/QuorumPeerMain.java,5,2.0000,NO,NO,0.25000000,NO,0.27000000,NO_TO_NO,NO
ZOOKEEPER,docs/bookkeeperStarted.html,5,15.0000,NO,NO,0.00000000,NO,0.00000000,NO_TO_NO,NO
ZOOKEEPER,src/java/main/org/apache/zookeeper/common/PathUtils.java,5,4.0000,NO,NO,0.15000000,NO,0.14000000,NO_TO_NO,NO
ZOOKEEPER,src/java/main/org/apache/zookeeper/server/quorum/ProposalRequestProcessor.java,5,1.0000,NO,NO,0.14000000,NO,0.16000000,NO_TO_NO,NO
ZOOKEEPER,src/java/main/org/apache/jute/RecordWriter.java,5,17.0000,NO,NO,0.03000000,NO,0.04000000,NO_TO_NO,NO
ZOOKEEPER,src/java/main/org/apache/zookeeper/server/upgrade/UpgradeSnapShot.java,5,1.0000,NO,NO,0.00000000,NO,0.00000000,NO_TO_NO,NO
ZOOKEEPER,src/java/main/org/apache/zookeeper/server/persistence/FileTxnLog.java,5,11.0000,YES,YES,0.88000000,YES,0.85000000,YES_TO_YES,NO
ZOOKEEPER,src/java/main/org/apache/zookeeper/server/persistence/Util.java,5,9.0000,YES,YES,0.89000000,YES,0.87000000,YES_TO_YES,NO
ZOOKEEPER,src/java/main/org/apache/zookeeper/server/persistence/FileTxnSnapLog.java,5,10.0000,YES,YES,0.94000000,YES,0.93000000,YES_TO_YES,NO
ZOOKEEPER,src/java/main/org/apache/zookeeper/ClientCnxn.java,5,42.0000,YES,YES,0.98000000,YES,0.97000000,YES_TO_YES,NO
ZOOKEEPER,src/java/main/org/apache/zookeeper/server/quorum/QuorumPeerConfig.java,5,7.0000,YES,YES,0.97000000,YES,0.93000000,YES_TO_YES,NO
ZOOKEEPER,docs/zookeeperOver.html,5,35.0000,NO,NO,0.00000000,NO,0.00000000,NO_TO_NO,NO
ZOOKEEPER,src/java/main/org/apache/jute/compiler/JRecord.java,5,30.0000,NO,NO,0.15000000,NO,0.32000000,NO_TO_NO,NO
ZOOKEEPER,src/contrib/bookkeeper/src/java/org/apache/bookkeeper/bookie/LedgerDescriptor.java,5,8.0000,YES,YES,0.76000000,YES,0.71000000,YES_TO_YES,NO
ZOOKEEPER,src/java/main/org/apache/jute/compiler/generated/ParseException.java,5,15.0000,NO,NO,0.00000000,NO,0.05000000,NO_TO_NO,NO
ZOOKEEPER,src/java/main/org/apache/jute/Utils.java,5,21.0000,NO,NO,0.16000000,NO,0.26000000,NO_TO_NO,NO
ZOOKEEPER,src/java/main/org/apache/zookeeper/jmx/CommonNames.java,5,2.0000,NO,NO,0.00000000,NO,0.00000000,NO_TO_NO,NO
ZOOKEEPER,src/java/main/org/apache/zookeeper/server/ServerStats.java,5,11.0000,YES,YES,0.99000000,YES,0.68000000,YES_TO_YES,NO
ZOOKEEPER,src/java/main/org/apache/zookeeper/AsyncCallback.java,5,1.0000,NO,NO,0.00000000,NO,0.11000000,NO_TO_NO,NO
ZOOKEEPER,src/java/main/org/apache/jute/compiler/generated/Rcc.java,5,133.0000,NO,NO,0.00000000,NO,0.19000000,NO_TO_NO,NO
ZOOKEEPER,src/java/main/org/apache/zookeeper/JLineZNodeCompletor.java,5,2.0000,NO,NO,0.02000000,NO,0.04000000,NO_TO_NO,NO
ZOOKEEPER,src/java/main/org/apache/zookeeper/server/quorum/Leader.java,5,52.0000,YES,YES,0.98000000,YES,0.92000000,YES_TO_YES,NO
ZOOKEEPER,src/java/main/org/apache/zookeeper/server/persistence/FileSnap.java,5,8.0000,YES,YES,0.85000000,YES,0.74000000,YES_TO_YES,NO
ZOOKEEPER,src/contrib/bookkeeper/src/java/org/apache/bookkeeper/bookie/BookieException.java,5,7.0000,NO,NO,0.05000000,NO,0.06000000,NO_TO_NO,NO
ZOOKEEPER,src/java/main/org/apache/zookeeper/server/ZooKeeperServer.java,5,33.0000,YES,YES,0.97000000,YES,0.97000000,YES_TO_YES,NO
ZOOKEEPER,src/java/main/org/apache/zookeeper/ZooKeeperMain.java,5,77.0000,YES,YES,0.90000000,YES,0.86000000,YES_TO_YES,NO
ZOOKEEPER,src/java/main/org/apache/jute/OutputArchive.java,5,7.0000,NO,NO,0.00000000,NO,0.04000000,NO_TO_NO,NO
ZOOKEEPER,src/java/main/org/apache/zookeeper/server/ConnectionBean.java,5,1.0000,YES,YES,0.93000000,YES,0.79000000,YES_TO_YES,NO
ZOOKEEPER,src/java/main/org/apache/zookeeper/ZooKeeper.java,5,21.0000,YES,YES,1.00000000,YES,0.98000000,YES_TO_YES,NO
ZOOKEEPER,src/java/main/org/apache/zookeeper/Environment.java,5,2.0000,NO,NO,0.09000000,NO,0.14000000,NO_TO_NO,NO
ZOOKEEPER,src/java/main/org/apache/jute/compiler/JVector.java,5,9.0000,NO,NO,0.00000000,NO,0.05000000,NO_TO_NO,NO
ZOOKEEPER,src/java/main/org/apache/zookeeper/server/quorum/QuorumStats.java,5,4.0000,NO,NO,0.03000000,NO,0.04000000,NO_TO_NO,NO
ZOOKEEPER,src/java/main/org/apache/zookeeper/server/upgrade/UpgradeMain.java,5,2.0000,NO,NO,0.13000000,NO,0.23000000,NO_TO_NO,NO
ZOOKEEPER,src/contrib/bookkeeper/src/java/org/apache/bookkeeper/client/LedgerHandle.java,5,26.0000,YES,YES,0.96000000,YES,0.94000000,YES_TO_YES,NO
ZOOKEEPER,src/java/main/org/apache/jute/compiler/JMap.java,5,9.0000,NO,NO,0.03000000,NO,0.07000000,NO_TO_NO,NO
ZOOKEEPER,src/java/main/org/apache/zookeeper/server/TraceFormatter.java,5,4.0000,NO,NO,0.00000000,NO,0.03000000,NO_TO_NO,NO
ZOOKEEPER,src/java/main/org/apache/jute/compiler/JFloat.java,5,1.0000,NO,NO,0.00000000,NO,0.00000000,NO_TO_NO,NO
ZOOKEEPER,src/java/main/org/apache/zookeeper/server/auth/DigestAuthenticationProvider.java,5,15.0000,YES,YES,0.77000000,YES,0.66000000,YES_TO_YES,NO
ZOOKEEPER,docs/zookeeperTutorial.html,5,9.0000,NO,NO,0.00000000,NO,0.00000000,NO_TO_NO,NO
ZOOKEEPER,docs/javaExample.html,5,13.0000,NO,NO,0.00000000,NO,0.00000000,NO_TO_NO,NO
ZOOKEEPER,src/java/main/org/apache/zookeeper/server/NIOServerCnxn.java,5,34.0000,YES,YES,1.00000000,YES,0.98000000,YES_TO_YES,NO
ZOOKEEPER,src/java/main/org/apache/jute/CsvInputArchive.java,5,14.0000,NO,NO,0.04000000,NO,0.05000000,NO_TO_NO,NO
ZOOKEEPER,src/java/main/org/apache/jute/compiler/generated/TokenMgrError.java,5,9.0000,NO,NO,0.00000000,NO,0.02000000,NO_TO_NO,NO
ZOOKEEPER,src/contrib/bookkeeper/src/java/org/apache/bookkeeper/proto/NIOServerFactory.java,5,24.0000,YES,YES,0.90000000,YES,0.82000000,YES_TO_YES,NO
ZOOKEEPER,src/java/main/org/apache/zookeeper/ServerAdminClient.java,5,17.0000,NO,NO,0.00000000,NO,0.23000000,NO_TO_NO,NO
ZOOKEEPER,src/contrib/bookkeeper/src/java/org/apache/bookkeeper/util/Main.java,5,2.0000,NO,NO,0.02000000,NO,0.01000000,NO_TO_NO,NO
ZOOKEEPER,src/java/main/org/apache/zookeeper/server/quorum/FollowerRequestProcessor.java,5,1.0000,NO,NO,0.22000000,NO,0.24000000,NO_TO_NO,NO
ZOOKEEPER,src/java/main/org/apache/zookeeper/server/ZooKeeperServerMain.java,5,2.0000,NO,NO,0.15000000,NO,0.18000000,NO_TO_NO,NO
ZOOKEEPER,src/java/main/org/apache/zookeeper/server/ZooTrace.java,5,16.0000,NO,NO,0.00000000,NO,0.03000000,NO_TO_NO,NO
ZOOKEEPER,src/java/main/org/apache/zookeeper/server/quorum/QuorumCnxManager.java,5,15.0000,YES,YES,1.00000000,YES,0.98000000,YES_TO_YES,NO
ZOOKEEPER,src/contrib/rest/src/java/org/apache/zookeeper/server/jersey/RestMain.java,5,4.0000,NO,NO,0.00000000,NO,0.02000000,NO_TO_NO,NO
ZOOKEEPER,src/java/main/org/apache/zookeeper/jmx/ManagedUtil.java,5,3.0000,NO,NO,0.00000000,NO,0.04000000,NO_TO_NO,NO
ZOOKEEPER,src/java/main/org/apache/zookeeper/server/quorum/FollowerSessionTracker.java,5,7.0000,YES,YES,0.71000000,YES,0.66000000,YES_TO_YES,NO
ZOOKEEPER,src/java/main/org/apache/jute/compiler/generated/Token.java,5,10.0000,NO,NO,0.00000000,NO,0.01000000,NO_TO_NO,NO
ZOOKEEPER,src/contrib/bookkeeper/src/java/org/apache/bookkeeper/proto/BookieProtocol.java,5,1.0000,NO,NO,0.08000000,NO,0.14000000,NO_TO_NO,NO
ZOOKEEPER,src/java/main/org/apache/zookeeper/server/quorum/LeaderZooKeeperServer.java,5,1.0000,YES,YES,0.90000000,YES,0.90000000,YES_TO_YES,NO
ZOOKEEPER,src/java/main/org/apache/zookeeper/server/LogFormatter.java,5,2.0000,NO,NO,0.02000000,NO,0.05000000,NO_TO_NO,NO
ZOOKEEPER,src/java/main/org/apache/zookeeper/server/quorum/FastLeaderElection.java,5,29.0000,YES,YES,0.99000000,YES,0.97000000,YES_TO_YES,NO
ZOOKEEPER,src/java/main/org/apache/jute/compiler/JType.java,5,4.0000,NO,NO,0.02000000,NO,0.05000000,NO_TO_NO,NO
ZOOKEEPER,src/docs/status.xml,5,1.0000,NO,NO,0.00000000,NO,0.00000000,NO_TO_NO,NO
ZOOKEEPER,docs/zookeeperAdmin.html,5,65.0000,NO,NO,0.00000000,NO,0.00000000,NO_TO_NO,NO
ZOOKEEPER,src/java/main/org/apache/jute/compiler/generated/RccConstants.java,5,4.0000,NO,NO,0.00000000,NO,0.00000000,NO_TO_NO,NO
ZOOKEEPER,src/docs/src/documentation/content/xdocs/site.xml,5,1.0000,NO,NO,0.00000000,NO,0.00000000,NO_TO_NO,NO
ZOOKEEPER,src/java/main/org/apache/zookeeper/common/PathTrie.java,5,6.0000,YES,YES,0.81000000,YES,0.63000000,YES_TO_YES,NO
ZOOKEEPER,src/java/main/org/apache/zookeeper/server/upgrade/UpgradeSnapShotV1.java,5,6.0000,NO,NO,0.35000000,NO,0.34000000,NO_TO_NO,NO
ZOOKEEPER,src/java/main/org/apache/zookeeper/server/SyncRequestProcessor.java,5,6.0000,YES,YES,0.95000000,YES,0.93000000,YES_TO_YES,NO
ZOOKEEPER,src/java/main/org/apache/zookeeper/server/auth/AuthenticationProvider.java,5,2.0000,NO,NO,0.00000000,NO,0.06000000,NO_TO_NO,NO
ZOOKEEPER,src/contrib/zkpython/src/python/zk.py,5,13.0000,NO,NO,0.00000000,NO,0.01000000,NO_TO_NO,NO
ZOOKEEPER,src/contrib/bookkeeper/src/java/org/apache/bookkeeper/proto/ServerStats.java,5,15.0000,NO,NO,0.02000000,NO,0.49000000,NO_TO_NO,NO
ZOOKEEPER,src/contrib/bookkeeper/src/java/org/apache/bookkeeper/client/LedgerSequence.java,5,3.0000,NO,NO,0.01000000,NO,0.03000000,NO_TO_NO,NO
ZOOKEEPER,src/java/main/org/apache/jute/compiler/CppGenerator.java,5,1.0000,NO,NO,0.01000000,NO,0.05000000,NO_TO_NO,NO
ZOOKEEPER,src/java/main/org/apache/zookeeper/server/FinalRequestProcessor.java,5,6.0000,YES,YES,0.98000000,YES,0.92000000,YES_TO_YES,NO
ZOOKEEPER,src/java/main/org/apache/zookeeper/server/quorum/CommitProcessor.java,5,8.0000,YES,YES,0.95000000,YES,0.84000000,YES_TO_YES,NO
ZOOKEEPER,src/java/main/org/apache/jute/XmlInputArchive.java,5,17.0000,NO,NO,0.06000000,NO,0.11000000,NO_TO_NO,NO
ZOOKEEPER,src/contrib/rest/src/java/org/apache/zookeeper/server/jersey/jaxb/ZPath.java,5,2.0000,NO,NO,0.03000000,NO,0.02000000,NO_TO_NO,NO
ZOOKEEPER,src/java/main/org/apache/zookeeper/version/util/VerGen.java,5,11.0000,NO,NO,0.01000000,NO,0.08000000,NO_TO_NO,NO
ZOOKEEPER,src/java/main/org/apache/jute/compiler/JCompType.java,5,1.0000,NO,NO,0.02000000,NO,0.02000000,NO_TO_NO,NO
ZOOKEEPER,src/java/main/org/apache/zookeeper/server/SessionTrackerImpl.java,5,13.0000,YES,YES,0.99000000,YES,0.94000000,YES_TO_YES,NO
ZOOKEEPER,src/recipes/lock/src/java/org/apache/zookeeper/recipes/lock/ZNodeName.java,5,4.0000,NO,NO,0.07000000,NO,0.07000000,NO_TO_NO,NO
ZOOKEEPER,src/contrib/bookkeeper/src/java/org/apache/bookkeeper/client/LedgerEntry.java,5,1.0000,NO,NO,0.05000000,NO,0.07000000,NO_TO_NO,NO
ZOOKEEPER,src/contrib/bookkeeper/src/java/org/apache/bookkeeper/client/BKDefs.java,5,15.0000,NO,NO,0.14000000,NO,0.16000000,NO_TO_NO,NO
ZOOKEEPER,src/java/main/org/apache/zookeeper/server/quorum/FollowerHandler.java,5,15.0000,YES,YES,0.98000000,YES,0.97000000,YES_TO_YES,NO
ZOOKEEPER,docs/zookeeperOtherInfo.html,5,3.0000,NO,NO,0.00000000,NO,0.00000000,NO_TO_NO,NO
ZOOKEEPER,src/java/main/org/apache/jute/BinaryInputArchive.java,5,11.0000,YES,YES,0.80000000,YES,0.73000000,YES_TO_YES,NO
ZOOKEEPER,src/contrib/bookkeeper/src/java/org/apache/bookkeeper/client/LedgerRecoveryMonitor.java,5,14.0000,YES,YES,0.85000000,YES,0.82000000,YES_TO_YES,NO
ZOOKEEPER,src/contrib/bookkeeper/src/java/org/apache/bookkeeper/client/LedgerManagementProcessor.java,5,38.0000,NO,NO,0.18000000,NO,0.40000000,NO_TO_NO,NO
ZOOKEEPER,src/contrib/fatjar/src/java/org/apache/zookeeper/util/FatJarMain.java,5,10.0000,NO,NO,0.02000000,NO,0.39000000,NO_TO_NO,NO
ZOOKEEPER,src/java/main/org/apache/zookeeper/server/DataTree.java,5,52.0000,YES,YES,0.90000000,YES,0.91000000,YES_TO_YES,NO
ZOOKEEPER,src/contrib/bookkeeper/benchmark/org/apache/bookkeeper/benchmark/TestClient.java,5,13.0000,NO,NO,0.05000000,NO,0.22000000,NO_TO_NO,NO
ZOOKEEPER,src/java/main/org/apache/jute/compiler/JString.java,5,1.0000,NO,NO,0.00000000,NO,0.01000000,NO_TO_NO,NO
ZOOKEEPER,src/java/main/org/apache/zookeeper/server/DataNode.java,5,11.0000,NO,NO,0.13000000,NO,0.16000000,NO_TO_NO,NO
ZOOKEEPER,src/contrib/rest/src/java/org/apache/zookeeper/server/jersey/jaxb/ZError.java,5,2.0000,NO,NO,0.00000000,NO,0.00000000,NO_TO_NO,NO
ZOOKEEPER,docs/bookkeeperOverview.html,5,7.0000,NO,NO,0.00000000,NO,0.00000000,NO_TO_NO,NO
ZOOKEEPER,src/contrib/bookkeeper/src/java/org/apache/bookkeeper/util/ClientBase.java,5,16.0000,NO,NO,0.21000000,NO,0.44000000,NO_TO_NO,NO
ZOOKEEPER,src/contrib/bookkeeper/benchmark/org/apache/bookkeeper/benchmark/MySqlClient.java,5,12.0000,NO,NO,0.00000000,NO,0.30000000,NO_TO_NO,NO
ZOOKEEPER,docs/bookkeeperProgrammer.html,5,15.0000,NO,NO,0.00000000,NO,0.00000000,NO_TO_NO,NO
ZOOKEEPER,src/contrib/rest/src/python/zk_dump_tree.py,5,10.0000,NO,NO,0.00000000,NO,0.01000000,NO_TO_NO,NO
ZOOKEEPER,src/java/main/org/apache/jute/BinaryOutputArchive.java,5,7.0000,NO,NO,0.00000000,NO,0.04000000,NO_TO_NO,NO
ZOOKEEPER,src/contrib/bookkeeper/src/java/org/apache/bookkeeper/client/QuorumEngine.java,5,8.0000,NO,NO,0.30000000,NO,0.34000000,NO_TO_NO,NO
ZOOKEEPER,src/java/main/org/apache/zookeeper/Quotas.java,5,5.0000,NO,NO,0.00000000,NO,0.00000000,NO_TO_NO,NO
ZOOKEEPER,src/java/main/org/apache/jute/CsvOutputArchive.java,5,4.0000,NO,NO,0.07000000,NO,0.13000000,NO_TO_NO,NO
ZOOKEEPER,src/contrib/bookkeeper/src/java/org/apache/bookkeeper/client/QuorumOpMonitor.java,5,31.0000,NO,NO,0.19000000,NO,0.40000000,NO_TO_NO,NO
ZOOKEEPER,src/java/main/org/apache/zookeeper/server/quorum/FollowerZooKeeperServer.java,5,5.0000,NO,NO,0.39000000,NO,0.38000000,NO_TO_NO,NO
ZOOKEEPER,src/java/main/org/apache/jute/compiler/JFile.java,5,2.0000,NO,NO,0.02000000,NO,0.06000000,NO_TO_NO,NO
ZOOKEEPER,src/java/main/org/apache/zookeeper/server/WatchManager.java,5,4.0000,NO,NO,0.09000000,NO,0.14000000,NO_TO_NO,NO
ZOOKEEPER,docs/zookeeperProgrammers.html,5,68.0000,NO,NO,0.00000000,NO,0.00000000,NO_TO_NO,NO
ZOOKEEPER,docs/zookeeperStarted.html,5,19.0000,NO,NO,0.00000000,NO,0.00000000,NO_TO_NO,NO
ZOOKEEPER,docs/zookeeperQuotas.html,5,9.0000,NO,NO,0.00000000,NO,0.00000000,NO_TO_NO,NO
ZOOKEEPER,src/contrib/bookkeeper/src/java/org/apache/bookkeeper/client/ClientCBWorker.java,5,6.0000,YES,YES,0.85000000,YES,0.86000000,YES_TO_YES,NO
ZOOKEEPER,src/contrib/rest/src/java/org/apache/zookeeper/server/jersey/resources/ZNodeResource.java,5,13.0000,NO,NO,0.20000000,NO,0.23000000,NO_TO_NO,NO
ZOOKEEPER,src/java/main/org/apache/zookeeper/server/util/SerializeUtils.java,5,2.0000,YES,YES,0.86000000,YES,0.87000000,YES_TO_YES,NO
ZOOKEEPER,src/contrib/bookkeeper/src/java/org/apache/bookkeeper/bookie/Bookie.java,5,30.0000,YES,YES,0.86000000,YES,0.86000000,YES_TO_YES,NO
ZOOKEEPER,src/java/main/org/apache/zookeeper/server/auth/IPAuthenticationProvider.java,5,12.0000,NO,NO,0.00000000,NO,0.05000000,NO_TO_NO,NO
ZOOKEEPER,src/java/main/org/apache/zookeeper/jmx/MBeanRegistry.java,5,4.0000,NO,NO,0.26000000,NO,0.24000000,NO_TO_NO,NO
ZOOKEEPER,src/contrib/bookkeeper/src/java/org/apache/bookkeeper/client/BookieHandle.java,5,9.0000,YES,YES,0.81000000,YES,0.75000000,YES_TO_YES,NO
ZOOKEEPER,docs/recipes.html,5,27.0000,NO,NO,0.00000000,NO,0.00000000,NO_TO_NO,NO
ZOOKEEPER,src/recipes/lock/src/java/org/apache/zookeeper/recipes/lock/WriteLock.java,5,3.0000,NO,NO,0.13000000,NO,0.15000000,NO_TO_NO,NO
ZOOKEEPER,src/contrib/bookkeeper/src/java/org/apache/bookkeeper/proto/BookieClient.java,5,20.0000,YES,YES,0.86000000,YES,0.80000000,YES_TO_YES,NO
ZOOKEEPER,src/java/main/org/apache/zookeeper/ZooDefs.java,5,27.0000,YES,YES,0.70000000,YES,0.61000000,YES_TO_YES,NO
ZOOKEEPER,src/contrib/rest/src/java/org/apache/zookeeper/server/jersey/jaxb/ZChildren.java,5,7.0000,NO,NO,0.00000000,NO,0.01000000,NO_TO_NO,NO
ZOOKEEPER,src/java/main/org/apache/zookeeper/Version.java,5,4.0000,NO,NO,0.00000000,NO,0.04000000,NO_TO_NO,NO
ZOOKEEPER,docs/zookeeperJMX.html,5,13.0000,NO,NO,0.00000000,NO,0.00000000,NO_TO_NO,NO
ZOOKEEPER,src/java/main/org/apache/zookeeper/server/ServerCnxn.java,5,18.0000,YES,YES,0.93000000,YES,0.68000000,YES_TO_YES,NO
ZOOKEEPER,src/java/main/org/apache/zookeeper/Watcher.java,5,15.0000,NO,NO,0.01000000,NO,0.04000000,NO_TO_NO,NO
ZOOKEEPER,src/contrib/bookkeeper/src/java/org/apache/bookkeeper/streaming/LedgerInputStream.java,6,2.0000,NO,NO,0.15000000,NO,0.29000000,NO_TO_NO,NO
ZOOKEEPER,src/java/main/org/apache/jute/compiler/JDouble.java,6,1.0000,NO,NO,0.00000000,NO,0.00000000,NO_TO_NO,NO
ZOOKEEPER,src/java/main/org/apache/zookeeper/server/auth/ProviderRegistry.java,6,3.0000,NO,NO,0.01000000,NO,0.00000000,NO_TO_NO,NO
ZOOKEEPER,src/java/main/org/apache/jute/compiler/CGenerator.java,6,1.0000,NO,NO,0.01000000,NO,0.03000000,NO_TO_NO,NO
ZOOKEEPER,src/java/main/org/apache/zookeeper/server/quorum/Vote.java,6,4.0000,YES,YES,0.99000000,YES,0.66000000,YES_TO_YES,NO
ZOOKEEPER,src/java/main/org/apache/zookeeper/server/PrepRequestProcessor.java,6,14.0000,YES,YES,0.99000000,YES,0.96000000,YES_TO_YES,NO
ZOOKEEPER,src/java/main/org/apache/jute/RecordReader.java,6,9.0000,NO,NO,0.00000000,NO,0.01000000,NO_TO_NO,NO
ZOOKEEPER,src/java/main/org/apache/zookeeper/server/quorum/LeaderElection.java,6,15.0000,YES,YES,0.88000000,YES,0.81000000,YES_TO_YES,NO
ZOOKEEPER,src/contrib/bookkeeper/src/java/org/apache/bookkeeper/proto/BookieServer.java,6,7.0000,NO,NO,0.07000000,NO,0.08000000,NO_TO_NO,NO
ZOOKEEPER,src/contrib/bookkeeper/src/java/org/apache/bookkeeper/streaming/LedgerOutputStream.java,6,1.0000,NO,NO,0.03000000,NO,0.04000000,NO_TO_NO,NO
ZOOKEEPER,src/java/main/org/apache/zookeeper/server/quorum/flexible/QuorumMaj.java,6,1.0000,YES,YES,0.76000000,YES,0.75000000,YES_TO_YES,NO
ZOOKEEPER,src/java/main/org/apache/zookeeper/server/PurgeTxnLog.java,6,12.0000,NO,NO,0.00000000,NO,0.09000000,NO_TO_NO,NO
ZOOKEEPER,src/java/main/org/apache/zookeeper/server/upgrade/DataNodeV1.java,6,11.0000,NO,NO,0.00000000,NO,0.07000000,NO_TO_NO,NO
ZOOKEEPER,src/java/main/org/apache/jute/compiler/generated/SimpleCharStream.java,6,34.0000,NO,NO,0.00000000,NO,0.20000000,NO_TO_NO,NO
ZOOKEEPER,src/contrib/bookkeeper/src/java/org/apache/bookkeeper/util/LocalBookKeeper.java,6,17.0000,YES,YES,0.87000000,NO,0.30000000,YES_TO_NO,YES
ZOOKEEPER,src/contrib/rest/src/java/org/apache/zookeeper/server/jersey/ZooKeeperService.java,6,8.0000,NO,NO,0.00000000,NO,0.03000000,NO_TO_NO,NO
ZOOKEEPER,src/java/main/org/apache/jute/compiler/generated/RccTokenManager.java,6,84.0000,NO,NO,0.00000000,NO,0.21000000,NO_TO_NO,NO
ZOOKEEPER,src/java/main/org/apache/zookeeper/server/quorum/AuthFastLeaderElection.java,6,47.0000,YES,YES,0.95000000,YES,0.90000000,YES_TO_YES,NO
ZOOKEEPER,src/contrib/rest/src/java/org/apache/zookeeper/server/jersey/resources/JAXBContextResolver.java,6,3.0000,NO,NO,0.06000000,NO,0.02000000,NO_TO_NO,NO
ZOOKEEPER,src/contrib/bookkeeper/src/java/org/apache/bookkeeper/client/BKException.java,6,13.0000,NO,NO,0.03000000,NO,0.09000000,NO_TO_NO,NO
ZOOKEEPER,src/java/main/org/apache/zookeeper/server/Request.java,6,15.0000,YES,YES,0.84000000,YES,0.69000000,YES_TO_YES,NO
ZOOKEEPER,src/java/main/org/apache/jute/compiler/JField.java,6,1.0000,NO,NO,0.00000000,NO,0.00000000,NO_TO_NO,NO
ZOOKEEPER,src/java/main/org/apache/zookeeper/server/quorum/LeaderBean.java,6,2.0000,NO,NO,0.00000000,NO,0.00000000,NO_TO_NO,NO
ZOOKEEPER,src/java/main/org/apache/zookeeper/KeeperException.java,6,75.0000,YES,YES,0.73000000,YES,0.51000000,YES_TO_YES,NO
ZOOKEEPER,src/java/main/org/apache/zookeeper/server/quorum/QuorumPeer.java,6,27.0000,YES,YES,1.00000000,YES,0.96000000,YES_TO_YES,NO
ZOOKEEPER,src/java/main/org/apache/jute/XmlOutputArchive.java,6,9.0000,NO,NO,0.00000000,NO,0.10000000,NO_TO_NO,NO
ZOOKEEPER,src/recipes/lock/src/java/org/apache/zookeeper/recipes/lock/ProtocolSupport.java,6,2.0000,NO,NO,0.05000000,NO,0.33000000,NO_TO_NO,NO
ZOOKEEPER,src/contrib/rest/src/java/org/apache/zookeeper/server/jersey/jaxb/ZChildrenJSON.java,6,8.0000,NO,NO,0.00000000,NO,0.04000000,NO_TO_NO,NO
ZOOKEEPER,src/contrib/bookkeeper/src/java/org/apache/bookkeeper/client/BookKeeper.java,6,37.0000,NO,NO,0.06000000,NO,0.29000000,NO_TO_NO,NO
ZOOKEEPER,src/java/main/org/apache/zookeeper/server/quorum/flexible/QuorumHierarchical.java,6,14.0000,YES,YES,0.84000000,YES,0.78000000,YES_TO_YES,NO
ZOOKEEPER,src/java/main/org/apache/zookeeper/WatchedEvent.java,6,2.0000,NO,NO,0.05000000,NO,0.03000000,NO_TO_NO,NO
ZOOKEEPER,docs/zookeeperInternals.html,6,25.0000,NO,NO,0.00000000,NO,0.00000000,NO_TO_NO,NO
ZOOKEEPER,src/java/main/org/apache/zookeeper/server/util/Profiler.java,6,1.0000,NO,NO,0.00000000,NO,0.03000000,NO_TO_NO,NO
ZOOKEEPER,docs/releasenotes.html,6,19.0000,NO,NO,0.00000000,NO,0.00000000,NO_TO_NO,NO
ZOOKEEPER,docs/bookkeeperConfig.html,6,9.0000,NO,NO,0.00000000,NO,0.00000000,NO_TO_NO,NO
ZOOKEEPER,src/java/main/org/apache/jute/compiler/JBuffer.java,6,3.0000,NO,NO,0.00000000,NO,0.03000000,NO_TO_NO,NO
ZOOKEEPER,src/java/main/org/apache/zookeeper/server/upgrade/DataTreeV1.java,6,33.0000,NO,NO,0.00000000,NO,0.31000000,NO_TO_NO,NO
ZOOKEEPER,src/java/main/org/apache/zookeeper/CreateMode.java,6,1.0000,NO,NO,0.00000000,NO,0.05000000,NO_TO_NO,NO
ZOOKEEPER,src/docs/src/documentation/skinconf.xml,6,6.0000,NO,NO,0.00000000,NO,0.00000000,NO_TO_NO,NO
ZOOKEEPER,src/contrib/rest/src/java/org/apache/zookeeper/server/jersey/jaxb/ZStat.java,6,16.0000,NO,NO,0.00000000,NO,0.02000000,NO_TO_NO,NO
ZOOKEEPER,src/java/main/org/apache/zookeeper/server/quorum/Follower.java,6,11.0000,YES,YES,0.99000000,YES,0.93000000,YES_TO_YES,NO
ZOOKEEPER,src/java/main/org/apache/zookeeper/server/quorum/QuorumPeerMain.java,6,2.0000,YES,YES,0.76000000,YES,0.62000000,YES_TO_YES,NO
ZOOKEEPER,docs/bookkeeperStarted.html,6,15.0000,NO,NO,0.00000000,NO,0.00000000,NO_TO_NO,NO
ZOOKEEPER,src/java/main/org/apache/zookeeper/common/PathUtils.java,6,4.0000,NO,NO,0.01000000,NO,0.01000000,NO_TO_NO,NO
ZOOKEEPER,src/java/main/org/apache/zookeeper/server/quorum/ProposalRequestProcessor.java,6,1.0000,NO,NO,0.08000000,NO,0.06000000,NO_TO_NO,NO
ZOOKEEPER,src/java/main/org/apache/jute/RecordWriter.java,6,17.0000,NO,NO,0.00000000,NO,0.01000000,NO_TO_NO,NO
ZOOKEEPER,src/java/main/org/apache/zookeeper/server/upgrade/UpgradeSnapShot.java,6,1.0000,NO,NO,0.00000000,NO,0.00000000,NO_TO_NO,NO
ZOOKEEPER,src/java/main/org/apache/zookeeper/server/persistence/FileTxnLog.java,6,11.0000,YES,YES,0.92000000,YES,0.82000000,YES_TO_YES,NO
ZOOKEEPER,src/java/main/org/apache/zookeeper/server/persistence/Util.java,6,9.0000,YES,YES,0.97000000,YES,0.58000000,YES_TO_YES,NO
ZOOKEEPER,src/java/main/org/apache/zookeeper/server/persistence/FileTxnSnapLog.java,6,10.0000,YES,YES,0.84000000,YES,0.55000000,YES_TO_YES,NO
ZOOKEEPER,src/java/main/org/apache/zookeeper/ClientCnxn.java,6,42.0000,YES,YES,0.94000000,YES,0.93000000,YES_TO_YES,NO
ZOOKEEPER,src/java/main/org/apache/zookeeper/server/quorum/QuorumPeerConfig.java,6,7.0000,YES,YES,0.93000000,YES,0.85000000,YES_TO_YES,NO
ZOOKEEPER,docs/zookeeperOver.html,6,35.0000,NO,NO,0.00000000,NO,0.00000000,NO_TO_NO,NO
ZOOKEEPER,src/java/main/org/apache/jute/compiler/JRecord.java,6,30.0000,NO,NO,0.03000000,NO,0.29000000,NO_TO_NO,NO
ZOOKEEPER,src/contrib/bookkeeper/src/java/org/apache/bookkeeper/bookie/LedgerDescriptor.java,6,8.0000,NO,NO,0.04000000,NO,0.11000000,NO_TO_NO,NO
ZOOKEEPER,src/java/main/org/apache/jute/compiler/generated/ParseException.java,6,15.0000,NO,NO,0.00000000,NO,0.05000000,NO_TO_NO,NO
ZOOKEEPER,src/java/main/org/apache/jute/Utils.java,6,21.0000,NO,NO,0.02000000,NO,0.15000000,NO_TO_NO,NO
ZOOKEEPER,src/java/main/org/apache/zookeeper/jmx/CommonNames.java,6,2.0000,NO,NO,0.00000000,NO,0.00000000,NO_TO_NO,NO
ZOOKEEPER,src/java/main/org/apache/zookeeper/server/ServerStats.java,6,11.0000,YES,YES,1.00000000,YES,0.67000000,YES_TO_YES,NO
ZOOKEEPER,src/java/main/org/apache/zookeeper/AsyncCallback.java,6,1.0000,NO,NO,0.00000000,NO,0.11000000,NO_TO_NO,NO
ZOOKEEPER,src/java/main/org/apache/jute/compiler/generated/Rcc.java,6,133.0000,NO,NO,0.00000000,NO,0.20000000,NO_TO_NO,NO
ZOOKEEPER,src/java/main/org/apache/zookeeper/JLineZNodeCompletor.java,6,2.0000,NO,NO,0.00000000,NO,0.00000000,NO_TO_NO,NO
ZOOKEEPER,src/java/main/org/apache/zookeeper/server/quorum/Leader.java,6,52.0000,YES,YES,0.98000000,YES,0.91000000,YES_TO_YES,NO
ZOOKEEPER,src/java/main/org/apache/zookeeper/server/persistence/FileSnap.java,6,8.0000,YES,YES,0.91000000,YES,0.63000000,YES_TO_YES,NO
ZOOKEEPER,src/contrib/bookkeeper/src/java/org/apache/bookkeeper/bookie/BookieException.java,6,7.0000,NO,NO,0.00000000,NO,0.01000000,NO_TO_NO,NO
ZOOKEEPER,src/java/main/org/apache/zookeeper/server/ZooKeeperServer.java,6,33.0000,YES,YES,0.95000000,YES,0.95000000,YES_TO_YES,NO
ZOOKEEPER,src/java/main/org/apache/zookeeper/ZooKeeperMain.java,6,77.0000,YES,YES,0.94000000,YES,0.90000000,YES_TO_YES,NO
ZOOKEEPER,src/java/main/org/apache/jute/OutputArchive.java,6,7.0000,NO,NO,0.00000000,NO,0.05000000,NO_TO_NO,NO
ZOOKEEPER,src/java/main/org/apache/zookeeper/server/ConnectionBean.java,6,1.0000,YES,YES,0.91000000,YES,0.76000000,YES_TO_YES,NO
ZOOKEEPER,src/java/main/org/apache/zookeeper/ZooKeeper.java,6,21.0000,YES,YES,1.00000000,YES,0.99000000,YES_TO_YES,NO
ZOOKEEPER,src/java/main/org/apache/zookeeper/Environment.java,6,2.0000,NO,NO,0.01000000,NO,0.04000000,NO_TO_NO,NO
ZOOKEEPER,src/java/main/org/apache/jute/compiler/JVector.java,6,9.0000,NO,NO,0.01000000,NO,0.08000000,NO_TO_NO,NO
ZOOKEEPER,docs/zookeeperHierarchicalQuorums.html,6,1.0000,NO,NO,0.00000000,NO,0.00000000,NO_TO_NO,NO
ZOOKEEPER,src/java/main/org/apache/zookeeper/server/quorum/QuorumStats.java,6,4.0000,NO,NO,0.03000000,NO,0.03000000,NO_TO_NO,NO
ZOOKEEPER,src/java/main/org/apache/zookeeper/server/upgrade/UpgradeMain.java,6,2.0000,NO,NO,0.00000000,NO,0.15000000,NO_TO_NO,NO
ZOOKEEPER,src/contrib/bookkeeper/src/java/org/apache/bookkeeper/client/LedgerHandle.java,6,26.0000,NO,NO,0.07000000,YES,0.53000000,NO_TO_YES,NO
ZOOKEEPER,src/java/main/org/apache/jute/compiler/JMap.java,6,9.0000,NO,NO,0.00000000,NO,0.02000000,NO_TO_NO,NO
ZOOKEEPER,src/java/main/org/apache/zookeeper/server/TraceFormatter.java,6,4.0000,NO,NO,0.00000000,NO,0.03000000,NO_TO_NO,NO
ZOOKEEPER,src/java/main/org/apache/jute/compiler/JFloat.java,6,1.0000,NO,NO,0.00000000,NO,0.00000000,NO_TO_NO,NO
ZOOKEEPER,src/java/main/org/apache/zookeeper/server/auth/DigestAuthenticationProvider.java,6,15.0000,NO,NO,0.06000000,NO,0.15000000,NO_TO_NO,NO
ZOOKEEPER,docs/zookeeperTutorial.html,6,9.0000,NO,NO,0.00000000,NO,0.00000000,NO_TO_NO,NO
ZOOKEEPER,docs/javaExample.html,6,13.0000,NO,NO,0.00000000,NO,0.00000000,NO_TO_NO,NO
ZOOKEEPER,src/java/main/org/apache/zookeeper/server/NIOServerCnxn.java,6,33.0000,YES,YES,0.97000000,YES,0.97000000,YES_TO_YES,NO
ZOOKEEPER,src/java/main/org/apache/jute/CsvInputArchive.java,6,14.0000,NO,NO,0.01000000,NO,0.05000000,NO_TO_NO,NO
ZOOKEEPER,src/java/main/org/apache/jute/compiler/generated/TokenMgrError.java,6,9.0000,NO,NO,0.00000000,NO,0.02000000,NO_TO_NO,NO
ZOOKEEPER,src/contrib/bookkeeper/src/java/org/apache/bookkeeper/proto/NIOServerFactory.java,6,24.0000,NO,NO,0.07000000,NO,0.29000000,NO_TO_NO,NO
ZOOKEEPER,src/java/main/org/apache/zookeeper/ServerAdminClient.java,6,17.0000,NO,NO,0.00000000,NO,0.23000000,NO_TO_NO,NO
ZOOKEEPER,src/contrib/bookkeeper/src/java/org/apache/bookkeeper/util/Main.java,6,2.0000,NO,NO,0.00000000,NO,0.00000000,NO_TO_NO,NO
ZOOKEEPER,src/java/main/org/apache/zookeeper/server/quorum/FollowerRequestProcessor.java,6,1.0000,YES,YES,0.91000000,YES,0.73000000,YES_TO_YES,NO
ZOOKEEPER,src/java/main/org/apache/zookeeper/server/ZooKeeperServerMain.java,6,2.0000,NO,NO,0.04000000,NO,0.05000000,NO_TO_NO,NO
ZOOKEEPER,src/java/main/org/apache/zookeeper/server/ZooTrace.java,6,16.0000,NO,NO,0.00000000,NO,0.03000000,NO_TO_NO,NO
ZOOKEEPER,src/java/main/org/apache/zookeeper/server/quorum/QuorumCnxManager.java,6,16.0000,YES,YES,1.00000000,YES,0.96000000,YES_TO_YES,NO
ZOOKEEPER,src/contrib/rest/src/java/org/apache/zookeeper/server/jersey/RestMain.java,6,4.0000,NO,NO,0.00000000,NO,0.02000000,NO_TO_NO,NO
ZOOKEEPER,src/java/main/org/apache/zookeeper/jmx/ManagedUtil.java,6,3.0000,NO,NO,0.03000000,NO,0.11000000,NO_TO_NO,NO
ZOOKEEPER,src/java/main/org/apache/zookeeper/server/quorum/FollowerSessionTracker.java,6,7.0000,NO,NO,0.12000000,NO,0.19000000,NO_TO_NO,NO
ZOOKEEPER,src/java/main/org/apache/jute/compiler/generated/Token.java,6,10.0000,NO,NO,0.00000000,NO,0.01000000,NO_TO_NO,NO
ZOOKEEPER,src/contrib/bookkeeper/src/java/org/apache/bookkeeper/proto/BookieProtocol.java,6,1.0000,NO,NO,0.03000000,NO,0.04000000,NO_TO_NO,NO
ZOOKEEPER,src/java/main/org/apache/zookeeper/server/quorum/LeaderZooKeeperServer.java,6,1.0000,YES,YES,0.84000000,YES,0.80000000,YES_TO_YES,NO
ZOOKEEPER,src/java/main/org/apache/zookeeper/server/LogFormatter.java,6,2.0000,NO,NO,0.11000000,NO,0.11000000,NO_TO_NO,NO
ZOOKEEPER,src/java/main/org/apache/zookeeper/server/quorum/FastLeaderElection.java,6,31.0000,YES,YES,1.00000000,YES,0.94000000,YES_TO_YES,NO
ZOOKEEPER,src/java/main/org/apache/jute/compiler/JType.java,6,4.0000,NO,NO,0.00000000,NO,0.03000000,NO_TO_NO,NO
ZOOKEEPER,src/docs/status.xml,6,1.0000,NO,NO,0.00000000,NO,0.00000000,NO_TO_NO,NO
ZOOKEEPER,docs/zookeeperAdmin.html,6,65.0000,NO,NO,0.00000000,NO,0.00000000,NO_TO_NO,NO
ZOOKEEPER,src/java/main/org/apache/jute/compiler/generated/RccConstants.java,6,4.0000,NO,NO,0.00000000,NO,0.00000000,NO_TO_NO,NO
ZOOKEEPER,src/docs/src/documentation/content/xdocs/site.xml,6,1.0000,NO,NO,0.00000000,NO,0.00000000,NO_TO_NO,NO
ZOOKEEPER,src/java/main/org/apache/zookeeper/common/PathTrie.java,6,6.0000,YES,YES,0.87000000,YES,0.78000000,YES_TO_YES,NO
ZOOKEEPER,src/java/main/org/apache/zookeeper/server/upgrade/UpgradeSnapShotV1.java,6,6.0000,NO,NO,0.04000000,NO,0.10000000,NO_TO_NO,NO
ZOOKEEPER,src/java/main/org/apache/zookeeper/server/SyncRequestProcessor.java,6,6.0000,YES,YES,0.91000000,YES,0.87000000,YES_TO_YES,NO
ZOOKEEPER,src/java/main/org/apache/zookeeper/server/auth/AuthenticationProvider.java,6,2.0000,NO,NO,0.01000000,NO,0.07000000,NO_TO_NO,NO
ZOOKEEPER,src/contrib/zkpython/src/python/zk.py,6,13.0000,NO,NO,0.00000000,NO,0.01000000,NO_TO_NO,NO
ZOOKEEPER,src/contrib/bookkeeper/src/java/org/apache/bookkeeper/proto/ServerStats.java,6,15.0000,NO,NO,0.05000000,NO,0.31000000,NO_TO_NO,NO
ZOOKEEPER,src/contrib/bookkeeper/src/java/org/apache/bookkeeper/client/LedgerSequence.java,6,3.0000,NO,NO,0.00000000,NO,0.09000000,NO_TO_NO,NO
ZOOKEEPER,src/java/main/org/apache/jute/compiler/CppGenerator.java,6,1.0000,NO,NO,0.00000000,NO,0.01000000,NO_TO_NO,NO
ZOOKEEPER,src/java/main/org/apache/zookeeper/server/FinalRequestProcessor.java,6,6.0000,YES,YES,0.83000000,YES,0.78000000,YES_TO_YES,NO
ZOOKEEPER,src/java/main/org/apache/zookeeper/server/quorum/CommitProcessor.java,6,8.0000,YES,YES,0.89000000,YES,0.77000000,YES_TO_YES,NO
ZOOKEEPER,src/java/main/org/apache/jute/XmlInputArchive.java,6,17.0000,NO,NO,0.00000000,NO,0.08000000,NO_TO_NO,NO
ZOOKEEPER,src/contrib/rest/src/java/org/apache/zookeeper/server/jersey/jaxb/ZPath.java,6,2.0000,NO,NO,0.05000000,NO,0.03000000,NO_TO_NO,NO
ZOOKEEPER,src/java/main/org/apache/zookeeper/version/util/VerGen.java,6,11.0000,NO,NO,0.01000000,NO,0.08000000,NO_TO_NO,NO
ZOOKEEPER,src/java/main/org/apache/jute/compiler/JCompType.java,6,1.0000,NO,NO,0.00000000,NO,0.02000000,NO_TO_NO,NO
ZOOKEEPER,src/java/main/org/apache/zookeeper/server/SessionTrackerImpl.java,6,13.0000,YES,YES,0.87000000,YES,0.75000000,YES_TO_YES,NO
ZOOKEEPER,src/recipes/lock/src/java/org/apache/zookeeper/recipes/lock/ZNodeName.java,6,4.0000,NO,NO,0.00000000,NO,0.01000000,NO_TO_NO,NO
ZOOKEEPER,src/contrib/bookkeeper/src/java/org/apache/bookkeeper/client/LedgerEntry.java,6,1.0000,NO,NO,0.00000000,NO,0.04000000,NO_TO_NO,NO
ZOOKEEPER,src/contrib/bookkeeper/src/java/org/apache/bookkeeper/client/BKDefs.java,6,15.0000,NO,NO,0.03000000,NO,0.12000000,NO_TO_NO,NO
ZOOKEEPER,src/java/main/org/apache/zookeeper/server/quorum/FollowerHandler.java,6,15.0000,YES,YES,0.96000000,YES,0.96000000,YES_TO_YES,NO
ZOOKEEPER,docs/zookeeperOtherInfo.html,6,3.0000,NO,NO,0.00000000,NO,0.00000000,NO_TO_NO,NO
ZOOKEEPER,src/java/main/org/apache/jute/BinaryInputArchive.java,6,11.0000,NO,NO,0.00000000,NO,0.02000000,NO_TO_NO,NO
ZOOKEEPER,src/contrib/bookkeeper/src/java/org/apache/bookkeeper/client/LedgerRecoveryMonitor.java,6,14.0000,NO,NO,0.05000000,NO,0.20000000,NO_TO_NO,NO
ZOOKEEPER,src/contrib/bookkeeper/src/java/org/apache/bookkeeper/client/LedgerManagementProcessor.java,6,38.0000,NO,NO,0.05000000,NO,0.32000000,NO_TO_NO,NO
ZOOKEEPER,src/contrib/fatjar/src/java/org/apache/zookeeper/util/FatJarMain.java,6,10.0000,NO,NO,0.00000000,NO,0.32000000,NO_TO_NO,NO
ZOOKEEPER,src/java/main/org/apache/zookeeper/server/DataTree.java,6,52.0000,NO,NO,0.28000000,YES,0.57000000,NO_TO_YES,NO
ZOOKEEPER,src/contrib/bookkeeper/benchmark/org/apache/bookkeeper/benchmark/TestClient.java,6,13.0000,NO,NO,0.06000000,NO,0.23000000,NO_TO_NO,NO
ZOOKEEPER,src/java/main/org/apache/jute/compiler/JString.java,6,1.0000,NO,NO,0.00000000,NO,0.01000000,NO_TO_NO,NO
ZOOKEEPER,src/java/main/org/apache/zookeeper/server/DataNode.java,6,11.0000,NO,NO,0.03000000,NO,0.05000000,NO_TO_NO,NO
ZOOKEEPER,src/contrib/rest/src/java/org/apache/zookeeper/server/jersey/jaxb/ZError.java,6,2.0000,NO,NO,0.00000000,NO,0.00000000,NO_TO_NO,NO
ZOOKEEPER,docs/bookkeeperOverview.html,6,7.0000,NO,NO,0.00000000,NO,0.00000000,NO_TO_NO,NO
ZOOKEEPER,src/contrib/bookkeeper/src/java/org/apache/bookkeeper/util/ClientBase.java,6,16.0000,YES,YES,0.81000000,NO,0.50000000,YES_TO_NO,YES
ZOOKEEPER,src/contrib/bookkeeper/benchmark/org/apache/bookkeeper/benchmark/MySqlClient.java,6,12.0000,NO,NO,0.01000000,NO,0.23000000,NO_TO_NO,NO
ZOOKEEPER,docs/bookkeeperProgrammer.html,6,15.0000,NO,NO,0.00000000,NO,0.00000000,NO_TO_NO,NO
ZOOKEEPER,src/contrib/rest/src/python/zk_dump_tree.py,6,10.0000,NO,NO,0.00000000,NO,0.01000000,NO_TO_NO,NO
ZOOKEEPER,src/java/main/org/apache/jute/BinaryOutputArchive.java,6,7.0000,NO,NO,0.00000000,NO,0.07000000,NO_TO_NO,NO
ZOOKEEPER,src/contrib/bookkeeper/src/java/org/apache/bookkeeper/client/QuorumEngine.java,6,8.0000,NO,NO,0.07000000,NO,0.10000000,NO_TO_NO,NO
ZOOKEEPER,src/java/main/org/apache/zookeeper/Quotas.java,6,5.0000,NO,NO,0.00000000,NO,0.00000000,NO_TO_NO,NO
ZOOKEEPER,src/java/main/org/apache/jute/CsvOutputArchive.java,6,4.0000,NO,NO,0.00000000,NO,0.04000000,NO_TO_NO,NO
ZOOKEEPER,src/contrib/bookkeeper/src/java/org/apache/bookkeeper/client/QuorumOpMonitor.java,6,31.0000,NO,NO,0.03000000,NO,0.16000000,NO_TO_NO,NO
ZOOKEEPER,src/java/main/org/apache/zookeeper/server/quorum/FollowerZooKeeperServer.java,6,5.0000,YES,YES,0.81000000,YES,0.71000000,YES_TO_YES,NO
ZOOKEEPER,src/java/main/org/apache/jute/compiler/JFile.java,6,2.0000,NO,NO,0.00000000,NO,0.00000000,NO_TO_NO,NO
ZOOKEEPER,src/java/main/org/apache/zookeeper/server/WatchManager.java,6,4.0000,NO,NO,0.02000000,NO,0.06000000,NO_TO_NO,NO
ZOOKEEPER,docs/zookeeperProgrammers.html,6,68.0000,NO,NO,0.00000000,NO,0.00000000,NO_TO_NO,NO
ZOOKEEPER,docs/zookeeperStarted.html,6,19.0000,NO,NO,0.00000000,NO,0.00000000,NO_TO_NO,NO
ZOOKEEPER,docs/zookeeperQuotas.html,6,9.0000,NO,NO,0.00000000,NO,0.00000000,NO_TO_NO,NO
ZOOKEEPER,src/contrib/bookkeeper/src/java/org/apache/bookkeeper/client/ClientCBWorker.java,6,6.0000,NO,NO,0.02000000,NO,0.13000000,NO_TO_NO,NO
ZOOKEEPER,src/contrib/rest/src/java/org/apache/zookeeper/server/jersey/resources/ZNodeResource.java,6,13.0000,NO,NO,0.08000000,NO,0.17000000,NO_TO_NO,NO
ZOOKEEPER,src/java/main/org/apache/zookeeper/server/util/SerializeUtils.java,6,2.0000,NO,NO,0.03000000,NO,0.06000000,NO_TO_NO,NO
ZOOKEEPER,src/contrib/bookkeeper/src/java/org/apache/bookkeeper/bookie/Bookie.java,6,30.0000,NO,NO,0.09000000,NO,0.32000000,NO_TO_NO,NO
ZOOKEEPER,src/java/main/org/apache/zookeeper/server/auth/IPAuthenticationProvider.java,6,12.0000,NO,NO,0.00000000,NO,0.05000000,NO_TO_NO,NO
ZOOKEEPER,src/java/main/org/apache/zookeeper/jmx/MBeanRegistry.java,6,4.0000,YES,YES,0.74000000,YES,0.60000000,YES_TO_YES,NO
ZOOKEEPER,src/contrib/bookkeeper/src/java/org/apache/bookkeeper/client/BookieHandle.java,6,9.0000,YES,YES,0.95000000,YES,0.84000000,YES_TO_YES,NO
ZOOKEEPER,docs/recipes.html,6,27.0000,NO,NO,0.00000000,NO,0.00000000,NO_TO_NO,NO
ZOOKEEPER,src/recipes/lock/src/java/org/apache/zookeeper/recipes/lock/WriteLock.java,6,3.0000,NO,NO,0.02000000,NO,0.22000000,NO_TO_NO,NO
ZOOKEEPER,src/contrib/bookkeeper/src/java/org/apache/bookkeeper/proto/BookieClient.java,6,20.0000,NO,NO,0.03000000,NO,0.27000000,NO_TO_NO,NO
ZOOKEEPER,src/java/main/org/apache/zookeeper/ZooDefs.java,6,27.0000,NO,NO,0.15000000,NO,0.09000000,NO_TO_NO,NO
ZOOKEEPER,src/contrib/rest/src/java/org/apache/zookeeper/server/jersey/jaxb/ZChildren.java,6,7.0000,NO,NO,0.00000000,NO,0.02000000,NO_TO_NO,NO
ZOOKEEPER,src/java/main/org/apache/zookeeper/Version.java,6,4.0000,NO,NO,0.00000000,NO,0.04000000,NO_TO_NO,NO
ZOOKEEPER,docs/zookeeperJMX.html,6,13.0000,NO,NO,0.00000000,NO,0.00000000,NO_TO_NO,NO
ZOOKEEPER,src/java/main/org/apache/zookeeper/server/ServerCnxn.java,6,19.0000,YES,YES,0.84000000,YES,0.62000000,YES_TO_YES,NO
ZOOKEEPER,src/java/main/org/apache/zookeeper/Watcher.java,6,15.0000,NO,NO,0.00000000,NO,0.03000000,NO_TO_NO,NO
ZOOKEEPER,src/java/main/org/apache/jute/compiler/JDouble.java,7,1.0000,NO,NO,0.00000000,NO,0.00000000,NO_TO_NO,NO
ZOOKEEPER,src/java/main/org/apache/zookeeper/server/auth/ProviderRegistry.java,7,3.0000,NO,NO,0.00000000,NO,0.00000000,NO_TO_NO,NO
ZOOKEEPER,src/java/main/org/apache/jute/compiler/CGenerator.java,7,1.0000,NO,NO,0.05000000,NO,0.07000000,NO_TO_NO,NO
ZOOKEEPER,src/java/main/org/apache/zookeeper/server/quorum/flexible/QuorumMaj.java,7,1.0000,NO,NO,0.00000000,NO,0.07000000,NO_TO_NO,NO
ZOOKEEPER,src/java/main/org/apache/zookeeper/server/PurgeTxnLog.java,7,12.0000,NO,NO,0.01000000,NO,0.10000000,NO_TO_NO,NO
ZOOKEEPER,src/java/main/org/apache/zookeeper/server/upgrade/DataNodeV1.java,7,11.0000,NO,NO,0.01000000,NO,0.06000000,NO_TO_NO,NO
ZOOKEEPER,src/java/main/org/apache/jute/compiler/generated/SimpleCharStream.java,7,34.0000,NO,NO,0.00000000,NO,0.21000000,NO_TO_NO,NO
ZOOKEEPER,src/contrib/bookkeeper/src/java/org/apache/bookkeeper/util/LocalBookKeeper.java,7,17.0000,YES,YES,0.82000000,NO,0.24000000,YES_TO_NO,YES
ZOOKEEPER,src/java/main/org/apache/jute/compiler/generated/RccTokenManager.java,7,84.0000,NO,NO,0.00000000,NO,0.22000000,NO_TO_NO,NO
ZOOKEEPER,src/contrib/rest/src/java/org/apache/zookeeper/server/jersey/resources/JAXBContextResolver.java,7,3.0000,NO,NO,0.04000000,NO,0.10000000,NO_TO_NO,NO
ZOOKEEPER,src/java/main/org/apache/jute/compiler/JField.java,7,1.0000,NO,NO,0.00000000,NO,0.00000000,NO_TO_NO,NO
ZOOKEEPER,src/java/main/org/apache/zookeeper/server/quorum/LeaderBean.java,7,1.0000,NO,NO,0.03000000,NO,0.06000000,NO_TO_NO,NO
ZOOKEEPER,src/contrib/bookkeeper/src/java/org/apache/bookkeeper/client/BookKeeper.java,7,37.0000,NO,NO,0.07000000,NO,0.29000000,NO_TO_NO,NO
ZOOKEEPER,src/java/main/org/apache/zookeeper/server/quorum/flexible/QuorumHierarchical.java,7,14.0000,NO,NO,0.02000000,NO,0.16000000,NO_TO_NO,NO
ZOOKEEPER,docs/zookeeperInternals.html,7,25.0000,NO,NO,0.00000000,NO,0.00000000,NO_TO_NO,NO
ZOOKEEPER,docs/releasenotes.html,7,19.0000,NO,NO,0.00000000,NO,0.00000000,NO_TO_NO,NO
ZOOKEEPER,docs/bookkeeperConfig.html,7,9.0000,NO,NO,0.00000000,NO,0.00000000,NO_TO_NO,NO
ZOOKEEPER,src/java/main/org/apache/zookeeper/server/upgrade/DataTreeV1.java,7,33.0000,NO,NO,0.02000000,NO,0.34000000,NO_TO_NO,NO
ZOOKEEPER,src/java/main/org/apache/zookeeper/server/quorum/Follower.java,7,1.0000,YES,YES,0.99000000,YES,0.99000000,YES_TO_YES,NO
ZOOKEEPER,docs/bookkeeperStarted.html,7,15.0000,NO,NO,0.00000000,NO,0.00000000,NO_TO_NO,NO
ZOOKEEPER,src/java/main/org/apache/zookeeper/common/PathUtils.java,7,4.0000,NO,NO,0.03000000,NO,0.09000000,NO_TO_NO,NO
ZOOKEEPER,src/java/main/org/apache/jute/RecordWriter.java,7,17.0000,NO,NO,0.00000000,NO,0.01000000,NO_TO_NO,NO
ZOOKEEPER,src/java/main/org/apache/zookeeper/server/persistence/Util.java,7,9.0000,YES,YES,1.00000000,YES,0.62000000,YES_TO_YES,NO
ZOOKEEPER,src/java/main/org/apache/zookeeper/ClientCnxn.java,7,45.0000,YES,YES,0.99000000,YES,0.97000000,YES_TO_YES,NO
ZOOKEEPER,src/java/main/org/apache/zookeeper/server/quorum/QuorumPeerConfig.java,7,12.0000,NO,NO,0.31000000,NO,0.42000000,NO_TO_NO,NO
ZOOKEEPER,src/java/main/org/apache/jute/compiler/JRecord.java,7,30.0000,NO,NO,0.03000000,NO,0.29000000,NO_TO_NO,NO
ZOOKEEPER,src/contrib/bookkeeper/src/java/org/apache/bookkeeper/bookie/LedgerDescriptor.java,7,8.0000,NO,NO,0.03000000,NO,0.06000000,NO_TO_NO,NO
ZOOKEEPER,src/java/main/org/apache/jute/Utils.java,7,21.0000,NO,NO,0.01000000,NO,0.14000000,NO_TO_NO,NO
ZOOKEEPER,src/java/main/org/apache/zookeeper/jmx/CommonNames.java,7,2.0000,NO,NO,0.00000000,NO,0.00000000,NO_TO_NO,NO
ZOOKEEPER,src/java/main/org/apache/zookeeper/server/ServerStats.java,7,11.0000,YES,YES,1.00000000,YES,0.67000000,YES_TO_YES,NO
ZOOKEEPER,src/java/main/org/apache/jute/compiler/generated/Rcc.java,7,133.0000,NO,NO,0.00000000,NO,0.20000000,NO_TO_NO,NO
ZOOKEEPER,src/java/main/org/apache/zookeeper/server/quorum/Leader.java,7,53.0000,YES,YES,0.99000000,YES,0.98000000,YES_TO_YES,NO
ZOOKEEPER,src/java/main/org/apache/zookeeper/server/ZooKeeperServer.java,7,32.0000,YES,YES,0.95000000,YES,0.96000000,YES_TO_YES,NO
ZOOKEEPER,src/java/main/org/apache/zookeeper/ZooKeeperMain.java,7,78.0000,YES,YES,0.89000000,YES,0.80000000,YES_TO_YES,NO
ZOOKEEPER,src/java/main/org/apache/zookeeper/ZooKeeper.java,7,22.0000,YES,YES,1.00000000,YES,0.98000000,YES_TO_YES,NO
ZOOKEEPER,src/java/main/org/apache/zookeeper/Environment.java,7,2.0000,NO,NO,0.00000000,NO,0.03000000,NO_TO_NO,NO
ZOOKEEPER,docs/zookeeperHierarchicalQuorums.html,7,1.0000,NO,NO,0.00000000,NO,0.00000000,NO_TO_NO,NO
ZOOKEEPER,src/java/main/org/apache/zookeeper/server/quorum/QuorumStats.java,7,5.0000,NO,NO,0.11000000,NO,0.13000000,NO_TO_NO,NO
ZOOKEEPER,src/contrib/bookkeeper/src/java/org/apache/bookkeeper/client/LedgerHandle.java,7,27.0000,NO,NO,0.06000000,YES,0.53000000,NO_TO_YES,NO
ZOOKEEPER,src/java/main/org/apache/jute/compiler/JMap.java,7,9.0000,NO,NO,0.00000000,NO,0.01000000,NO_TO_NO,NO
ZOOKEEPER,src/java/main/org/apache/zookeeper/server/TraceFormatter.java,7,4.0000,NO,NO,0.06000000,NO,0.08000000,NO_TO_NO,NO
ZOOKEEPER,src/java/main/org/apache/zookeeper/server/auth/DigestAuthenticationProvider.java,7,15.0000,NO,NO,0.04000000,NO,0.14000000,NO_TO_NO,NO
ZOOKEEPER,docs/zookeeperTutorial.html,7,9.0000,NO,NO,0.00000000,NO,0.00000000,NO_TO_NO,NO
ZOOKEEPER,src/contrib/bookkeeper/src/java/org/apache/bookkeeper/util/Main.java,7,2.0000,NO,NO,0.02000000,NO,0.07000000,NO_TO_NO,NO
ZOOKEEPER,src/java/main/org/apache/zookeeper/server/ZooKeeperServerMain.java,7,2.0000,NO,NO,0.02000000,NO,0.03000000,NO_TO_NO,NO
ZOOKEEPER,src/java/main/org/apache/zookeeper/server/ZooTrace.java,7,16.0000,NO,NO,0.01000000,NO,0.03000000,NO_TO_NO,NO
ZOOKEEPER,src/java/main/org/apache/zookeeper/server/quorum/QuorumCnxManager.java,7,15.0000,YES,YES,1.00000000,YES,0.97000000,YES_TO_YES,NO
ZOOKEEPER,src/java/main/org/apache/zookeeper/jmx/ManagedUtil.java,7,3.0000,NO,NO,0.01000000,NO,0.07000000,NO_TO_NO,NO
ZOOKEEPER,src/java/main/org/apache/jute/compiler/generated/Token.java,7,10.0000,NO,NO,0.00000000,NO,0.01000000,NO_TO_NO,NO
ZOOKEEPER,src/contrib/bookkeeper/src/java/org/apache/bookkeeper/proto/BookieProtocol.java,7,1.0000,NO,NO,0.01000000,NO,0.03000000,NO_TO_NO,NO
ZOOKEEPER,src/java/main/org/apache/zookeeper/server/LogFormatter.java,7,2.0000,YES,YES,0.65000000,NO,0.44000000,YES_TO_NO,YES
ZOOKEEPER,src/java/main/org/apache/zookeeper/server/quorum/FastLeaderElection.java,7,32.0000,YES,YES,0.90000000,YES,0.87000000,YES_TO_YES,NO
ZOOKEEPER,src/java/main/org/apache/jute/compiler/JType.java,7,4.0000,NO,NO,0.00000000,NO,0.03000000,NO_TO_NO,NO
ZOOKEEPER,src/docs/status.xml,7,1.0000,NO,NO,0.00000000,NO,0.00000000,NO_TO_NO,NO
ZOOKEEPER,src/java/main/org/apache/zookeeper/common/PathTrie.java,7,6.0000,NO,NO,0.07000000,NO,0.11000000,NO_TO_NO,NO
ZOOKEEPER,src/java/main/org/apache/zookeeper/server/upgrade/UpgradeSnapShotV1.java,7,6.0000,NO,NO,0.07000000,NO,0.12000000,NO_TO_NO,NO
ZOOKEEPER,src/java/main/org/apache/zookeeper/server/SyncRequestProcessor.java,7,7.0000,YES,YES,0.99000000,YES,0.96000000,YES_TO_YES,NO
ZOOKEEPER,src/contrib/bookkeeper/src/java/org/apache/bookkeeper/client/LedgerSequence.java,7,3.0000,NO,NO,0.01000000,NO,0.11000000,NO_TO_NO,NO
ZOOKEEPER,src/java/main/org/apache/zookeeper/server/FinalRequestProcessor.java,7,6.0000,YES,YES,0.97000000,YES,0.95000000,YES_TO_YES,NO
ZOOKEEPER,src/java/main/org/apache/zookeeper/server/quorum/CommitProcessor.java,7,8.0000,YES,YES,0.97000000,YES,0.90000000,YES_TO_YES,NO
ZOOKEEPER,src/java/main/org/apache/zookeeper/server/SessionTrackerImpl.java,7,13.0000,YES,YES,0.98000000,YES,0.86000000,YES_TO_YES,NO
ZOOKEEPER,src/contrib/bookkeeper/src/java/org/apache/bookkeeper/client/BKDefs.java,7,15.0000,NO,NO,0.05000000,NO,0.10000000,NO_TO_NO,NO
ZOOKEEPER,src/java/main/org/apache/jute/BinaryInputArchive.java,7,11.0000,NO,NO,0.00000000,NO,0.02000000,NO_TO_NO,NO
ZOOKEEPER,src/contrib/bookkeeper/src/java/org/apache/bookkeeper/client/LedgerManagementProcessor.java,7,38.0000,NO,NO,0.04000000,NO,0.31000000,NO_TO_NO,NO
ZOOKEEPER,src/contrib/bookkeeper/benchmark/org/apache/bookkeeper/benchmark/TestClient.java,7,13.0000,NO,NO,0.04000000,NO,0.12000000,NO_TO_NO,NO
ZOOKEEPER,src/java/main/org/apache/zookeeper/server/DataNode.java,7,10.0000,NO,NO,0.17000000,NO,0.20000000,NO_TO_NO,NO
ZOOKEEPER,docs/bookkeeperOverview.html,7,7.0000,NO,NO,0.00000000,NO,0.00000000,NO_TO_NO,NO
ZOOKEEPER,src/contrib/bookkeeper/src/java/org/apache/bookkeeper/util/ClientBase.java,7,16.0000,YES,YES,0.83000000,NO,0.43000000,YES_TO_NO,YES
ZOOKEEPER,src/contrib/bookkeeper/benchmark/org/apache/bookkeeper/benchmark/MySqlClient.java,7,12.0000,NO,NO,0.02000000,NO,0.20000000,NO_TO_NO,NO
ZOOKEEPER,docs/bookkeeperProgrammer.html,7,15.0000,NO,NO,0.00000000,NO,0.00000000,NO_TO_NO,NO
ZOOKEEPER,src/contrib/rest/src/python/zk_dump_tree.py,7,10.0000,NO,NO,0.00000000,NO,0.01000000,NO_TO_NO,NO
ZOOKEEPER,src/java/main/org/apache/jute/BinaryOutputArchive.java,7,7.0000,NO,NO,0.00000000,NO,0.07000000,NO_TO_NO,NO
ZOOKEEPER,src/contrib/bookkeeper/src/java/org/apache/bookkeeper/client/QuorumOpMonitor.java,7,31.0000,NO,NO,0.05000000,NO,0.17000000,NO_TO_NO,NO
ZOOKEEPER,src/java/main/org/apache/zookeeper/server/quorum/FollowerZooKeeperServer.java,7,3.0000,YES,YES,0.83000000,YES,0.81000000,YES_TO_YES,NO
ZOOKEEPER,src/java/main/org/apache/zookeeper/server/WatchManager.java,7,4.0000,NO,NO,0.02000000,NO,0.06000000,NO_TO_NO,NO
ZOOKEEPER,docs/zookeeperProgrammers.html,7,68.0000,NO,NO,0.00000000,NO,0.00000000,NO_TO_NO,NO
ZOOKEEPER,src/contrib/bookkeeper/src/java/org/apache/bookkeeper/client/ClientCBWorker.java,7,6.0000,NO,NO,0.01000000,NO,0.08000000,NO_TO_NO,NO
ZOOKEEPER,src/contrib/rest/src/java/org/apache/zookeeper/server/jersey/resources/ZNodeResource.java,7,13.0000,NO,NO,0.18000000,NO,0.17000000,NO_TO_NO,NO
ZOOKEEPER,src/java/main/org/apache/zookeeper/server/util/SerializeUtils.java,7,2.0000,NO,NO,0.04000000,NO,0.06000000,NO_TO_NO,NO
ZOOKEEPER,src/java/main/org/apache/zookeeper/server/quorum/ObserverRequestProcessor.java,7,1.0000,YES,YES,0.79000000,YES,0.74000000,YES_TO_YES,NO
ZOOKEEPER,src/contrib/bookkeeper/src/java/org/apache/bookkeeper/client/BookieHandle.java,7,9.0000,NO,NO,0.24000000,NO,0.19000000,NO_TO_NO,NO
ZOOKEEPER,src/recipes/lock/src/java/org/apache/zookeeper/recipes/lock/WriteLock.java,7,3.0000,NO,NO,0.01000000,NO,0.14000000,NO_TO_NO,NO
ZOOKEEPER,src/contrib/bookkeeper/src/java/org/apache/bookkeeper/proto/BookieClient.java,7,20.0000,NO,NO,0.02000000,NO,0.28000000,NO_TO_NO,NO
ZOOKEEPER,src/java/main/org/apache/zookeeper/ZooDefs.java,7,28.0000,NO,NO,0.01000000,NO,0.06000000,NO_TO_NO,NO
ZOOKEEPER,src/contrib/rest/src/java/org/apache/zookeeper/server/jersey/jaxb/ZChildren.java,7,7.0000,NO,NO,0.03000000,NO,0.23000000,NO_TO_NO,NO
ZOOKEEPER,src/contrib/bookkeeper/src/java/org/apache/bookkeeper/streaming/LedgerInputStream.java,7,2.0000,YES,YES,0.68000000,YES,0.54000000,YES_TO_YES,NO
ZOOKEEPER,src/java/main/org/apache/zookeeper/server/quorum/Vote.java,7,4.0000,YES,YES,0.98000000,YES,0.65000000,YES_TO_YES,NO
ZOOKEEPER,src/java/main/org/apache/zookeeper/server/PrepRequestProcessor.java,7,14.0000,YES,YES,1.00000000,YES,0.99000000,YES_TO_YES,NO
ZOOKEEPER,src/java/main/org/apache/jute/RecordReader.java,7,9.0000,NO,NO,0.00000000,NO,0.01000000,NO_TO_NO,NO
ZOOKEEPER,src/java/main/org/apache/zookeeper/server/quorum/LeaderElection.java,7,15.0000,YES,YES,0.84000000,YES,0.78000000,YES_TO_YES,NO
ZOOKEEPER,src/contrib/bookkeeper/src/java/org/apache/bookkeeper/proto/BookieServer.java,7,7.0000,NO,NO,0.06000000,NO,0.05000000,NO_TO_NO,NO
ZOOKEEPER,src/java/main/org/apache/zookeeper/server/quorum/Learner.java,7,5.0000,YES,YES,0.82000000,YES,0.76000000,YES_TO_YES,NO
ZOOKEEPER,src/contrib/bookkeeper/src/java/org/apache/bookkeeper/streaming/LedgerOutputStream.java,7,1.0000,NO,NO,0.04000000,NO,0.06000000,NO_TO_NO,NO
ZOOKEEPER,src/contrib/rest/src/java/org/apache/zookeeper/server/jersey/ZooKeeperService.java,7,8.0000,NO,NO,0.01000000,NO,0.09000000,NO_TO_NO,NO
ZOOKEEPER,src/java/main/org/apache/zookeeper/server/quorum/AuthFastLeaderElection.java,7,47.0000,YES,YES,0.99000000,YES,0.97000000,YES_TO_YES,NO
ZOOKEEPER,src/contrib/bookkeeper/src/java/org/apache/bookkeeper/client/BKException.java,7,13.0000,NO,NO,0.01000000,NO,0.08000000,NO_TO_NO,NO
ZOOKEEPER,src/java/main/org/apache/zookeeper/server/Request.java,7,9.0000,YES,YES,0.91000000,YES,0.86000000,YES_TO_YES,NO
ZOOKEEPER,src/java/main/org/apache/zookeeper/KeeperException.java,7,75.0000,YES,YES,0.86000000,YES,0.81000000,YES_TO_YES,NO
ZOOKEEPER,src/java/main/org/apache/zookeeper/server/quorum/QuorumPeer.java,7,32.0000,YES,YES,1.00000000,YES,0.97000000,YES_TO_YES,NO
ZOOKEEPER,src/java/main/org/apache/jute/XmlOutputArchive.java,7,9.0000,NO,NO,0.00000000,NO,0.11000000,NO_TO_NO,NO
ZOOKEEPER,src/recipes/lock/src/java/org/apache/zookeeper/recipes/lock/ProtocolSupport.java,7,2.0000,NO,NO,0.07000000,NO,0.19000000,NO_TO_NO,NO
ZOOKEEPER,src/contrib/rest/src/java/org/apache/zookeeper/server/jersey/jaxb/ZChildrenJSON.java,7,8.0000,NO,NO,0.01000000,NO,0.29000000,NO_TO_NO,NO
ZOOKEEPER,src/java/main/org/apache/zookeeper/WatchedEvent.java,7,2.0000,YES,YES,0.63000000,NO,0.36000000,YES_TO_NO,YES
ZOOKEEPER,src/java/main/org/apache/zookeeper/server/util/Profiler.java,7,1.0000,NO,NO,0.00000000,NO,0.03000000,NO_TO_NO,NO
ZOOKEEPER,src/java/main/org/apache/jute/compiler/JBuffer.java,7,3.0000,NO,NO,0.00000000,NO,0.02000000,NO_TO_NO,NO
ZOOKEEPER,src/java/main/org/apache/zookeeper/CreateMode.java,7,1.0000,NO,NO,0.01000000,NO,0.05000000,NO_TO_NO,NO
ZOOKEEPER,src/docs/src/documentation/skinconf.xml,7,6.0000,NO,NO,0.00000000,NO,0.00000000,NO_TO_NO,NO
ZOOKEEPER,src/contrib/rest/src/java/org/apache/zookeeper/server/jersey/jaxb/ZStat.java,7,16.0000,NO,NO,0.01000000,NO,0.00000000,NO_TO_NO,NO
ZOOKEEPER,src/java/main/org/apache/zookeeper/server/quorum/QuorumPeerMain.java,7,2.0000,YES,YES,0.75000000,YES,0.69000000,YES_TO_YES,NO
ZOOKEEPER,src/java/main/org/apache/zookeeper/server/quorum/ProposalRequestProcessor.java,7,1.0000,NO,NO,0.08000000,NO,0.08000000,NO_TO_NO,NO
ZOOKEEPER,src/java/main/org/apache/zookeeper/server/upgrade/UpgradeSnapShot.java,7,1.0000,NO,NO,0.00000000,NO,0.00000000,NO_TO_NO,NO
ZOOKEEPER,src/java/main/org/apache/zookeeper/server/persistence/FileTxnLog.java,7,11.0000,YES,YES,0.93000000,YES,0.83000000,YES_TO_YES,NO
ZOOKEEPER,src/java/main/org/apache/zookeeper/server/persistence/FileTxnSnapLog.java,7,10.0000,YES,YES,0.98000000,YES,0.89000000,YES_TO_YES,NO
ZOOKEEPER,docs/zookeeperOver.html,7,35.0000,NO,NO,0.00000000,NO,0.00000000,NO_TO_NO,NO
ZOOKEEPER,src/java/main/org/apache/jute/compiler/generated/ParseException.java,7,15.0000,NO,NO,0.00000000,NO,0.06000000,NO_TO_NO,NO
ZOOKEEPER,src/java/main/org/apache/zookeeper/AsyncCallback.java,7,1.0000,NO,NO,0.08000000,NO,0.11000000,NO_TO_NO,NO
ZOOKEEPER,src/java/main/org/apache/zookeeper/JLineZNodeCompletor.java,7,2.0000,NO,NO,0.05000000,NO,0.08000000,NO_TO_NO,NO
ZOOKEEPER,src/java/main/org/apache/zookeeper/server/quorum/LearnerZooKeeperServer.java,7,4.0000,YES,YES,0.67000000,YES,0.62000000,YES_TO_YES,NO
ZOOKEEPER,src/java/main/org/apache/zookeeper/server/persistence/FileSnap.java,7,8.0000,YES,YES,0.85000000,YES,0.59000000,YES_TO_YES,NO
ZOOKEEPER,src/contrib/bookkeeper/src/java/org/apache/bookkeeper/bookie/BookieException.java,7,7.0000,NO,NO,0.00000000,NO,0.10000000,NO_TO_NO,NO
ZOOKEEPER,src/java/main/org/apache/jute/OutputArchive.java,7,7.0000,NO,NO,0.00000000,NO,0.04000000,NO_TO_NO,NO
ZOOKEEPER,src/java/main/org/apache/zookeeper/server/ConnectionBean.java,7,1.0000,YES,YES,0.84000000,YES,0.81000000,YES_TO_YES,NO
ZOOKEEPER,docs/zookeeperObservers.html,7,7.0000,NO,NO,0.00000000,NO,0.00000000,NO_TO_NO,NO
ZOOKEEPER,src/java/main/org/apache/jute/compiler/JVector.java,7,9.0000,NO,NO,0.01000000,NO,0.07000000,NO_TO_NO,NO
ZOOKEEPER,src/java/main/org/apache/zookeeper/server/quorum/LearnerHandler.java,7,15.0000,YES,YES,0.99000000,YES,0.97000000,YES_TO_YES,NO
ZOOKEEPER,src/java/main/org/apache/zookeeper/server/upgrade/UpgradeMain.java,7,2.0000,NO,NO,0.00000000,NO,0.12000000,NO_TO_NO,NO
ZOOKEEPER,src/java/main/org/apache/jute/compiler/JFloat.java,7,1.0000,NO,NO,0.00000000,NO,0.00000000,NO_TO_NO,NO
ZOOKEEPER,docs/javaExample.html,7,13.0000,NO,NO,0.00000000,NO,0.00000000,NO_TO_NO,NO
ZOOKEEPER,src/java/main/org/apache/zookeeper/server/NIOServerCnxn.java,7,40.0000,YES,YES,0.98000000,YES,0.96000000,YES_TO_YES,NO
ZOOKEEPER,src/java/main/org/apache/jute/CsvInputArchive.java,7,14.0000,NO,NO,0.00000000,NO,0.04000000,NO_TO_NO,NO
ZOOKEEPER,src/java/main/org/apache/jute/compiler/generated/TokenMgrError.java,7,9.0000,NO,NO,0.00000000,NO,0.02000000,NO_TO_NO,NO
ZOOKEEPER,src/contrib/bookkeeper/src/java/org/apache/bookkeeper/proto/NIOServerFactory.java,7,24.0000,NO,NO,0.04000000,NO,0.26000000,NO_TO_NO,NO
ZOOKEEPER,src/java/main/org/apache/zookeeper/ServerAdminClient.java,7,17.0000,NO,NO,0.00000000,NO,0.22000000,NO_TO_NO,NO
ZOOKEEPER,src/java/main/org/apache/zookeeper/server/quorum/FollowerRequestProcessor.java,7,1.0000,YES,YES,0.94000000,YES,0.74000000,YES_TO_YES,NO
ZOOKEEPER,src/contrib/rest/src/java/org/apache/zookeeper/server/jersey/RestMain.java,7,4.0000,NO,NO,0.01000000,NO,0.23000000,NO_TO_NO,NO
ZOOKEEPER,src/java/main/org/apache/zookeeper/server/quorum/LeaderZooKeeperServer.java,7,1.0000,YES,YES,0.78000000,YES,0.74000000,YES_TO_YES,NO
ZOOKEEPER,src/java/main/org/apache/zookeeper/server/quorum/ObserverZooKeeperServer.java,7,4.0000,YES,YES,0.72000000,YES,0.65000000,YES_TO_YES,NO
ZOOKEEPER,src/recipes/queue/src/java/org/apache/zookeeper/recipes/queue/DistributedQueue.java,7,10.0000,NO,NO,0.18000000,NO,0.24000000,NO_TO_NO,NO
ZOOKEEPER,docs/zookeeperAdmin.html,7,65.0000,NO,NO,0.00000000,NO,0.00000000,NO_TO_NO,NO
ZOOKEEPER,src/java/main/org/apache/jute/compiler/generated/RccConstants.java,7,4.0000,NO,NO,0.00000000,NO,0.00000000,NO_TO_NO,NO
ZOOKEEPER,src/docs/src/documentation/content/xdocs/site.xml,7,1.0000,NO,NO,0.00000000,NO,0.00000000,NO_TO_NO,NO
ZOOKEEPER,src/java/main/org/apache/zookeeper/server/auth/AuthenticationProvider.java,7,2.0000,NO,NO,0.00000000,NO,0.05000000,NO_TO_NO,NO
ZOOKEEPER,src/contrib/zkpython/src/python/zk.py,7,13.0000,NO,NO,0.00000000,NO,0.01000000,NO_TO_NO,NO
ZOOKEEPER,src/contrib/bookkeeper/src/java/org/apache/bookkeeper/proto/ServerStats.java,7,15.0000,NO,NO,0.04000000,NO,0.21000000,NO_TO_NO,NO
ZOOKEEPER,src/java/main/org/apache/jute/compiler/CppGenerator.java,7,1.0000,NO,NO,0.00000000,NO,0.01000000,NO_TO_NO,NO
ZOOKEEPER,src/java/main/org/apache/jute/XmlInputArchive.java,7,17.0000,NO,NO,0.00000000,NO,0.08000000,NO_TO_NO,NO
ZOOKEEPER,src/contrib/rest/src/java/org/apache/zookeeper/server/jersey/jaxb/ZPath.java,7,2.0000,NO,NO,0.00000000,NO,0.02000000,NO_TO_NO,NO
ZOOKEEPER,src/java/main/org/apache/zookeeper/version/util/VerGen.java,7,11.0000,NO,NO,0.00000000,NO,0.07000000,NO_TO_NO,NO
ZOOKEEPER,src/java/main/org/apache/jute/compiler/JCompType.java,7,1.0000,NO,NO,0.00000000,NO,0.01000000,NO_TO_NO,NO
ZOOKEEPER,src/recipes/lock/src/java/org/apache/zookeeper/recipes/lock/ZNodeName.java,7,4.0000,NO,NO,0.01000000,NO,0.03000000,NO_TO_NO,NO
ZOOKEEPER,src/contrib/bookkeeper/src/java/org/apache/bookkeeper/client/LedgerEntry.java,7,1.0000,NO,NO,0.00000000,NO,0.07000000,NO_TO_NO,NO
ZOOKEEPER,src/java/main/org/apache/zookeeper/server/quorum/Observer.java,7,1.0000,YES,YES,0.77000000,YES,0.76000000,YES_TO_YES,NO
ZOOKEEPER,src/java/main/org/apache/zookeeper/server/quorum/LearnerSessionTracker.java,7,7.0000,NO,NO,0.12000000,NO,0.12000000,NO_TO_NO,NO
ZOOKEEPER,docs/zookeeperOtherInfo.html,7,3.0000,NO,NO,0.00000000,NO,0.00000000,NO_TO_NO,NO
ZOOKEEPER,src/contrib/bookkeeper/src/java/org/apache/bookkeeper/client/LedgerRecoveryMonitor.java,7,14.0000,NO,NO,0.05000000,NO,0.22000000,NO_TO_NO,NO
ZOOKEEPER,src/contrib/fatjar/src/java/org/apache/zookeeper/util/FatJarMain.java,7,10.0000,NO,NO,0.00000000,NO,0.27000000,NO_TO_NO,NO
ZOOKEEPER,src/java/main/org/apache/zookeeper/server/DataTree.java,7,53.0000,NO,NO,0.37000000,YES,0.54000000,NO_TO_YES,NO
ZOOKEEPER,src/java/main/org/apache/jute/compiler/JString.java,7,1.0000,NO,NO,0.00000000,NO,0.01000000,NO_TO_NO,NO
ZOOKEEPER,src/contrib/rest/src/java/org/apache/zookeeper/server/jersey/jaxb/ZError.java,7,2.0000,NO,NO,0.00000000,NO,0.00000000,NO_TO_NO,NO
ZOOKEEPER,src/contrib/bookkeeper/src/java/org/apache/bookkeeper/client/QuorumEngine.java,7,8.0000,NO,NO,0.08000000,NO,0.09000000,NO_TO_NO,NO
ZOOKEEPER,src/java/main/org/apache/zookeeper/Quotas.java,7,5.0000,NO,NO,0.00000000,NO,0.03000000,NO_TO_NO,NO
ZOOKEEPER,src/java/main/org/apache/jute/CsvOutputArchive.java,7,4.0000,NO,NO,0.00000000,NO,0.04000000,NO_TO_NO,NO
ZOOKEEPER,src/java/main/org/apache/jute/compiler/JFile.java,7,2.0000,NO,NO,0.00000000,NO,0.00000000,NO_TO_NO,NO
ZOOKEEPER,docs/zookeeperStarted.html,7,19.0000,NO,NO,0.00000000,NO,0.00000000,NO_TO_NO,NO
ZOOKEEPER,docs/zookeeperQuotas.html,7,9.0000,NO,NO,0.00000000,NO,0.00000000,NO_TO_NO,NO
ZOOKEEPER,src/contrib/bookkeeper/src/java/org/apache/bookkeeper/bookie/Bookie.java,7,30.0000,NO,NO,0.07000000,NO,0.31000000,NO_TO_NO,NO
ZOOKEEPER,src/java/main/org/apache/zookeeper/server/auth/IPAuthenticationProvider.java,7,12.0000,NO,NO,0.00000000,NO,0.07000000,NO_TO_NO,NO
ZOOKEEPER,src/java/main/org/apache/zookeeper/jmx/MBeanRegistry.java,7,4.0000,YES,YES,1.00000000,YES,0.77000000,YES_TO_YES,NO
ZOOKEEPER,docs/recipes.html,7,27.0000,NO,NO,0.00000000,NO,0.00000000,NO_TO_NO,NO
ZOOKEEPER,src/java/main/org/apache/zookeeper/Version.java,7,4.0000,NO,NO,0.01000000,NO,0.05000000,NO_TO_NO,NO
ZOOKEEPER,docs/zookeeperJMX.html,7,13.0000,NO,NO,0.00000000,NO,0.00000000,NO_TO_NO,NO
ZOOKEEPER,src/java/main/org/apache/zookeeper/server/ServerCnxn.java,7,22.0000,YES,YES,0.82000000,YES,0.67000000,YES_TO_YES,NO
ZOOKEEPER,src/java/main/org/apache/zookeeper/Watcher.java,7,15.0000,NO,NO,0.00000000,NO,0.02000000,NO_TO_NO,NO
ZOOKEEPER,src/java/main/org/apache/jute/compiler/JDouble.java,8,1.0000,NO,NO,0.00000000,NO,0.00000000,NO_TO_NO,NO
ZOOKEEPER,src/contrib/bookkeeper/src/java/org/apache/bookkeeper/client/PendingReadOp.java,8,5.0000,YES,YES,0.71000000,YES,0.73000000,YES_TO_YES,NO
ZOOKEEPER,src/java/main/org/apache/zookeeper/server/auth/ProviderRegistry.java,8,3.0000,NO,NO,0.00000000,NO,0.00000000,NO_TO_NO,NO
ZOOKEEPER,src/java/main/org/apache/jute/compiler/CGenerator.java,8,1.0000,NO,NO,0.06000000,NO,0.07000000,NO_TO_NO,NO
ZOOKEEPER,src/java/main/org/apache/zookeeper/server/quorum/flexible/QuorumMaj.java,8,1.0000,NO,NO,0.00000000,NO,0.10000000,NO_TO_NO,NO
ZOOKEEPER,src/java/main/org/apache/zookeeper/server/PurgeTxnLog.java,8,12.0000,NO,NO,0.01000000,NO,0.09000000,NO_TO_NO,NO
ZOOKEEPER,src/java/main/org/apache/zookeeper/server/upgrade/DataNodeV1.java,8,11.0000,NO,NO,0.00000000,NO,0.06000000,NO_TO_NO,NO
ZOOKEEPER,src/java/main/org/apache/jute/compiler/generated/SimpleCharStream.java,8,34.0000,NO,NO,0.00000000,NO,0.21000000,NO_TO_NO,NO
ZOOKEEPER,src/contrib/bookkeeper/src/java/org/apache/bookkeeper/util/LocalBookKeeper.java,8,18.0000,YES,YES,0.85000000,YES,0.78000000,YES_TO_YES,NO
ZOOKEEPER,src/java/main/org/apache/jute/compiler/generated/RccTokenManager.java,8,84.0000,NO,NO,0.00000000,NO,0.21000000,NO_TO_NO,NO
ZOOKEEPER,src/contrib/rest/src/java/org/apache/zookeeper/server/jersey/resources/JAXBContextResolver.java,8,3.0000,NO,NO,0.05000000,NO,0.18000000,NO_TO_NO,NO
ZOOKEEPER,src/java/main/org/apache/jute/compiler/JField.java,8,1.0000,NO,NO,0.00000000,NO,0.00000000,NO_TO_NO,NO
ZOOKEEPER,src/java/main/org/apache/zookeeper/server/quorum/LeaderBean.java,8,1.0000,NO,NO,0.08000000,NO,0.06000000,NO_TO_NO,NO
ZOOKEEPER,src/contrib/bookkeeper/src/java/org/apache/bookkeeper/client/BookKeeper.java,8,6.0000,NO,NO,0.12000000,NO,0.17000000,NO_TO_NO,NO
ZOOKEEPER,src/java/main/org/apache/zookeeper/server/quorum/flexible/QuorumHierarchical.java,8,14.0000,NO,NO,0.02000000,NO,0.12000000,NO_TO_NO,NO
ZOOKEEPER,docs/zookeeperInternals.html,8,25.0000,NO,NO,0.00000000,NO,0.00000000,NO_TO_NO,NO
ZOOKEEPER,src/contrib/bookkeeper/src/java/org/apache/bookkeeper/bookie/BufferedChannel.java,8,6.0000,NO,NO,0.11000000,NO,0.31000000,NO_TO_NO,NO
ZOOKEEPER,docs/releasenotes.html,8,19.0000,NO,NO,0.00000000,NO,0.00000000,NO_TO_NO,NO
ZOOKEEPER,docs/bookkeeperConfig.html,8,9.0000,NO,NO,0.00000000,NO,0.00000000,NO_TO_NO,NO
ZOOKEEPER,src/java/main/org/apache/zookeeper/server/upgrade/DataTreeV1.java,8,32.0000,NO,NO,0.05000000,NO,0.36000000,NO_TO_NO,NO
ZOOKEEPER,src/contrib/bookkeeper/src/java/org/apache/bookkeeper/bookie/LedgerCache.java,8,33.0000,NO,NO,0.15000000,NO,0.34000000,NO_TO_NO,NO
ZOOKEEPER,docs/bookkeeperStarted.html,8,15.0000,NO,NO,0.00000000,NO,0.00000000,NO_TO_NO,NO
ZOOKEEPER,src/java/main/org/apache/zookeeper/common/PathUtils.java,8,4.0000,NO,NO,0.01000000,NO,0.01000000,NO_TO_NO,NO
ZOOKEEPER,src/java/main/org/apache/jute/RecordWriter.java,8,17.0000,NO,NO,0.00000000,NO,0.01000000,NO_TO_NO,NO
ZOOKEEPER,src/contrib/bookkeeper/src/java/org/apache/bookkeeper/client/LedgerRecoveryOp.java,8,1.0000,YES,YES,0.83000000,YES,0.83000000,YES_TO_YES,NO
ZOOKEEPER,src/java/main/org/apache/zookeeper/server/persistence/Util.java,8,9.0000,YES,YES,0.97000000,YES,0.65000000,YES_TO_YES,NO
ZOOKEEPER,src/java/main/org/apache/zookeeper/ClientCnxn.java,8,37.0000,YES,YES,1.00000000,YES,0.99000000,YES_TO_YES,NO
ZOOKEEPER,src/java/main/org/apache/zookeeper/server/quorum/QuorumPeerConfig.java,8,13.0000,YES,YES,0.96000000,YES,0.92000000,YES_TO_YES,NO
ZOOKEEPER,src/java/main/org/apache/jute/compiler/JRecord.java,8,28.0000,YES,YES,0.78000000,YES,0.77000000,YES_TO_YES,NO
ZOOKEEPER,src/contrib/bookkeeper/src/java/org/apache/bookkeeper/bookie/LedgerDescriptor.java,8,7.0000,NO,NO,0.11000000,NO,0.15000000,NO_TO_NO,NO
ZOOKEEPER,src/java/main/org/apache/jute/Utils.java,8,15.0000,NO,NO,0.07000000,NO,0.14000000,NO_TO_NO,NO
ZOOKEEPER,src/java/main/org/apache/zookeeper/jmx/CommonNames.java,8,2.0000,NO,NO,0.00000000,NO,0.00000000,NO_TO_NO,NO
ZOOKEEPER,src/java/main/org/apache/zookeeper/server/ServerStats.java,8,11.0000,YES,YES,1.00000000,YES,0.66000000,YES_TO_YES,NO
ZOOKEEPER,src/java/main/org/apache/jute/compiler/generated/Rcc.java,8,133.0000,NO,NO,0.00000000,NO,0.20000000,NO_TO_NO,NO
ZOOKEEPER,src/java/main/org/apache/zookeeper/server/quorum/Leader.java,8,51.0000,YES,YES,0.99000000,YES,0.94000000,YES_TO_YES,NO
ZOOKEEPER,src/java/main/org/apache/zookeeper/server/ZooKeeperServer.java,8,22.0000,YES,YES,0.99000000,YES,0.98000000,YES_TO_YES,NO
ZOOKEEPER,src/java/main/org/apache/zookeeper/ZooKeeperMain.java,8,76.0000,YES,YES,0.98000000,YES,0.88000000,YES_TO_YES,NO
ZOOKEEPER,src/java/main/org/apache/zookeeper/ZooKeeper.java,8,23.0000,YES,YES,1.00000000,YES,0.98000000,YES_TO_YES,NO
ZOOKEEPER,src/java/main/org/apache/zookeeper/Environment.java,8,2.0000,NO,NO,0.01000000,NO,0.02000000,NO_TO_NO,NO
ZOOKEEPER,src/contrib/zooinspector/src/java/org/apache/zookeeper/inspector/manager/ZooInspectorManagerImpl.java,8,26.0000,NO,NO,0.11000000,NO,0.25000000,NO_TO_NO,NO
ZOOKEEPER,docs/zookeeperHierarchicalQuorums.html,8,1.0000,NO,NO,0.00000000,NO,0.00000000,NO_TO_NO,NO
ZOOKEEPER,src/java/main/org/apache/zookeeper/server/quorum/QuorumStats.java,8,5.0000,NO,NO,0.03000000,NO,0.02000000,NO_TO_NO,NO
ZOOKEEPER,src/contrib/bookkeeper/src/java/org/apache/bookkeeper/client/LedgerHandle.java,8,3.0000,YES,YES,0.75000000,YES,0.75000000,YES_TO_YES,NO
ZOOKEEPER,src/java/main/org/apache/jute/compiler/JMap.java,8,7.0000,NO,NO,0.02000000,NO,0.02000000,NO_TO_NO,NO
ZOOKEEPER,src/java/main/org/apache/zookeeper/server/TraceFormatter.java,8,4.0000,NO,NO,0.01000000,NO,0.00000000,NO_TO_NO,NO
ZOOKEEPER,src/java/main/org/apache/jute/compiler/JLong.java,8,1.0000,NO,NO,0.00000000,NO,0.00000000,NO_TO_NO,NO
ZOOKEEPER,src/java/main/org/apache/zookeeper/server/auth/DigestAuthenticationProvider.java,8,14.0000,NO,NO,0.04000000,NO,0.16000000,NO_TO_NO,NO
ZOOKEEPER,docs/zookeeperTutorial.html,8,9.0000,NO,NO,0.00000000,NO,0.00000000,NO_TO_NO,NO
ZOOKEEPER,src/contrib/bookkeeper/src/java/org/apache/bookkeeper/util/Main.java,8,2.0000,NO,NO,0.01000000,NO,0.02000000,NO_TO_NO,NO
ZOOKEEPER,src/java/main/org/apache/zookeeper/server/ZooKeeperServerMain.java,8,2.0000,NO,NO,0.14000000,NO,0.17000000,NO_TO_NO,NO
ZOOKEEPER,docs/bookkeeperStream.html,8,7.0000,NO,NO,0.00000000,NO,0.00000000,NO_TO_NO,NO
ZOOKEEPER,src/java/main/org/apache/zookeeper/server/ZooTrace.java,8,16.0000,NO,NO,0.00000000,NO,0.03000000,NO_TO_NO,NO
ZOOKEEPER,src/java/main/org/apache/zookeeper/server/quorum/QuorumCnxManager.java,8,16.0000,YES,YES,1.00000000,YES,0.98000000,YES_TO_YES,NO
ZOOKEEPER,src/contrib/zooinspector/src/java/org/apache/zookeeper/inspector/logger/LoggerFactory.java,8,1.0000,NO,NO,0.00000000,NO,0.00000000,NO_TO_NO,NO
ZOOKEEPER,src/java/main/org/apache/zookeeper/jmx/ManagedUtil.java,8,3.0000,NO,NO,0.01000000,NO,0.10000000,NO_TO_NO,NO
ZOOKEEPER,src/java/main/org/apache/jute/compiler/generated/Token.java,8,10.0000,NO,NO,0.01000000,NO,0.01000000,NO_TO_NO,NO
ZOOKEEPER,src/contrib/bookkeeper/src/java/org/apache/bookkeeper/proto/BookieProtocol.java,8,1.0000,NO,NO,0.06000000,NO,0.06000000,NO_TO_NO,NO
ZOOKEEPER,src/java/main/org/apache/zookeeper/server/LogFormatter.java,8,6.0000,YES,YES,0.83000000,YES,0.68000000,YES_TO_YES,NO
ZOOKEEPER,src/java/main/org/apache/zookeeper/server/quorum/FastLeaderElection.java,8,29.0000,YES,YES,1.00000000,YES,0.98000000,YES_TO_YES,NO
ZOOKEEPER,src/java/main/org/apache/jute/compiler/JType.java,8,4.0000,NO,NO,0.00000000,NO,0.03000000,NO_TO_NO,NO
ZOOKEEPER,src/docs/status.xml,8,1.0000,NO,NO,0.00000000,NO,0.00000000,NO_TO_NO,NO
ZOOKEEPER,src/java/main/org/apache/zookeeper/common/PathTrie.java,8,3.0000,NO,NO,0.00000000,NO,0.04000000,NO_TO_NO,NO
ZOOKEEPER,src/java/main/org/apache/zookeeper/server/upgrade/UpgradeSnapShotV1.java,8,6.0000,NO,NO,0.07000000,NO,0.13000000,NO_TO_NO,NO
ZOOKEEPER,src/java/main/org/apache/zookeeper/server/SyncRequestProcessor.java,8,7.0000,YES,YES,0.96000000,YES,0.88000000,YES_TO_YES,NO
ZOOKEEPER,src/java/main/org/apache/zookeeper/server/FinalRequestProcessor.java,8,5.0000,YES,YES,1.00000000,YES,0.97000000,YES_TO_YES,NO
ZOOKEEPER,src/java/main/org/apache/zookeeper/server/quorum/CommitProcessor.java,8,8.0000,YES,YES,1.00000000,YES,0.89000000,YES_TO_YES,NO
ZOOKEEPER,src/contrib/bookkeeper/src/java/org/apache/bookkeeper/util/MathUtils.java,8,1.0000,NO,NO,0.00000000,NO,0.00000000,NO_TO_NO,NO
ZOOKEEPER,src/java/main/org/apache/zookeeper/server/SessionTrackerImpl.java,8,13.0000,YES,YES,0.95000000,YES,0.82000000,YES_TO_YES,NO
ZOOKEEPER,src/contrib/bookkeeper/src/java/org/apache/bookkeeper/bookie/EntryLogger.java,8,15.0000,NO,NO,0.05000000,NO,0.14000000,NO_TO_NO,NO
ZOOKEEPER,src/contrib/zooinspector/src/java/org/apache/zookeeper/inspector/gui/ZooInspectorPanel.java,8,16.0000,NO,NO,0.05000000,NO,0.09000000,NO_TO_NO,NO
ZOOKEEPER,src/contrib/bookkeeper/src/java/org/apache/bookkeeper/bookie/FileInfo.java,8,7.0000,NO,NO,0.14000000,NO,0.27000000,NO_TO_NO,NO
ZOOKEEPER,src/java/main/org/apache/jute/BinaryInputArchive.java,8,11.0000,NO,NO,0.00000000,NO,0.02000000,NO_TO_NO,NO
ZOOKEEPER,src/contrib/bookkeeper/src/java/org/apache/bookkeeper/client/LedgerMetadata.java,8,13.0000,NO,NO,0.13000000,NO,0.34000000,NO_TO_NO,NO
ZOOKEEPER,src/contrib/bookkeeper/benchmark/org/apache/bookkeeper/benchmark/TestClient.java,8,11.0000,NO,NO,0.06000000,NO,0.13000000,NO_TO_NO,NO
ZOOKEEPER,src/java/main/org/apache/zookeeper/server/DataNode.java,8,10.0000,NO,NO,0.15000000,NO,0.19000000,NO_TO_NO,NO
ZOOKEEPER,docs/bookkeeperOverview.html,8,19.0000,NO,NO,0.00000000,NO,0.00000000,NO_TO_NO,NO
ZOOKEEPER,src/contrib/bookkeeper/benchmark/org/apache/bookkeeper/benchmark/MySqlClient.java,8,11.0000,NO,NO,0.04000000,NO,0.14000000,NO_TO_NO,NO
ZOOKEEPER,docs/bookkeeperProgrammer.html,8,15.0000,NO,NO,0.00000000,NO,0.00000000,NO_TO_NO,NO
ZOOKEEPER,src/contrib/rest/src/python/zk_dump_tree.py,8,10.0000,NO,NO,0.00000000,NO,0.01000000,NO_TO_NO,NO
ZOOKEEPER,src/java/main/org/apache/jute/BinaryOutputArchive.java,8,7.0000,NO,NO,0.00000000,NO,0.08000000,NO_TO_NO,NO
ZOOKEEPER,src/java/main/org/apache/zookeeper/server/quorum/FollowerZooKeeperServer.java,8,3.0000,NO,NO,0.14000000,NO,0.24000000,NO_TO_NO,NO
ZOOKEEPER,src/java/main/org/apache/zookeeper/server/WatchManager.java,8,5.0000,NO,NO,0.13000000,NO,0.20000000,NO_TO_NO,NO
ZOOKEEPER,docs/zookeeperProgrammers.html,8,68.0000,NO,NO,0.00000000,NO,0.00000000,NO_TO_NO,NO
ZOOKEEPER,src/contrib/rest/src/java/org/apache/zookeeper/server/jersey/resources/ZNodeResource.java,8,13.0000,YES,YES,0.58000000,NO,0.27000000,YES_TO_NO,YES
ZOOKEEPER,src/contrib/zooinspector/src/java/org/apache/zookeeper/retry/ZooKeeperRetry.java,8,5.0000,NO,NO,0.05000000,NO,0.08000000,NO_TO_NO,NO
ZOOKEEPER,src/java/main/org/apache/zookeeper/server/util/SerializeUtils.java,8,2.0000,NO,NO,0.04000000,NO,0.05000000,NO_TO_NO,NO
ZOOKEEPER,src/contrib/bookkeeper/src/java/org/apache/bookkeeper/bookie/LedgerEntryPage.java,8,7.0000,NO,NO,0.10000000,NO,0.21000000,NO_TO_NO,NO
ZOOKEEPER,src/java/main/org/apache/zookeeper/server/quorum/ObserverRequestProcessor.java,8,1.0000,YES,YES,0.80000000,YES,0.58000000,YES_TO_YES,NO
ZOOKEEPER,src/contrib/zooinspector/src/java/org/apache/zookeeper/inspector/gui/nodeviewer/NodeViewerData.java,8,4.0000,NO,NO,0.09000000,NO,0.17000000,NO_TO_NO,NO
ZOOKEEPER,src/recipes/lock/src/java/org/apache/zookeeper/recipes/lock/WriteLock.java,8,3.0000,NO,NO,0.00000000,NO,0.11000000,NO_TO_NO,NO
ZOOKEEPER,src/contrib/bookkeeper/src/java/org/apache/bookkeeper/proto/BookieClient.java,8,5.0000,NO,NO,0.07000000,NO,0.09000000,NO_TO_NO,NO
ZOOKEEPER,src/java/main/org/apache/zookeeper/ZooDefs.java,8,28.0000,NO,NO,0.27000000,NO,0.29000000,NO_TO_NO,NO
ZOOKEEPER,src/contrib/rest/src/java/org/apache/zookeeper/server/jersey/jaxb/ZChildren.java,8,7.0000,NO,NO,0.00000000,NO,0.28000000,NO_TO_NO,NO
ZOOKEEPER,src/contrib/bookkeeper/src/java/org/apache/bookkeeper/streaming/LedgerInputStream.java,8,2.0000,YES,YES,0.74000000,YES,0.73000000,YES_TO_YES,NO
ZOOKEEPER,src/java/main/org/apache/zookeeper/server/quorum/Vote.java,8,4.0000,YES,YES,0.99000000,YES,0.66000000,YES_TO_YES,NO
ZOOKEEPER,src/java/main/org/apache/zookeeper/server/PrepRequestProcessor.java,8,13.0000,YES,YES,0.99000000,YES,0.97000000,YES_TO_YES,NO
ZOOKEEPER,src/java/main/org/apache/jute/RecordReader.java,8,9.0000,NO,NO,0.00000000,NO,0.01000000,NO_TO_NO,NO
ZOOKEEPER,src/java/main/org/apache/zookeeper/server/quorum/LeaderElection.java,8,16.0000,YES,YES,0.97000000,YES,0.94000000,YES_TO_YES,NO
ZOOKEEPER,src/contrib/bookkeeper/src/java/org/apache/bookkeeper/proto/BookieServer.java,8,7.0000,NO,NO,0.19000000,NO,0.24000000,NO_TO_NO,NO
ZOOKEEPER,src/java/main/org/apache/zookeeper/server/quorum/Learner.java,8,5.0000,YES,YES,0.81000000,YES,0.77000000,YES_TO_YES,NO
ZOOKEEPER,src/contrib/bookkeeper/src/java/org/apache/bookkeeper/streaming/LedgerOutputStream.java,8,1.0000,NO,NO,0.04000000,NO,0.04000000,NO_TO_NO,NO
ZOOKEEPER,src/contrib/rest/src/java/org/apache/zookeeper/server/jersey/ZooKeeperService.java,8,8.0000,NO,NO,0.01000000,NO,0.14000000,NO_TO_NO,NO
ZOOKEEPER,src/java/main/org/apache/zookeeper/server/quorum/AuthFastLeaderElection.java,8,48.0000,YES,YES,0.99000000,YES,0.95000000,YES_TO_YES,NO
ZOOKEEPER,src/contrib/bookkeeper/src/java/org/apache/bookkeeper/client/BKException.java,8,17.0000,YES,YES,0.74000000,YES,0.57000000,YES_TO_YES,NO
ZOOKEEPER,src/java/main/org/apache/zookeeper/server/Request.java,8,8.0000,YES,YES,0.91000000,YES,0.75000000,YES_TO_YES,NO
ZOOKEEPER,src/contrib/bookkeeper/src/java/org/apache/bookkeeper/client/MacDigestManager.java,8,6.0000,NO,NO,0.00000000,NO,0.01000000,NO_TO_NO,NO
ZOOKEEPER,src/java/main/org/apache/zookeeper/KeeperException.java,8,75.0000,NO,NO,0.03000000,NO,0.27000000,NO_TO_NO,NO
ZOOKEEPER,src/java/main/org/apache/zookeeper/server/ZKDatabase.java,8,8.0000,YES,YES,0.91000000,YES,0.83000000,YES_TO_YES,NO
ZOOKEEPER,src/java/main/org/apache/zookeeper/server/quorum/QuorumPeer.java,8,33.0000,YES,YES,1.00000000,YES,0.99000000,YES_TO_YES,NO
ZOOKEEPER,src/java/main/org/apache/jute/XmlOutputArchive.java,8,8.0000,NO,NO,0.01000000,NO,0.05000000,NO_TO_NO,NO
ZOOKEEPER,src/recipes/lock/src/java/org/apache/zookeeper/recipes/lock/ProtocolSupport.java,8,2.0000,NO,NO,0.00000000,NO,0.10000000,NO_TO_NO,NO
ZOOKEEPER,src/contrib/rest/src/java/org/apache/zookeeper/server/jersey/jaxb/ZChildrenJSON.java,8,8.0000,NO,NO,0.00000000,NO,0.33000000,NO_TO_NO,NO
ZOOKEEPER,src/contrib/bookkeeper/src/java/org/apache/bookkeeper/bookie/MarkerFileChannel.java,8,17.0000,NO,NO,0.20000000,NO,0.43000000,NO_TO_NO,NO
ZOOKEEPER,src/java/main/org/apache/zookeeper/WatchedEvent.java,8,2.0000,YES,YES,0.81000000,YES,0.71000000,YES_TO_YES,NO
ZOOKEEPER,src/contrib/zooinspector/src/java/org/apache/zookeeper/inspector/gui/ZooInspectorNodeViewersPanel.java,8,7.0000,NO,NO,0.05000000,NO,0.12000000,NO_TO_NO,NO
ZOOKEEPER,src/java/main/org/apache/zookeeper/server/util/Profiler.java,8,1.0000,NO,NO,0.00000000,NO,0.02000000,NO_TO_NO,NO
ZOOKEEPER,src/java/main/org/apache/zookeeper/CreateMode.java,8,1.0000,NO,NO,0.00000000,NO,0.06000000,NO_TO_NO,NO
ZOOKEEPER,src/docs/src/documentation/skinconf.xml,8,6.0000,NO,NO,0.00000000,NO,0.00000000,NO_TO_NO,NO
ZOOKEEPER,src/contrib/rest/src/java/org/apache/zookeeper/server/jersey/jaxb/ZStat.java,8,16.0000,NO,NO,0.00000000,NO,0.02000000,NO_TO_NO,NO
ZOOKEEPER,src/java/main/org/apache/zookeeper/server/quorum/QuorumPeerMain.java,8,2.0000,YES,YES,0.83000000,YES,0.80000000,YES_TO_YES,NO
ZOOKEEPER,src/contrib/bookkeeper/src/java/org/apache/bookkeeper/client/PendingAddOp.java,8,1.0000,YES,YES,0.83000000,YES,0.81000000,YES_TO_YES,NO
ZOOKEEPER,src/java/main/org/apache/zookeeper/server/quorum/ProposalRequestProcessor.java,8,1.0000,NO,NO,0.04000000,NO,0.05000000,NO_TO_NO,NO
ZOOKEEPER,src/java/main/org/apache/zookeeper/server/upgrade/UpgradeSnapShot.java,8,1.0000,NO,NO,0.00000000,NO,0.00000000,NO_TO_NO,NO
ZOOKEEPER,src/java/main/org/apache/zookeeper/server/persistence/FileTxnLog.java,8,11.0000,YES,YES,0.97000000,YES,0.91000000,YES_TO_YES,NO
ZOOKEEPER,src/java/main/org/apache/zookeeper/server/persistence/FileTxnSnapLog.java,8,10.0000,YES,YES,0.94000000,YES,0.81000000,YES_TO_YES,NO
ZOOKEEPER,src/contrib/zooinspector/src/java/org/apache/zookeeper/inspector/gui/ZooInspectorIconResources.java,8,1.0000,NO,NO,0.06000000,NO,0.06000000,NO_TO_NO,NO
ZOOKEEPER,docs/zookeeperOver.html,8,35.0000,NO,NO,0.00000000,NO,0.00000000,NO_TO_NO,NO
ZOOKEEPER,src/java/main/org/apache/jute/compiler/generated/ParseException.java,8,15.0000,NO,NO,0.00000000,NO,0.06000000,NO_TO_NO,NO
ZOOKEEPER,src/contrib/zooinspector/src/java/org/apache/zookeeper/inspector/gui/ZooInspectorAboutDialog.java,8,1.0000,NO,NO,0.01000000,NO,0.03000000,NO_TO_NO,NO
ZOOKEEPER,src/java/main/org/apache/zookeeper/AsyncCallback.java,8,1.0000,NO,NO,0.02000000,NO,0.07000000,NO_TO_NO,NO
ZOOKEEPER,src/java/main/org/apache/zookeeper/JLineZNodeCompletor.java,8,2.0000,NO,NO,0.01000000,NO,0.11000000,NO_TO_NO,NO
ZOOKEEPER,src/java/main/org/apache/zookeeper/server/quorum/LearnerZooKeeperServer.java,8,4.0000,NO,NO,0.10000000,NO,0.13000000,NO_TO_NO,NO
ZOOKEEPER,src/java/main/org/apache/zookeeper/server/persistence/FileSnap.java,8,8.0000,NO,NO,0.20000000,NO,0.26000000,NO_TO_NO,NO
ZOOKEEPER,src/contrib/bookkeeper/src/java/org/apache/bookkeeper/bookie/BookieException.java,8,7.0000,NO,NO,0.00000000,NO,0.07000000,NO_TO_NO,NO
ZOOKEEPER,src/contrib/zooinspector/src/java/org/apache/zookeeper/inspector/gui/ZooInspectorNodeViewersDialog.java,8,37.0000,NO,NO,0.03000000,NO,0.15000000,NO_TO_NO,NO
ZOOKEEPER,src/contrib/zooinspector/src/java/org/apache/zookeeper/inspector/ZooInspector.java,8,1.0000,NO,NO,0.04000000,NO,0.07000000,NO_TO_NO,NO
ZOOKEEPER,src/java/main/org/apache/jute/OutputArchive.java,8,7.0000,NO,NO,0.00000000,NO,0.04000000,NO_TO_NO,NO
ZOOKEEPER,src/java/main/org/apache/zookeeper/server/ConnectionBean.java,8,1.0000,YES,YES,0.88000000,YES,0.83000000,YES_TO_YES,NO
ZOOKEEPER,docs/zookeeperObservers.html,8,7.0000,NO,NO,0.00000000,NO,0.00000000,NO_TO_NO,NO
ZOOKEEPER,src/java/main/org/apache/jute/compiler/JVector.java,8,7.0000,NO,NO,0.09000000,NO,0.09000000,NO_TO_NO,NO
ZOOKEEPER,src/java/main/org/apache/zookeeper/server/quorum/LearnerHandler.java,8,15.0000,YES,YES,1.00000000,YES,0.97000000,YES_TO_YES,NO
ZOOKEEPER,src/java/main/org/apache/zookeeper/server/upgrade/UpgradeMain.java,8,2.0000,NO,NO,0.00000000,NO,0.12000000,NO_TO_NO,NO
ZOOKEEPER,src/java/main/org/apache/jute/compiler/JFloat.java,8,1.0000,NO,NO,0.00000000,NO,0.00000000,NO_TO_NO,NO
ZOOKEEPER,docs/javaExample.html,8,13.0000,NO,NO,0.00000000,NO,0.00000000,NO_TO_NO,NO
ZOOKEEPER,src/java/main/org/apache/zookeeper/server/NIOServerCnxn.java,8,70.0000,YES,YES,0.97000000,YES,0.97000000,YES_TO_YES,NO
ZOOKEEPER,src/java/main/org/apache/jute/CsvInputArchive.java,8,13.0000,NO,NO,0.02000000,NO,0.04000000,NO_TO_NO,NO
ZOOKEEPER,src/java/main/org/apache/jute/compiler/generated/TokenMgrError.java,8,9.0000,NO,NO,0.00000000,NO,0.02000000,NO_TO_NO,NO
ZOOKEEPER,src/contrib/bookkeeper/src/java/org/apache/bookkeeper/proto/NIOServerFactory.java,8,23.0000,NO,NO,0.21000000,NO,0.31000000,NO_TO_NO,NO
ZOOKEEPER,src/java/main/org/apache/zookeeper/ServerAdminClient.java,8,17.0000,NO,NO,0.00000000,NO,0.22000000,NO_TO_NO,NO
ZOOKEEPER,src/contrib/bookkeeper/src/java/org/apache/bookkeeper/util/StringUtils.java,8,6.0000,NO,NO,0.00000000,NO,0.01000000,NO_TO_NO,NO
ZOOKEEPER,src/java/main/org/apache/zookeeper/server/quorum/FollowerRequestProcessor.java,8,1.0000,YES,YES,0.96000000,YES,0.76000000,YES_TO_YES,NO
ZOOKEEPER,src/contrib/zooinspector/src/java/org/apache/zookeeper/inspector/gui/nodeviewer/NodeViewerMetaData.java,8,3.0000,NO,NO,0.01000000,NO,0.07000000,NO_TO_NO,NO
ZOOKEEPER,src/contrib/rest/src/java/org/apache/zookeeper/server/jersey/RestMain.java,8,4.0000,NO,NO,0.02000000,NO,0.26000000,NO_TO_NO,NO
ZOOKEEPER,src/java/main/org/apache/zookeeper/server/quorum/LeaderZooKeeperServer.java,8,1.0000,NO,NO,0.14000000,NO,0.14000000,NO_TO_NO,NO
ZOOKEEPER,src/java/main/org/apache/zookeeper/server/quorum/ObserverZooKeeperServer.java,8,4.0000,NO,NO,0.10000000,NO,0.12000000,NO_TO_NO,NO
ZOOKEEPER,src/recipes/queue/src/java/org/apache/zookeeper/recipes/queue/DistributedQueue.java,8,10.0000,NO,NO,0.04000000,NO,0.21000000,NO_TO_NO,NO
ZOOKEEPER,docs/zookeeperAdmin.html,8,67.0000,NO,NO,0.00000000,NO,0.00000000,NO_TO_NO,NO
ZOOKEEPER,src/contrib/bookkeeper/src/java/org/apache/bookkeeper/util/OrderedSafeExecutor.java,8,1.0000,NO,NO,0.00000000,NO,0.00000000,NO_TO_NO,NO
ZOOKEEPER,src/java/main/org/apache/jute/compiler/generated/RccConstants.java,8,4.0000,NO,NO,0.00000000,NO,0.00000000,NO_TO_NO,NO
ZOOKEEPER,src/docs/src/documentation/content/xdocs/site.xml,8,1.0000,NO,NO,0.00000000,NO,0.00000000,NO_TO_NO,NO
ZOOKEEPER,src/contrib/zooinspector/src/java/org/apache/zookeeper/inspector/gui/ZooInspectorConnectionPropertiesDialog.java,8,9.0000,NO,NO,0.08000000,NO,0.10000000,NO_TO_NO,NO
ZOOKEEPER,src/java/main/org/apache/zookeeper/server/auth/AuthenticationProvider.java,8,2.0000,NO,NO,0.00000000,NO,0.04000000,NO_TO_NO,NO
ZOOKEEPER,src/contrib/zkpython/src/python/zk.py,8,13.0000,NO,NO,0.00000000,NO,0.01000000,NO_TO_NO,NO
ZOOKEEPER,src/contrib/bookkeeper/src/java/org/apache/bookkeeper/proto/ServerStats.java,8,15.0000,NO,NO,0.04000000,NO,0.09000000,NO_TO_NO,NO
ZOOKEEPER,src/java/main/org/apache/jute/compiler/CppGenerator.java,8,1.0000,NO,NO,0.07000000,NO,0.07000000,NO_TO_NO,NO
ZOOKEEPER,src/java/main/org/apache/jute/XmlInputArchive.java,8,17.0000,NO,NO,0.00000000,NO,0.09000000,NO_TO_NO,NO
ZOOKEEPER,src/contrib/rest/src/java/org/apache/zookeeper/server/jersey/jaxb/ZPath.java,8,2.0000,NO,NO,0.00000000,NO,0.01000000,NO_TO_NO,NO
ZOOKEEPER,src/java/main/org/apache/zookeeper/version/util/VerGen.java,8,11.0000,NO,NO,0.19000000,NO,0.15000000,NO_TO_NO,NO
ZOOKEEPER,src/java/main/org/apache/jute/compiler/JCompType.java,8,1.0000,NO,NO,0.00000000,NO,0.01000000,NO_TO_NO,NO
ZOOKEEPER,src/recipes/lock/src/java/org/apache/zookeeper/recipes/lock/ZNodeName.java,8,4.0000,NO,NO,0.00000000,NO,0.01000000,NO_TO_NO,NO
ZOOKEEPER,src/contrib/bookkeeper/src/java/org/apache/bookkeeper/client/LedgerEntry.java,8,1.0000,NO,NO,0.08000000,NO,0.09000000,NO_TO_NO,NO
ZOOKEEPER,src/contrib/bookkeeper/src/java/org/apache/bookkeeper/client/DigestManager.java,8,1.0000,NO,NO,0.17000000,NO,0.18000000,NO_TO_NO,NO
ZOOKEEPER,src/java/main/org/apache/zookeeper/server/quorum/LearnerSessionTracker.java,8,7.0000,NO,NO,0.16000000,NO,0.19000000,NO_TO_NO,NO
ZOOKEEPER,docs/zookeeperOtherInfo.html,8,3.0000,NO,NO,0.00000000,NO,0.00000000,NO_TO_NO,NO
ZOOKEEPER,src/contrib/bookkeeper/src/java/org/apache/bookkeeper/client/BookieWatcher.java,8,13.0000,NO,NO,0.09000000,NO,0.22000000,NO_TO_NO,NO
ZOOKEEPER,src/contrib/fatjar/src/java/org/apache/zookeeper/util/FatJarMain.java,8,10.0000,NO,NO,0.00000000,NO,0.27000000,NO_TO_NO,NO
ZOOKEEPER,src/java/main/org/apache/zookeeper/server/DataTree.java,8,52.0000,NO,NO,0.32000000,YES,0.52000000,NO_TO_YES,NO
ZOOKEEPER,src/java/main/org/apache/jute/compiler/JString.java,8,1.0000,NO,NO,0.00000000,NO,0.01000000,NO_TO_NO,NO
ZOOKEEPER,src/contrib/rest/src/java/org/apache/zookeeper/server/jersey/jaxb/ZError.java,8,2.0000,NO,NO,0.00000000,NO,0.01000000,NO_TO_NO,NO
ZOOKEEPER,src/contrib/zooinspector/src/java/org/apache/zookeeper/inspector/gui/ZooInspectorTreeViewer.java,8,6.0000,NO,NO,0.11000000,NO,0.15000000,NO_TO_NO,NO
ZOOKEEPER,src/java/main/org/apache/zookeeper/Quotas.java,8,5.0000,NO,NO,0.01000000,NO,0.02000000,NO_TO_NO,NO
ZOOKEEPER,src/java/main/org/apache/jute/CsvOutputArchive.java,8,4.0000,NO,NO,0.00000000,NO,0.04000000,NO_TO_NO,NO
ZOOKEEPER,src/java/main/org/apache/jute/compiler/JFile.java,8,2.0000,NO,NO,0.00000000,NO,0.00000000,NO_TO_NO,NO
ZOOKEEPER,src/contrib/bookkeeper/src/java/org/apache/bookkeeper/client/LedgerCreateOp.java,8,2.0000,YES,YES,0.82000000,YES,0.84000000,YES_TO_YES,NO
ZOOKEEPER,docs/zookeeperStarted.html,8,19.0000,NO,NO,0.00000000,NO,0.00000000,NO_TO_NO,NO
ZOOKEEPER,docs/zookeeperQuotas.html,8,9.0000,NO,NO,0.00000000,NO,0.00000000,NO_TO_NO,NO
ZOOKEEPER,src/contrib/bookkeeper/src/java/org/apache/bookkeeper/bookie/Bookie.java,8,38.0000,NO,NO,0.17000000,NO,0.40000000,NO_TO_NO,NO
ZOOKEEPER,src/java/main/org/apache/zookeeper/server/auth/IPAuthenticationProvider.java,8,12.0000,NO,NO,0.00000000,NO,0.06000000,NO_TO_NO,NO
ZOOKEEPER,src/java/main/org/apache/zookeeper/jmx/MBeanRegistry.java,8,4.0000,YES,YES,1.00000000,YES,0.77000000,YES_TO_YES,NO
ZOOKEEPER,docs/recipes.html,8,27.0000,NO,NO,0.00000000,NO,0.00000000,NO_TO_NO,NO
ZOOKEEPER,src/contrib/bookkeeper/src/java/org/apache/bookkeeper/proto/PerChannelBookieClient.java,8,24.0000,YES,YES,0.68000000,YES,0.60000000,YES_TO_YES,NO
ZOOKEEPER,src/contrib/zooinspector/src/java/org/apache/zookeeper/inspector/gui/nodeviewer/NodeViewerACL.java,8,3.0000,NO,NO,0.04000000,NO,0.09000000,NO_TO_NO,NO
ZOOKEEPER,src/java/main/org/apache/zookeeper/Version.java,8,4.0000,NO,NO,0.20000000,NO,0.14000000,NO_TO_NO,NO
ZOOKEEPER,docs/zookeeperJMX.html,8,13.0000,NO,NO,0.00000000,NO,0.00000000,NO_TO_NO,NO
ZOOKEEPER,src/java/main/org/apache/zookeeper/server/ServerCnxn.java,8,1.0000,NO,NO,0.11000000,NO,0.10000000,NO_TO_NO,NO
ZOOKEEPER,src/contrib/zooinspector/src/java/org/apache/zookeeper/inspector/encryption/DataEncryptionManager.java,8,2.0000,NO,NO,0.00000000,NO,0.00000000,NO_TO_NO,NO
ZOOKEEPER,src/java/main/org/apache/zookeeper/Watcher.java,8,15.0000,NO,NO,0.15000000,NO,0.06000000,NO_TO_NO,NO
ZOOKEEPER,src/java/main/org/apache/jute/compiler/JDouble.java,9,1.0000,NO,NO,0.00000000,NO,0.01000000,NO_TO_NO,NO
ZOOKEEPER,src/contrib/bookkeeper/src/java/org/apache/bookkeeper/client/PendingReadOp.java,9,5.0000,YES,YES,0.68000000,NO,0.43000000,YES_TO_NO,YES
ZOOKEEPER,src/java/main/org/apache/zookeeper/server/auth/ProviderRegistry.java,9,3.0000,NO,NO,0.00000000,NO,0.00000000,NO_TO_NO,NO
ZOOKEEPER,src/java/main/org/apache/jute/compiler/CGenerator.java,9,1.0000,NO,NO,0.03000000,NO,0.03000000,NO_TO_NO,NO
ZOOKEEPER,src/java/main/org/apache/zookeeper/server/quorum/flexible/QuorumMaj.java,9,1.0000,NO,NO,0.01000000,NO,0.08000000,NO_TO_NO,NO
ZOOKEEPER,src/java/main/org/apache/zookeeper/server/PurgeTxnLog.java,9,12.0000,NO,NO,0.02000000,NO,0.08000000,NO_TO_NO,NO
ZOOKEEPER,src/java/main/org/apache/zookeeper/server/upgrade/DataNodeV1.java,9,11.0000,NO,NO,0.01000000,NO,0.05000000,NO_TO_NO,NO
ZOOKEEPER,src/java/main/org/apache/jute/compiler/generated/SimpleCharStream.java,9,34.0000,NO,NO,0.00000000,NO,0.20000000,NO_TO_NO,NO
ZOOKEEPER,src/contrib/bookkeeper/src/java/org/apache/bookkeeper/util/LocalBookKeeper.java,9,18.0000,YES,YES,0.69000000,NO,0.32000000,YES_TO_NO,YES
ZOOKEEPER,src/java/main/org/apache/jute/compiler/generated/RccTokenManager.java,9,84.0000,NO,NO,0.00000000,NO,0.20000000,NO_TO_NO,NO
ZOOKEEPER,src/contrib/rest/src/java/org/apache/zookeeper/server/jersey/resources/JAXBContextResolver.java,9,3.0000,NO,NO,0.01000000,NO,0.14000000,NO_TO_NO,NO
ZOOKEEPER,src/java/main/org/apache/jute/compiler/JField.java,9,1.0000,NO,NO,0.05000000,NO,0.05000000,NO_TO_NO,NO
ZOOKEEPER,src/contrib/bookkeeper/src/java/org/apache/bookkeeper/client/BookKeeper.java,9,6.0000,NO,NO,0.11000000,NO,0.14000000,NO_TO_NO,NO
ZOOKEEPER,src/java/main/org/apache/zookeeper/server/quorum/flexible/QuorumHierarchical.java,9,14.0000,NO,NO,0.01000000,NO,0.12000000,NO_TO_NO,NO
ZOOKEEPER,docs/zookeeperInternals.html,9,25.0000,NO,NO,0.00000000,NO,0.00000000,NO_TO_NO,NO
ZOOKEEPER,src/contrib/bookkeeper/src/java/org/apache/bookkeeper/bookie/BufferedChannel.java,9,6.0000,NO,NO,0.07000000,NO,0.09000000,NO_TO_NO,NO
ZOOKEEPER,docs/releasenotes.html,9,19.0000,NO,NO,0.00000000,NO,0.00000000,NO_TO_NO,NO
ZOOKEEPER,docs/bookkeeperConfig.html,9,9.0000,NO,NO,0.00000000,NO,0.00000000,NO_TO_NO,NO
ZOOKEEPER,src/java/main/org/apache/zookeeper/server/upgrade/DataTreeV1.java,9,32.0000,NO,NO,0.04000000,YES,0.56000000,NO_TO_YES,NO
ZOOKEEPER,src/contrib/bookkeeper/src/java/org/apache/bookkeeper/bookie/LedgerCache.java,9,36.0000,NO,NO,0.09000000,NO,0.23000000,NO_TO_NO,NO
ZOOKEEPER,docs/bookkeeperStarted.html,9,15.0000,NO,NO,0.00000000,NO,0.00000000,NO_TO_NO,NO
ZOOKEEPER,src/java/main/org/apache/zookeeper/common/PathUtils.java,9,4.0000,NO,NO,0.01000000,NO,0.01000000,NO_TO_NO,NO
ZOOKEEPER,src/java/main/org/apache/jute/RecordWriter.java,9,17.0000,NO,NO,0.00000000,NO,0.01000000,NO_TO_NO,NO
ZOOKEEPER,src/contrib/bookkeeper/src/java/org/apache/bookkeeper/client/LedgerRecoveryOp.java,9,1.0000,YES,YES,0.75000000,YES,0.60000000,YES_TO_YES,NO
ZOOKEEPER,src/java/main/org/apache/zookeeper/server/persistence/Util.java,9,9.0000,YES,YES,0.99000000,YES,0.66000000,YES_TO_YES,NO
ZOOKEEPER,src/java/main/org/apache/zookeeper/ClientCnxn.java,9,37.0000,YES,YES,1.00000000,YES,0.97000000,YES_TO_YES,NO
ZOOKEEPER,src/java/main/org/apache/zookeeper/server/quorum/QuorumPeerConfig.java,9,13.0000,YES,YES,0.81000000,YES,0.80000000,YES_TO_YES,NO
ZOOKEEPER,src/java/main/org/apache/jute/compiler/JRecord.java,9,37.0000,YES,YES,0.89000000,YES,0.83000000,YES_TO_YES,NO
ZOOKEEPER,src/contrib/bookkeeper/src/java/org/apache/bookkeeper/bookie/LedgerDescriptor.java,9,7.0000,NO,NO,0.01000000,NO,0.04000000,NO_TO_NO,NO
ZOOKEEPER,src/java/main/org/apache/jute/Utils.java,9,15.0000,NO,NO,0.02000000,NO,0.19000000,NO_TO_NO,NO
ZOOKEEPER,src/java/main/org/apache/zookeeper/jmx/CommonNames.java,9,2.0000,NO,NO,0.00000000,NO,0.00000000,NO_TO_NO,NO
ZOOKEEPER,src/java/main/org/apache/zookeeper/server/ServerStats.java,9,11.0000,YES,YES,1.00000000,YES,0.65000000,YES_TO_YES,NO
ZOOKEEPER,src/java/main/org/apache/jute/compiler/generated/Rcc.java,9,133.0000,NO,NO,0.00000000,NO,0.19000000,NO_TO_NO,NO
ZOOKEEPER,src/java/main/org/apache/zookeeper/server/quorum/Leader.java,9,51.0000,YES,YES,0.95000000,YES,0.92000000,YES_TO_YES,NO
ZOOKEEPER,src/java/main/org/apache/zookeeper/server/ZooKeeperServer.java,9,22.0000,YES,YES,0.98000000,YES,0.95000000,YES_TO_YES,NO
ZOOKEEPER,src/java/main/org/apache/zookeeper/ZooKeeperMain.java,9,76.0000,YES,YES,1.00000000,YES,0.93000000,YES_TO_YES,NO
ZOOKEEPER,src/java/main/org/apache/zookeeper/ZooKeeper.java,9,27.0000,YES,YES,1.00000000,YES,0.99000000,YES_TO_YES,NO
ZOOKEEPER,src/java/main/org/apache/zookeeper/Environment.java,9,2.0000,NO,NO,0.00000000,NO,0.02000000,NO_TO_NO,NO
ZOOKEEPER,src/contrib/zooinspector/src/java/org/apache/zookeeper/inspector/manager/ZooInspectorManagerImpl.java,9,26.0000,NO,NO,0.08000000,NO,0.30000000,NO_TO_NO,NO
ZOOKEEPER,docs/zookeeperHierarchicalQuorums.html,9,1.0000,NO,NO,0.00000000,NO,0.00000000,NO_TO_NO,NO
ZOOKEEPER,src/java/main/org/apache/zookeeper/server/quorum/QuorumStats.java,9,5.0000,NO,NO,0.01000000,NO,0.01000000,NO_TO_NO,NO
ZOOKEEPER,src/contrib/bookkeeper/src/java/org/apache/bookkeeper/client/LedgerHandle.java,9,3.0000,YES,YES,0.92000000,YES,0.91000000,YES_TO_YES,NO
ZOOKEEPER,src/java/main/org/apache/jute/compiler/JMap.java,9,10.0000,NO,NO,0.06000000,NO,0.10000000,NO_TO_NO,NO
ZOOKEEPER,src/java/main/org/apache/zookeeper/server/TraceFormatter.java,9,4.0000,NO,NO,0.01000000,NO,0.00000000,NO_TO_NO,NO
ZOOKEEPER,src/java/main/org/apache/zookeeper/server/auth/DigestAuthenticationProvider.java,9,14.0000,NO,NO,0.05000000,NO,0.17000000,NO_TO_NO,NO
ZOOKEEPER,docs/zookeeperTutorial.html,9,9.0000,NO,NO,0.00000000,NO,0.00000000,NO_TO_NO,NO
ZOOKEEPER,src/contrib/bookkeeper/src/java/org/apache/bookkeeper/util/Main.java,9,2.0000,NO,NO,0.01000000,NO,0.04000000,NO_TO_NO,NO
ZOOKEEPER,src/java/main/org/apache/zookeeper/server/ZooKeeperServerMain.java,9,2.0000,NO,NO,0.03000000,NO,0.08000000,NO_TO_NO,NO
ZOOKEEPER,docs/bookkeeperStream.html,9,7.0000,NO,NO,0.00000000,NO,0.00000000,NO_TO_NO,NO
ZOOKEEPER,src/java/main/org/apache/zookeeper/server/ZooTrace.java,9,16.0000,NO,NO,0.00000000,NO,0.03000000,NO_TO_NO,NO
ZOOKEEPER,src/java/main/org/apache/zookeeper/server/quorum/QuorumCnxManager.java,9,16.0000,YES,YES,0.96000000,YES,0.88000000,YES_TO_YES,NO
ZOOKEEPER,src/contrib/zooinspector/src/java/org/apache/zookeeper/inspector/logger/LoggerFactory.java,9,1.0000,NO,NO,0.00000000,NO,0.00000000,NO_TO_NO,NO
ZOOKEEPER,src/java/main/org/apache/zookeeper/jmx/ManagedUtil.java,9,3.0000,NO,NO,0.00000000,NO,0.06000000,NO_TO_NO,NO
ZOOKEEPER,src/java/main/org/apache/jute/compiler/generated/Token.java,9,10.0000,NO,NO,0.01000000,NO,0.01000000,NO_TO_NO,NO
ZOOKEEPER,src/contrib/bookkeeper/src/java/org/apache/bookkeeper/proto/BookieProtocol.java,9,1.0000,NO,NO,0.01000000,NO,0.01000000,NO_TO_NO,NO
ZOOKEEPER,src/java/main/org/apache/zookeeper/server/LogFormatter.java,9,6.0000,NO,NO,0.33000000,NO,0.21000000,NO_TO_NO,NO
ZOOKEEPER,src/java/main/org/apache/zookeeper/server/quorum/FastLeaderElection.java,9,29.0000,YES,YES,0.99000000,YES,0.97000000,YES_TO_YES,NO
ZOOKEEPER,src/java/main/org/apache/jute/compiler/JType.java,9,8.0000,NO,NO,0.05000000,NO,0.08000000,NO_TO_NO,NO
ZOOKEEPER,src/docs/status.xml,9,1.0000,NO,NO,0.00000000,NO,0.00000000,NO_TO_NO,NO
ZOOKEEPER,src/java/main/org/apache/zookeeper/common/PathTrie.java,9,3.0000,NO,NO,0.01000000,NO,0.04000000,NO_TO_NO,NO
ZOOKEEPER,src/java/main/org/apache/zookeeper/server/upgrade/UpgradeSnapShotV1.java,9,6.0000,NO,NO,0.07000000,NO,0.12000000,NO_TO_NO,NO
ZOOKEEPER,src/java/main/org/apache/zookeeper/server/SyncRequestProcessor.java,9,7.0000,YES,YES,0.98000000,YES,0.84000000,YES_TO_YES,NO
ZOOKEEPER,src/java/main/org/apache/zookeeper/server/FinalRequestProcessor.java,9,5.0000,YES,YES,0.97000000,YES,0.94000000,YES_TO_YES,NO
ZOOKEEPER,src/java/main/org/apache/zookeeper/server/quorum/CommitProcessor.java,9,8.0000,YES,YES,1.00000000,YES,0.89000000,YES_TO_YES,NO
ZOOKEEPER,src/contrib/bookkeeper/src/java/org/apache/bookkeeper/util/MathUtils.java,9,1.0000,NO,NO,0.00000000,NO,0.00000000,NO_TO_NO,NO
ZOOKEEPER,src/java/main/org/apache/zookeeper/server/SessionTrackerImpl.java,9,13.0000,YES,YES,0.97000000,YES,0.80000000,YES_TO_YES,NO
ZOOKEEPER,src/contrib/bookkeeper/src/java/org/apache/bookkeeper/bookie/EntryLogger.java,9,30.0000,NO,NO,0.11000000,NO,0.25000000,NO_TO_NO,NO
ZOOKEEPER,src/contrib/zooinspector/src/java/org/apache/zookeeper/inspector/gui/ZooInspectorPanel.java,9,16.0000,NO,NO,0.06000000,NO,0.14000000,NO_TO_NO,NO
ZOOKEEPER,src/contrib/bookkeeper/src/java/org/apache/bookkeeper/bookie/FileInfo.java,9,7.0000,NO,NO,0.04000000,NO,0.05000000,NO_TO_NO,NO
ZOOKEEPER,src/java/main/org/apache/jute/BinaryInputArchive.java,9,11.0000,NO,NO,0.00000000,NO,0.02000000,NO_TO_NO,NO
ZOOKEEPER,src/contrib/bookkeeper/src/java/org/apache/bookkeeper/client/LedgerMetadata.java,9,13.0000,NO,NO,0.05000000,NO,0.30000000,NO_TO_NO,NO
ZOOKEEPER,src/contrib/bookkeeper/benchmark/org/apache/bookkeeper/benchmark/TestClient.java,9,11.0000,NO,NO,0.09000000,NO,0.17000000,NO_TO_NO,NO
ZOOKEEPER,src/java/main/org/apache/zookeeper/server/DataNode.java,9,10.0000,NO,NO,0.16000000,NO,0.20000000,NO_TO_NO,NO
ZOOKEEPER,docs/bookkeeperOverview.html,9,19.0000,NO,NO,0.00000000,NO,0.00000000,NO_TO_NO,NO
ZOOKEEPER,src/contrib/bookkeeper/benchmark/org/apache/bookkeeper/benchmark/MySqlClient.java,9,11.0000,NO,NO,0.13000000,NO,0.15000000,NO_TO_NO,NO
ZOOKEEPER,docs/bookkeeperProgrammer.html,9,17.0000,NO,NO,0.00000000,NO,0.00000000,NO_TO_NO,NO
ZOOKEEPER,src/contrib/rest/src/python/zk_dump_tree.py,9,10.0000,NO,NO,0.00000000,NO,0.01000000,NO_TO_NO,NO
ZOOKEEPER,src/java/main/org/apache/jute/BinaryOutputArchive.java,9,7.0000,NO,NO,0.00000000,NO,0.08000000,NO_TO_NO,NO
ZOOKEEPER,src/java/main/org/apache/zookeeper/server/quorum/FollowerZooKeeperServer.java,9,3.0000,NO,NO,0.05000000,NO,0.16000000,NO_TO_NO,NO
ZOOKEEPER,src/java/main/org/apache/zookeeper/server/WatchManager.java,9,5.0000,NO,NO,0.05000000,NO,0.16000000,NO_TO_NO,NO
ZOOKEEPER,docs/zookeeperProgrammers.html,9,68.0000,NO,NO,0.00000000,NO,0.00000000,NO_TO_NO,NO
ZOOKEEPER,src/contrib/rest/src/java/org/apache/zookeeper/server/jersey/resources/ZNodeResource.java,9,3.0000,YES,YES,0.76000000,YES,0.74000000,YES_TO_YES,NO
ZOOKEEPER,src/contrib/zooinspector/src/java/org/apache/zookeeper/retry/ZooKeeperRetry.java,9,5.0000,NO,NO,0.09000000,NO,0.27000000,NO_TO_NO,NO
ZOOKEEPER,src/java/main/org/apache/zookeeper/server/util/SerializeUtils.java,9,2.0000,NO,NO,0.06000000,NO,0.07000000,NO_TO_NO,NO
ZOOKEEPER,src/contrib/bookkeeper/src/java/org/apache/bookkeeper/bookie/LedgerEntryPage.java,9,7.0000,NO,NO,0.09000000,NO,0.38000000,NO_TO_NO,NO
ZOOKEEPER,src/java/main/org/apache/zookeeper/server/quorum/ObserverRequestProcessor.java,9,1.0000,YES,YES,0.83000000,YES,0.63000000,YES_TO_YES,NO
ZOOKEEPER,src/contrib/zooinspector/src/java/org/apache/zookeeper/inspector/gui/nodeviewer/NodeViewerData.java,9,4.0000,NO,NO,0.13000000,NO,0.31000000,NO_TO_NO,NO
ZOOKEEPER,src/recipes/lock/src/java/org/apache/zookeeper/recipes/lock/WriteLock.java,9,3.0000,NO,NO,0.00000000,NO,0.11000000,NO_TO_NO,NO
ZOOKEEPER,src/contrib/bookkeeper/src/java/org/apache/bookkeeper/proto/BookieClient.java,9,5.0000,NO,NO,0.04000000,NO,0.08000000,NO_TO_NO,NO
ZOOKEEPER,src/java/main/org/apache/zookeeper/ZooDefs.java,9,28.0000,NO,NO,0.02000000,NO,0.07000000,NO_TO_NO,NO
ZOOKEEPER,src/contrib/rest/src/java/org/apache/zookeeper/server/jersey/jaxb/ZChildren.java,9,7.0000,NO,NO,0.00000000,NO,0.26000000,NO_TO_NO,NO
ZOOKEEPER,src/contrib/bookkeeper/src/java/org/apache/bookkeeper/streaming/LedgerInputStream.java,9,2.0000,NO,NO,0.03000000,NO,0.04000000,NO_TO_NO,NO
ZOOKEEPER,src/java/main/org/apache/zookeeper/server/quorum/Vote.java,9,4.0000,YES,YES,0.98000000,YES,0.65000000,YES_TO_YES,NO
ZOOKEEPER,src/java/main/org/apache/zookeeper/server/PrepRequestProcessor.java,9,13.0000,YES,YES,1.00000000,YES,0.97000000,YES_TO_YES,NO
ZOOKEEPER,src/java/main/org/apache/jute/RecordReader.java,9,9.0000,NO,NO,0.00000000,NO,0.01000000,NO_TO_NO,NO
ZOOKEEPER,src/java/main/org/apache/zookeeper/server/quorum/LeaderElection.java,9,16.0000,YES,YES,0.89000000,YES,0.82000000,YES_TO_YES,NO
ZOOKEEPER,src/contrib/bookkeeper/src/java/org/apache/bookkeeper/proto/BookieServer.java,9,7.0000,NO,NO,0.32000000,NO,0.30000000,NO_TO_NO,NO
ZOOKEEPER,src/java/main/org/apache/zookeeper/server/quorum/Learner.java,9,5.0000,YES,YES,0.83000000,YES,0.75000000,YES_TO_YES,NO
ZOOKEEPER,src/contrib/bookkeeper/src/java/org/apache/bookkeeper/streaming/LedgerOutputStream.java,9,1.0000,NO,NO,0.03000000,NO,0.03000000,NO_TO_NO,NO
ZOOKEEPER,src/contrib/rest/src/java/org/apache/zookeeper/server/jersey/ZooKeeperService.java,9,8.0000,NO,NO,0.02000000,NO,0.13000000,NO_TO_NO,NO
ZOOKEEPER,src/java/main/org/apache/zookeeper/server/quorum/AuthFastLeaderElection.java,9,48.0000,YES,YES,0.99000000,YES,0.94000000,YES_TO_YES,NO
ZOOKEEPER,src/contrib/bookkeeper/src/java/org/apache/bookkeeper/client/BKException.java,9,17.0000,YES,YES,0.72000000,NO,0.50000000,YES_TO_NO,YES
ZOOKEEPER,src/java/main/org/apache/zookeeper/server/Request.java,9,8.0000,YES,YES,0.97000000,YES,0.75000000,YES_TO_YES,NO
ZOOKEEPER,src/contrib/bookkeeper/src/java/org/apache/bookkeeper/client/MacDigestManager.java,9,6.0000,NO,NO,0.00000000,NO,0.01000000,NO_TO_NO,NO
ZOOKEEPER,src/java/main/org/apache/zookeeper/KeeperException.java,9,75.0000,NO,NO,0.01000000,NO,0.25000000,NO_TO_NO,NO
ZOOKEEPER,src/java/main/org/apache/zookeeper/server/ZKDatabase.java,9,8.0000,YES,YES,0.84000000,YES,0.71000000,YES_TO_YES,NO
ZOOKEEPER,src/java/main/org/apache/zookeeper/server/quorum/QuorumPeer.java,9,33.0000,YES,YES,1.00000000,YES,0.99000000,YES_TO_YES,NO
ZOOKEEPER,src/java/main/org/apache/jute/XmlOutputArchive.java,9,8.0000,NO,NO,0.00000000,NO,0.12000000,NO_TO_NO,NO
ZOOKEEPER,src/recipes/lock/src/java/org/apache/zookeeper/recipes/lock/ProtocolSupport.java,9,2.0000,NO,NO,0.00000000,NO,0.10000000,NO_TO_NO,NO
ZOOKEEPER,src/contrib/rest/src/java/org/apache/zookeeper/server/jersey/jaxb/ZChildrenJSON.java,9,8.0000,NO,NO,0.00000000,NO,0.33000000,NO_TO_NO,NO
ZOOKEEPER,src/contrib/bookkeeper/src/java/org/apache/bookkeeper/bookie/MarkerFileChannel.java,9,17.0000,NO,NO,0.07000000,NO,0.33000000,NO_TO_NO,NO
ZOOKEEPER,src/java/main/org/apache/zookeeper/WatchedEvent.java,9,2.0000,NO,NO,0.01000000,NO,0.01000000,NO_TO_NO,NO
ZOOKEEPER,src/contrib/zooinspector/src/java/org/apache/zookeeper/inspector/gui/ZooInspectorNodeViewersPanel.java,9,7.0000,NO,NO,0.08000000,NO,0.28000000,NO_TO_NO,NO
ZOOKEEPER,src/java/main/org/apache/zookeeper/server/util/Profiler.java,9,1.0000,NO,NO,0.00000000,NO,0.02000000,NO_TO_NO,NO
ZOOKEEPER,src/java/main/org/apache/jute/compiler/JBuffer.java,9,1.0000,NO,NO,0.03000000,NO,0.04000000,NO_TO_NO,NO
ZOOKEEPER,src/java/main/org/apache/zookeeper/CreateMode.java,9,1.0000,NO,NO,0.00000000,NO,0.06000000,NO_TO_NO,NO
ZOOKEEPER,src/docs/src/documentation/skinconf.xml,9,6.0000,NO,NO,0.00000000,NO,0.00000000,NO_TO_NO,NO
ZOOKEEPER,src/contrib/rest/src/java/org/apache/zookeeper/server/jersey/jaxb/ZStat.java,9,16.0000,NO,NO,0.00000000,NO,0.02000000,NO_TO_NO,NO
ZOOKEEPER,src/java/main/org/apache/zookeeper/server/quorum/QuorumPeerMain.java,9,2.0000,YES,YES,0.71000000,YES,0.61000000,YES_TO_YES,NO
ZOOKEEPER,src/contrib/bookkeeper/src/java/org/apache/bookkeeper/client/PendingAddOp.java,9,1.0000,YES,YES,0.75000000,YES,0.56000000,YES_TO_YES,NO
ZOOKEEPER,src/java/main/org/apache/zookeeper/server/quorum/ProposalRequestProcessor.java,9,1.0000,NO,NO,0.05000000,NO,0.06000000,NO_TO_NO,NO
ZOOKEEPER,src/java/main/org/apache/zookeeper/server/upgrade/UpgradeSnapShot.java,9,1.0000,NO,NO,0.00000000,NO,0.00000000,NO_TO_NO,NO
ZOOKEEPER,src/java/main/org/apache/zookeeper/server/persistence/FileTxnLog.java,9,11.0000,YES,YES,0.95000000,YES,0.89000000,YES_TO_YES,NO
ZOOKEEPER,src/java/main/org/apache/zookeeper/server/persistence/FileTxnSnapLog.java,9,10.0000,YES,YES,0.98000000,YES,0.84000000,YES_TO_YES,NO
ZOOKEEPER,src/contrib/zooinspector/src/java/org/apache/zookeeper/inspector/gui/ZooInspectorIconResources.java,9,1.0000,NO,NO,0.07000000,NO,0.11000000,NO_TO_NO,NO
ZOOKEEPER,docs/zookeeperOver.html,9,35.0000,NO,NO,0.00000000,NO,0.00000000,NO_TO_NO,NO
ZOOKEEPER,src/java/main/org/apache/jute/compiler/generated/ParseException.java,9,15.0000,NO,NO,0.00000000,NO,0.06000000,NO_TO_NO,NO
ZOOKEEPER,src/contrib/zooinspector/src/java/org/apache/zookeeper/inspector/gui/ZooInspectorAboutDialog.java,9,1.0000,NO,NO,0.06000000,NO,0.04000000,NO_TO_NO,NO
ZOOKEEPER,src/java/main/org/apache/zookeeper/AsyncCallback.java,9,1.0000,NO,NO,0.02000000,NO,0.07000000,NO_TO_NO,NO
ZOOKEEPER,src/java/main/org/apache/zookeeper/JLineZNodeCompletor.java,9,2.0000,NO,NO,0.01000000,NO,0.11000000,NO_TO_NO,NO
ZOOKEEPER,src/java/main/org/apache/zookeeper/server/quorum/LearnerZooKeeperServer.java,9,4.0000,NO,NO,0.02000000,NO,0.03000000,NO_TO_NO,NO
ZOOKEEPER,src/java/main/org/apache/zookeeper/server/persistence/FileSnap.java,9,8.0000,NO,NO,0.08000000,NO,0.12000000,NO_TO_NO,NO
ZOOKEEPER,src/contrib/bookkeeper/src/java/org/apache/bookkeeper/bookie/BookieException.java,9,7.0000,NO,NO,0.00000000,NO,0.08000000,NO_TO_NO,NO
ZOOKEEPER,src/contrib/zooinspector/src/java/org/apache/zookeeper/inspector/gui/ZooInspectorNodeViewersDialog.java,9,37.0000,NO,NO,0.03000000,NO,0.10000000,NO_TO_NO,NO
ZOOKEEPER,src/contrib/zooinspector/src/java/org/apache/zookeeper/inspector/ZooInspector.java,9,1.0000,NO,NO,0.03000000,NO,0.03000000,NO_TO_NO,NO
ZOOKEEPER,src/java/main/org/apache/jute/OutputArchive.java,9,7.0000,NO,NO,0.00000000,NO,0.04000000,NO_TO_NO,NO
ZOOKEEPER,src/java/main/org/apache/zookeeper/server/ConnectionBean.java,9,1.0000,YES,YES,0.84000000,YES,0.69000000,YES_TO_YES,NO
ZOOKEEPER,docs/zookeeperObservers.html,9,7.0000,NO,NO,0.00000000,NO,0.00000000,NO_TO_NO,NO
ZOOKEEPER,src/java/main/org/apache/jute/compiler/JVector.java,9,14.0000,NO,NO,0.05000000,NO,0.12000000,NO_TO_NO,NO
ZOOKEEPER,src/java/main/org/apache/zookeeper/server/quorum/LearnerHandler.java,9,15.0000,YES,YES,0.98000000,YES,0.94000000,YES_TO_YES,NO
ZOOKEEPER,src/java/main/org/apache/zookeeper/server/upgrade/UpgradeMain.java,9,2.0000,NO,NO,0.00000000,NO,0.12000000,NO_TO_NO,NO
ZOOKEEPER,src/java/main/org/apache/jute/compiler/JFloat.java,9,1.0000,NO,NO,0.01000000,NO,0.02000000,NO_TO_NO,NO
ZOOKEEPER,docs/javaExample.html,9,13.0000,NO,NO,0.00000000,NO,0.00000000,NO_TO_NO,NO
ZOOKEEPER,src/java/main/org/apache/zookeeper/server/NIOServerCnxn.java,9,72.0000,YES,YES,0.94000000,YES,0.96000000,YES_TO_YES,NO
ZOOKEEPER,src/java/main/org/apache/jute/CsvInputArchive.java,9,13.0000,NO,NO,0.00000000,NO,0.03000000,NO_TO_NO,NO
ZOOKEEPER,src/java/main/org/apache/jute/compiler/generated/TokenMgrError.java,9,9.0000,NO,NO,0.00000000,NO,0.02000000,NO_TO_NO,NO
ZOOKEEPER,src/contrib/bookkeeper/src/java/org/apache/bookkeeper/proto/NIOServerFactory.java,9,23.0000,NO,NO,0.24000000,NO,0.41000000,NO_TO_NO,NO
ZOOKEEPER,src/java/main/org/apache/zookeeper/ServerAdminClient.java,9,17.0000,NO,NO,0.00000000,NO,0.23000000,NO_TO_NO,NO
ZOOKEEPER,src/contrib/bookkeeper/src/java/org/apache/bookkeeper/util/StringUtils.java,9,6.0000,NO,NO,0.00000000,NO,0.03000000,NO_TO_NO,NO
ZOOKEEPER,src/java/main/org/apache/zookeeper/server/quorum/FollowerRequestProcessor.java,9,1.0000,YES,YES,0.96000000,YES,0.76000000,YES_TO_YES,NO
ZOOKEEPER,src/contrib/zooinspector/src/java/org/apache/zookeeper/inspector/gui/nodeviewer/NodeViewerMetaData.java,9,3.0000,NO,NO,0.01000000,NO,0.20000000,NO_TO_NO,NO
ZOOKEEPER,src/contrib/rest/src/java/org/apache/zookeeper/server/jersey/RestMain.java,9,4.0000,NO,NO,0.00000000,NO,0.25000000,NO_TO_NO,NO
ZOOKEEPER,src/java/main/org/apache/zookeeper/server/quorum/LeaderZooKeeperServer.java,9,1.0000,NO,NO,0.05000000,NO,0.08000000,NO_TO_NO,NO
ZOOKEEPER,src/java/main/org/apache/zookeeper/server/quorum/ObserverZooKeeperServer.java,9,4.0000,NO,NO,0.10000000,NO,0.14000000,NO_TO_NO,NO
ZOOKEEPER,src/recipes/queue/src/java/org/apache/zookeeper/recipes/queue/DistributedQueue.java,9,10.0000,NO,NO,0.04000000,NO,0.19000000,NO_TO_NO,NO
ZOOKEEPER,docs/zookeeperAdmin.html,9,67.0000,NO,NO,0.00000000,NO,0.00000000,NO_TO_NO,NO
ZOOKEEPER,src/contrib/bookkeeper/src/java/org/apache/bookkeeper/util/OrderedSafeExecutor.java,9,1.0000,NO,NO,0.02000000,NO,0.01000000,NO_TO_NO,NO
ZOOKEEPER,src/java/main/org/apache/jute/compiler/generated/RccConstants.java,9,4.0000,NO,NO,0.00000000,NO,0.00000000,NO_TO_NO,NO
ZOOKEEPER,src/docs/src/documentation/content/xdocs/site.xml,9,1.0000,NO,NO,0.00000000,NO,0.00000000,NO_TO_NO,NO
ZOOKEEPER,src/contrib/zooinspector/src/java/org/apache/zookeeper/inspector/gui/ZooInspectorConnectionPropertiesDialog.java,9,9.0000,NO,NO,0.05000000,NO,0.17000000,NO_TO_NO,NO
ZOOKEEPER,src/java/main/org/apache/zookeeper/server/auth/AuthenticationProvider.java,9,2.0000,NO,NO,0.00000000,NO,0.04000000,NO_TO_NO,NO
ZOOKEEPER,src/contrib/zkpython/src/python/zk.py,9,13.0000,NO,NO,0.00000000,NO,0.01000000,NO_TO_NO,NO
ZOOKEEPER,src/contrib/bookkeeper/src/java/org/apache/bookkeeper/proto/ServerStats.java,9,15.0000,NO,NO,0.03000000,NO,0.08000000,NO_TO_NO,NO
ZOOKEEPER,src/java/main/org/apache/jute/compiler/CppGenerator.java,9,1.0000,NO,NO,0.01000000,NO,0.02000000,NO_TO_NO,NO
ZOOKEEPER,src/java/main/org/apache/jute/XmlInputArchive.java,9,17.0000,NO,NO,0.00000000,NO,0.09000000,NO_TO_NO,NO
ZOOKEEPER,src/contrib/rest/src/java/org/apache/zookeeper/server/jersey/jaxb/ZPath.java,9,2.0000,NO,NO,0.00000000,NO,0.02000000,NO_TO_NO,NO
ZOOKEEPER,src/java/main/org/apache/zookeeper/version/util/VerGen.java,9,11.0000,YES,YES,0.81000000,NO,0.49000000,YES_TO_NO,YES
ZOOKEEPER,src/java/main/org/apache/jute/compiler/JCompType.java,9,1.0000,NO,NO,0.05000000,NO,0.06000000,NO_TO_NO,NO
ZOOKEEPER,src/recipes/lock/src/java/org/apache/zookeeper/recipes/lock/ZNodeName.java,9,4.0000,NO,NO,0.00000000,NO,0.01000000,NO_TO_NO,NO
ZOOKEEPER,src/contrib/bookkeeper/src/java/org/apache/bookkeeper/client/LedgerEntry.java,9,1.0000,NO,NO,0.01000000,NO,0.03000000,NO_TO_NO,NO
ZOOKEEPER,src/contrib/bookkeeper/src/java/org/apache/bookkeeper/client/DigestManager.java,9,1.0000,NO,NO,0.15000000,NO,0.29000000,NO_TO_NO,NO
ZOOKEEPER,src/java/main/org/apache/zookeeper/server/quorum/LearnerSessionTracker.java,9,7.0000,NO,NO,0.09000000,NO,0.15000000,NO_TO_NO,NO
ZOOKEEPER,docs/zookeeperOtherInfo.html,9,3.0000,NO,NO,0.00000000,NO,0.00000000,NO_TO_NO,NO
ZOOKEEPER,src/contrib/bookkeeper/src/java/org/apache/bookkeeper/client/BookieWatcher.java,9,13.0000,NO,NO,0.05000000,NO,0.20000000,NO_TO_NO,NO
ZOOKEEPER,src/contrib/fatjar/src/java/org/apache/zookeeper/util/FatJarMain.java,9,10.0000,NO,NO,0.00000000,NO,0.25000000,NO_TO_NO,NO
ZOOKEEPER,src/java/main/org/apache/zookeeper/server/DataTree.java,9,52.0000,NO,NO,0.28000000,YES,0.55000000,NO_TO_YES,NO
ZOOKEEPER,src/java/main/org/apache/jute/compiler/JString.java,9,1.0000,NO,NO,0.01000000,NO,0.02000000,NO_TO_NO,NO
ZOOKEEPER,src/contrib/rest/src/java/org/apache/zookeeper/server/jersey/jaxb/ZError.java,9,2.0000,NO,NO,0.00000000,NO,0.00000000,NO_TO_NO,NO
ZOOKEEPER,src/contrib/zooinspector/src/java/org/apache/zookeeper/inspector/gui/ZooInspectorTreeViewer.java,9,6.0000,NO,NO,0.10000000,NO,0.29000000,NO_TO_NO,NO
ZOOKEEPER,src/java/main/org/apache/zookeeper/Quotas.java,9,5.0000,NO,NO,0.00000000,NO,0.03000000,NO_TO_NO,NO
ZOOKEEPER,src/java/main/org/apache/jute/CsvOutputArchive.java,9,4.0000,NO,NO,0.00000000,NO,0.04000000,NO_TO_NO,NO
ZOOKEEPER,src/java/main/org/apache/jute/compiler/JFile.java,9,2.0000,NO,NO,0.06000000,NO,0.06000000,NO_TO_NO,NO
ZOOKEEPER,src/contrib/bookkeeper/src/java/org/apache/bookkeeper/client/LedgerCreateOp.java,9,2.0000,YES,YES,0.77000000,YES,0.65000000,YES_TO_YES,NO
ZOOKEEPER,docs/zookeeperStarted.html,9,19.0000,NO,NO,0.00000000,NO,0.00000000,NO_TO_NO,NO
ZOOKEEPER,docs/zookeeperQuotas.html,9,9.0000,NO,NO,0.00000000,NO,0.00000000,NO_TO_NO,NO
ZOOKEEPER,src/contrib/bookkeeper/src/java/org/apache/bookkeeper/bookie/Bookie.java,9,36.0000,NO,NO,0.14000000,NO,0.35000000,NO_TO_NO,NO
ZOOKEEPER,src/java/main/org/apache/zookeeper/server/auth/IPAuthenticationProvider.java,9,12.0000,NO,NO,0.00000000,NO,0.07000000,NO_TO_NO,NO
ZOOKEEPER,src/java/main/org/apache/zookeeper/jmx/MBeanRegistry.java,9,4.0000,YES,YES,1.00000000,YES,0.76000000,YES_TO_YES,NO
ZOOKEEPER,docs/recipes.html,9,27.0000,NO,NO,0.00000000,NO,0.00000000,NO_TO_NO,NO
ZOOKEEPER,src/contrib/bookkeeper/src/java/org/apache/bookkeeper/proto/PerChannelBookieClient.java,9,24.0000,YES,YES,0.80000000,NO,0.44000000,YES_TO_NO,YES
ZOOKEEPER,src/contrib/zooinspector/src/java/org/apache/zookeeper/inspector/gui/nodeviewer/NodeViewerACL.java,9,3.0000,NO,NO,0.03000000,NO,0.21000000,NO_TO_NO,NO
ZOOKEEPER,src/java/main/org/apache/zookeeper/Version.java,9,4.0000,YES,YES,0.63000000,NO,0.38000000,YES_TO_NO,YES
ZOOKEEPER,docs/zookeeperJMX.html,9,13.0000,NO,NO,0.00000000,NO,0.00000000,NO_TO_NO,NO
ZOOKEEPER,src/java/main/org/apache/zookeeper/server/ServerCnxn.java,9,1.0000,NO,NO,0.13000000,NO,0.10000000,NO_TO_NO,NO
ZOOKEEPER,src/contrib/zooinspector/src/java/org/apache/zookeeper/inspector/encryption/DataEncryptionManager.java,9,2.0000,NO,NO,0.00000000,NO,0.00000000,NO_TO_NO,NO
ZOOKEEPER,src/java/main/org/apache/zookeeper/Watcher.java,9,15.0000,YES,YES,0.65000000,NO,0.21000000,YES_TO_NO,YES
ZOOKEEPER,src/java/main/org/apache/jute/compiler/JDouble.java,10,1.0000,NO,NO,0.00000000,NO,0.00000000,NO_TO_NO,NO
ZOOKEEPER,src/contrib/bookkeeper/src/java/org/apache/bookkeeper/client/PendingReadOp.java,10,5.0000,YES,YES,0.85000000,YES,0.77000000,YES_TO_YES,NO
ZOOKEEPER,src/java/main/org/apache/zookeeper/server/auth/ProviderRegistry.java,10,3.0000,NO,NO,0.00000000,NO,0.00000000,NO_TO_NO,NO
ZOOKEEPER,src/contrib/hedwig/client/src/main/java/org/apache/hedwig/client/benchmark/HedwigBenchmark.java,10,2.0000,NO,NO,0.01000000,NO,0.01000000,NO_TO_NO,NO
ZOOKEEPER,src/java/main/org/apache/jute/compiler/CGenerator.java,10,1.0000,NO,NO,0.00000000,NO,0.04000000,NO_TO_NO,NO
ZOOKEEPER,src/contrib/hedwig/client/src/main/java/org/apache/hedwig/util/FileUtils.java,10,5.0000,NO,NO,0.00000000,NO,0.00000000,NO_TO_NO,NO
ZOOKEEPER,src/contrib/hedwig/server/src/main/java/org/apache/hedwig/server/regions/RegionManager.java,10,8.0000,NO,NO,0.01000000,NO,0.02000000,NO_TO_NO,NO
ZOOKEEPER,src/java/main/org/apache/zookeeper/server/NIOServerCnxnFactory.java,10,10.0000,YES,YES,0.71000000,YES,0.64000000,YES_TO_YES,NO
ZOOKEEPER,src/contrib/hedwig/client/src/main/java/org/apache/hedwig/client/netty/WriteCallback.java,10,1.0000,NO,NO,0.00000000,NO,0.00000000,NO_TO_NO,NO
ZOOKEEPER,src/java/main/org/apache/zookeeper/server/quorum/flexible/QuorumMaj.java,10,1.0000,NO,NO,0.01000000,NO,0.06000000,NO_TO_NO,NO
ZOOKEEPER,src/java/main/org/apache/zookeeper/server/PurgeTxnLog.java,10,12.0000,NO,NO,0.01000000,NO,0.09000000,NO_TO_NO,NO
ZOOKEEPER,src/java/main/org/apache/zookeeper/server/upgrade/DataNodeV1.java,10,11.0000,NO,NO,0.00000000,NO,0.04000000,NO_TO_NO,NO
ZOOKEEPER,src/java/main/org/apache/jute/compiler/generated/SimpleCharStream.java,10,34.0000,NO,NO,0.00000000,NO,0.18000000,NO_TO_NO,NO
ZOOKEEPER,src/contrib/bookkeeper/src/java/org/apache/bookkeeper/util/LocalBookKeeper.java,10,18.0000,YES,YES,0.86000000,YES,0.69000000,YES_TO_YES,NO
ZOOKEEPER,src/contrib/hedwig/server/src/main/java/org/apache/hedwig/server/netty/PubSubServerPipelineFactory.java,10,5.0000,NO,NO,0.00000000,NO,0.00000000,NO_TO_NO,NO
ZOOKEEPER,src/java/main/org/apache/jute/compiler/generated/RccTokenManager.java,10,84.0000,NO,NO,0.00000000,NO,0.19000000,NO_TO_NO,NO
ZOOKEEPER,src/contrib/rest/src/java/org/apache/zookeeper/server/jersey/resources/JAXBContextResolver.java,10,3.0000,NO,NO,0.00000000,NO,0.16000000,NO_TO_NO,NO
ZOOKEEPER,src/contrib/loggraph/src/java/org/apache/zookeeper/graph/RandomAccessFileReader.java,10,28.0000,NO,NO,0.26000000,NO,0.40000000,NO_TO_NO,NO
ZOOKEEPER,src/contrib/hedwig/server/src/main/java/org/apache/hedwig/server/benchmark/AbstractBenchmark.java,10,5.0000,NO,NO,0.00000000,NO,0.00000000,NO_TO_NO,NO
ZOOKEEPER,src/java/main/org/apache/jute/compiler/JField.java,10,1.0000,NO,NO,0.00000000,NO,0.01000000,NO_TO_NO,NO
ZOOKEEPER,src/java/main/org/apache/zookeeper/server/quorum/LeaderBean.java,10,1.0000,NO,NO,0.02000000,NO,0.02000000,NO_TO_NO,NO
ZOOKEEPER,src/contrib/hedwig/client/src/main/java/org/apache/hedwig/client/benchmark/BenchmarkSubscriber.java,10,4.0000,NO,NO,0.00000000,NO,0.02000000,NO_TO_NO,NO
ZOOKEEPER,src/contrib/bookkeeper/src/java/org/apache/bookkeeper/client/BookKeeper.java,10,6.0000,NO,NO,0.23000000,NO,0.25000000,NO_TO_NO,NO
ZOOKEEPER,src/contrib/hedwig/server/src/main/java/org/apache/hedwig/server/common/TopicOpQueuer.java,10,8.0000,NO,NO,0.01000000,NO,0.02000000,NO_TO_NO,NO
ZOOKEEPER,src/java/main/org/apache/zookeeper/server/quorum/flexible/QuorumHierarchical.java,10,14.0000,NO,NO,0.00000000,NO,0.10000000,NO_TO_NO,NO
ZOOKEEPER,docs/zookeeperInternals.html,10,25.0000,NO,NO,0.00000000,NO,0.00000000,NO_TO_NO,NO
ZOOKEEPER,src/contrib/hedwig/server/src/main/java/org/apache/hedwig/server/proxy/HedwigProxy.java,10,4.0000,NO,NO,0.00000000,NO,0.00000000,NO_TO_NO,NO
ZOOKEEPER,src/contrib/bookkeeper/src/java/org/apache/bookkeeper/bookie/BufferedChannel.java,10,6.0000,NO,NO,0.02000000,NO,0.09000000,NO_TO_NO,NO
ZOOKEEPER,src/contrib/hedwig/server/src/main/java/org/apache/hedwig/server/delivery/FIFODeliveryManager.java,10,9.0000,NO,NO,0.04000000,NO,0.05000000,NO_TO_NO,NO
ZOOKEEPER,docs/releasenotes.html,10,19.0000,NO,NO,0.00000000,NO,0.00000000,NO_TO_NO,NO
ZOOKEEPER,docs/bookkeeperConfig.html,10,9.0000,NO,NO,0.00000000,NO,0.00000000,NO_TO_NO,NO
ZOOKEEPER,src/java/main/org/apache/zookeeper/server/upgrade/DataTreeV1.java,10,32.0000,NO,NO,0.03000000,YES,0.54000000,NO_TO_YES,NO
ZOOKEEPER,src/contrib/bookkeeper/src/java/org/apache/bookkeeper/bookie/LedgerCache.java,10,36.0000,NO,NO,0.01000000,NO,0.17000000,NO_TO_NO,NO
ZOOKEEPER,docs/bookkeeperStarted.html,10,15.0000,NO,NO,0.00000000,NO,0.00000000,NO_TO_NO,NO
ZOOKEEPER,src/contrib/hedwig/client/src/main/java/org/apache/hedwig/client/ssl/SslClientContextFactory.java,10,1.0000,NO,NO,0.00000000,NO,0.00000000,NO_TO_NO,NO
ZOOKEEPER,src/java/main/org/apache/zookeeper/common/PathUtils.java,10,4.0000,NO,NO,0.00000000,NO,0.02000000,NO_TO_NO,NO
ZOOKEEPER,src/java/main/org/apache/jute/RecordWriter.java,10,17.0000,NO,NO,0.00000000,NO,0.04000000,NO_TO_NO,NO
ZOOKEEPER,src/contrib/bookkeeper/src/java/org/apache/bookkeeper/client/LedgerRecoveryOp.java,10,1.0000,NO,NO,0.06000000,NO,0.06000000,NO_TO_NO,NO
ZOOKEEPER,src/java/main/org/apache/zookeeper/server/ServerCnxnFactory.java,10,7.0000,NO,NO,0.02000000,NO,0.14000000,NO_TO_NO,NO
ZOOKEEPER,src/contrib/monitoring/check_zookeeper.py,10,18.0000,NO,NO,0.00000000,NO,0.01000000,NO_TO_NO,NO
ZOOKEEPER,src/contrib/loggraph/src/java/org/apache/zookeeper/graph/servlets/StaticContent.java,10,1.0000,NO,NO,0.00000000,NO,0.00000000,NO_TO_NO,NO
ZOOKEEPER,src/java/main/org/apache/zookeeper/server/persistence/Util.java,10,9.0000,YES,YES,0.96000000,YES,0.62000000,YES_TO_YES,NO
ZOOKEEPER,src/java/main/org/apache/zookeeper/ClientCnxn.java,10,31.0000,YES,YES,1.00000000,YES,0.97000000,YES_TO_YES,NO
ZOOKEEPER,src/java/main/org/apache/zookeeper/server/quorum/QuorumPeerConfig.java,10,14.0000,YES,YES,0.95000000,YES,0.92000000,YES_TO_YES,NO
ZOOKEEPER,src/java/main/org/apache/jute/compiler/JRecord.java,10,37.0000,NO,NO,0.04000000,NO,0.39000000,NO_TO_NO,NO
ZOOKEEPER,src/contrib/loggraph/src/java/org/apache/zookeeper/graph/LogEntry.java,10,6.0000,NO,NO,0.00000000,NO,0.02000000,NO_TO_NO,NO
ZOOKEEPER,src/contrib/hedwig/client/src/main/java/org/apache/hedwig/client/handlers/SubscribeResponseHandler.java,10,4.0000,NO,NO,0.01000000,NO,0.03000000,NO_TO_NO,NO
ZOOKEEPER,src/contrib/bookkeeper/src/java/org/apache/bookkeeper/bookie/LedgerDescriptor.java,10,7.0000,NO,NO,0.02000000,NO,0.03000000,NO_TO_NO,NO
ZOOKEEPER,src/java/main/org/apache/jute/Utils.java,10,15.0000,NO,NO,0.01000000,NO,0.20000000,NO_TO_NO,NO
ZOOKEEPER,src/java/main/org/apache/zookeeper/jmx/CommonNames.java,10,2.0000,NO,NO,0.00000000,NO,0.00000000,NO_TO_NO,NO
ZOOKEEPER,src/contrib/loggraph/src/java/org/apache/zookeeper/graph/LogIterator.java,10,2.0000,NO,NO,0.00000000,NO,0.00000000,NO_TO_NO,NO
ZOOKEEPER,src/contrib/hedwig/server/src/main/java/org/apache/hedwig/server/persistence/ScanCallback.java,10,1.0000,NO,NO,0.00000000,NO,0.00000000,NO_TO_NO,NO
ZOOKEEPER,src/contrib/zkpython/src/examples/watch_znode_for_changes.py,10,3.0000,NO,NO,0.00000000,NO,0.01000000,NO_TO_NO,NO
ZOOKEEPER,src/java/main/org/apache/zookeeper/server/ServerStats.java,10,11.0000,YES,YES,1.00000000,YES,0.69000000,YES_TO_YES,NO
ZOOKEEPER,src/java/main/org/apache/jute/compiler/generated/Rcc.java,10,133.0000,NO,NO,0.00000000,NO,0.18000000,NO_TO_NO,NO
ZOOKEEPER,src/java/main/org/apache/zookeeper/server/quorum/Leader.java,10,51.0000,YES,YES,0.99000000,YES,0.95000000,YES_TO_YES,NO
ZOOKEEPER,src/java/main/org/apache/zookeeper/server/ZooKeeperServer.java,10,25.0000,YES,YES,1.00000000,YES,0.97000000,YES_TO_YES,NO
ZOOKEEPER,src/java/main/org/apache/zookeeper/ZooKeeperMain.java,10,77.0000,YES,YES,0.99000000,YES,0.87000000,YES_TO_YES,NO
ZOOKEEPER,src/java/main/org/apache/zookeeper/ZooKeeper.java,10,27.0000,YES,YES,0.99000000,YES,0.98000000,YES_TO_YES,NO
ZOOKEEPER,src/java/main/org/apache/zookeeper/Environment.java,10,2.0000,NO,NO,0.02000000,NO,0.02000000,NO_TO_NO,NO
ZOOKEEPER,src/contrib/zooinspector/src/java/org/apache/zookeeper/inspector/manager/ZooInspectorManagerImpl.java,10,26.0000,NO,NO,0.01000000,NO,0.23000000,NO_TO_NO,NO
ZOOKEEPER,docs/zookeeperHierarchicalQuorums.html,10,1.0000,NO,NO,0.00000000,NO,0.00000000,NO_TO_NO,NO
ZOOKEEPER,src/java/main/org/apache/zookeeper/server/quorum/QuorumStats.java,10,5.0000,NO,NO,0.01000000,NO,0.01000000,NO_TO_NO,NO
ZOOKEEPER,src/contrib/hedwig/server/src/main/java/org/apache/hedwig/server/proxy/ChannelTracker.java,10,8.0000,NO,NO,0.00000000,NO,0.01000000,NO_TO_NO,NO
ZOOKEEPER,src/contrib/bookkeeper/src/java/org/apache/bookkeeper/client/LedgerHandle.java,10,4.0000,YES,YES,0.94000000,YES,0.92000000,YES_TO_YES,NO
ZOOKEEPER,src/java/main/org/apache/jute/compiler/JMap.java,10,10.0000,NO,NO,0.01000000,NO,0.13000000,NO_TO_NO,NO
ZOOKEEPER,src/java/main/org/apache/zookeeper/server/TraceFormatter.java,10,4.0000,NO,NO,0.00000000,NO,0.01000000,NO_TO_NO,NO
ZOOKEEPER,src/contrib/hedwig/server/src/main/java/org/apache/hedwig/server/topics/ZkTopicManager.java,10,3.0000,YES,YES,0.81000000,YES,0.81000000,YES_TO_YES,NO
ZOOKEEPER,src/contrib/hedwig/client/src/main/java/org/apache/hedwig/client/netty/ResponseHandler.java,10,5.0000,NO,NO,0.01000000,NO,0.03000000,NO_TO_NO,NO
ZOOKEEPER,src/java/main/org/apache/zookeeper/server/auth/DigestAuthenticationProvider.java,10,14.0000,NO,NO,0.09000000,NO,0.18000000,NO_TO_NO,NO
ZOOKEEPER,docs/zookeeperTutorial.html,10,9.0000,NO,NO,0.00000000,NO,0.00000000,NO_TO_NO,NO
ZOOKEEPER,src/contrib/hedwig/server/src/main/java/org/apache/hedwig/server/subscriptions/SubscriptionManager.java,10,1.0000,NO,NO,0.00000000,NO,0.00000000,NO_TO_NO,NO
ZOOKEEPER,src/contrib/hedwig/protocol/src/main/java/org/apache/hedwig/protoextensions/MessageIdUtils.java,10,2.0000,NO,NO,0.01000000,NO,0.01000000,NO_TO_NO,NO
ZOOKEEPER,src/contrib/bookkeeper/src/java/org/apache/bookkeeper/util/Main.java,10,2.0000,NO,NO,0.01000000,NO,0.05000000,NO_TO_NO,NO
ZOOKEEPER,src/java/main/org/apache/zookeeper/server/ZooKeeperServerMain.java,10,2.0000,NO,NO,0.08000000,NO,0.10000000,NO_TO_NO,NO
ZOOKEEPER,docs/bookkeeperStream.html,10,7.0000,NO,NO,0.00000000,NO,0.00000000,NO_TO_NO,NO
ZOOKEEPER,src/java/main/org/apache/zookeeper/server/ZooTrace.java,10,16.0000,NO,NO,0.01000000,NO,0.04000000,NO_TO_NO,NO
ZOOKEEPER,src/java/main/org/apache/zookeeper/server/quorum/QuorumCnxManager.java,10,18.0000,YES,YES,0.99000000,YES,0.96000000,YES_TO_YES,NO
ZOOKEEPER,src/contrib/zooinspector/src/java/org/apache/zookeeper/inspector/logger/LoggerFactory.java,10,1.0000,NO,NO,0.00000000,NO,0.00000000,NO_TO_NO,NO
ZOOKEEPER,src/contrib/loggraph/src/java/org/apache/zookeeper/graph/filterops/NumberArg.java,10,1.0000,NO,NO,0.00000000,NO,0.00000000,NO_TO_NO,NO
ZOOKEEPER,src/java/main/org/apache/zookeeper/jmx/ManagedUtil.java,10,3.0000,NO,NO,0.00000000,NO,0.05000000,NO_TO_NO,NO
ZOOKEEPER,src/contrib/huebrowser/zkui/src/zkui/utils.py,10,1.0000,NO,NO,0.00000000,NO,0.00000000,NO_TO_NO,NO
ZOOKEEPER,src/contrib/hedwig/protocol/src/main/java/org/apache/hedwig/protoextensions/PubSubResponseUtils.java,10,1.0000,NO,NO,0.00000000,NO,0.00000000,NO_TO_NO,NO
ZOOKEEPER,src/contrib/huebrowser/zkui/src/zkui/stats.py,10,2.0000,NO,NO,0.00000000,NO,0.01000000,NO_TO_NO,NO
ZOOKEEPER,src/java/main/org/apache/jute/compiler/generated/Token.java,10,10.0000,NO,NO,0.00000000,NO,0.03000000,NO_TO_NO,NO
ZOOKEEPER,src/contrib/bookkeeper/src/java/org/apache/bookkeeper/proto/BookieProtocol.java,10,1.0000,NO,NO,0.00000000,NO,0.01000000,NO_TO_NO,NO
ZOOKEEPER,src/contrib/hedwig/server/src/main/java/org/apache/hedwig/zookeeper/SafeAsyncZKCallback.java,10,8.0000,NO,NO,0.00000000,NO,0.00000000,NO_TO_NO,NO
ZOOKEEPER,src/java/main/org/apache/zookeeper/server/LogFormatter.java,10,6.0000,YES,YES,0.86000000,YES,0.54000000,YES_TO_YES,NO
ZOOKEEPER,src/java/main/org/apache/zookeeper/server/quorum/FastLeaderElection.java,10,29.0000,YES,YES,0.98000000,YES,0.96000000,YES_TO_YES,NO
ZOOKEEPER,src/java/main/org/apache/jute/compiler/JType.java,10,8.0000,NO,NO,0.00000000,NO,0.02000000,NO_TO_NO,NO
ZOOKEEPER,src/docs/status.xml,10,1.0000,NO,NO,0.00000000,NO,0.00000000,NO_TO_NO,NO
ZOOKEEPER,src/java/main/org/apache/zookeeper/common/PathTrie.java,10,3.0000,NO,NO,0.02000000,NO,0.06000000,NO_TO_NO,NO
ZOOKEEPER,src/contrib/hedwig/server/src/main/java/org/apache/hedwig/server/benchmark/FakeBookie.java,10,1.0000,NO,NO,0.00000000,NO,0.00000000,NO_TO_NO,NO
ZOOKEEPER,src/java/main/org/apache/zookeeper/server/upgrade/UpgradeSnapShotV1.java,10,6.0000,YES,YES,0.80000000,YES,0.59000000,YES_TO_YES,NO
ZOOKEEPER,src/java/main/org/apache/zookeeper/server/SyncRequestProcessor.java,10,7.0000,YES,YES,0.97000000,YES,0.88000000,YES_TO_YES,NO
ZOOKEEPER,src/contrib/hedwig/scripts/analyze.py,10,18.0000,NO,NO,0.00000000,NO,0.01000000,NO_TO_NO,NO
ZOOKEEPER,src/java/main/org/apache/zookeeper/server/FinalRequestProcessor.java,10,5.0000,YES,YES,0.98000000,YES,0.94000000,YES_TO_YES,NO
ZOOKEEPER,src/java/main/org/apache/zookeeper/server/quorum/CommitProcessor.java,10,8.0000,YES,YES,0.95000000,YES,0.87000000,YES_TO_YES,NO
ZOOKEEPER,src/contrib/bookkeeper/src/java/org/apache/bookkeeper/util/MathUtils.java,10,1.0000,NO,NO,0.00000000,NO,0.00000000,NO_TO_NO,NO
ZOOKEEPER,src/contrib/loggraph/src/java/org/apache/zookeeper/graph/servlets/Throughput.java,10,5.0000,NO,NO,0.10000000,NO,0.18000000,NO_TO_NO,NO
ZOOKEEPER,src/java/main/org/apache/zookeeper/server/SessionTrackerImpl.java,10,13.0000,YES,YES,0.83000000,YES,0.66000000,YES_TO_YES,NO
ZOOKEEPER,src/contrib/loggraph/src/java/org/apache/zookeeper/graph/filterops/StringArg.java,10,1.0000,NO,NO,0.00000000,NO,0.00000000,NO_TO_NO,NO
ZOOKEEPER,src/contrib/hedwig/server/src/main/java/org/apache/hedwig/server/proxy/ProxyStartDeliveryHandler.java,10,2.0000,NO,NO,0.01000000,NO,0.01000000,NO_TO_NO,NO
ZOOKEEPER,src/contrib/hedwig/client/src/main/java/org/apache/hedwig/client/benchmark/BenchmarkUtils.java,10,8.0000,NO,NO,0.00000000,NO,0.01000000,NO_TO_NO,NO
ZOOKEEPER,src/contrib/bookkeeper/src/java/org/apache/bookkeeper/bookie/EntryLogger.java,10,30.0000,NO,NO,0.01000000,NO,0.15000000,NO_TO_NO,NO
ZOOKEEPER,src/contrib/zooinspector/src/java/org/apache/zookeeper/inspector/gui/ZooInspectorPanel.java,10,16.0000,NO,NO,0.08000000,NO,0.15000000,NO_TO_NO,NO
ZOOKEEPER,src/contrib/bookkeeper/src/java/org/apache/bookkeeper/bookie/FileInfo.java,10,7.0000,NO,NO,0.08000000,NO,0.17000000,NO_TO_NO,NO
ZOOKEEPER,src/java/main/org/apache/jute/BinaryInputArchive.java,10,11.0000,NO,NO,0.02000000,NO,0.03000000,NO_TO_NO,NO
ZOOKEEPER,src/contrib/hedwig/server/src/main/java/org/apache/hedwig/zookeeper/SafeAsynBKCallback.java,10,5.0000,NO,NO,0.00000000,NO,0.00000000,NO_TO_NO,NO
ZOOKEEPER,src/contrib/rest/src/java/org/apache/zookeeper/server/jersey/cfg/HostPortSet.java,10,2.0000,NO,NO,0.00000000,NO,0.01000000,NO_TO_NO,NO
ZOOKEEPER,src/contrib/monitoring/test.py,10,2.0000,NO,NO,0.00000000,NO,0.01000000,NO_TO_NO,NO
ZOOKEEPER,src/contrib/loggraph/src/java/org/apache/zookeeper/graph/filterops/GreaterThanOp.java,10,3.0000,NO,NO,0.00000000,NO,0.00000000,NO_TO_NO,NO
ZOOKEEPER,src/contrib/bookkeeper/src/java/org/apache/bookkeeper/client/LedgerMetadata.java,10,13.0000,NO,NO,0.09000000,NO,0.08000000,NO_TO_NO,NO
ZOOKEEPER,src/contrib/bookkeeper/benchmark/org/apache/bookkeeper/benchmark/TestClient.java,10,11.0000,NO,NO,0.23000000,NO,0.25000000,NO_TO_NO,NO
ZOOKEEPER,src/contrib/hedwig/client/src/main/java/org/apache/hedwig/client/netty/HedwigClient.java,10,3.0000,NO,NO,0.01000000,NO,0.04000000,NO_TO_NO,NO
ZOOKEEPER,src/java/main/org/apache/zookeeper/server/DataNode.java,10,10.0000,YES,YES,0.82000000,YES,0.57000000,YES_TO_YES,NO
ZOOKEEPER,docs/bookkeeperOverview.html,10,19.0000,NO,NO,0.00000000,NO,0.00000000,NO_TO_NO,NO
ZOOKEEPER,src/contrib/bookkeeper/benchmark/org/apache/bookkeeper/benchmark/MySqlClient.java,10,11.0000,NO,NO,0.02000000,NO,0.11000000,NO_TO_NO,NO
ZOOKEEPER,docs/bookkeeperProgrammer.html,10,17.0000,NO,NO,0.00000000,NO,0.00000000,NO_TO_NO,NO
ZOOKEEPER,src/contrib/hedwig/server/src/main/java/org/apache/hedwig/server/ssl/SslServerContextFactory.java,10,1.0000,NO,NO,0.00000000,NO,0.00000000,NO_TO_NO,NO
ZOOKEEPER,src/contrib/rest/src/python/zk_dump_tree.py,10,10.0000,NO,NO,0.00000000,NO,0.01000000,NO_TO_NO,NO
ZOOKEEPER,src/contrib/rest/src/java/org/apache/zookeeper/server/jersey/resources/SessionsResource.java,10,2.0000,NO,NO,0.12000000,NO,0.21000000,NO_TO_NO,NO
ZOOKEEPER,src/java/main/org/apache/jute/BinaryOutputArchive.java,10,7.0000,NO,NO,0.00000000,NO,0.08000000,NO_TO_NO,NO
ZOOKEEPER,src/contrib/hedwig/server/src/main/java/org/apache/hedwig/server/common/ByteStringInterner.java,10,3.0000,NO,NO,0.00000000,NO,0.00000000,NO_TO_NO,NO
ZOOKEEPER,src/contrib/loggraph/src/java/org/apache/zookeeper/graph/MeasureThroughput.java,10,11.0000,NO,NO,0.00000000,NO,0.01000000,NO_TO_NO,NO
ZOOKEEPER,src/contrib/huebrowser/zkui/src/zkui/views.py,10,1.0000,NO,NO,0.00000000,NO,0.01000000,NO_TO_NO,NO
ZOOKEEPER,src/java/main/org/apache/zookeeper/server/quorum/FollowerZooKeeperServer.java,10,3.0000,NO,NO,0.06000000,NO,0.13000000,NO_TO_NO,NO
ZOOKEEPER,src/java/main/org/apache/zookeeper/server/WatchManager.java,10,5.0000,NO,NO,0.11000000,NO,0.20000000,NO_TO_NO,NO
ZOOKEEPER,docs/zookeeperProgrammers.html,10,68.0000,NO,NO,0.00000000,NO,0.00000000,NO_TO_NO,NO
ZOOKEEPER,src/contrib/loggraph/src/java/org/apache/zookeeper/graph/servlets/Fs.java,10,2.0000,NO,NO,0.00000000,NO,0.00000000,NO_TO_NO,NO
ZOOKEEPER,src/contrib/rest/src/java/org/apache/zookeeper/server/jersey/resources/ZNodeResource.java,10,3.0000,NO,NO,0.16000000,NO,0.18000000,NO_TO_NO,NO
ZOOKEEPER,src/contrib/zooinspector/src/java/org/apache/zookeeper/retry/ZooKeeperRetry.java,10,5.0000,NO,NO,0.06000000,NO,0.19000000,NO_TO_NO,NO
ZOOKEEPER,src/java/main/org/apache/zookeeper/server/util/SerializeUtils.java,10,2.0000,YES,YES,0.78000000,YES,0.52000000,YES_TO_YES,NO
ZOOKEEPER,src/contrib/bookkeeper/src/java/org/apache/bookkeeper/bookie/LedgerEntryPage.java,10,7.0000,NO,NO,0.04000000,NO,0.19000000,NO_TO_NO,NO
ZOOKEEPER,src/contrib/loggraph/src/java/org/apache/zookeeper/graph/LogServer.java,10,2.0000,NO,NO,0.01000000,NO,0.02000000,NO_TO_NO,NO
ZOOKEEPER,src/java/main/org/apache/zookeeper/server/quorum/ObserverRequestProcessor.java,10,1.0000,YES,YES,0.75000000,YES,0.73000000,YES_TO_YES,NO
ZOOKEEPER,src/contrib/zooinspector/src/java/org/apache/zookeeper/inspector/gui/nodeviewer/NodeViewerData.java,10,4.0000,NO,NO,0.04000000,NO,0.21000000,NO_TO_NO,NO
ZOOKEEPER,src/contrib/loggraph/src/java/org/apache/zookeeper/graph/servlets/NumEvents.java,10,3.0000,NO,NO,0.00000000,NO,0.00000000,NO_TO_NO,NO
ZOOKEEPER,src/recipes/lock/src/java/org/apache/zookeeper/recipes/lock/WriteLock.java,10,3.0000,NO,NO,0.00000000,NO,0.08000000,NO_TO_NO,NO
ZOOKEEPER,src/contrib/bookkeeper/src/java/org/apache/bookkeeper/proto/BookieClient.java,10,5.0000,NO,NO,0.04000000,NO,0.06000000,NO_TO_NO,NO
ZOOKEEPER,src/contrib/hedwig/client/src/main/java/org/apache/hedwig/util/Pair.java,10,1.0000,NO,NO,0.00000000,NO,0.00000000,NO_TO_NO,NO
ZOOKEEPER,src/java/main/org/apache/zookeeper/ZooDefs.java,10,28.0000,NO,NO,0.03000000,NO,0.09000000,NO_TO_NO,NO
ZOOKEEPER,src/contrib/rest/src/java/org/apache/zookeeper/server/jersey/jaxb/ZChildren.java,10,7.0000,NO,NO,0.00000000,NO,0.32000000,NO_TO_NO,NO
ZOOKEEPER,src/contrib/hedwig/server/src/main/java/org/apache/hedwig/server/proxy/ProxyConfiguration.java,10,2.0000,NO,NO,0.00000000,NO,0.00000000,NO_TO_NO,NO
ZOOKEEPER,src/contrib/bookkeeper/src/java/org/apache/bookkeeper/streaming/LedgerInputStream.java,10,2.0000,NO,NO,0.00000000,NO,0.02000000,NO_TO_NO,NO
ZOOKEEPER,src/java/main/org/apache/zookeeper/server/quorum/Vote.java,10,4.0000,YES,YES,0.97000000,YES,0.61000000,YES_TO_YES,NO
ZOOKEEPER,src/java/main/org/apache/zookeeper/server/PrepRequestProcessor.java,10,13.0000,YES,YES,1.00000000,YES,0.96000000,YES_TO_YES,NO
ZOOKEEPER,src/java/main/org/apache/jute/RecordReader.java,10,9.0000,NO,NO,0.00000000,NO,0.01000000,NO_TO_NO,NO
ZOOKEEPER,src/java/main/org/apache/zookeeper/server/quorum/LeaderElection.java,10,16.0000,NO,NO,0.20000000,YES,0.55000000,NO_TO_YES,NO
ZOOKEEPER,src/contrib/bookkeeper/src/java/org/apache/bookkeeper/proto/BookieServer.java,10,7.0000,YES,YES,0.70000000,YES,0.52000000,YES_TO_YES,NO
ZOOKEEPER,src/java/main/org/apache/zookeeper/server/quorum/Learner.java,10,5.0000,YES,YES,0.93000000,YES,0.91000000,YES_TO_YES,NO
ZOOKEEPER,src/contrib/bookkeeper/src/java/org/apache/bookkeeper/streaming/LedgerOutputStream.java,10,1.0000,NO,NO,0.00000000,NO,0.00000000,NO_TO_NO,NO
ZOOKEEPER,src/contrib/rest/src/python/zkrest.py,10,1.0000,NO,NO,0.00000000,NO,0.01000000,NO_TO_NO,NO
ZOOKEEPER,src/contrib/hedwig/protocol/src/main/java/org/apache/hedwig/exceptions/PubSubException.java,10,1.0000,NO,NO,0.04000000,NO,0.05000000,NO_TO_NO,NO
ZOOKEEPER,src/contrib/rest/src/java/org/apache/zookeeper/server/jersey/ZooKeeperService.java,10,14.0000,NO,NO,0.15000000,NO,0.19000000,NO_TO_NO,NO
ZOOKEEPER,src/contrib/hedwig/server/src/main/java/org/apache/hedwig/server/subscriptions/ZkSubscriptionManager.java,10,6.0000,NO,NO,0.00000000,NO,0.01000000,NO_TO_NO,NO
ZOOKEEPER,src/java/main/org/apache/zookeeper/server/quorum/AuthFastLeaderElection.java,10,48.0000,YES,YES,0.99000000,YES,0.93000000,YES_TO_YES,NO
ZOOKEEPER,src/contrib/hedwig/server/src/main/java/org/apache/hedwig/zookeeper/SafeAsyncCallback.java,10,1.0000,NO,NO,0.00000000,NO,0.00000000,NO_TO_NO,NO
ZOOKEEPER,src/contrib/bookkeeper/src/java/org/apache/bookkeeper/client/BKException.java,10,18.0000,NO,NO,0.19000000,NO,0.20000000,NO_TO_NO,NO
ZOOKEEPER,src/java/main/org/apache/zookeeper/server/Request.java,10,8.0000,YES,YES,0.97000000,YES,0.75000000,YES_TO_YES,NO
ZOOKEEPER,src/contrib/loggraph/src/java/org/apache/zookeeper/graph/servlets/JsonServlet.java,10,4.0000,NO,NO,0.00000000,NO,0.00000000,NO_TO_NO,NO
ZOOKEEPER,src/contrib/bookkeeper/src/java/org/apache/bookkeeper/client/MacDigestManager.java,10,6.0000,NO,NO,0.00000000,NO,0.24000000,NO_TO_NO,NO
ZOOKEEPER,src/java/main/org/apache/zookeeper/KeeperException.java,10,75.0000,NO,NO,0.00000000,NO,0.23000000,NO_TO_NO,NO
ZOOKEEPER,src/contrib/hedwig/server/src/main/java/org/apache/hedwig/server/persistence/MapMethods.java,10,2.0000,NO,NO,0.00000000,NO,0.00000000,NO_TO_NO,NO
ZOOKEEPER,src/java/main/org/apache/zookeeper/server/ZKDatabase.java,10,9.0000,YES,YES,0.87000000,YES,0.74000000,YES_TO_YES,NO
ZOOKEEPER,src/java/main/org/apache/zookeeper/server/quorum/QuorumPeer.java,10,33.0000,YES,YES,0.98000000,YES,0.97000000,YES_TO_YES,NO
ZOOKEEPER,src/java/main/org/apache/jute/XmlOutputArchive.java,10,8.0000,NO,NO,0.00000000,NO,0.12000000,NO_TO_NO,NO
ZOOKEEPER,src/recipes/lock/src/java/org/apache/zookeeper/recipes/lock/ProtocolSupport.java,10,2.0000,NO,NO,0.00000000,NO,0.09000000,NO_TO_NO,NO
ZOOKEEPER,src/contrib/rest/src/java/org/apache/zookeeper/server/jersey/jaxb/ZChildrenJSON.java,10,8.0000,NO,NO,0.00000000,NO,0.39000000,NO_TO_NO,NO
ZOOKEEPER,src/contrib/bookkeeper/src/java/org/apache/bookkeeper/bookie/MarkerFileChannel.java,10,17.0000,NO,NO,0.04000000,NO,0.12000000,NO_TO_NO,NO
ZOOKEEPER,src/java/main/org/apache/zookeeper/WatchedEvent.java,10,2.0000,NO,NO,0.00000000,NO,0.04000000,NO_TO_NO,NO
ZOOKEEPER,src/contrib/zooinspector/src/java/org/apache/zookeeper/inspector/gui/ZooInspectorNodeViewersPanel.java,10,7.0000,NO,NO,0.05000000,NO,0.19000000,NO_TO_NO,NO
ZOOKEEPER,src/java/main/org/apache/zookeeper/server/util/Profiler.java,10,1.0000,NO,NO,0.01000000,NO,0.03000000,NO_TO_NO,NO
ZOOKEEPER,src/contrib/hedwig/client/src/main/java/org/apache/hedwig/util/Option.java,10,2.0000,NO,NO,0.00000000,NO,0.00000000,NO_TO_NO,NO
ZOOKEEPER,src/contrib/loggraph/src/java/org/apache/zookeeper/graph/filterops/SymbolArg.java,10,1.0000,NO,NO,0.00000000,NO,0.00000000,NO_TO_NO,NO
ZOOKEEPER,src/java/main/org/apache/jute/compiler/JBuffer.java,10,1.0000,NO,NO,0.03000000,NO,0.03000000,NO_TO_NO,NO
ZOOKEEPER,src/java/main/org/apache/zookeeper/CreateMode.java,10,1.0000,NO,NO,0.07000000,NO,0.11000000,NO_TO_NO,NO
ZOOKEEPER,src/docs/src/documentation/skinconf.xml,10,6.0000,NO,NO,0.00000000,NO,0.00000000,NO_TO_NO,NO
ZOOKEEPER,src/contrib/rest/src/java/org/apache/zookeeper/server/jersey/jaxb/ZStat.java,10,16.0000,NO,NO,0.00000000,NO,0.02000000,NO_TO_NO,NO
ZOOKEEPER,src/java/main/org/apache/zookeeper/server/quorum/QuorumPeerMain.java,10,2.0000,NO,NO,0.15000000,NO,0.16000000,NO_TO_NO,NO
ZOOKEEPER,src/java/main/org/apache/zookeeper/server/NettyServerCnxn.java,10,14.0000,YES,YES,0.81000000,YES,0.74000000,YES_TO_YES,NO
ZOOKEEPER,src/contrib/bookkeeper/src/java/org/apache/bookkeeper/client/PendingAddOp.java,10,1.0000,NO,NO,0.08000000,NO,0.13000000,NO_TO_NO,NO
ZOOKEEPER,src/contrib/hedwig/client/src/main/java/org/apache/hedwig/client/data/PubSubData.java,10,10.0000,NO,NO,0.00000000,NO,0.01000000,NO_TO_NO,NO
ZOOKEEPER,src/contrib/loggraph/src/java/org/apache/zookeeper/graph/servlets/FileLoader.java,10,2.0000,NO,NO,0.13000000,NO,0.14000000,NO_TO_NO,NO
ZOOKEEPER,src/java/main/org/apache/zookeeper/server/quorum/ProposalRequestProcessor.java,10,1.0000,NO,NO,0.14000000,NO,0.15000000,NO_TO_NO,NO
ZOOKEEPER,src/java/main/org/apache/zookeeper/server/upgrade/UpgradeSnapShot.java,10,1.0000,NO,NO,0.00000000,NO,0.00000000,NO_TO_NO,NO
ZOOKEEPER,src/java/main/org/apache/zookeeper/server/persistence/FileTxnLog.java,10,11.0000,YES,YES,0.99000000,YES,0.94000000,YES_TO_YES,NO
ZOOKEEPER,src/java/main/org/apache/zookeeper/server/persistence/FileTxnSnapLog.java,10,10.0000,YES,YES,1.00000000,YES,0.85000000,YES_TO_YES,NO
ZOOKEEPER,src/contrib/hedwig/server/src/main/java/org/apache/hedwig/server/subscriptions/AllToAllTopologyFilter.java,10,1.0000,NO,NO,0.00000000,NO,0.00000000,NO_TO_NO,NO
ZOOKEEPER,src/contrib/zooinspector/src/java/org/apache/zookeeper/inspector/gui/ZooInspectorIconResources.java,10,1.0000,NO,NO,0.08000000,NO,0.08000000,NO_TO_NO,NO
ZOOKEEPER,docs/zookeeperOver.html,10,35.0000,NO,NO,0.00000000,NO,0.00000000,NO_TO_NO,NO
ZOOKEEPER,src/java/main/org/apache/jute/compiler/generated/ParseException.java,10,15.0000,NO,NO,0.00000000,NO,0.11000000,NO_TO_NO,NO
ZOOKEEPER,src/contrib/zooinspector/src/java/org/apache/zookeeper/inspector/gui/ZooInspectorAboutDialog.java,10,1.0000,NO,NO,0.08000000,NO,0.12000000,NO_TO_NO,NO
ZOOKEEPER,src/contrib/bookkeeper/src/java/org/apache/bookkeeper/tools/BookKeeperTools.java,10,28.0000,NO,NO,0.10000000,NO,0.31000000,NO_TO_NO,NO
ZOOKEEPER,src/java/main/org/apache/zookeeper/AsyncCallback.java,10,1.0000,NO,NO,0.01000000,NO,0.06000000,NO_TO_NO,NO
ZOOKEEPER,src/java/main/org/apache/zookeeper/JLineZNodeCompletor.java,10,2.0000,NO,NO,0.02000000,NO,0.13000000,NO_TO_NO,NO
ZOOKEEPER,src/contrib/loggraph/src/java/org/apache/zookeeper/graph/FilterException.java,10,1.0000,NO,NO,0.00000000,NO,0.00000000,NO_TO_NO,NO
ZOOKEEPER,src/java/main/org/apache/zookeeper/server/quorum/LearnerZooKeeperServer.java,10,4.0000,NO,NO,0.12000000,NO,0.19000000,NO_TO_NO,NO
ZOOKEEPER,src/java/main/org/apache/zookeeper/server/persistence/FileSnap.java,10,8.0000,NO,NO,0.02000000,NO,0.08000000,NO_TO_NO,NO
ZOOKEEPER,src/contrib/bookkeeper/src/java/org/apache/bookkeeper/bookie/BookieException.java,10,7.0000,NO,NO,0.00000000,NO,0.08000000,NO_TO_NO,NO
ZOOKEEPER,src/contrib/zooinspector/src/java/org/apache/zookeeper/inspector/gui/ZooInspectorNodeViewersDialog.java,10,37.0000,NO,NO,0.01000000,NO,0.10000000,NO_TO_NO,NO
ZOOKEEPER,src/contrib/zooinspector/src/java/org/apache/zookeeper/inspector/ZooInspector.java,10,1.0000,NO,NO,0.04000000,NO,0.16000000,NO_TO_NO,NO
ZOOKEEPER,src/java/main/org/apache/jute/OutputArchive.java,10,7.0000,NO,NO,0.00000000,NO,0.04000000,NO_TO_NO,NO
ZOOKEEPER,src/java/main/org/apache/zookeeper/server/ConnectionBean.java,10,1.0000,YES,YES,0.75000000,YES,0.68000000,YES_TO_YES,NO
ZOOKEEPER,src/java/main/org/apache/zookeeper/server/NettyServerCnxnFactory.java,10,8.0000,NO,NO,0.31000000,NO,0.32000000,NO_TO_NO,NO
ZOOKEEPER,src/java/main/org/apache/zookeeper/ClientCnxnSocketNIO.java,10,5.0000,YES,YES,0.81000000,YES,0.76000000,YES_TO_YES,NO
ZOOKEEPER,docs/zookeeperObservers.html,10,7.0000,NO,NO,0.00000000,NO,0.00000000,NO_TO_NO,NO
ZOOKEEPER,src/java/main/org/apache/jute/compiler/JVector.java,10,14.0000,NO,NO,0.00000000,NO,0.08000000,NO_TO_NO,NO
ZOOKEEPER,src/contrib/loggraph/src/java/org/apache/zookeeper/graph/TransactionEntry.java,10,10.0000,NO,NO,0.04000000,NO,0.07000000,NO_TO_NO,NO
ZOOKEEPER,src/contrib/rest/src/java/org/apache/zookeeper/server/jersey/jaxb/ZSession.java,10,2.0000,NO,NO,0.03000000,NO,0.04000000,NO_TO_NO,NO
ZOOKEEPER,src/contrib/hedwig/client/src/main/java/org/apache/hedwig/client/netty/HedwigPublisher.java,10,1.0000,NO,NO,0.03000000,NO,0.03000000,NO_TO_NO,NO
ZOOKEEPER,src/contrib/loggraph/src/java/org/apache/zookeeper/graph/TxnLogSource.java,10,14.0000,YES,YES,0.76000000,YES,0.67000000,YES_TO_YES,NO
ZOOKEEPER,src/java/main/org/apache/zookeeper/server/quorum/LearnerHandler.java,10,15.0000,YES,YES,1.00000000,YES,0.99000000,YES_TO_YES,NO
ZOOKEEPER,src/java/main/org/apache/zookeeper/server/upgrade/UpgradeMain.java,10,2.0000,NO,NO,0.01000000,NO,0.14000000,NO_TO_NO,NO
ZOOKEEPER,src/contrib/hedwig/server/src/main/java/org/apache/hedwig/server/handlers/SubscribeHandler.java,10,2.0000,NO,NO,0.00000000,NO,0.00000000,NO_TO_NO,NO
ZOOKEEPER,src/java/main/org/apache/jute/compiler/JFloat.java,10,1.0000,NO,NO,0.00000000,NO,0.00000000,NO_TO_NO,NO
ZOOKEEPER,src/contrib/hedwig/server/src/main/java/org/apache/hedwig/server/persistence/LocalDBPersistenceManager.java,10,19.0000,NO,NO,0.00000000,NO,0.03000000,NO_TO_NO,NO
ZOOKEEPER,docs/javaExample.html,10,13.0000,NO,NO,0.00000000,NO,0.00000000,NO_TO_NO,NO
ZOOKEEPER,src/java/main/org/apache/zookeeper/server/NIOServerCnxn.java,10,27.0000,YES,YES,0.98000000,YES,0.96000000,YES_TO_YES,NO
ZOOKEEPER,src/java/main/org/apache/jute/CsvInputArchive.java,10,13.0000,NO,NO,0.00000000,NO,0.03000000,NO_TO_NO,NO
ZOOKEEPER,src/java/main/org/apache/jute/compiler/generated/TokenMgrError.java,10,9.0000,NO,NO,0.00000000,NO,0.08000000,NO_TO_NO,NO
ZOOKEEPER,src/contrib/bookkeeper/src/java/org/apache/bookkeeper/proto/NIOServerFactory.java,10,23.0000,YES,YES,0.62000000,YES,0.53000000,YES_TO_YES,NO
ZOOKEEPER,src/java/main/org/apache/zookeeper/ServerAdminClient.java,10,17.0000,NO,NO,0.00000000,NO,0.20000000,NO_TO_NO,NO
ZOOKEEPER,src/contrib/bookkeeper/src/java/org/apache/bookkeeper/util/StringUtils.java,10,6.0000,NO,NO,0.01000000,NO,0.08000000,NO_TO_NO,NO
ZOOKEEPER,src/contrib/hedwig/client/src/main/java/org/apache/hedwig/util/Either.java,10,3.0000,NO,NO,0.00000000,NO,0.00000000,NO_TO_NO,NO
ZOOKEEPER,src/contrib/hedwig/server/pom.xml,10,1.0000,NO,NO,0.00000000,NO,0.00000000,NO_TO_NO,NO
ZOOKEEPER,src/contrib/loggraph/src/java/org/apache/zookeeper/graph/Log4JEntry.java,10,2.0000,NO,NO,0.00000000,NO,0.00000000,NO_TO_NO,NO
ZOOKEEPER,src/java/main/org/apache/zookeeper/server/quorum/FollowerRequestProcessor.java,10,1.0000,YES,YES,0.83000000,YES,0.74000000,YES_TO_YES,NO
ZOOKEEPER,src/contrib/huebrowser/zkui/src/zkui/rest.py,10,1.0000,NO,NO,0.00000000,NO,0.01000000,NO_TO_NO,NO
ZOOKEEPER,src/contrib/zooinspector/src/java/org/apache/zookeeper/inspector/gui/nodeviewer/NodeViewerMetaData.java,10,3.0000,NO,NO,0.02000000,NO,0.16000000,NO_TO_NO,NO
ZOOKEEPER,src/contrib/hedwig/server/src/main/java/org/apache/hedwig/server/delivery/ChannelEndPoint.java,10,1.0000,NO,NO,0.00000000,NO,0.00000000,NO_TO_NO,NO
ZOOKEEPER,src/contrib/hedwig/client/src/main/java/org/apache/hedwig/util/ConcurrencyUtils.java,10,4.0000,NO,NO,0.00000000,NO,0.00000000,NO_TO_NO,NO
ZOOKEEPER,src/contrib/hedwig/server/src/main/java/org/apache/hedwig/server/topics/AbstractTopicManager.java,10,5.0000,NO,NO,0.00000000,NO,0.00000000,NO_TO_NO,NO
ZOOKEEPER,src/contrib/rest/src/java/org/apache/zookeeper/server/jersey/RestMain.java,10,6.0000,NO,NO,0.06000000,NO,0.19000000,NO_TO_NO,NO
ZOOKEEPER,src/contrib/loggraph/src/java/org/apache/zookeeper/graph/servlets/GraphData.java,10,1.0000,NO,NO,0.00000000,NO,0.00000000,NO_TO_NO,NO
ZOOKEEPER,src/contrib/rest/src/java/org/apache/zookeeper/server/jersey/filters/HTTPBasicAuth.java,10,5.0000,NO,NO,0.01000000,NO,0.03000000,NO_TO_NO,NO
ZOOKEEPER,src/java/main/org/apache/zookeeper/server/quorum/LeaderZooKeeperServer.java,10,1.0000,NO,NO,0.16000000,NO,0.14000000,NO_TO_NO,NO
ZOOKEEPER,src/contrib/loggraph/src/java/org/apache/zookeeper/graph/Log4JSource.java,10,31.0000,NO,NO,0.19000000,NO,0.34000000,NO_TO_NO,NO
ZOOKEEPER,src/java/main/org/apache/zookeeper/server/quorum/ObserverZooKeeperServer.java,10,4.0000,NO,NO,0.02000000,NO,0.04000000,NO_TO_NO,NO
ZOOKEEPER,src/recipes/queue/src/java/org/apache/zookeeper/recipes/queue/DistributedQueue.java,10,10.0000,NO,NO,0.00000000,NO,0.11000000,NO_TO_NO,NO
ZOOKEEPER,docs/zookeeperAdmin.html,10,69.0000,NO,NO,0.00000000,NO,0.00000000,NO_TO_NO,NO
ZOOKEEPER,src/contrib/loggraph/src/java/org/apache/zookeeper/graph/MergedLogSource.java,10,21.0000,NO,NO,0.13000000,NO,0.23000000,NO_TO_NO,NO
ZOOKEEPER,src/contrib/bookkeeper/src/java/org/apache/bookkeeper/util/OrderedSafeExecutor.java,10,1.0000,NO,NO,0.00000000,NO,0.02000000,NO_TO_NO,NO
ZOOKEEPER,src/java/main/org/apache/jute/compiler/generated/RccConstants.java,10,4.0000,NO,NO,0.02000000,NO,0.05000000,NO_TO_NO,NO
ZOOKEEPER,src/contrib/rest/src/python/test.py,10,4.0000,NO,NO,0.00000000,NO,0.01000000,NO_TO_NO,NO
ZOOKEEPER,src/docs/src/documentation/content/xdocs/site.xml,10,1.0000,NO,NO,0.00000000,NO,0.00000000,NO_TO_NO,NO
ZOOKEEPER,src/contrib/zooinspector/src/java/org/apache/zookeeper/inspector/gui/ZooInspectorConnectionPropertiesDialog.java,10,9.0000,NO,NO,0.03000000,NO,0.16000000,NO_TO_NO,NO
ZOOKEEPER,src/java/main/org/apache/zookeeper/server/auth/AuthenticationProvider.java,10,2.0000,NO,NO,0.00000000,NO,0.03000000,NO_TO_NO,NO
ZOOKEEPER,src/contrib/zkpython/src/python/zk.py,10,13.0000,NO,NO,0.00000000,NO,0.01000000,NO_TO_NO,NO
ZOOKEEPER,src/contrib/hedwig/server/src/main/java/org/apache/hedwig/server/persistence/BookkeeperPersistenceManager.java,10,10.0000,YES,YES,0.81000000,YES,0.80000000,YES_TO_YES,NO
ZOOKEEPER,src/contrib/bookkeeper/src/java/org/apache/bookkeeper/proto/ServerStats.java,10,15.0000,NO,NO,0.01000000,NO,0.06000000,NO_TO_NO,NO
ZOOKEEPER,src/java/main/org/apache/jute/compiler/CppGenerator.java,10,1.0000,NO,NO,0.01000000,NO,0.04000000,NO_TO_NO,NO
ZOOKEEPER,src/java/main/org/apache/jute/XmlInputArchive.java,10,17.0000,NO,NO,0.00000000,NO,0.08000000,NO_TO_NO,NO
ZOOKEEPER,src/contrib/rest/src/java/org/apache/zookeeper/server/jersey/jaxb/ZPath.java,10,2.0000,NO,NO,0.01000000,NO,0.04000000,NO_TO_NO,NO
ZOOKEEPER,src/contrib/loggraph/src/java/org/apache/zookeeper/graph/filterops/XorOp.java,10,1.0000,NO,NO,0.01000000,NO,0.01000000,NO_TO_NO,NO
ZOOKEEPER,src/java/main/org/apache/zookeeper/version/util/VerGen.java,10,11.0000,YES,YES,0.83000000,YES,0.51000000,YES_TO_YES,NO
ZOOKEEPER,src/contrib/loggraph/src/java/org/apache/zookeeper/graph/filterops/LessThanOp.java,10,2.0000,NO,NO,0.00000000,NO,0.00000000,NO_TO_NO,NO
ZOOKEEPER,src/java/main/org/apache/jute/compiler/JCompType.java,10,1.0000,NO,NO,0.00000000,NO,0.01000000,NO_TO_NO,NO
ZOOKEEPER,src/recipes/lock/src/java/org/apache/zookeeper/recipes/lock/ZNodeName.java,10,4.0000,NO,NO,0.01000000,NO,0.01000000,NO_TO_NO,NO
ZOOKEEPER,src/contrib/bookkeeper/src/java/org/apache/bookkeeper/client/LedgerEntry.java,10,1.0000,NO,NO,0.02000000,NO,0.04000000,NO_TO_NO,NO
ZOOKEEPER,src/contrib/bookkeeper/src/java/org/apache/bookkeeper/client/DigestManager.java,10,1.0000,NO,NO,0.11000000,NO,0.13000000,NO_TO_NO,NO
ZOOKEEPER,src/java/main/org/apache/zookeeper/server/quorum/LearnerSessionTracker.java,10,7.0000,NO,NO,0.15000000,NO,0.19000000,NO_TO_NO,NO
ZOOKEEPER,docs/zookeeperOtherInfo.html,10,3.0000,NO,NO,0.00000000,NO,0.00000000,NO_TO_NO,NO
ZOOKEEPER,src/contrib/bookkeeper/src/java/org/apache/bookkeeper/client/BookieWatcher.java,10,13.0000,NO,NO,0.05000000,NO,0.06000000,NO_TO_NO,NO
ZOOKEEPER,src/contrib/hedwig/client/src/main/java/org/apache/hedwig/client/benchmark/BenchmarkWorker.java,10,2.0000,NO,NO,0.00000000,NO,0.00000000,NO_TO_NO,NO
ZOOKEEPER,src/contrib/fatjar/src/java/org/apache/zookeeper/util/FatJarMain.java,10,10.0000,NO,NO,0.01000000,NO,0.23000000,NO_TO_NO,NO
ZOOKEEPER,src/contrib/loggraph/src/java/org/apache/zookeeper/graph/FilterParser.java,10,5.0000,NO,NO,0.08000000,NO,0.11000000,NO_TO_NO,NO
ZOOKEEPER,src/java/main/org/apache/zookeeper/server/DataTree.java,10,52.0000,YES,YES,0.93000000,YES,0.89000000,YES_TO_YES,NO
ZOOKEEPER,src/java/main/org/apache/jute/compiler/JString.java,10,1.0000,NO,NO,0.00000000,NO,0.00000000,NO_TO_NO,NO
ZOOKEEPER,src/contrib/hedwig/server/src/main/java/org/apache/hedwig/server/subscriptions/AbstractSubscriptionManager.java,10,7.0000,NO,NO,0.03000000,NO,0.06000000,NO_TO_NO,NO
ZOOKEEPER,src/contrib/rest/src/java/org/apache/zookeeper/server/jersey/jaxb/ZError.java,10,2.0000,NO,NO,0.00000000,NO,0.00000000,NO_TO_NO,NO
ZOOKEEPER,src/contrib/zooinspector/src/java/org/apache/zookeeper/inspector/gui/ZooInspectorTreeViewer.java,10,6.0000,NO,NO,0.02000000,NO,0.22000000,NO_TO_NO,NO
ZOOKEEPER,src/contrib/hedwig/server/src/main/java/org/apache/hedwig/server/persistence/CacheValue.java,10,2.0000,NO,NO,0.00000000,NO,0.00000000,NO_TO_NO,NO
ZOOKEEPER,src/contrib/hedwig/client/src/main/java/org/apache/hedwig/client/netty/ConnectCallback.java,10,1.0000,NO,NO,0.00000000,NO,0.00000000,NO_TO_NO,NO
ZOOKEEPER,src/contrib/hedwig/client/src/main/java/org/apache/hedwig/util/CallbackUtils.java,10,8.0000,NO,NO,0.01000000,NO,0.01000000,NO_TO_NO,NO
ZOOKEEPER,src/contrib/hedwig/client/src/main/java/org/apache/hedwig/client/benchmark/BenchmarkPublisher.java,10,5.0000,NO,NO,0.00000000,NO,0.00000000,NO_TO_NO,NO
ZOOKEEPER,src/contrib/loggraph/src/java/org/apache/zookeeper/graph/FilterOp.java,10,4.0000,NO,NO,0.00000000,NO,0.01000000,NO_TO_NO,NO
ZOOKEEPER,src/contrib/rest/src/python/demo_master_election.py,10,5.0000,NO,NO,0.00000000,NO,0.01000000,NO_TO_NO,NO
ZOOKEEPER,src/contrib/hedwig/client/src/main/java/org/apache/hedwig/client/netty/HedwigSubscriber.java,10,7.0000,NO,NO,0.02000000,NO,0.05000000,NO_TO_NO,NO
ZOOKEEPER,src/contrib/hedwig/server/src/main/java/org/apache/hedwig/server/common/ServerConfiguration.java,10,28.0000,YES,YES,0.77000000,YES,0.73000000,YES_TO_YES,NO
ZOOKEEPER,src/java/main/org/apache/zookeeper/Quotas.java,10,5.0000,NO,NO,0.00000000,NO,0.05000000,NO_TO_NO,NO
ZOOKEEPER,src/java/main/org/apache/jute/CsvOutputArchive.java,10,4.0000,NO,NO,0.00000000,NO,0.07000000,NO_TO_NO,NO
ZOOKEEPER,src/contrib/hedwig/server/src/main/java/org/apache/hedwig/server/netty/PubSubServer.java,10,14.0000,NO,NO,0.00000000,NO,0.02000000,NO_TO_NO,NO
ZOOKEEPER,src/java/main/org/apache/jute/compiler/JFile.java,10,2.0000,NO,NO,0.01000000,NO,0.03000000,NO_TO_NO,NO
ZOOKEEPER,src/contrib/bookkeeper/src/java/org/apache/bookkeeper/client/LedgerCreateOp.java,10,2.0000,NO,NO,0.03000000,NO,0.07000000,NO_TO_NO,NO
ZOOKEEPER,docs/zookeeperStarted.html,10,19.0000,NO,NO,0.00000000,NO,0.00000000,NO_TO_NO,NO
ZOOKEEPER,docs/zookeeperQuotas.html,10,9.0000,NO,NO,0.00000000,NO,0.00000000,NO_TO_NO,NO
ZOOKEEPER,src/contrib/rest/src/python/demo_queue.py,10,6.0000,NO,NO,0.00000000,NO,0.01000000,NO_TO_NO,NO
ZOOKEEPER,src/contrib/monitoring/ganglia/zookeeper_ganglia.py,10,5.0000,NO,NO,0.00000000,NO,0.01000000,NO_TO_NO,NO
ZOOKEEPER,src/contrib/rest/src/java/org/apache/zookeeper/server/jersey/cfg/RestCfg.java,10,2.0000,NO,NO,0.02000000,NO,0.03000000,NO_TO_NO,NO
ZOOKEEPER,src/contrib/hedwig/server/src/main/java/org/apache/hedwig/server/handlers/ConsumeHandler.java,10,4.0000,NO,NO,0.00000000,NO,0.00000000,NO_TO_NO,NO
ZOOKEEPER,src/contrib/loggraph/src/java/org/apache/zookeeper/graph/JsonGenerator.java,10,22.0000,NO,NO,0.27000000,NO,0.32000000,NO_TO_NO,NO
ZOOKEEPER,src/contrib/hedwig/server/src/main/java/org/apache/hedwig/zookeeper/ZkUtils.java,10,1.0000,NO,NO,0.00000000,NO,0.00000000,NO_TO_NO,NO
ZOOKEEPER,src/contrib/bookkeeper/src/java/org/apache/bookkeeper/bookie/Bookie.java,10,36.0000,YES,YES,0.67000000,YES,0.62000000,YES_TO_YES,NO
ZOOKEEPER,src/java/main/org/apache/zookeeper/server/auth/IPAuthenticationProvider.java,10,12.0000,NO,NO,0.05000000,NO,0.04000000,NO_TO_NO,NO
ZOOKEEPER,src/contrib/hedwig/client/src/main/java/org/apache/hedwig/util/PathUtils.java,10,4.0000,NO,NO,0.01000000,NO,0.00000000,NO_TO_NO,NO
ZOOKEEPER,src/java/main/org/apache/zookeeper/jmx/MBeanRegistry.java,10,4.0000,YES,YES,0.98000000,YES,0.75000000,YES_TO_YES,NO
ZOOKEEPER,src/contrib/hedwig/server/src/main/java/org/apache/hedwig/server/persistence/ReadAheadCache.java,10,11.0000,NO,NO,0.05000000,NO,0.07000000,NO_TO_NO,NO
ZOOKEEPER,docs/recipes.html,10,27.0000,NO,NO,0.00000000,NO,0.00000000,NO_TO_NO,NO
ZOOKEEPER,src/java/main/org/apache/zookeeper/ClientCnxnSocket.java,10,1.0000,YES,YES,0.80000000,YES,0.76000000,YES_TO_YES,NO
ZOOKEEPER,src/contrib/hedwig/protocol/src/main/java/org/apache/hedwig/protoextensions/SubscriptionStateUtils.java,10,1.0000,NO,NO,0.00000000,NO,0.00000000,NO_TO_NO,NO
ZOOKEEPER,src/contrib/bookkeeper/src/java/org/apache/bookkeeper/proto/PerChannelBookieClient.java,10,24.0000,NO,NO,0.17000000,NO,0.26000000,NO_TO_NO,NO
ZOOKEEPER,src/contrib/loggraph/src/java/org/apache/zookeeper/graph/LogSkipList.java,10,3.0000,NO,NO,0.00000000,NO,0.00000000,NO_TO_NO,NO
ZOOKEEPER,src/contrib/zooinspector/src/java/org/apache/zookeeper/inspector/gui/nodeviewer/NodeViewerACL.java,10,3.0000,NO,NO,0.02000000,NO,0.16000000,NO_TO_NO,NO
ZOOKEEPER,src/java/main/org/apache/zookeeper/Version.java,10,4.0000,YES,YES,0.86000000,YES,0.53000000,YES_TO_YES,NO
ZOOKEEPER,docs/zookeeperJMX.html,10,13.0000,NO,NO,0.00000000,NO,0.00000000,NO_TO_NO,NO
ZOOKEEPER,src/java/main/org/apache/zookeeper/server/ServerCnxn.java,10,36.0000,NO,NO,0.21000000,NO,0.43000000,NO_TO_NO,NO
ZOOKEEPER,src/contrib/zooinspector/src/java/org/apache/zookeeper/inspector/encryption/DataEncryptionManager.java,10,2.0000,NO,NO,0.00000000,NO,0.00000000,NO_TO_NO,NO
ZOOKEEPER,src/java/main/org/apache/zookeeper/Watcher.java,10,16.0000,YES,YES,0.64000000,NO,0.47000000,YES_TO_NO,YES
ZOOKEEPER,src/java/main/org/apache/jute/compiler/JDouble.java,11,1.0000,NO,NO,0.00000000,NO,0.00000000,NO_TO_NO,NO
ZOOKEEPER,src/contrib/bookkeeper/src/java/org/apache/bookkeeper/client/PendingReadOp.java,11,5.0000,NO,NO,0.05000000,NO,0.05000000,NO_TO_NO,NO
ZOOKEEPER,src/java/main/org/apache/zookeeper/server/auth/ProviderRegistry.java,11,3.0000,NO,NO,0.00000000,NO,0.00000000,NO_TO_NO,NO
ZOOKEEPER,src/contrib/hedwig/client/src/main/java/org/apache/hedwig/client/benchmark/HedwigBenchmark.java,11,2.0000,NO,NO,0.13000000,NO,0.30000000,NO_TO_NO,NO
ZOOKEEPER,src/java/main/org/apache/jute/compiler/CGenerator.java,11,1.0000,NO,NO,0.00000000,NO,0.04000000,NO_TO_NO,NO
ZOOKEEPER,src/contrib/hedwig/client/src/main/java/org/apache/hedwig/util/FileUtils.java,11,5.0000,NO,NO,0.03000000,NO,0.01000000,NO_TO_NO,NO
ZOOKEEPER,src/contrib/hedwig/server/src/main/java/org/apache/hedwig/server/regions/RegionManager.java,11,8.0000,NO,NO,0.01000000,NO,0.13000000,NO_TO_NO,NO
ZOOKEEPER,src/java/main/org/apache/zookeeper/server/NIOServerCnxnFactory.java,11,10.0000,YES,YES,0.71000000,NO,0.48000000,YES_TO_NO,YES
ZOOKEEPER,src/contrib/hedwig/client/src/main/java/org/apache/hedwig/client/netty/WriteCallback.java,11,1.0000,NO,NO,0.01000000,NO,0.01000000,NO_TO_NO,NO
ZOOKEEPER,src/java/main/org/apache/zookeeper/server/quorum/flexible/QuorumMaj.java,11,1.0000,NO,NO,0.01000000,NO,0.06000000,NO_TO_NO,NO
ZOOKEEPER,src/java/main/org/apache/zookeeper/server/PurgeTxnLog.java,11,12.0000,NO,NO,0.00000000,NO,0.07000000,NO_TO_NO,NO
ZOOKEEPER,src/java/main/org/apache/zookeeper/server/upgrade/DataNodeV1.java,11,11.0000,NO,NO,0.00000000,NO,0.04000000,NO_TO_NO,NO
ZOOKEEPER,src/java/main/org/apache/jute/compiler/generated/SimpleCharStream.java,11,34.0000,NO,NO,0.00000000,NO,0.19000000,NO_TO_NO,NO
ZOOKEEPER,src/contrib/bookkeeper/src/java/org/apache/bookkeeper/util/LocalBookKeeper.java,11,18.0000,NO,NO,0.08000000,NO,0.13000000,NO_TO_NO,NO
ZOOKEEPER,src/contrib/hedwig/server/src/main/java/org/apache/hedwig/server/netty/PubSubServerPipelineFactory.java,11,5.0000,NO,NO,0.01000000,NO,0.01000000,NO_TO_NO,NO
ZOOKEEPER,src/java/main/org/apache/jute/compiler/generated/RccTokenManager.java,11,84.0000,NO,NO,0.00000000,NO,0.19000000,NO_TO_NO,NO
ZOOKEEPER,src/contrib/rest/src/java/org/apache/zookeeper/server/jersey/resources/JAXBContextResolver.java,11,3.0000,NO,NO,0.00000000,NO,0.16000000,NO_TO_NO,NO
ZOOKEEPER,src/contrib/loggraph/src/java/org/apache/zookeeper/graph/RandomAccessFileReader.java,11,28.0000,NO,NO,0.09000000,NO,0.36000000,NO_TO_NO,NO
ZOOKEEPER,src/contrib/hedwig/server/src/main/java/org/apache/hedwig/server/benchmark/AbstractBenchmark.java,11,5.0000,NO,NO,0.01000000,NO,0.00000000,NO_TO_NO,NO
ZOOKEEPER,src/java/main/org/apache/jute/compiler/JField.java,11,1.0000,NO,NO,0.00000000,NO,0.01000000,NO_TO_NO,NO
ZOOKEEPER,src/java/main/org/apache/zookeeper/server/quorum/LeaderBean.java,11,1.0000,NO,NO,0.02000000,NO,0.02000000,NO_TO_NO,NO
ZOOKEEPER,src/java/main/org/apache/zookeeper/client/ConnectStringParser.java,11,4.0000,NO,NO,0.02000000,NO,0.04000000,NO_TO_NO,NO
ZOOKEEPER,src/contrib/hedwig/client/src/main/java/org/apache/hedwig/client/benchmark/BenchmarkSubscriber.java,11,4.0000,NO,NO,0.01000000,NO,0.14000000,NO_TO_NO,NO
ZOOKEEPER,src/contrib/bookkeeper/src/java/org/apache/bookkeeper/client/BookKeeper.java,11,6.0000,NO,NO,0.12000000,NO,0.15000000,NO_TO_NO,NO
ZOOKEEPER,src/contrib/hedwig/server/src/main/java/org/apache/hedwig/server/common/TopicOpQueuer.java,11,8.0000,NO,NO,0.02000000,NO,0.09000000,NO_TO_NO,NO
ZOOKEEPER,src/java/main/org/apache/zookeeper/server/quorum/flexible/QuorumHierarchical.java,11,14.0000,NO,NO,0.00000000,NO,0.09000000,NO_TO_NO,NO
ZOOKEEPER,docs/zookeeperInternals.html,11,25.0000,NO,NO,0.00000000,NO,0.00000000,NO_TO_NO,NO
ZOOKEEPER,src/contrib/hedwig/server/src/main/java/org/apache/hedwig/server/proxy/HedwigProxy.java,11,4.0000,NO,NO,0.04000000,NO,0.10000000,NO_TO_NO,NO
ZOOKEEPER,src/contrib/bookkeeper/src/java/org/apache/bookkeeper/bookie/BufferedChannel.java,11,6.0000,NO,NO,0.00000000,NO,0.04000000,NO_TO_NO,NO
ZOOKEEPER,src/contrib/hedwig/server/src/main/java/org/apache/hedwig/server/delivery/FIFODeliveryManager.java,11,9.0000,NO,NO,0.06000000,NO,0.21000000,NO_TO_NO,NO
ZOOKEEPER,docs/releasenotes.html,11,19.0000,NO,NO,0.00000000,NO,0.00000000,NO_TO_NO,NO
ZOOKEEPER,docs/bookkeeperConfig.html,11,9.0000,NO,NO,0.00000000,NO,0.00000000,NO_TO_NO,NO
ZOOKEEPER,src/java/main/org/apache/zookeeper/server/upgrade/DataTreeV1.java,11,32.0000,NO,NO,0.04000000,YES,0.52000000,NO_TO_YES,NO
ZOOKEEPER,src/contrib/bookkeeper/src/java/org/apache/bookkeeper/bookie/LedgerCache.java,11,36.0000,NO,NO,0.01000000,NO,0.15000000,NO_TO_NO,NO
ZOOKEEPER,docs/bookkeeperStarted.html,11,15.0000,NO,NO,0.00000000,NO,0.00000000,NO_TO_NO,NO
ZOOKEEPER,src/contrib/hedwig/client/src/main/java/org/apache/hedwig/client/ssl/SslClientContextFactory.java,11,1.0000,NO,NO,0.00000000,NO,0.00000000,NO_TO_NO,NO
ZOOKEEPER,src/java/main/org/apache/zookeeper/common/PathUtils.java,11,4.0000,NO,NO,0.00000000,NO,0.02000000,NO_TO_NO,NO
ZOOKEEPER,src/java/main/org/apache/jute/RecordWriter.java,11,17.0000,NO,NO,0.00000000,NO,0.05000000,NO_TO_NO,NO
ZOOKEEPER,src/contrib/bookkeeper/src/java/org/apache/bookkeeper/client/LedgerRecoveryOp.java,11,1.0000,NO,NO,0.25000000,NO,0.27000000,NO_TO_NO,NO
ZOOKEEPER,src/java/main/org/apache/zookeeper/server/ServerCnxnFactory.java,11,7.0000,NO,NO,0.03000000,NO,0.19000000,NO_TO_NO,NO
ZOOKEEPER,src/contrib/monitoring/check_zookeeper.py,11,18.0000,NO,NO,0.00000000,NO,0.01000000,NO_TO_NO,NO
ZOOKEEPER,src/contrib/loggraph/src/java/org/apache/zookeeper/graph/servlets/StaticContent.java,11,1.0000,NO,NO,0.00000000,NO,0.01000000,NO_TO_NO,NO
ZOOKEEPER,src/java/main/org/apache/zookeeper/server/persistence/Util.java,11,9.0000,YES,YES,0.94000000,YES,0.60000000,YES_TO_YES,NO
ZOOKEEPER,src/java/main/org/apache/zookeeper/ClientCnxn.java,11,28.0000,YES,YES,0.99000000,YES,0.98000000,YES_TO_YES,NO
ZOOKEEPER,src/java/main/org/apache/zookeeper/server/quorum/QuorumPeerConfig.java,11,14.0000,NO,NO,0.29000000,NO,0.50000000,NO_TO_NO,NO
ZOOKEEPER,src/java/main/org/apache/jute/compiler/JRecord.java,11,37.0000,NO,NO,0.04000000,NO,0.37000000,NO_TO_NO,NO
ZOOKEEPER,src/contrib/loggraph/src/java/org/apache/zookeeper/graph/LogEntry.java,11,6.0000,NO,NO,0.00000000,NO,0.24000000,NO_TO_NO,NO
ZOOKEEPER,src/contrib/hedwig/client/src/main/java/org/apache/hedwig/client/handlers/SubscribeResponseHandler.java,11,4.0000,NO,NO,0.07000000,NO,0.20000000,NO_TO_NO,NO
ZOOKEEPER,src/contrib/bookkeeper/src/java/org/apache/bookkeeper/bookie/LedgerDescriptor.java,11,7.0000,NO,NO,0.02000000,NO,0.05000000,NO_TO_NO,NO
ZOOKEEPER,src/java/main/org/apache/jute/Utils.java,11,15.0000,NO,NO,0.00000000,NO,0.23000000,NO_TO_NO,NO
ZOOKEEPER,src/java/main/org/apache/zookeeper/jmx/CommonNames.java,11,2.0000,NO,NO,0.00000000,NO,0.00000000,NO_TO_NO,NO
ZOOKEEPER,src/contrib/loggraph/src/java/org/apache/zookeeper/graph/LogIterator.java,11,2.0000,NO,NO,0.00000000,NO,0.00000000,NO_TO_NO,NO
ZOOKEEPER,src/contrib/hedwig/server/src/main/java/org/apache/hedwig/server/persistence/ScanCallback.java,11,1.0000,NO,NO,0.01000000,NO,0.02000000,NO_TO_NO,NO
ZOOKEEPER,src/contrib/zkpython/src/examples/watch_znode_for_changes.py,11,3.0000,NO,NO,0.00000000,NO,0.01000000,NO_TO_NO,NO
ZOOKEEPER,src/java/main/org/apache/zookeeper/server/ServerStats.java,11,11.0000,YES,YES,1.00000000,YES,0.69000000,YES_TO_YES,NO
ZOOKEEPER,src/java/main/org/apache/jute/compiler/generated/Rcc.java,11,133.0000,NO,NO,0.00000000,NO,0.18000000,NO_TO_NO,NO
ZOOKEEPER,src/java/main/org/apache/zookeeper/server/quorum/Leader.java,11,51.0000,YES,YES,0.91000000,YES,0.89000000,YES_TO_YES,NO
ZOOKEEPER,src/java/main/org/apache/zookeeper/server/ZooKeeperServer.java,11,25.0000,YES,YES,1.00000000,YES,0.97000000,YES_TO_YES,NO
ZOOKEEPER,src/java/main/org/apache/zookeeper/ZooKeeperMain.java,11,77.0000,YES,YES,0.97000000,YES,0.91000000,YES_TO_YES,NO
ZOOKEEPER,src/java/main/org/apache/zookeeper/ZooKeeper.java,11,27.0000,YES,YES,1.00000000,YES,0.99000000,YES_TO_YES,NO
ZOOKEEPER,src/java/main/org/apache/zookeeper/Environment.java,11,2.0000,NO,NO,0.00000000,NO,0.03000000,NO_TO_NO,NO
ZOOKEEPER,src/contrib/zooinspector/src/java/org/apache/zookeeper/inspector/manager/ZooInspectorManagerImpl.java,11,26.0000,NO,NO,0.01000000,NO,0.23000000,NO_TO_NO,NO
ZOOKEEPER,docs/zookeeperHierarchicalQuorums.html,11,1.0000,NO,NO,0.00000000,NO,0.00000000,NO_TO_NO,NO
ZOOKEEPER,src/java/main/org/apache/zookeeper/server/quorum/QuorumStats.java,11,5.0000,NO,NO,0.00000000,NO,0.03000000,NO_TO_NO,NO
ZOOKEEPER,src/contrib/hedwig/server/src/main/java/org/apache/hedwig/server/proxy/ChannelTracker.java,11,8.0000,NO,NO,0.05000000,NO,0.20000000,NO_TO_NO,NO
ZOOKEEPER,src/contrib/bookkeeper/src/java/org/apache/bookkeeper/client/LedgerHandle.java,11,5.0000,NO,NO,0.34000000,NO,0.35000000,NO_TO_NO,NO
ZOOKEEPER,src/java/main/org/apache/jute/compiler/JMap.java,11,10.0000,NO,NO,0.01000000,NO,0.12000000,NO_TO_NO,NO
ZOOKEEPER,src/java/main/org/apache/zookeeper/server/TraceFormatter.java,11,4.0000,NO,NO,0.00000000,NO,0.01000000,NO_TO_NO,NO
ZOOKEEPER,src/contrib/hedwig/server/src/main/java/org/apache/hedwig/server/topics/ZkTopicManager.java,11,3.0000,NO,NO,0.13000000,NO,0.21000000,NO_TO_NO,NO
ZOOKEEPER,src/contrib/hedwig/client/src/main/java/org/apache/hedwig/client/netty/ResponseHandler.java,11,5.0000,NO,NO,0.05000000,NO,0.12000000,NO_TO_NO,NO
ZOOKEEPER,src/java/main/org/apache/zookeeper/server/auth/DigestAuthenticationProvider.java,11,14.0000,NO,NO,0.03000000,NO,0.17000000,NO_TO_NO,NO
ZOOKEEPER,docs/zookeeperTutorial.html,11,9.0000,NO,NO,0.00000000,NO,0.00000000,NO_TO_NO,NO
ZOOKEEPER,src/contrib/hedwig/server/src/main/java/org/apache/hedwig/server/subscriptions/SubscriptionManager.java,11,1.0000,NO,NO,0.01000000,NO,0.02000000,NO_TO_NO,NO
ZOOKEEPER,src/contrib/hedwig/protocol/src/main/java/org/apache/hedwig/protoextensions/MessageIdUtils.java,11,2.0000,NO,NO,0.05000000,NO,0.07000000,NO_TO_NO,NO
ZOOKEEPER,src/contrib/bookkeeper/src/java/org/apache/bookkeeper/util/Main.java,11,2.0000,NO,NO,0.01000000,NO,0.05000000,NO_TO_NO,NO
ZOOKEEPER,src/java/main/org/apache/zookeeper/server/ZooKeeperServerMain.java,11,2.0000,NO,NO,0.06000000,NO,0.09000000,NO_TO_NO,NO
ZOOKEEPER,docs/bookkeeperStream.html,11,7.0000,NO,NO,0.00000000,NO,0.00000000,NO_TO_NO,NO
ZOOKEEPER,src/java/main/org/apache/zookeeper/server/ZooTrace.java,11,16.0000,NO,NO,0.01000000,NO,0.04000000,NO_TO_NO,NO
ZOOKEEPER,src/java/main/org/apache/zookeeper/server/quorum/QuorumCnxManager.java,11,15.0000,YES,YES,0.99000000,YES,0.99000000,YES_TO_YES,NO
ZOOKEEPER,src/contrib/zooinspector/src/java/org/apache/zookeeper/inspector/logger/LoggerFactory.java,11,1.0000,NO,NO,0.00000000,NO,0.00000000,NO_TO_NO,NO
ZOOKEEPER,src/contrib/loggraph/src/java/org/apache/zookeeper/graph/filterops/NumberArg.java,11,1.0000,NO,NO,0.00000000,NO,0.00000000,NO_TO_NO,NO
ZOOKEEPER,src/java/main/org/apache/zookeeper/jmx/ManagedUtil.java,11,3.0000,NO,NO,0.00000000,NO,0.07000000,NO_TO_NO,NO
ZOOKEEPER,src/contrib/huebrowser/zkui/src/zkui/utils.py,11,1.0000,NO,NO,0.00000000,NO,0.00000000,NO_TO_NO,NO
ZOOKEEPER,src/contrib/hedwig/protocol/src/main/java/org/apache/hedwig/protoextensions/PubSubResponseUtils.java,11,1.0000,NO,NO,0.01000000,NO,0.02000000,NO_TO_NO,NO
ZOOKEEPER,src/contrib/huebrowser/zkui/src/zkui/stats.py,11,2.0000,NO,NO,0.00000000,NO,0.01000000,NO_TO_NO,NO
ZOOKEEPER,src/java/main/org/apache/jute/compiler/generated/Token.java,11,10.0000,NO,NO,0.00000000,NO,0.07000000,NO_TO_NO,NO
ZOOKEEPER,src/contrib/bookkeeper/src/java/org/apache/bookkeeper/proto/BookieProtocol.java,11,1.0000,NO,NO,0.00000000,NO,0.01000000,NO_TO_NO,NO
ZOOKEEPER,src/contrib/hedwig/server/src/main/java/org/apache/hedwig/zookeeper/SafeAsyncZKCallback.java,11,8.0000,NO,NO,0.01000000,NO,0.02000000,NO_TO_NO,NO
ZOOKEEPER,src/java/main/org/apache/zookeeper/server/LogFormatter.java,11,6.0000,YES,YES,0.88000000,YES,0.57000000,YES_TO_YES,NO
ZOOKEEPER,src/java/main/org/apache/zookeeper/server/quorum/FastLeaderElection.java,11,29.0000,YES,YES,0.99000000,YES,0.94000000,YES_TO_YES,NO
ZOOKEEPER,src/java/main/org/apache/jute/compiler/JType.java,11,8.0000,NO,NO,0.00000000,NO,0.02000000,NO_TO_NO,NO
ZOOKEEPER,src/docs/status.xml,11,1.0000,NO,NO,0.00000000,NO,0.00000000,NO_TO_NO,NO
ZOOKEEPER,src/java/main/org/apache/zookeeper/common/PathTrie.java,11,3.0000,NO,NO,0.02000000,NO,0.06000000,NO_TO_NO,NO
ZOOKEEPER,src/contrib/hedwig/server/src/main/java/org/apache/hedwig/server/benchmark/FakeBookie.java,11,1.0000,NO,NO,0.01000000,NO,0.01000000,NO_TO_NO,NO
ZOOKEEPER,src/java/main/org/apache/zookeeper/server/upgrade/UpgradeSnapShotV1.java,11,6.0000,YES,YES,0.79000000,YES,0.61000000,YES_TO_YES,NO
ZOOKEEPER,src/java/main/org/apache/zookeeper/server/SyncRequestProcessor.java,11,7.0000,YES,YES,0.98000000,YES,0.84000000,YES_TO_YES,NO
ZOOKEEPER,src/contrib/hedwig/scripts/analyze.py,11,18.0000,NO,NO,0.00000000,NO,0.01000000,NO_TO_NO,NO
ZOOKEEPER,src/java/main/org/apache/zookeeper/server/FinalRequestProcessor.java,11,5.0000,YES,YES,0.95000000,YES,0.93000000,YES_TO_YES,NO
ZOOKEEPER,src/java/main/org/apache/zookeeper/server/quorum/CommitProcessor.java,11,8.0000,YES,YES,0.95000000,YES,0.88000000,YES_TO_YES,NO
ZOOKEEPER,src/contrib/bookkeeper/src/java/org/apache/bookkeeper/util/MathUtils.java,11,1.0000,NO,NO,0.00000000,NO,0.00000000,NO_TO_NO,NO
ZOOKEEPER,src/contrib/loggraph/src/java/org/apache/zookeeper/graph/servlets/Throughput.java,11,5.0000,NO,NO,0.11000000,NO,0.10000000,NO_TO_NO,NO
ZOOKEEPER,src/java/main/org/apache/zookeeper/server/SessionTrackerImpl.java,11,13.0000,YES,YES,0.98000000,YES,0.82000000,YES_TO_YES,NO
ZOOKEEPER,src/contrib/loggraph/src/java/org/apache/zookeeper/graph/filterops/StringArg.java,11,1.0000,NO,NO,0.00000000,NO,0.00000000,NO_TO_NO,NO
ZOOKEEPER,src/contrib/hedwig/server/src/main/java/org/apache/hedwig/server/proxy/ProxyStartDeliveryHandler.java,11,2.0000,NO,NO,0.07000000,NO,0.14000000,NO_TO_NO,NO
ZOOKEEPER,src/contrib/hedwig/client/src/main/java/org/apache/hedwig/client/benchmark/BenchmarkUtils.java,11,8.0000,NO,NO,0.04000000,NO,0.14000000,NO_TO_NO,NO
ZOOKEEPER,src/contrib/bookkeeper/src/java/org/apache/bookkeeper/bookie/EntryLogger.java,11,30.0000,NO,NO,0.01000000,NO,0.13000000,NO_TO_NO,NO
ZOOKEEPER,src/contrib/zooinspector/src/java/org/apache/zookeeper/inspector/gui/ZooInspectorPanel.java,11,16.0000,NO,NO,0.03000000,NO,0.08000000,NO_TO_NO,NO
ZOOKEEPER,src/contrib/bookkeeper/src/java/org/apache/bookkeeper/bookie/FileInfo.java,11,7.0000,NO,NO,0.07000000,NO,0.12000000,NO_TO_NO,NO
ZOOKEEPER,src/java/main/org/apache/jute/BinaryInputArchive.java,11,11.0000,NO,NO,0.04000000,NO,0.04000000,NO_TO_NO,NO
ZOOKEEPER,src/contrib/hedwig/server/src/main/java/org/apache/hedwig/zookeeper/SafeAsynBKCallback.java,11,5.0000,NO,NO,0.00000000,NO,0.00000000,NO_TO_NO,NO
ZOOKEEPER,src/contrib/rest/src/java/org/apache/zookeeper/server/jersey/cfg/HostPortSet.java,11,2.0000,NO,NO,0.00000000,NO,0.00000000,NO_TO_NO,NO
ZOOKEEPER,src/contrib/monitoring/test.py,11,2.0000,NO,NO,0.00000000,NO,0.01000000,NO_TO_NO,NO
ZOOKEEPER,src/contrib/loggraph/src/java/org/apache/zookeeper/graph/filterops/GreaterThanOp.java,11,3.0000,NO,NO,0.05000000,NO,0.09000000,NO_TO_NO,NO
ZOOKEEPER,src/contrib/bookkeeper/src/java/org/apache/bookkeeper/client/LedgerMetadata.java,11,14.0000,NO,NO,0.05000000,NO,0.04000000,NO_TO_NO,NO
ZOOKEEPER,src/contrib/bookkeeper/benchmark/org/apache/bookkeeper/benchmark/TestClient.java,11,11.0000,NO,NO,0.24000000,NO,0.34000000,NO_TO_NO,NO
ZOOKEEPER,src/contrib/hedwig/client/src/main/java/org/apache/hedwig/client/netty/HedwigClient.java,11,3.0000,NO,NO,0.10000000,NO,0.32000000,NO_TO_NO,NO
ZOOKEEPER,src/java/main/org/apache/zookeeper/server/DataNode.java,11,10.0000,YES,YES,0.80000000,YES,0.54000000,YES_TO_YES,NO
ZOOKEEPER,docs/bookkeeperOverview.html,11,19.0000,NO,NO,0.00000000,NO,0.00000000,NO_TO_NO,NO
ZOOKEEPER,src/contrib/bookkeeper/benchmark/org/apache/bookkeeper/benchmark/MySqlClient.java,11,11.0000,NO,NO,0.02000000,NO,0.14000000,NO_TO_NO,NO
ZOOKEEPER,docs/bookkeeperProgrammer.html,11,17.0000,NO,NO,0.00000000,NO,0.00000000,NO_TO_NO,NO
ZOOKEEPER,src/contrib/hedwig/server/src/main/java/org/apache/hedwig/server/ssl/SslServerContextFactory.java,11,1.0000,NO,NO,0.00000000,NO,0.00000000,NO_TO_NO,NO
ZOOKEEPER,src/contrib/rest/src/python/zk_dump_tree.py,11,10.0000,NO,NO,0.00000000,NO,0.01000000,NO_TO_NO,NO
ZOOKEEPER,src/contrib/rest/src/java/org/apache/zookeeper/server/jersey/resources/SessionsResource.java,11,2.0000,NO,NO,0.00000000,NO,0.16000000,NO_TO_NO,NO
ZOOKEEPER,src/java/main/org/apache/jute/BinaryOutputArchive.java,11,7.0000,NO,NO,0.00000000,NO,0.08000000,NO_TO_NO,NO
ZOOKEEPER,src/contrib/hedwig/server/src/main/java/org/apache/hedwig/server/common/ByteStringInterner.java,11,3.0000,NO,NO,0.05000000,NO,0.04000000,NO_TO_NO,NO
ZOOKEEPER,src/contrib/loggraph/src/java/org/apache/zookeeper/graph/MeasureThroughput.java,11,11.0000,NO,NO,0.01000000,NO,0.01000000,NO_TO_NO,NO
ZOOKEEPER,src/contrib/huebrowser/zkui/src/zkui/views.py,11,1.0000,NO,NO,0.00000000,NO,0.01000000,NO_TO_NO,NO
ZOOKEEPER,src/java/main/org/apache/zookeeper/server/quorum/FollowerZooKeeperServer.java,11,3.0000,NO,NO,0.04000000,NO,0.14000000,NO_TO_NO,NO
ZOOKEEPER,src/java/main/org/apache/zookeeper/server/WatchManager.java,11,5.0000,NO,NO,0.07000000,NO,0.18000000,NO_TO_NO,NO
ZOOKEEPER,docs/zookeeperProgrammers.html,11,68.0000,NO,NO,0.00000000,NO,0.00000000,NO_TO_NO,NO
ZOOKEEPER,src/contrib/loggraph/src/java/org/apache/zookeeper/graph/servlets/Fs.java,11,2.0000,NO,NO,0.00000000,NO,0.08000000,NO_TO_NO,NO
ZOOKEEPER,src/contrib/rest/src/java/org/apache/zookeeper/server/jersey/resources/ZNodeResource.java,11,3.0000,NO,NO,0.01000000,NO,0.07000000,NO_TO_NO,NO
ZOOKEEPER,src/contrib/zooinspector/src/java/org/apache/zookeeper/retry/ZooKeeperRetry.java,11,5.0000,NO,NO,0.03000000,NO,0.17000000,NO_TO_NO,NO
ZOOKEEPER,src/java/main/org/apache/zookeeper/server/util/SerializeUtils.java,11,2.0000,YES,YES,0.82000000,YES,0.54000000,YES_TO_YES,NO
ZOOKEEPER,src/contrib/bookkeeper/src/java/org/apache/bookkeeper/bookie/LedgerEntryPage.java,11,7.0000,NO,NO,0.03000000,NO,0.18000000,NO_TO_NO,NO
ZOOKEEPER,src/contrib/loggraph/src/java/org/apache/zookeeper/graph/LogServer.java,11,2.0000,NO,NO,0.01000000,NO,0.16000000,NO_TO_NO,NO
ZOOKEEPER,src/java/main/org/apache/zookeeper/server/quorum/ObserverRequestProcessor.java,11,1.0000,YES,YES,0.78000000,YES,0.62000000,YES_TO_YES,NO
ZOOKEEPER,src/contrib/zooinspector/src/java/org/apache/zookeeper/inspector/gui/nodeviewer/NodeViewerData.java,11,4.0000,NO,NO,0.01000000,NO,0.16000000,NO_TO_NO,NO
ZOOKEEPER,src/contrib/loggraph/src/java/org/apache/zookeeper/graph/servlets/NumEvents.java,11,3.0000,NO,NO,0.16000000,NO,0.04000000,NO_TO_NO,NO
ZOOKEEPER,src/recipes/lock/src/java/org/apache/zookeeper/recipes/lock/WriteLock.java,11,3.0000,NO,NO,0.00000000,NO,0.08000000,NO_TO_NO,NO
ZOOKEEPER,src/contrib/bookkeeper/src/java/org/apache/bookkeeper/proto/BookieClient.java,11,5.0000,NO,NO,0.05000000,NO,0.09000000,NO_TO_NO,NO
ZOOKEEPER,src/contrib/hedwig/client/src/main/java/org/apache/hedwig/util/Pair.java,11,1.0000,NO,NO,0.00000000,NO,0.00000000,NO_TO_NO,NO
ZOOKEEPER,src/java/main/org/apache/zookeeper/ZooDefs.java,11,28.0000,NO,NO,0.02000000,NO,0.10000000,NO_TO_NO,NO
ZOOKEEPER,src/contrib/rest/src/java/org/apache/zookeeper/server/jersey/jaxb/ZChildren.java,11,7.0000,NO,NO,0.00000000,NO,0.34000000,NO_TO_NO,NO
ZOOKEEPER,src/contrib/hedwig/server/src/main/java/org/apache/hedwig/server/proxy/ProxyConfiguration.java,11,2.0000,NO,NO,0.00000000,NO,0.00000000,NO_TO_NO,NO
ZOOKEEPER,src/contrib/bookkeeper/src/java/org/apache/bookkeeper/streaming/LedgerInputStream.java,11,2.0000,NO,NO,0.00000000,NO,0.03000000,NO_TO_NO,NO
ZOOKEEPER,src/java/main/org/apache/zookeeper/server/quorum/Vote.java,11,4.0000,YES,YES,0.96000000,YES,0.61000000,YES_TO_YES,NO
ZOOKEEPER,src/java/main/org/apache/zookeeper/server/PrepRequestProcessor.java,11,13.0000,YES,YES,1.00000000,YES,0.97000000,YES_TO_YES,NO
ZOOKEEPER,src/java/main/org/apache/jute/RecordReader.java,11,9.0000,NO,NO,0.00000000,NO,0.06000000,NO_TO_NO,NO
ZOOKEEPER,src/java/main/org/apache/zookeeper/server/quorum/LeaderElection.java,11,16.0000,NO,NO,0.24000000,NO,0.49000000,NO_TO_NO,NO
ZOOKEEPER,src/contrib/bookkeeper/src/java/org/apache/bookkeeper/proto/BookieServer.java,11,7.0000,YES,YES,0.89000000,YES,0.81000000,YES_TO_YES,NO
ZOOKEEPER,src/java/main/org/apache/zookeeper/server/quorum/Learner.java,11,8.0000,YES,YES,0.94000000,YES,0.91000000,YES_TO_YES,NO
ZOOKEEPER,src/contrib/bookkeeper/src/java/org/apache/bookkeeper/streaming/LedgerOutputStream.java,11,1.0000,NO,NO,0.01000000,NO,0.01000000,NO_TO_NO,NO
ZOOKEEPER,src/contrib/rest/src/python/zkrest.py,11,1.0000,NO,NO,0.00000000,NO,0.01000000,NO_TO_NO,NO
ZOOKEEPER,src/contrib/hedwig/protocol/src/main/java/org/apache/hedwig/exceptions/PubSubException.java,11,1.0000,NO,NO,0.04000000,NO,0.19000000,NO_TO_NO,NO
ZOOKEEPER,src/contrib/rest/src/java/org/apache/zookeeper/server/jersey/ZooKeeperService.java,11,14.0000,NO,NO,0.03000000,NO,0.11000000,NO_TO_NO,NO
ZOOKEEPER,src/contrib/hedwig/server/src/main/java/org/apache/hedwig/server/subscriptions/ZkSubscriptionManager.java,11,6.0000,NO,NO,0.01000000,NO,0.13000000,NO_TO_NO,NO
ZOOKEEPER,src/java/main/org/apache/zookeeper/server/quorum/AuthFastLeaderElection.java,11,45.0000,YES,YES,1.00000000,YES,0.98000000,YES_TO_YES,NO
ZOOKEEPER,src/contrib/hedwig/server/src/main/java/org/apache/hedwig/zookeeper/SafeAsyncCallback.java,11,1.0000,NO,NO,0.00000000,NO,0.00000000,NO_TO_NO,NO
ZOOKEEPER,src/contrib/bookkeeper/src/java/org/apache/bookkeeper/client/BKException.java,11,19.0000,NO,NO,0.20000000,NO,0.21000000,NO_TO_NO,NO
ZOOKEEPER,src/java/main/org/apache/zookeeper/server/Request.java,11,8.0000,YES,YES,0.97000000,YES,0.76000000,YES_TO_YES,NO
ZOOKEEPER,src/contrib/loggraph/src/java/org/apache/zookeeper/graph/servlets/JsonServlet.java,11,4.0000,NO,NO,0.03000000,NO,0.22000000,NO_TO_NO,NO
ZOOKEEPER,src/contrib/bookkeeper/src/java/org/apache/bookkeeper/client/MacDigestManager.java,11,6.0000,NO,NO,0.00000000,NO,0.23000000,NO_TO_NO,NO
ZOOKEEPER,src/java/main/org/apache/zookeeper/KeeperException.java,11,75.0000,NO,NO,0.00000000,NO,0.24000000,NO_TO_NO,NO
ZOOKEEPER,src/contrib/hedwig/server/src/main/java/org/apache/hedwig/server/persistence/MapMethods.java,11,2.0000,NO,NO,0.01000000,NO,0.03000000,NO_TO_NO,NO
ZOOKEEPER,src/java/main/org/apache/zookeeper/server/ZKDatabase.java,11,10.0000,YES,YES,0.95000000,YES,0.81000000,YES_TO_YES,NO
ZOOKEEPER,src/java/main/org/apache/zookeeper/server/quorum/QuorumPeer.java,11,33.0000,YES,YES,1.00000000,YES,0.96000000,YES_TO_YES,NO
ZOOKEEPER,src/java/main/org/apache/jute/XmlOutputArchive.java,11,8.0000,NO,NO,0.01000000,NO,0.14000000,NO_TO_NO,NO
ZOOKEEPER,src/recipes/lock/src/java/org/apache/zookeeper/recipes/lock/ProtocolSupport.java,11,2.0000,NO,NO,0.00000000,NO,0.09000000,NO_TO_NO,NO
ZOOKEEPER,src/contrib/rest/src/java/org/apache/zookeeper/server/jersey/jaxb/ZChildrenJSON.java,11,8.0000,NO,NO,0.00000000,NO,0.42000000,NO_TO_NO,NO
ZOOKEEPER,src/contrib/bookkeeper/src/java/org/apache/bookkeeper/bookie/MarkerFileChannel.java,11,17.0000,NO,NO,0.02000000,NO,0.09000000,NO_TO_NO,NO
ZOOKEEPER,src/java/main/org/apache/zookeeper/WatchedEvent.java,11,2.0000,NO,NO,0.00000000,NO,0.04000000,NO_TO_NO,NO
ZOOKEEPER,src/contrib/zooinspector/src/java/org/apache/zookeeper/inspector/gui/ZooInspectorNodeViewersPanel.java,11,7.0000,NO,NO,0.02000000,NO,0.17000000,NO_TO_NO,NO
ZOOKEEPER,src/java/main/org/apache/zookeeper/server/util/Profiler.java,11,1.0000,NO,NO,0.02000000,NO,0.04000000,NO_TO_NO,NO
ZOOKEEPER,src/contrib/hedwig/client/src/main/java/org/apache/hedwig/util/Option.java,11,2.0000,NO,NO,0.00000000,NO,0.00000000,NO_TO_NO,NO
ZOOKEEPER,src/contrib/loggraph/src/java/org/apache/zookeeper/graph/filterops/SymbolArg.java,11,1.0000,NO,NO,0.00000000,NO,0.00000000,NO_TO_NO,NO
ZOOKEEPER,src/java/main/org/apache/jute/compiler/JBuffer.java,11,1.0000,NO,NO,0.02000000,NO,0.03000000,NO_TO_NO,NO
ZOOKEEPER,src/java/main/org/apache/zookeeper/CreateMode.java,11,1.0000,NO,NO,0.06000000,NO,0.09000000,NO_TO_NO,NO
ZOOKEEPER,src/docs/src/documentation/skinconf.xml,11,6.0000,NO,NO,0.00000000,NO,0.00000000,NO_TO_NO,NO
ZOOKEEPER,src/contrib/rest/src/java/org/apache/zookeeper/server/jersey/jaxb/ZStat.java,11,16.0000,NO,NO,0.00000000,NO,0.03000000,NO_TO_NO,NO
ZOOKEEPER,src/java/main/org/apache/zookeeper/server/quorum/QuorumPeerMain.java,11,2.0000,NO,NO,0.10000000,NO,0.12000000,NO_TO_NO,NO
ZOOKEEPER,src/java/main/org/apache/zookeeper/server/NettyServerCnxn.java,11,14.0000,YES,YES,0.66000000,NO,0.43000000,YES_TO_NO,YES
ZOOKEEPER,src/contrib/bookkeeper/src/java/org/apache/bookkeeper/client/PendingAddOp.java,11,1.0000,NO,NO,0.05000000,NO,0.03000000,NO_TO_NO,NO
ZOOKEEPER,src/contrib/hedwig/client/src/main/java/org/apache/hedwig/client/data/PubSubData.java,11,10.0000,NO,NO,0.01000000,NO,0.16000000,NO_TO_NO,NO
ZOOKEEPER,src/contrib/loggraph/src/java/org/apache/zookeeper/graph/servlets/FileLoader.java,11,2.0000,NO,NO,0.06000000,NO,0.12000000,NO_TO_NO,NO
ZOOKEEPER,src/java/main/org/apache/zookeeper/server/quorum/ProposalRequestProcessor.java,11,1.0000,YES,YES,0.74000000,YES,0.60000000,YES_TO_YES,NO
ZOOKEEPER,src/java/main/org/apache/zookeeper/server/upgrade/UpgradeSnapShot.java,11,1.0000,NO,NO,0.00000000,NO,0.00000000,NO_TO_NO,NO
ZOOKEEPER,src/java/main/org/apache/zookeeper/server/persistence/FileTxnLog.java,11,11.0000,YES,YES,0.97000000,YES,0.92000000,YES_TO_YES,NO
ZOOKEEPER,src/java/main/org/apache/zookeeper/server/persistence/FileTxnSnapLog.java,11,10.0000,YES,YES,0.97000000,YES,0.89000000,YES_TO_YES,NO
ZOOKEEPER,src/contrib/hedwig/server/src/main/java/org/apache/hedwig/server/subscriptions/AllToAllTopologyFilter.java,11,1.0000,NO,NO,0.00000000,NO,0.00000000,NO_TO_NO,NO
ZOOKEEPER,src/contrib/zooinspector/src/java/org/apache/zookeeper/inspector/gui/ZooInspectorIconResources.java,11,1.0000,NO,NO,0.03000000,NO,0.06000000,NO_TO_NO,NO
ZOOKEEPER,docs/zookeeperOver.html,11,35.0000,NO,NO,0.00000000,NO,0.00000000,NO_TO_NO,NO
ZOOKEEPER,src/java/main/org/apache/jute/compiler/generated/ParseException.java,11,15.0000,NO,NO,0.00000000,NO,0.15000000,NO_TO_NO,NO
ZOOKEEPER,src/contrib/zooinspector/src/java/org/apache/zookeeper/inspector/gui/ZooInspectorAboutDialog.java,11,1.0000,NO,NO,0.01000000,NO,0.02000000,NO_TO_NO,NO
ZOOKEEPER,src/contrib/bookkeeper/src/java/org/apache/bookkeeper/tools/BookKeeperTools.java,11,28.0000,NO,NO,0.14000000,NO,0.28000000,NO_TO_NO,NO
ZOOKEEPER,src/java/main/org/apache/zookeeper/AsyncCallback.java,11,1.0000,NO,NO,0.00000000,NO,0.06000000,NO_TO_NO,NO
ZOOKEEPER,src/java/main/org/apache/zookeeper/JLineZNodeCompletor.java,11,2.0000,NO,NO,0.07000000,NO,0.17000000,NO_TO_NO,NO
ZOOKEEPER,src/contrib/loggraph/src/java/org/apache/zookeeper/graph/FilterException.java,11,1.0000,NO,NO,0.00000000,NO,0.00000000,NO_TO_NO,NO
ZOOKEEPER,src/java/main/org/apache/zookeeper/server/quorum/LearnerZooKeeperServer.java,11,4.0000,NO,NO,0.02000000,NO,0.05000000,NO_TO_NO,NO
ZOOKEEPER,src/java/main/org/apache/zookeeper/server/persistence/FileSnap.java,11,8.0000,NO,NO,0.00000000,NO,0.06000000,NO_TO_NO,NO
ZOOKEEPER,src/contrib/bookkeeper/src/java/org/apache/bookkeeper/bookie/BookieException.java,11,7.0000,NO,NO,0.00000000,NO,0.10000000,NO_TO_NO,NO
ZOOKEEPER,src/contrib/zooinspector/src/java/org/apache/zookeeper/inspector/gui/ZooInspectorNodeViewersDialog.java,11,37.0000,NO,NO,0.01000000,NO,0.09000000,NO_TO_NO,NO
ZOOKEEPER,src/contrib/zooinspector/src/java/org/apache/zookeeper/inspector/ZooInspector.java,11,1.0000,NO,NO,0.02000000,NO,0.08000000,NO_TO_NO,NO
ZOOKEEPER,src/java/main/org/apache/jute/OutputArchive.java,11,7.0000,NO,NO,0.01000000,NO,0.05000000,NO_TO_NO,NO
ZOOKEEPER,src/java/main/org/apache/zookeeper/client/StaticHostProvider.java,11,2.0000,NO,NO,0.01000000,NO,0.04000000,NO_TO_NO,NO
ZOOKEEPER,src/java/main/org/apache/zookeeper/server/ConnectionBean.java,11,1.0000,YES,YES,0.89000000,YES,0.77000000,YES_TO_YES,NO
ZOOKEEPER,src/java/main/org/apache/zookeeper/server/NettyServerCnxnFactory.java,11,8.0000,NO,NO,0.11000000,NO,0.30000000,NO_TO_NO,NO
ZOOKEEPER,src/java/main/org/apache/zookeeper/ClientCnxnSocketNIO.java,11,5.0000,YES,YES,0.88000000,YES,0.81000000,YES_TO_YES,NO
ZOOKEEPER,docs/zookeeperObservers.html,11,7.0000,NO,NO,0.00000000,NO,0.00000000,NO_TO_NO,NO
ZOOKEEPER,src/java/main/org/apache/jute/compiler/JVector.java,11,14.0000,NO,NO,0.01000000,NO,0.09000000,NO_TO_NO,NO
ZOOKEEPER,src/contrib/loggraph/src/java/org/apache/zookeeper/graph/TransactionEntry.java,11,10.0000,NO,NO,0.03000000,NO,0.04000000,NO_TO_NO,NO
ZOOKEEPER,src/contrib/rest/src/java/org/apache/zookeeper/server/jersey/jaxb/ZSession.java,11,2.0000,NO,NO,0.02000000,NO,0.01000000,NO_TO_NO,NO
ZOOKEEPER,src/contrib/hedwig/client/src/main/java/org/apache/hedwig/client/netty/HedwigPublisher.java,11,1.0000,NO,NO,0.04000000,NO,0.10000000,NO_TO_NO,NO
ZOOKEEPER,src/contrib/loggraph/src/java/org/apache/zookeeper/graph/TxnLogSource.java,11,14.0000,YES,YES,0.69000000,NO,0.38000000,YES_TO_NO,YES
ZOOKEEPER,src/java/main/org/apache/zookeeper/server/quorum/LearnerHandler.java,11,15.0000,YES,YES,1.00000000,YES,0.98000000,YES_TO_YES,NO
ZOOKEEPER,src/java/main/org/apache/zookeeper/server/upgrade/UpgradeMain.java,11,2.0000,NO,NO,0.02000000,NO,0.14000000,NO_TO_NO,NO
ZOOKEEPER,src/contrib/hedwig/server/src/main/java/org/apache/hedwig/server/handlers/SubscribeHandler.java,11,2.0000,NO,NO,0.06000000,NO,0.20000000,NO_TO_NO,NO
ZOOKEEPER,src/java/main/org/apache/jute/compiler/JFloat.java,11,1.0000,NO,NO,0.00000000,NO,0.00000000,NO_TO_NO,NO
ZOOKEEPER,src/contrib/hedwig/server/src/main/java/org/apache/hedwig/server/persistence/LocalDBPersistenceManager.java,11,19.0000,NO,NO,0.24000000,NO,0.23000000,NO_TO_NO,NO
ZOOKEEPER,docs/javaExample.html,11,13.0000,NO,NO,0.00000000,NO,0.00000000,NO_TO_NO,NO
ZOOKEEPER,src/java/main/org/apache/zookeeper/server/NIOServerCnxn.java,11,27.0000,YES,YES,1.00000000,YES,0.96000000,YES_TO_YES,NO
ZOOKEEPER,src/java/main/org/apache/jute/CsvInputArchive.java,11,13.0000,NO,NO,0.00000000,NO,0.03000000,NO_TO_NO,NO
ZOOKEEPER,src/java/main/org/apache/jute/compiler/generated/TokenMgrError.java,11,9.0000,NO,NO,0.00000000,NO,0.17000000,NO_TO_NO,NO
ZOOKEEPER,src/contrib/bookkeeper/src/java/org/apache/bookkeeper/proto/NIOServerFactory.java,11,23.0000,YES,YES,0.89000000,YES,0.83000000,YES_TO_YES,NO
ZOOKEEPER,src/java/main/org/apache/zookeeper/ServerAdminClient.java,11,17.0000,NO,NO,0.00000000,NO,0.22000000,NO_TO_NO,NO
ZOOKEEPER,src/contrib/bookkeeper/src/java/org/apache/bookkeeper/util/StringUtils.java,11,6.0000,NO,NO,0.01000000,NO,0.08000000,NO_TO_NO,NO
ZOOKEEPER,src/contrib/hedwig/client/src/main/java/org/apache/hedwig/util/Either.java,11,3.0000,NO,NO,0.00000000,NO,0.00000000,NO_TO_NO,NO
ZOOKEEPER,src/contrib/hedwig/server/pom.xml,11,1.0000,NO,NO,0.00000000,NO,0.00000000,NO_TO_NO,NO
ZOOKEEPER,src/contrib/loggraph/src/java/org/apache/zookeeper/graph/Log4JEntry.java,11,2.0000,NO,NO,0.03000000,NO,0.07000000,NO_TO_NO,NO
ZOOKEEPER,src/java/main/org/apache/zookeeper/server/quorum/FollowerRequestProcessor.java,11,1.0000,YES,YES,0.93000000,YES,0.77000000,YES_TO_YES,NO
ZOOKEEPER,src/contrib/huebrowser/zkui/src/zkui/rest.py,11,1.0000,NO,NO,0.00000000,NO,0.01000000,NO_TO_NO,NO
ZOOKEEPER,src/contrib/zooinspector/src/java/org/apache/zookeeper/inspector/gui/nodeviewer/NodeViewerMetaData.java,11,3.0000,NO,NO,0.00000000,NO,0.09000000,NO_TO_NO,NO
ZOOKEEPER,src/contrib/hedwig/server/src/main/java/org/apache/hedwig/server/delivery/ChannelEndPoint.java,11,1.0000,NO,NO,0.01000000,NO,0.00000000,NO_TO_NO,NO
ZOOKEEPER,src/contrib/hedwig/client/src/main/java/org/apache/hedwig/util/ConcurrencyUtils.java,11,4.0000,NO,NO,0.00000000,NO,0.00000000,NO_TO_NO,NO
ZOOKEEPER,src/contrib/hedwig/server/src/main/java/org/apache/hedwig/server/topics/AbstractTopicManager.java,11,5.0000,NO,NO,0.04000000,NO,0.12000000,NO_TO_NO,NO
ZOOKEEPER,src/contrib/rest/src/java/org/apache/zookeeper/server/jersey/RestMain.java,11,6.0000,NO,NO,0.01000000,NO,0.01000000,NO_TO_NO,NO
ZOOKEEPER,src/contrib/loggraph/src/java/org/apache/zookeeper/graph/servlets/GraphData.java,11,1.0000,NO,NO,0.07000000,NO,0.03000000,NO_TO_NO,NO
ZOOKEEPER,src/contrib/rest/src/java/org/apache/zookeeper/server/jersey/filters/HTTPBasicAuth.java,11,5.0000,NO,NO,0.00000000,NO,0.03000000,NO_TO_NO,NO
ZOOKEEPER,src/java/main/org/apache/zookeeper/server/quorum/LeaderZooKeeperServer.java,11,1.0000,NO,NO,0.03000000,NO,0.05000000,NO_TO_NO,NO
ZOOKEEPER,src/contrib/loggraph/src/java/org/apache/zookeeper/graph/Log4JSource.java,11,31.0000,NO,NO,0.10000000,NO,0.28000000,NO_TO_NO,NO
ZOOKEEPER,src/java/main/org/apache/zookeeper/server/quorum/ObserverZooKeeperServer.java,11,4.0000,NO,NO,0.03000000,NO,0.02000000,NO_TO_NO,NO
ZOOKEEPER,src/recipes/queue/src/java/org/apache/zookeeper/recipes/queue/DistributedQueue.java,11,10.0000,NO,NO,0.00000000,NO,0.12000000,NO_TO_NO,NO
ZOOKEEPER,docs/zookeeperAdmin.html,11,69.0000,NO,NO,0.00000000,NO,0.00000000,NO_TO_NO,NO
ZOOKEEPER,src/contrib/loggraph/src/java/org/apache/zookeeper/graph/MergedLogSource.java,11,21.0000,NO,NO,0.03000000,NO,0.16000000,NO_TO_NO,NO
ZOOKEEPER,src/contrib/bookkeeper/src/java/org/apache/bookkeeper/util/OrderedSafeExecutor.java,11,1.0000,NO,NO,0.00000000,NO,0.02000000,NO_TO_NO,NO
ZOOKEEPER,src/java/main/org/apache/jute/compiler/generated/RccConstants.java,11,4.0000,NO,NO,0.03000000,NO,0.16000000,NO_TO_NO,NO
ZOOKEEPER,src/contrib/rest/src/python/test.py,11,4.0000,NO,NO,0.00000000,NO,0.01000000,NO_TO_NO,NO
ZOOKEEPER,src/docs/src/documentation/content/xdocs/site.xml,11,1.0000,NO,NO,0.00000000,NO,0.00000000,NO_TO_NO,NO
ZOOKEEPER,src/contrib/zooinspector/src/java/org/apache/zookeeper/inspector/gui/ZooInspectorConnectionPropertiesDialog.java,11,9.0000,NO,NO,0.02000000,NO,0.12000000,NO_TO_NO,NO
ZOOKEEPER,src/java/main/org/apache/zookeeper/server/auth/AuthenticationProvider.java,11,2.0000,NO,NO,0.00000000,NO,0.04000000,NO_TO_NO,NO
ZOOKEEPER,src/contrib/zkpython/src/python/zk.py,11,13.0000,NO,NO,0.00000000,NO,0.01000000,NO_TO_NO,NO
ZOOKEEPER,src/contrib/hedwig/server/src/main/java/org/apache/hedwig/server/persistence/BookkeeperPersistenceManager.java,11,10.0000,NO,NO,0.07000000,NO,0.24000000,NO_TO_NO,NO
ZOOKEEPER,src/contrib/bookkeeper/src/java/org/apache/bookkeeper/proto/ServerStats.java,11,15.0000,NO,NO,0.01000000,NO,0.06000000,NO_TO_NO,NO
ZOOKEEPER,src/java/main/org/apache/jute/compiler/CppGenerator.java,11,1.0000,NO,NO,0.00000000,NO,0.03000000,NO_TO_NO,NO
ZOOKEEPER,src/java/main/org/apache/jute/XmlInputArchive.java,11,17.0000,NO,NO,0.00000000,NO,0.09000000,NO_TO_NO,NO
ZOOKEEPER,src/contrib/rest/src/java/org/apache/zookeeper/server/jersey/jaxb/ZPath.java,11,2.0000,NO,NO,0.02000000,NO,0.05000000,NO_TO_NO,NO
ZOOKEEPER,src/contrib/loggraph/src/java/org/apache/zookeeper/graph/filterops/XorOp.java,11,1.0000,NO,NO,0.00000000,NO,0.01000000,NO_TO_NO,NO
ZOOKEEPER,src/java/main/org/apache/zookeeper/version/util/VerGen.java,11,15.0000,NO,NO,0.25000000,NO,0.33000000,NO_TO_NO,NO
ZOOKEEPER,src/contrib/loggraph/src/java/org/apache/zookeeper/graph/filterops/LessThanOp.java,11,2.0000,NO,NO,0.00000000,NO,0.08000000,NO_TO_NO,NO
ZOOKEEPER,src/java/main/org/apache/jute/compiler/JCompType.java,11,1.0000,NO,NO,0.00000000,NO,0.03000000,NO_TO_NO,NO
ZOOKEEPER,src/recipes/lock/src/java/org/apache/zookeeper/recipes/lock/ZNodeName.java,11,4.0000,NO,NO,0.01000000,NO,0.01000000,NO_TO_NO,NO
ZOOKEEPER,src/contrib/bookkeeper/src/java/org/apache/bookkeeper/client/LedgerEntry.java,11,1.0000,NO,NO,0.03000000,NO,0.04000000,NO_TO_NO,NO
ZOOKEEPER,src/contrib/bookkeeper/src/java/org/apache/bookkeeper/client/DigestManager.java,11,3.0000,NO,NO,0.03000000,NO,0.04000000,NO_TO_NO,NO
ZOOKEEPER,src/java/main/org/apache/zookeeper/server/quorum/LearnerSessionTracker.java,11,7.0000,YES,YES,0.64000000,NO,0.45000000,YES_TO_NO,YES
ZOOKEEPER,docs/zookeeperOtherInfo.html,11,3.0000,NO,NO,0.00000000,NO,0.00000000,NO_TO_NO,NO
ZOOKEEPER,src/contrib/bookkeeper/src/java/org/apache/bookkeeper/client/BookieWatcher.java,11,13.0000,NO,NO,0.05000000,NO,0.06000000,NO_TO_NO,NO
ZOOKEEPER,src/contrib/hedwig/client/src/main/java/org/apache/hedwig/client/benchmark/BenchmarkWorker.java,11,2.0000,NO,NO,0.05000000,NO,0.06000000,NO_TO_NO,NO
ZOOKEEPER,src/contrib/fatjar/src/java/org/apache/zookeeper/util/FatJarMain.java,11,10.0000,NO,NO,0.00000000,NO,0.18000000,NO_TO_NO,NO
ZOOKEEPER,src/contrib/loggraph/src/java/org/apache/zookeeper/graph/FilterParser.java,11,5.0000,NO,NO,0.08000000,NO,0.11000000,NO_TO_NO,NO
ZOOKEEPER,src/java/main/org/apache/zookeeper/server/DataTree.java,11,52.0000,YES,YES,0.86000000,YES,0.83000000,YES_TO_YES,NO
ZOOKEEPER,src/java/main/org/apache/jute/compiler/JString.java,11,1.0000,NO,NO,0.00000000,NO,0.00000000,NO_TO_NO,NO
ZOOKEEPER,src/contrib/hedwig/server/src/main/java/org/apache/hedwig/server/subscriptions/AbstractSubscriptionManager.java,11,7.0000,NO,NO,0.04000000,NO,0.24000000,NO_TO_NO,NO
ZOOKEEPER,src/contrib/rest/src/java/org/apache/zookeeper/server/jersey/jaxb/ZError.java,11,2.0000,NO,NO,0.00000000,NO,0.00000000,NO_TO_NO,NO
ZOOKEEPER,src/contrib/zooinspector/src/java/org/apache/zookeeper/inspector/gui/ZooInspectorTreeViewer.java,11,6.0000,NO,NO,0.02000000,NO,0.20000000,NO_TO_NO,NO
ZOOKEEPER,src/contrib/hedwig/server/src/main/java/org/apache/hedwig/server/persistence/CacheValue.java,11,2.0000,NO,NO,0.00000000,NO,0.00000000,NO_TO_NO,NO
ZOOKEEPER,src/contrib/hedwig/client/src/main/java/org/apache/hedwig/client/netty/ConnectCallback.java,11,1.0000,NO,NO,0.09000000,NO,0.07000000,NO_TO_NO,NO
ZOOKEEPER,src/contrib/hedwig/client/src/main/java/org/apache/hedwig/util/CallbackUtils.java,11,8.0000,NO,NO,0.09000000,NO,0.19000000,NO_TO_NO,NO
ZOOKEEPER,src/contrib/hedwig/client/src/main/java/org/apache/hedwig/client/benchmark/BenchmarkPublisher.java,11,5.0000,NO,NO,0.02000000,NO,0.19000000,NO_TO_NO,NO
ZOOKEEPER,src/contrib/loggraph/src/java/org/apache/zookeeper/graph/FilterOp.java,11,4.0000,NO,NO,0.04000000,NO,0.20000000,NO_TO_NO,NO
ZOOKEEPER,src/contrib/rest/src/python/demo_master_election.py,11,5.0000,NO,NO,0.00000000,NO,0.01000000,NO_TO_NO,NO
ZOOKEEPER,src/contrib/hedwig/client/src/main/java/org/apache/hedwig/client/netty/HedwigSubscriber.java,11,7.0000,NO,NO,0.09000000,NO,0.27000000,NO_TO_NO,NO
ZOOKEEPER,src/contrib/hedwig/server/src/main/java/org/apache/hedwig/server/common/ServerConfiguration.java,11,28.0000,NO,NO,0.19000000,NO,0.50000000,NO_TO_NO,NO
ZOOKEEPER,src/java/main/org/apache/zookeeper/Quotas.java,11,5.0000,NO,NO,0.01000000,NO,0.04000000,NO_TO_NO,NO
ZOOKEEPER,src/java/main/org/apache/jute/CsvOutputArchive.java,11,4.0000,NO,NO,0.00000000,NO,0.08000000,NO_TO_NO,NO
ZOOKEEPER,src/contrib/hedwig/server/src/main/java/org/apache/hedwig/server/netty/PubSubServer.java,11,14.0000,NO,NO,0.08000000,NO,0.15000000,NO_TO_NO,NO
ZOOKEEPER,src/java/main/org/apache/jute/compiler/JFile.java,11,2.0000,NO,NO,0.01000000,NO,0.06000000,NO_TO_NO,NO
ZOOKEEPER,src/contrib/bookkeeper/src/java/org/apache/bookkeeper/client/LedgerCreateOp.java,11,2.0000,NO,NO,0.12000000,NO,0.20000000,NO_TO_NO,NO
ZOOKEEPER,docs/zookeeperStarted.html,11,19.0000,NO,NO,0.00000000,NO,0.00000000,NO_TO_NO,NO
ZOOKEEPER,docs/zookeeperQuotas.html,11,9.0000,NO,NO,0.00000000,NO,0.00000000,NO_TO_NO,NO
ZOOKEEPER,src/contrib/rest/src/python/demo_queue.py,11,6.0000,NO,NO,0.00000000,NO,0.01000000,NO_TO_NO,NO
ZOOKEEPER,src/contrib/monitoring/ganglia/zookeeper_ganglia.py,11,5.0000,NO,NO,0.00000000,NO,0.01000000,NO_TO_NO,NO
ZOOKEEPER,src/contrib/rest/src/java/org/apache/zookeeper/server/jersey/cfg/RestCfg.java,11,2.0000,NO,NO,0.00000000,NO,0.02000000,NO_TO_NO,NO
ZOOKEEPER,src/contrib/hedwig/server/src/main/java/org/apache/hedwig/server/handlers/ConsumeHandler.java,11,4.0000,NO,NO,0.00000000,NO,0.05000000,NO_TO_NO,NO
ZOOKEEPER,src/contrib/loggraph/src/java/org/apache/zookeeper/graph/JsonGenerator.java,11,22.0000,NO,NO,0.08000000,NO,0.10000000,NO_TO_NO,NO
ZOOKEEPER,src/contrib/hedwig/server/src/main/java/org/apache/hedwig/zookeeper/ZkUtils.java,11,1.0000,NO,NO,0.03000000,NO,0.04000000,NO_TO_NO,NO
ZOOKEEPER,src/contrib/bookkeeper/src/java/org/apache/bookkeeper/bookie/Bookie.java,11,36.0000,YES,YES,0.89000000,YES,0.77000000,YES_TO_YES,NO
ZOOKEEPER,src/java/main/org/apache/zookeeper/server/auth/IPAuthenticationProvider.java,11,12.0000,NO,NO,0.01000000,NO,0.08000000,NO_TO_NO,NO
ZOOKEEPER,src/contrib/hedwig/client/src/main/java/org/apache/hedwig/util/PathUtils.java,11,4.0000,NO,NO,0.00000000,NO,0.00000000,NO_TO_NO,NO
ZOOKEEPER,src/java/main/org/apache/zookeeper/jmx/MBeanRegistry.java,11,4.0000,YES,YES,0.98000000,YES,0.75000000,YES_TO_YES,NO
ZOOKEEPER,src/contrib/hedwig/server/src/main/java/org/apache/hedwig/server/persistence/ReadAheadCache.java,11,11.0000,NO,NO,0.08000000,NO,0.20000000,NO_TO_NO,NO
ZOOKEEPER,docs/recipes.html,11,27.0000,NO,NO,0.00000000,NO,0.00000000,NO_TO_NO,NO
ZOOKEEPER,src/java/main/org/apache/zookeeper/ClientCnxnSocket.java,11,1.0000,YES,YES,0.88000000,YES,0.83000000,YES_TO_YES,NO
ZOOKEEPER,src/contrib/hedwig/protocol/src/main/java/org/apache/hedwig/protoextensions/SubscriptionStateUtils.java,11,1.0000,NO,NO,0.00000000,NO,0.00000000,NO_TO_NO,NO
ZOOKEEPER,src/contrib/bookkeeper/src/java/org/apache/bookkeeper/proto/PerChannelBookieClient.java,11,24.0000,NO,NO,0.04000000,NO,0.18000000,NO_TO_NO,NO
ZOOKEEPER,src/contrib/loggraph/src/java/org/apache/zookeeper/graph/LogSkipList.java,11,3.0000,NO,NO,0.04000000,NO,0.01000000,NO_TO_NO,NO
ZOOKEEPER,src/contrib/zooinspector/src/java/org/apache/zookeeper/inspector/gui/nodeviewer/NodeViewerACL.java,11,3.0000,NO,NO,0.00000000,NO,0.09000000,NO_TO_NO,NO
ZOOKEEPER,src/java/main/org/apache/zookeeper/Version.java,11,4.0000,NO,NO,0.17000000,NO,0.17000000,NO_TO_NO,NO
ZOOKEEPER,docs/zookeeperJMX.html,11,13.0000,NO,NO,0.00000000,NO,0.00000000,NO_TO_NO,NO
ZOOKEEPER,src/java/main/org/apache/zookeeper/server/ServerCnxn.java,11,36.0000,NO,NO,0.08000000,NO,0.42000000,NO_TO_NO,NO
ZOOKEEPER,src/contrib/zooinspector/src/java/org/apache/zookeeper/inspector/encryption/DataEncryptionManager.java,11,2.0000,NO,NO,0.00000000,NO,0.00000000,NO_TO_NO,NO
ZOOKEEPER,src/java/main/org/apache/zookeeper/Watcher.java,11,16.0000,NO,NO,0.10000000,NO,0.08000000,NO_TO_NO,NO
ZOOKEEPER,src/java/main/org/apache/jute/compiler/JDouble.java,12,1.0000,NO,NO,0.00000000,NO,0.01000000,NO_TO_NO,NO
ZOOKEEPER,src/java/main/org/apache/zookeeper/server/auth/ProviderRegistry.java,12,3.0000,NO,NO,0.03000000,NO,0.05000000,NO_TO_NO,NO
ZOOKEEPER,src/java/main/org/apache/jute/compiler/CGenerator.java,12,1.0000,NO,NO,0.00000000,NO,0.04000000,NO_TO_NO,NO
ZOOKEEPER,src/java/main/org/apache/zookeeper/server/NIOServerCnxnFactory.java,12,10.0000,YES,YES,0.87000000,YES,0.85000000,YES_TO_YES,NO
ZOOKEEPER,src/java/main/org/apache/zookeeper/server/quorum/flexible/QuorumMaj.java,12,1.0000,NO,NO,0.00000000,NO,0.00000000,NO_TO_NO,NO
ZOOKEEPER,src/java/main/org/apache/zookeeper/server/PurgeTxnLog.java,12,11.0000,NO,NO,0.17000000,NO,0.22000000,NO_TO_NO,NO
ZOOKEEPER,src/contrib/rest/src/java/org/apache/zookeeper/server/jersey/resources/JAXBContextResolver.java,12,3.0000,NO,NO,0.00000000,NO,0.16000000,NO_TO_NO,NO
ZOOKEEPER,src/recipes/election/src/java/org/apache/zookeeper/recipes/leader/LeaderElectionSupport.java,12,12.0000,NO,NO,0.22000000,NO,0.32000000,NO_TO_NO,NO
ZOOKEEPER,src/contrib/loggraph/src/java/org/apache/zookeeper/graph/RandomAccessFileReader.java,12,28.0000,NO,NO,0.01000000,NO,0.06000000,NO_TO_NO,NO
ZOOKEEPER,src/java/main/org/apache/jute/compiler/JField.java,12,1.0000,NO,NO,0.00000000,NO,0.01000000,NO_TO_NO,NO
ZOOKEEPER,src/java/main/org/apache/zookeeper/server/quorum/LeaderBean.java,12,1.0000,NO,NO,0.05000000,NO,0.05000000,NO_TO_NO,NO
ZOOKEEPER,src/java/main/org/apache/zookeeper/client/ConnectStringParser.java,12,4.0000,NO,NO,0.00000000,NO,0.10000000,NO_TO_NO,NO
ZOOKEEPER,src/java/main/org/apache/zookeeper/server/quorum/flexible/QuorumHierarchical.java,12,14.0000,NO,NO,0.14000000,NO,0.21000000,NO_TO_NO,NO
ZOOKEEPER,docs/zookeeperInternals.html,12,13.0000,NO,NO,0.00000000,NO,0.00000000,NO_TO_NO,NO
ZOOKEEPER,docs/releasenotes.html,12,11.0000,NO,NO,0.00000000,NO,0.00000000,NO_TO_NO,NO
ZOOKEEPER,src/java/main/org/apache/zookeeper/server/util/ZxidUtils.java,12,5.0000,NO,NO,0.09000000,NO,0.14000000,NO_TO_NO,NO
ZOOKEEPER,docs/bookkeeperConfig.html,12,5.0000,NO,NO,0.00000000,NO,0.00000000,NO_TO_NO,NO
ZOOKEEPER,docs/bookkeeperStarted.html,12,8.0000,NO,NO,0.00000000,NO,0.00000000,NO_TO_NO,NO
ZOOKEEPER,src/java/main/org/apache/zookeeper/common/PathUtils.java,12,4.0000,NO,NO,0.00000000,NO,0.01000000,NO_TO_NO,NO
ZOOKEEPER,src/java/main/org/apache/jute/RecordWriter.java,12,12.0000,NO,NO,0.02000000,NO,0.02000000,NO_TO_NO,NO
ZOOKEEPER,src/java/main/org/apache/zookeeper/server/ServerCnxnFactory.java,12,8.0000,NO,NO,0.10000000,NO,0.15000000,NO_TO_NO,NO
ZOOKEEPER,src/contrib/monitoring/check_zookeeper.py,12,18.0000,NO,NO,0.00000000,NO,0.01000000,NO_TO_NO,NO
ZOOKEEPER,src/contrib/loggraph/src/java/org/apache/zookeeper/graph/servlets/StaticContent.java,12,1.0000,NO,NO,0.00000000,NO,0.00000000,NO_TO_NO,NO
ZOOKEEPER,src/java/main/org/apache/zookeeper/Op.java,12,2.0000,YES,YES,0.90000000,YES,0.87000000,YES_TO_YES,NO
ZOOKEEPER,src/java/main/org/apache/zookeeper/server/persistence/Util.java,12,9.0000,YES,YES,0.89000000,YES,0.83000000,YES_TO_YES,NO
ZOOKEEPER,src/java/main/org/apache/zookeeper/ClientCnxn.java,12,36.0000,YES,YES,1.00000000,YES,0.98000000,YES_TO_YES,NO
ZOOKEEPER,src/java/main/org/apache/zookeeper/server/quorum/QuorumPeerConfig.java,12,15.0000,NO,NO,0.29000000,NO,0.36000000,NO_TO_NO,NO
ZOOKEEPER,src/java/main/org/apache/jute/compiler/JRecord.java,12,36.0000,NO,NO,0.29000000,NO,0.46000000,NO_TO_NO,NO
ZOOKEEPER,src/contrib/loggraph/src/java/org/apache/zookeeper/graph/LogEntry.java,12,6.0000,NO,NO,0.00000000,NO,0.20000000,NO_TO_NO,NO
ZOOKEEPER,src/java/main/org/apache/jute/Utils.java,12,15.0000,NO,NO,0.00000000,NO,0.17000000,NO_TO_NO,NO
ZOOKEEPER,src/java/main/org/apache/zookeeper/jmx/CommonNames.java,12,2.0000,NO,NO,0.00000000,NO,0.00000000,NO_TO_NO,NO
ZOOKEEPER,src/contrib/loggraph/src/java/org/apache/zookeeper/graph/LogIterator.java,12,2.0000,NO,NO,0.00000000,NO,0.00000000,NO_TO_NO,NO
ZOOKEEPER,src/contrib/zkpython/src/examples/watch_znode_for_changes.py,12,3.0000,NO,NO,0.00000000,NO,0.01000000,NO_TO_NO,NO
ZOOKEEPER,src/java/main/org/apache/zookeeper/server/ServerStats.java,12,11.0000,YES,YES,1.00000000,YES,0.69000000,YES_TO_YES,NO
ZOOKEEPER,src/java/main/org/apache/zookeeper/server/quorum/Leader.java,12,53.0000,YES,YES,1.00000000,YES,0.97000000,YES_TO_YES,NO
ZOOKEEPER,src/java/main/org/apache/zookeeper/MultiTransactionRecord.java,12,1.0000,NO,NO,0.06000000,NO,0.07000000,NO_TO_NO,NO
ZOOKEEPER,src/java/main/org/apache/zookeeper/server/ZooKeeperServer.java,12,23.0000,YES,YES,1.00000000,YES,0.98000000,YES_TO_YES,NO
ZOOKEEPER,src/java/main/org/apache/zookeeper/ZooKeeperMain.java,12,75.0000,YES,YES,0.97000000,YES,0.93000000,YES_TO_YES,NO
ZOOKEEPER,src/java/main/org/apache/zookeeper/ZooKeeper.java,12,24.0000,YES,YES,1.00000000,YES,0.98000000,YES_TO_YES,NO
ZOOKEEPER,src/java/main/org/apache/zookeeper/Environment.java,12,2.0000,NO,NO,0.05000000,NO,0.07000000,NO_TO_NO,NO
ZOOKEEPER,src/contrib/zooinspector/src/java/org/apache/zookeeper/inspector/manager/ZooInspectorManagerImpl.java,12,26.0000,NO,NO,0.00000000,NO,0.19000000,NO_TO_NO,NO
ZOOKEEPER,docs/zookeeperHierarchicalQuorums.html,12,1.0000,NO,NO,0.00000000,NO,0.00000000,NO_TO_NO,NO
ZOOKEEPER,src/java/main/org/apache/zookeeper/server/quorum/QuorumStats.java,12,5.0000,NO,NO,0.00000000,NO,0.07000000,NO_TO_NO,NO
ZOOKEEPER,src/java/main/org/apache/jute/compiler/JMap.java,12,10.0000,NO,NO,0.00000000,NO,0.09000000,NO_TO_NO,NO
ZOOKEEPER,src/java/main/org/apache/zookeeper/MultiResponse.java,12,3.0000,NO,NO,0.10000000,NO,0.11000000,NO_TO_NO,NO
ZOOKEEPER,src/java/main/org/apache/zookeeper/server/TraceFormatter.java,12,4.0000,NO,NO,0.08000000,NO,0.13000000,NO_TO_NO,NO
ZOOKEEPER,src/java/main/org/apache/zookeeper/server/auth/DigestAuthenticationProvider.java,12,14.0000,NO,NO,0.03000000,NO,0.11000000,NO_TO_NO,NO
ZOOKEEPER,docs/zookeeperTutorial.html,12,5.0000,NO,NO,0.00000000,NO,0.00000000,NO_TO_NO,NO
ZOOKEEPER,src/java/main/org/apache/zookeeper/server/auth/SaslServerCallbackHandler.java,12,3.0000,NO,NO,0.21000000,NO,0.23000000,NO_TO_NO,NO
ZOOKEEPER,src/java/main/org/apache/zookeeper/server/ZooKeeperServerMain.java,12,2.0000,NO,NO,0.05000000,NO,0.07000000,NO_TO_NO,NO
ZOOKEEPER,docs/bookkeeperStream.html,12,4.0000,NO,NO,0.00000000,NO,0.00000000,NO_TO_NO,NO
ZOOKEEPER,src/java/main/org/apache/zookeeper/server/ZooTrace.java,12,16.0000,NO,NO,0.04000000,NO,0.12000000,NO_TO_NO,NO
ZOOKEEPER,src/java/main/org/apache/zookeeper/server/quorum/QuorumCnxManager.java,12,16.0000,YES,YES,1.00000000,YES,0.99000000,YES_TO_YES,NO
ZOOKEEPER,src/contrib/zooinspector/src/java/org/apache/zookeeper/inspector/logger/LoggerFactory.java,12,1.0000,NO,NO,0.01000000,NO,0.01000000,NO_TO_NO,NO
ZOOKEEPER,src/contrib/loggraph/src/java/org/apache/zookeeper/graph/filterops/NumberArg.java,12,1.0000,NO,NO,0.00000000,NO,0.00000000,NO_TO_NO,NO
ZOOKEEPER,src/java/main/org/apache/zookeeper/jmx/ManagedUtil.java,12,3.0000,YES,YES,0.88000000,YES,0.78000000,YES_TO_YES,NO
ZOOKEEPER,src/contrib/huebrowser/zkui/src/zkui/utils.py,12,1.0000,NO,NO,0.00000000,NO,0.00000000,NO_TO_NO,NO
ZOOKEEPER,src/contrib/huebrowser/zkui/src/zkui/stats.py,12,2.0000,NO,NO,0.00000000,NO,0.01000000,NO_TO_NO,NO
ZOOKEEPER,src/java/main/org/apache/zookeeper/server/LogFormatter.java,12,6.0000,YES,YES,0.73000000,YES,0.67000000,YES_TO_YES,NO
ZOOKEEPER,src/java/main/org/apache/zookeeper/server/quorum/FastLeaderElection.java,12,27.0000,YES,YES,0.99000000,YES,0.98000000,YES_TO_YES,NO
ZOOKEEPER,src/java/main/org/apache/jute/compiler/JType.java,12,8.0000,NO,NO,0.00000000,NO,0.02000000,NO_TO_NO,NO
ZOOKEEPER,src/docs/status.xml,12,1.0000,NO,NO,0.00000000,NO,0.00000000,NO_TO_NO,NO
ZOOKEEPER,src/java/main/org/apache/zookeeper/common/PathTrie.java,12,3.0000,NO,NO,0.05000000,NO,0.05000000,NO_TO_NO,NO
ZOOKEEPER,src/java/main/org/apache/zookeeper/server/SyncRequestProcessor.java,12,8.0000,YES,YES,0.89000000,YES,0.83000000,YES_TO_YES,NO
ZOOKEEPER,src/java/main/org/apache/zookeeper/server/FinalRequestProcessor.java,12,5.0000,YES,YES,0.99000000,YES,0.97000000,YES_TO_YES,NO
ZOOKEEPER,src/java/main/org/apache/zookeeper/server/quorum/CommitProcessor.java,12,7.0000,YES,YES,0.99000000,YES,0.91000000,YES_TO_YES,NO
ZOOKEEPER,src/contrib/loggraph/src/java/org/apache/zookeeper/graph/servlets/Throughput.java,12,5.0000,NO,NO,0.01000000,NO,0.01000000,NO_TO_NO,NO
ZOOKEEPER,src/java/main/org/apache/zookeeper/server/SessionTrackerImpl.java,12,14.0000,YES,YES,0.89000000,YES,0.81000000,YES_TO_YES,NO
ZOOKEEPER,src/contrib/loggraph/src/java/org/apache/zookeeper/graph/filterops/StringArg.java,12,1.0000,NO,NO,0.00000000,NO,0.00000000,NO_TO_NO,NO
ZOOKEEPER,src/java/main/org/apache/zookeeper/Shell.java,12,14.0000,YES,YES,0.91000000,YES,0.84000000,YES_TO_YES,NO
ZOOKEEPER,src/contrib/zooinspector/src/java/org/apache/zookeeper/inspector/gui/ZooInspectorPanel.java,12,16.0000,NO,NO,0.00000000,NO,0.07000000,NO_TO_NO,NO
ZOOKEEPER,src/java/main/org/apache/jute/BinaryInputArchive.java,12,11.0000,NO,NO,0.36000000,NO,0.25000000,NO_TO_NO,NO
ZOOKEEPER,src/contrib/rest/src/java/org/apache/zookeeper/server/jersey/cfg/HostPortSet.java,12,2.0000,NO,NO,0.00000000,NO,0.01000000,NO_TO_NO,NO
ZOOKEEPER,src/contrib/monitoring/test.py,12,2.0000,NO,NO,0.00000000,NO,0.01000000,NO_TO_NO,NO
ZOOKEEPER,src/contrib/loggraph/src/java/org/apache/zookeeper/graph/filterops/GreaterThanOp.java,12,3.0000,NO,NO,0.00000000,NO,0.06000000,NO_TO_NO,NO
ZOOKEEPER,src/java/main/org/apache/zookeeper/server/auth/SASLAuthenticationProvider.java,12,1.0000,NO,NO,0.05000000,NO,0.04000000,NO_TO_NO,NO
ZOOKEEPER,src/java/main/org/apache/zookeeper/server/DataNode.java,12,10.0000,YES,YES,0.76000000,YES,0.58000000,YES_TO_YES,NO
ZOOKEEPER,docs/bookkeeperOverview.html,12,12.0000,NO,NO,0.00000000,NO,0.00000000,NO_TO_NO,NO
ZOOKEEPER,src/java/main/org/apache/zookeeper/server/auth/DigestLoginModule.java,12,4.0000,NO,NO,0.09000000,NO,0.13000000,NO_TO_NO,NO
ZOOKEEPER,docs/bookkeeperProgrammer.html,12,9.0000,NO,NO,0.00000000,NO,0.00000000,NO_TO_NO,NO
ZOOKEEPER,src/contrib/rest/src/python/zk_dump_tree.py,12,10.0000,NO,NO,0.00000000,NO,0.01000000,NO_TO_NO,NO
ZOOKEEPER,src/contrib/rest/src/java/org/apache/zookeeper/server/jersey/resources/SessionsResource.java,12,2.0000,NO,NO,0.00000000,NO,0.06000000,NO_TO_NO,NO
ZOOKEEPER,src/java/main/org/apache/jute/BinaryOutputArchive.java,12,7.0000,NO,NO,0.03000000,NO,0.07000000,NO_TO_NO,NO
ZOOKEEPER,src/contrib/loggraph/src/java/org/apache/zookeeper/graph/MeasureThroughput.java,12,11.0000,NO,NO,0.01000000,NO,0.01000000,NO_TO_NO,NO
ZOOKEEPER,src/contrib/huebrowser/zkui/src/zkui/views.py,12,1.0000,NO,NO,0.00000000,NO,0.01000000,NO_TO_NO,NO
ZOOKEEPER,src/java/main/org/apache/zookeeper/server/quorum/FollowerZooKeeperServer.java,12,3.0000,NO,NO,0.23000000,NO,0.30000000,NO_TO_NO,NO
ZOOKEEPER,src/java/main/org/apache/zookeeper/server/WatchManager.java,12,4.0000,YES,YES,0.79000000,YES,0.75000000,YES_TO_YES,NO
ZOOKEEPER,docs/zookeeperProgrammers.html,12,35.0000,NO,NO,0.00000000,NO,0.00000000,NO_TO_NO,NO
ZOOKEEPER,src/contrib/loggraph/src/java/org/apache/zookeeper/graph/servlets/Fs.java,12,2.0000,NO,NO,0.01000000,NO,0.02000000,NO_TO_NO,NO
ZOOKEEPER,src/contrib/rest/src/java/org/apache/zookeeper/server/jersey/resources/ZNodeResource.java,12,3.0000,NO,NO,0.00000000,NO,0.07000000,NO_TO_NO,NO
ZOOKEEPER,src/contrib/zooinspector/src/java/org/apache/zookeeper/retry/ZooKeeperRetry.java,12,5.0000,NO,NO,0.00000000,NO,0.11000000,NO_TO_NO,NO
ZOOKEEPER,src/java/main/org/apache/zookeeper/server/util/SerializeUtils.java,12,4.0000,YES,YES,0.79000000,YES,0.79000000,YES_TO_YES,NO
ZOOKEEPER,src/contrib/loggraph/src/java/org/apache/zookeeper/graph/LogServer.java,12,2.0000,NO,NO,0.00000000,NO,0.03000000,NO_TO_NO,NO
ZOOKEEPER,src/java/main/org/apache/zookeeper/server/quorum/ObserverRequestProcessor.java,12,1.0000,YES,YES,0.96000000,YES,0.95000000,YES_TO_YES,NO
ZOOKEEPER,src/contrib/zooinspector/src/java/org/apache/zookeeper/inspector/gui/nodeviewer/NodeViewerData.java,12,4.0000,NO,NO,0.04000000,NO,0.18000000,NO_TO_NO,NO
ZOOKEEPER,src/contrib/loggraph/src/java/org/apache/zookeeper/graph/servlets/NumEvents.java,12,3.0000,NO,NO,0.04000000,NO,0.04000000,NO_TO_NO,NO
ZOOKEEPER,src/recipes/lock/src/java/org/apache/zookeeper/recipes/lock/WriteLock.java,12,3.0000,NO,NO,0.00000000,NO,0.05000000,NO_TO_NO,NO
ZOOKEEPER,src/java/main/org/apache/zookeeper/ZooDefs.java,12,31.0000,NO,NO,0.05000000,NO,0.12000000,NO_TO_NO,NO
ZOOKEEPER,src/contrib/rest/src/java/org/apache/zookeeper/server/jersey/jaxb/ZChildren.java,12,7.0000,NO,NO,0.00000000,NO,0.32000000,NO_TO_NO,NO
ZOOKEEPER,src/java/main/org/apache/zookeeper/server/quorum/ReadOnlyRequestProcessor.java,12,4.0000,YES,YES,0.87000000,YES,0.84000000,YES_TO_YES,NO
ZOOKEEPER,src/java/main/org/apache/zookeeper/server/quorum/Vote.java,12,5.0000,NO,NO,0.23000000,NO,0.25000000,NO_TO_NO,NO
ZOOKEEPER,src/java/main/org/apache/zookeeper/server/PrepRequestProcessor.java,12,22.0000,YES,YES,1.00000000,YES,0.97000000,YES_TO_YES,NO
ZOOKEEPER,src/java/main/org/apache/jute/RecordReader.java,12,12.0000,NO,NO,0.01000000,NO,0.03000000,NO_TO_NO,NO
ZOOKEEPER,src/java/main/org/apache/zookeeper/server/quorum/LeaderElection.java,12,19.0000,YES,YES,0.91000000,YES,0.88000000,YES_TO_YES,NO
ZOOKEEPER,src/java/main/org/apache/zookeeper/server/quorum/Learner.java,12,10.0000,YES,YES,0.95000000,YES,0.95000000,YES_TO_YES,NO
ZOOKEEPER,src/contrib/rest/src/python/zkrest.py,12,1.0000,NO,NO,0.00000000,NO,0.01000000,NO_TO_NO,NO
ZOOKEEPER,src/contrib/rest/src/java/org/apache/zookeeper/server/jersey/ZooKeeperService.java,12,14.0000,NO,NO,0.01000000,NO,0.09000000,NO_TO_NO,NO
ZOOKEEPER,src/java/main/org/apache/zookeeper/server/quorum/AuthFastLeaderElection.java,12,46.0000,YES,YES,0.99000000,YES,0.95000000,YES_TO_YES,NO
ZOOKEEPER,src/java/main/org/apache/zookeeper/server/Request.java,12,5.0000,YES,YES,0.99000000,YES,0.91000000,YES_TO_YES,NO
ZOOKEEPER,src/contrib/loggraph/src/java/org/apache/zookeeper/graph/servlets/JsonServlet.java,12,4.0000,NO,NO,0.00000000,NO,0.22000000,NO_TO_NO,NO
ZOOKEEPER,src/java/main/org/apache/zookeeper/KeeperException.java,12,77.0000,NO,NO,0.28000000,NO,0.47000000,NO_TO_NO,NO
ZOOKEEPER,src/java/main/org/apache/zookeeper/server/ZKDatabase.java,12,8.0000,YES,YES,0.92000000,YES,0.91000000,YES_TO_YES,NO
ZOOKEEPER,src/java/main/org/apache/zookeeper/server/quorum/QuorumPeer.java,12,44.0000,YES,YES,1.00000000,YES,0.99000000,YES_TO_YES,NO
ZOOKEEPER,src/java/main/org/apache/jute/XmlOutputArchive.java,12,8.0000,NO,NO,0.06000000,NO,0.08000000,NO_TO_NO,NO
ZOOKEEPER,src/recipes/lock/src/java/org/apache/zookeeper/recipes/lock/ProtocolSupport.java,12,2.0000,NO,NO,0.00000000,NO,0.03000000,NO_TO_NO,NO
ZOOKEEPER,src/contrib/rest/src/java/org/apache/zookeeper/server/jersey/jaxb/ZChildrenJSON.java,12,8.0000,NO,NO,0.00000000,NO,0.36000000,NO_TO_NO,NO
ZOOKEEPER,src/java/main/org/apache/zookeeper/server/ByteBufferInputStream.java,12,2.0000,YES,YES,0.71000000,YES,0.67000000,YES_TO_YES,NO
ZOOKEEPER,src/java/main/org/apache/zookeeper/WatchedEvent.java,12,2.0000,NO,NO,0.00000000,NO,0.05000000,NO_TO_NO,NO
ZOOKEEPER,src/contrib/zooinspector/src/java/org/apache/zookeeper/inspector/gui/ZooInspectorNodeViewersPanel.java,12,7.0000,NO,NO,0.00000000,NO,0.17000000,NO_TO_NO,NO
ZOOKEEPER,src/java/main/org/apache/zookeeper/server/util/Profiler.java,12,1.0000,NO,NO,0.01000000,NO,0.00000000,NO_TO_NO,NO
ZOOKEEPER,src/contrib/loggraph/src/java/org/apache/zookeeper/graph/filterops/SymbolArg.java,12,1.0000,NO,NO,0.00000000,NO,0.00000000,NO_TO_NO,NO
ZOOKEEPER,src/java/main/org/apache/jute/compiler/JBuffer.java,12,1.0000,NO,NO,0.22000000,NO,0.21000000,NO_TO_NO,NO
ZOOKEEPER,src/java/main/org/apache/zookeeper/CreateMode.java,12,1.0000,YES,YES,0.64000000,YES,0.58000000,YES_TO_YES,NO
ZOOKEEPER,src/docs/src/documentation/skinconf.xml,12,6.0000,NO,NO,0.00000000,NO,0.00000000,NO_TO_NO,NO
ZOOKEEPER,src/contrib/rest/src/java/org/apache/zookeeper/server/jersey/jaxb/ZStat.java,12,16.0000,NO,NO,0.00000000,NO,0.03000000,NO_TO_NO,NO
ZOOKEEPER,src/java/main/org/apache/zookeeper/server/quorum/QuorumPeerMain.java,12,2.0000,NO,NO,0.07000000,NO,0.09000000,NO_TO_NO,NO
ZOOKEEPER,src/java/main/org/apache/zookeeper/Transaction.java,12,2.0000,YES,YES,0.83000000,YES,0.75000000,YES_TO_YES,NO
ZOOKEEPER,src/java/main/org/apache/zookeeper/server/NettyServerCnxn.java,12,15.0000,YES,YES,0.97000000,YES,0.90000000,YES_TO_YES,NO
ZOOKEEPER,src/contrib/loggraph/src/java/org/apache/zookeeper/graph/servlets/FileLoader.java,12,2.0000,NO,NO,0.00000000,NO,0.02000000,NO_TO_NO,NO
ZOOKEEPER,src/java/main/org/apache/zookeeper/server/quorum/ProposalRequestProcessor.java,12,1.0000,YES,YES,0.83000000,YES,0.82000000,YES_TO_YES,NO
ZOOKEEPER,src/java/main/org/apache/zookeeper/server/persistence/FileTxnLog.java,12,15.0000,YES,YES,1.00000000,YES,0.95000000,YES_TO_YES,NO
ZOOKEEPER,src/java/main/org/apache/zookeeper/server/persistence/FileTxnSnapLog.java,12,10.0000,YES,YES,0.97000000,YES,0.89000000,YES_TO_YES,NO
ZOOKEEPER,src/contrib/zooinspector/src/java/org/apache/zookeeper/inspector/gui/ZooInspectorIconResources.java,12,1.0000,NO,NO,0.01000000,NO,0.04000000,NO_TO_NO,NO
ZOOKEEPER,docs/zookeeperOver.html,12,23.0000,NO,NO,0.00000000,NO,0.00000000,NO_TO_NO,NO
ZOOKEEPER,src/contrib/zooinspector/src/java/org/apache/zookeeper/inspector/gui/ZooInspectorAboutDialog.java,12,1.0000,NO,NO,0.03000000,NO,0.02000000,NO_TO_NO,NO
ZOOKEEPER,src/java/main/org/apache/zookeeper/ZKUtil.java,12,5.0000,YES,YES,0.70000000,YES,0.61000000,YES_TO_YES,NO
ZOOKEEPER,src/java/main/org/apache/zookeeper/AsyncCallback.java,12,1.0000,NO,NO,0.00000000,NO,0.05000000,NO_TO_NO,NO
ZOOKEEPER,src/java/main/org/apache/zookeeper/JLineZNodeCompletor.java,12,2.0000,NO,NO,0.06000000,NO,0.09000000,NO_TO_NO,NO
ZOOKEEPER,src/contrib/loggraph/src/java/org/apache/zookeeper/graph/FilterException.java,12,1.0000,NO,NO,0.00000000,NO,0.00000000,NO_TO_NO,NO
ZOOKEEPER,src/java/main/org/apache/zookeeper/server/quorum/LearnerZooKeeperServer.java,12,4.0000,NO,NO,0.04000000,NO,0.06000000,NO_TO_NO,NO
ZOOKEEPER,src/java/main/org/apache/zookeeper/server/persistence/FileSnap.java,12,8.0000,NO,NO,0.03000000,NO,0.09000000,NO_TO_NO,NO
ZOOKEEPER,src/contrib/zooinspector/src/java/org/apache/zookeeper/inspector/gui/ZooInspectorNodeViewersDialog.java,12,37.0000,NO,NO,0.00000000,NO,0.06000000,NO_TO_NO,NO
ZOOKEEPER,src/contrib/zooinspector/src/java/org/apache/zookeeper/inspector/ZooInspector.java,12,1.0000,NO,NO,0.00000000,NO,0.09000000,NO_TO_NO,NO
ZOOKEEPER,src/java/main/org/apache/jute/OutputArchive.java,12,3.0000,NO,NO,0.02000000,NO,0.03000000,NO_TO_NO,NO
ZOOKEEPER,src/java/main/org/apache/zookeeper/server/auth/KerberosName.java,12,7.0000,YES,YES,0.84000000,YES,0.80000000,YES_TO_YES,NO
ZOOKEEPER,src/java/main/org/apache/zookeeper/client/StaticHostProvider.java,12,2.0000,NO,NO,0.03000000,NO,0.06000000,NO_TO_NO,NO
ZOOKEEPER,src/java/main/org/apache/zookeeper/server/ConnectionBean.java,12,1.0000,YES,YES,0.90000000,YES,0.87000000,YES_TO_YES,NO
ZOOKEEPER,src/java/main/org/apache/zookeeper/server/NettyServerCnxnFactory.java,12,8.0000,YES,YES,0.96000000,YES,0.92000000,YES_TO_YES,NO
ZOOKEEPER,src/java/main/org/apache/zookeeper/ClientCnxnSocketNIO.java,12,5.0000,YES,YES,0.95000000,YES,0.93000000,YES_TO_YES,NO
ZOOKEEPER,docs/zookeeperObservers.html,12,4.0000,NO,NO,0.00000000,NO,0.00000000,NO_TO_NO,NO
ZOOKEEPER,src/java/main/org/apache/jute/compiler/JVector.java,12,14.0000,NO,NO,0.00000000,NO,0.07000000,NO_TO_NO,NO
ZOOKEEPER,src/contrib/loggraph/src/java/org/apache/zookeeper/graph/TransactionEntry.java,12,10.0000,NO,NO,0.00000000,NO,0.04000000,NO_TO_NO,NO
ZOOKEEPER,src/contrib/rest/src/java/org/apache/zookeeper/server/jersey/jaxb/ZSession.java,12,2.0000,NO,NO,0.00000000,NO,0.01000000,NO_TO_NO,NO
ZOOKEEPER,src/contrib/loggraph/src/java/org/apache/zookeeper/graph/TxnLogSource.java,12,13.0000,YES,YES,0.71000000,YES,0.66000000,YES_TO_YES,NO
ZOOKEEPER,src/java/main/org/apache/zookeeper/server/quorum/LearnerHandler.java,12,18.0000,YES,YES,1.00000000,YES,0.98000000,YES_TO_YES,NO
ZOOKEEPER,src/java/main/org/apache/jute/compiler/JFloat.java,12,1.0000,NO,NO,0.00000000,NO,0.01000000,NO_TO_NO,NO
ZOOKEEPER,docs/javaExample.html,12,7.0000,NO,NO,0.00000000,NO,0.00000000,NO_TO_NO,NO
ZOOKEEPER,src/java/main/org/apache/zookeeper/server/NIOServerCnxn.java,12,27.0000,YES,YES,1.00000000,YES,0.98000000,YES_TO_YES,NO
ZOOKEEPER,src/java/main/org/apache/jute/CsvInputArchive.java,12,12.0000,NO,NO,0.02000000,NO,0.05000000,NO_TO_NO,NO
ZOOKEEPER,src/java/main/org/apache/zookeeper/ServerAdminClient.java,12,16.0000,NO,NO,0.14000000,NO,0.27000000,NO_TO_NO,NO
ZOOKEEPER,src/contrib/loggraph/src/java/org/apache/zookeeper/graph/Log4JEntry.java,12,2.0000,NO,NO,0.00000000,NO,0.03000000,NO_TO_NO,NO
ZOOKEEPER,src/java/main/org/apache/zookeeper/server/quorum/FollowerRequestProcessor.java,12,1.0000,YES,YES,0.90000000,YES,0.88000000,YES_TO_YES,NO
ZOOKEEPER,src/contrib/huebrowser/zkui/src/zkui/rest.py,12,1.0000,NO,NO,0.00000000,NO,0.01000000,NO_TO_NO,NO
ZOOKEEPER,src/contrib/zooinspector/src/java/org/apache/zookeeper/inspector/gui/nodeviewer/NodeViewerMetaData.java,12,3.0000,NO,NO,0.00000000,NO,0.11000000,NO_TO_NO,NO
ZOOKEEPER,src/contrib/rest/src/java/org/apache/zookeeper/server/jersey/RestMain.java,12,6.0000,NO,NO,0.00000000,NO,0.06000000,NO_TO_NO,NO
ZOOKEEPER,src/java/main/org/apache/zookeeper/server/ZooKeeperSaslServer.java,12,11.0000,NO,NO,0.08000000,NO,0.25000000,NO_TO_NO,NO
ZOOKEEPER,src/contrib/loggraph/src/java/org/apache/zookeeper/graph/servlets/GraphData.java,12,1.0000,NO,NO,0.02000000,NO,0.02000000,NO_TO_NO,NO
ZOOKEEPER,src/contrib/rest/src/java/org/apache/zookeeper/server/jersey/filters/HTTPBasicAuth.java,12,5.0000,NO,NO,0.00000000,NO,0.21000000,NO_TO_NO,NO
ZOOKEEPER,src/java/main/org/apache/zookeeper/server/quorum/LeaderZooKeeperServer.java,12,1.0000,NO,NO,0.20000000,NO,0.22000000,NO_TO_NO,NO
ZOOKEEPER,src/contrib/loggraph/src/java/org/apache/zookeeper/graph/Log4JSource.java,12,31.0000,NO,NO,0.03000000,NO,0.07000000,NO_TO_NO,NO
ZOOKEEPER,src/java/main/org/apache/zookeeper/server/quorum/ObserverZooKeeperServer.java,12,4.0000,NO,NO,0.07000000,NO,0.10000000,NO_TO_NO,NO
ZOOKEEPER,src/recipes/queue/src/java/org/apache/zookeeper/recipes/queue/DistributedQueue.java,12,10.0000,NO,NO,0.00000000,NO,0.04000000,NO_TO_NO,NO
ZOOKEEPER,docs/zookeeperAdmin.html,12,35.0000,NO,NO,0.00000000,NO,0.00000000,NO_TO_NO,NO
ZOOKEEPER,src/contrib/loggraph/src/java/org/apache/zookeeper/graph/MergedLogSource.java,12,21.0000,NO,NO,0.00000000,NO,0.05000000,NO_TO_NO,NO
ZOOKEEPER,src/contrib/rest/src/python/test.py,12,4.0000,NO,NO,0.00000000,NO,0.01000000,NO_TO_NO,NO
ZOOKEEPER,src/docs/src/documentation/content/xdocs/site.xml,12,1.0000,NO,NO,0.00000000,NO,0.00000000,NO_TO_NO,NO
ZOOKEEPER,src/contrib/zooinspector/src/java/org/apache/zookeeper/inspector/gui/ZooInspectorConnectionPropertiesDialog.java,12,9.0000,NO,NO,0.00000000,NO,0.13000000,NO_TO_NO,NO
ZOOKEEPER,src/java/main/org/apache/zookeeper/server/auth/AuthenticationProvider.java,12,2.0000,NO,NO,0.00000000,NO,0.05000000,NO_TO_NO,NO
ZOOKEEPER,src/contrib/zkpython/src/python/zk.py,12,13.0000,NO,NO,0.00000000,NO,0.01000000,NO_TO_NO,NO
ZOOKEEPER,src/java/main/org/apache/jute/compiler/CppGenerator.java,12,1.0000,NO,NO,0.00000000,NO,0.02000000,NO_TO_NO,NO
ZOOKEEPER,src/java/main/org/apache/jute/XmlInputArchive.java,12,17.0000,NO,NO,0.00000000,NO,0.08000000,NO_TO_NO,NO
ZOOKEEPER,src/contrib/rest/src/java/org/apache/zookeeper/server/jersey/jaxb/ZPath.java,12,2.0000,NO,NO,0.00000000,NO,0.02000000,NO_TO_NO,NO
ZOOKEEPER,src/contrib/loggraph/src/java/org/apache/zookeeper/graph/filterops/XorOp.java,12,1.0000,NO,NO,0.00000000,NO,0.00000000,NO_TO_NO,NO
ZOOKEEPER,src/java/main/org/apache/zookeeper/version/util/VerGen.java,12,15.0000,NO,NO,0.00000000,NO,0.19000000,NO_TO_NO,NO
ZOOKEEPER,src/contrib/loggraph/src/java/org/apache/zookeeper/graph/filterops/LessThanOp.java,12,2.0000,NO,NO,0.00000000,NO,0.06000000,NO_TO_NO,NO
ZOOKEEPER,src/java/main/org/apache/jute/compiler/JCompType.java,12,1.0000,NO,NO,0.00000000,NO,0.03000000,NO_TO_NO,NO
ZOOKEEPER,src/recipes/lock/src/java/org/apache/zookeeper/recipes/lock/ZNodeName.java,12,4.0000,NO,NO,0.00000000,NO,0.05000000,NO_TO_NO,NO
ZOOKEEPER,src/java/main/org/apache/zookeeper/server/quorum/LearnerSessionTracker.java,12,7.0000,YES,YES,0.80000000,YES,0.68000000,YES_TO_YES,NO
ZOOKEEPER,src/java/main/org/apache/zookeeper/server/ByteBufferOutputStream.java,12,2.0000,YES,YES,0.71000000,YES,0.69000000,YES_TO_YES,NO
ZOOKEEPER,docs/zookeeperOtherInfo.html,12,3.0000,NO,NO,0.00000000,NO,0.00000000,NO_TO_NO,NO
ZOOKEEPER,src/contrib/fatjar/src/java/org/apache/zookeeper/util/FatJarMain.java,12,10.0000,NO,NO,0.00000000,NO,0.17000000,NO_TO_NO,NO
ZOOKEEPER,src/contrib/loggraph/src/java/org/apache/zookeeper/graph/FilterParser.java,12,5.0000,NO,NO,0.01000000,NO,0.05000000,NO_TO_NO,NO
ZOOKEEPER,src/java/main/org/apache/zookeeper/server/DataTree.java,12,51.0000,YES,YES,0.99000000,YES,0.98000000,YES_TO_YES,NO
ZOOKEEPER,src/java/main/org/apache/jute/compiler/JString.java,12,1.0000,NO,NO,0.00000000,NO,0.00000000,NO_TO_NO,NO
ZOOKEEPER,src/contrib/rest/src/java/org/apache/zookeeper/server/jersey/jaxb/ZError.java,12,2.0000,NO,NO,0.00000000,NO,0.00000000,NO_TO_NO,NO
ZOOKEEPER,src/contrib/zooinspector/src/java/org/apache/zookeeper/inspector/gui/ZooInspectorTreeViewer.java,12,6.0000,NO,NO,0.00000000,NO,0.11000000,NO_TO_NO,NO
ZOOKEEPER,src/java/main/org/apache/zookeeper/Login.java,12,11.0000,YES,YES,0.96000000,YES,0.93000000,YES_TO_YES,NO
ZOOKEEPER,src/contrib/loggraph/src/java/org/apache/zookeeper/graph/FilterOp.java,12,4.0000,NO,NO,0.02000000,NO,0.08000000,NO_TO_NO,NO
ZOOKEEPER,src/contrib/rest/src/python/demo_master_election.py,12,5.0000,NO,NO,0.00000000,NO,0.01000000,NO_TO_NO,NO
ZOOKEEPER,src/java/main/org/apache/zookeeper/Quotas.java,12,5.0000,NO,NO,0.00000000,NO,0.05000000,NO_TO_NO,NO
ZOOKEEPER,src/java/main/org/apache/jute/CsvOutputArchive.java,12,4.0000,NO,NO,0.06000000,NO,0.08000000,NO_TO_NO,NO
ZOOKEEPER,src/java/main/org/apache/jute/compiler/JFile.java,12,2.0000,NO,NO,0.00000000,NO,0.06000000,NO_TO_NO,NO
ZOOKEEPER,docs/zookeeperStarted.html,12,10.0000,NO,NO,0.00000000,NO,0.00000000,NO_TO_NO,NO
ZOOKEEPER,docs/zookeeperQuotas.html,12,5.0000,NO,NO,0.00000000,NO,0.00000000,NO_TO_NO,NO
ZOOKEEPER,src/contrib/rest/src/python/demo_queue.py,12,6.0000,NO,NO,0.00000000,NO,0.01000000,NO_TO_NO,NO
ZOOKEEPER,src/contrib/monitoring/ganglia/zookeeper_ganglia.py,12,5.0000,NO,NO,0.00000000,NO,0.01000000,NO_TO_NO,NO
ZOOKEEPER,src/contrib/rest/src/java/org/apache/zookeeper/server/jersey/cfg/RestCfg.java,12,2.0000,NO,NO,0.00000000,NO,0.00000000,NO_TO_NO,NO
ZOOKEEPER,src/contrib/loggraph/src/java/org/apache/zookeeper/graph/JsonGenerator.java,12,22.0000,NO,NO,0.00000000,NO,0.03000000,NO_TO_NO,NO
ZOOKEEPER,src/java/main/org/apache/zookeeper/server/auth/IPAuthenticationProvider.java,12,12.0000,NO,NO,0.00000000,NO,0.06000000,NO_TO_NO,NO
ZOOKEEPER,src/java/main/org/apache/zookeeper/jmx/MBeanRegistry.java,12,4.0000,YES,YES,0.86000000,YES,0.86000000,YES_TO_YES,NO
ZOOKEEPER,docs/recipes.html,12,16.0000,NO,NO,0.00000000,NO,0.00000000,NO_TO_NO,NO
ZOOKEEPER,src/contrib/loggraph/src/java/org/apache/zookeeper/graph/LogSkipList.java,12,3.0000,NO,NO,0.02000000,NO,0.02000000,NO_TO_NO,NO
ZOOKEEPER,src/contrib/zooinspector/src/java/org/apache/zookeeper/inspector/gui/nodeviewer/NodeViewerACL.java,12,3.0000,NO,NO,0.00000000,NO,0.11000000,NO_TO_NO,NO
ZOOKEEPER,src/java/main/org/apache/zookeeper/client/ZooKeeperSaslClient.java,12,12.0000,YES,YES,0.84000000,YES,0.76000000,YES_TO_YES,NO
ZOOKEEPER,src/java/main/org/apache/zookeeper/Version.java,12,4.0000,NO,NO,0.00000000,NO,0.06000000,NO_TO_NO,NO
ZOOKEEPER,docs/zookeeperJMX.html,12,9.0000,NO,NO,0.00000000,NO,0.00000000,NO_TO_NO,NO
ZOOKEEPER,src/java/main/org/apache/zookeeper/server/ServerCnxn.java,12,39.0000,YES,YES,0.84000000,YES,0.76000000,YES_TO_YES,NO
ZOOKEEPER,src/contrib/zooinspector/src/java/org/apache/zookeeper/inspector/encryption/DataEncryptionManager.java,12,2.0000,NO,NO,0.00000000,NO,0.00000000,NO_TO_NO,NO
ZOOKEEPER,src/java/main/org/apache/zookeeper/Watcher.java,12,18.0000,NO,NO,0.15000000,NO,0.17000000,NO_TO_NO,NO
ZOOKEEPER,src/java/main/org/apache/jute/compiler/JDouble.java,13,1.0000,NO,NO,0.00000000,NO,0.01000000,NO_TO_NO,NO
ZOOKEEPER,src/java/main/org/apache/zookeeper/server/auth/ProviderRegistry.java,13,3.0000,NO,NO,0.00000000,NO,0.02000000,NO_TO_NO,NO
ZOOKEEPER,src/java/main/org/apache/jute/compiler/CGenerator.java,13,1.0000,NO,NO,0.00000000,NO,0.04000000,NO_TO_NO,NO
ZOOKEEPER,src/java/main/org/apache/zookeeper/server/NIOServerCnxnFactory.java,13,10.0000,YES,YES,0.95000000,YES,0.62000000,YES_TO_YES,NO
ZOOKEEPER,src/java/main/org/apache/zookeeper/server/quorum/flexible/QuorumMaj.java,13,1.0000,NO,NO,0.00000000,NO,0.04000000,NO_TO_NO,NO
ZOOKEEPER,src/java/main/org/apache/zookeeper/server/PurgeTxnLog.java,13,11.0000,NO,NO,0.01000000,NO,0.07000000,NO_TO_NO,NO
ZOOKEEPER,src/contrib/rest/src/java/org/apache/zookeeper/server/jersey/resources/JAXBContextResolver.java,13,3.0000,NO,NO,0.00000000,NO,0.16000000,NO_TO_NO,NO
ZOOKEEPER,src/recipes/election/src/java/org/apache/zookeeper/recipes/leader/LeaderElectionSupport.java,13,12.0000,NO,NO,0.08000000,NO,0.34000000,NO_TO_NO,NO
ZOOKEEPER,src/contrib/loggraph/src/java/org/apache/zookeeper/graph/RandomAccessFileReader.java,13,28.0000,NO,NO,0.00000000,NO,0.22000000,NO_TO_NO,NO
ZOOKEEPER,src/java/main/org/apache/jute/compiler/JField.java,13,1.0000,NO,NO,0.00000000,NO,0.01000000,NO_TO_NO,NO
ZOOKEEPER,src/java/main/org/apache/zookeeper/server/quorum/LeaderBean.java,13,1.0000,NO,NO,0.05000000,NO,0.05000000,NO_TO_NO,NO
ZOOKEEPER,src/java/main/org/apache/zookeeper/client/ConnectStringParser.java,13,4.0000,NO,NO,0.00000000,NO,0.10000000,NO_TO_NO,NO
ZOOKEEPER,src/java/main/org/apache/zookeeper/server/quorum/flexible/QuorumHierarchical.java,13,14.0000,NO,NO,0.00000000,NO,0.23000000,NO_TO_NO,NO
ZOOKEEPER,docs/zookeeperInternals.html,13,13.0000,NO,NO,0.00000000,NO,0.00000000,NO_TO_NO,NO
ZOOKEEPER,docs/releasenotes.html,13,11.0000,NO,NO,0.00000000,NO,0.00000000,NO_TO_NO,NO
ZOOKEEPER,src/java/main/org/apache/zookeeper/server/util/ZxidUtils.java,13,5.0000,NO,NO,0.00000000,NO,0.00000000,NO_TO_NO,NO
ZOOKEEPER,docs/bookkeeperConfig.html,13,5.0000,NO,NO,0.00000000,NO,0.00000000,NO_TO_NO,NO
ZOOKEEPER,docs/bookkeeperStarted.html,13,8.0000,NO,NO,0.00000000,NO,0.00000000,NO_TO_NO,NO
ZOOKEEPER,src/java/main/org/apache/zookeeper/common/PathUtils.java,13,4.0000,NO,NO,0.00000000,NO,0.01000000,NO_TO_NO,NO
ZOOKEEPER,src/java/main/org/apache/jute/RecordWriter.java,13,12.0000,NO,NO,0.00000000,NO,0.07000000,NO_TO_NO,NO
ZOOKEEPER,src/java/main/org/apache/zookeeper/server/ServerCnxnFactory.java,13,8.0000,NO,NO,0.06000000,NO,0.13000000,NO_TO_NO,NO
ZOOKEEPER,src/contrib/monitoring/check_zookeeper.py,13,18.0000,NO,NO,0.00000000,NO,0.01000000,NO_TO_NO,NO
ZOOKEEPER,src/contrib/loggraph/src/java/org/apache/zookeeper/graph/servlets/StaticContent.java,13,1.0000,NO,NO,0.00000000,NO,0.00000000,NO_TO_NO,NO
ZOOKEEPER,src/java/main/org/apache/zookeeper/Op.java,13,2.0000,YES,YES,0.97000000,YES,0.87000000,YES_TO_YES,NO
ZOOKEEPER,src/java/main/org/apache/zookeeper/server/persistence/Util.java,13,9.0000,YES,YES,1.00000000,YES,0.90000000,YES_TO_YES,NO
ZOOKEEPER,src/java/main/org/apache/zookeeper/ClientCnxn.java,13,36.0000,YES,YES,1.00000000,YES,0.98000000,YES_TO_YES,NO
ZOOKEEPER,src/java/main/org/apache/zookeeper/server/quorum/QuorumPeerConfig.java,13,15.0000,NO,NO,0.03000000,NO,0.33000000,NO_TO_NO,NO
ZOOKEEPER,src/java/main/org/apache/jute/compiler/JRecord.java,13,36.0000,NO,NO,0.06000000,NO,0.36000000,NO_TO_NO,NO
ZOOKEEPER,src/contrib/loggraph/src/java/org/apache/zookeeper/graph/LogEntry.java,13,6.0000,NO,NO,0.00000000,NO,0.20000000,NO_TO_NO,NO
ZOOKEEPER,src/java/main/org/apache/jute/Utils.java,13,15.0000,NO,NO,0.00000000,NO,0.16000000,NO_TO_NO,NO
ZOOKEEPER,src/java/main/org/apache/zookeeper/jmx/CommonNames.java,13,2.0000,NO,NO,0.00000000,NO,0.00000000,NO_TO_NO,NO
ZOOKEEPER,src/contrib/loggraph/src/java/org/apache/zookeeper/graph/LogIterator.java,13,2.0000,NO,NO,0.00000000,NO,0.00000000,NO_TO_NO,NO
ZOOKEEPER,src/contrib/zkpython/src/examples/watch_znode_for_changes.py,13,3.0000,NO,NO,0.00000000,NO,0.01000000,NO_TO_NO,NO
ZOOKEEPER,src/java/main/org/apache/zookeeper/server/ServerStats.java,13,11.0000,YES,YES,1.00000000,YES,0.69000000,YES_TO_YES,NO
ZOOKEEPER,src/java/main/org/apache/zookeeper/server/quorum/Leader.java,13,53.0000,YES,YES,1.00000000,YES,0.97000000,YES_TO_YES,NO
ZOOKEEPER,src/java/main/org/apache/zookeeper/MultiTransactionRecord.java,13,1.0000,NO,NO,0.02000000,NO,0.10000000,NO_TO_NO,NO
ZOOKEEPER,src/java/main/org/apache/zookeeper/server/ZooKeeperServer.java,13,23.0000,YES,YES,1.00000000,YES,0.98000000,YES_TO_YES,NO
ZOOKEEPER,src/java/main/org/apache/zookeeper/ZooKeeperMain.java,13,75.0000,YES,YES,1.00000000,YES,0.94000000,YES_TO_YES,NO
ZOOKEEPER,src/java/main/org/apache/zookeeper/ZooKeeper.java,13,24.0000,YES,YES,1.00000000,YES,0.98000000,YES_TO_YES,NO
ZOOKEEPER,src/java/main/org/apache/zookeeper/Environment.java,13,2.0000,NO,NO,0.02000000,NO,0.06000000,NO_TO_NO,NO
ZOOKEEPER,src/contrib/zooinspector/src/java/org/apache/zookeeper/inspector/manager/ZooInspectorManagerImpl.java,13,26.0000,NO,NO,0.00000000,NO,0.19000000,NO_TO_NO,NO
ZOOKEEPER,docs/zookeeperHierarchicalQuorums.html,13,1.0000,NO,NO,0.00000000,NO,0.00000000,NO_TO_NO,NO
ZOOKEEPER,src/java/main/org/apache/zookeeper/server/quorum/QuorumStats.java,13,5.0000,NO,NO,0.00000000,NO,0.07000000,NO_TO_NO,NO
ZOOKEEPER,src/java/main/org/apache/jute/compiler/JMap.java,13,10.0000,NO,NO,0.00000000,NO,0.09000000,NO_TO_NO,NO
ZOOKEEPER,src/java/main/org/apache/zookeeper/MultiResponse.java,13,3.0000,NO,NO,0.03000000,NO,0.11000000,NO_TO_NO,NO
ZOOKEEPER,src/java/main/org/apache/zookeeper/server/TraceFormatter.java,13,4.0000,NO,NO,0.00000000,NO,0.02000000,NO_TO_NO,NO
ZOOKEEPER,src/java/main/org/apache/zookeeper/server/auth/DigestAuthenticationProvider.java,13,14.0000,NO,NO,0.00000000,NO,0.13000000,NO_TO_NO,NO
ZOOKEEPER,docs/zookeeperTutorial.html,13,5.0000,NO,NO,0.00000000,NO,0.00000000,NO_TO_NO,NO
ZOOKEEPER,src/java/main/org/apache/zookeeper/server/auth/SaslServerCallbackHandler.java,13,3.0000,NO,NO,0.02000000,NO,0.10000000,NO_TO_NO,NO
ZOOKEEPER,src/java/main/org/apache/zookeeper/server/ZooKeeperServerMain.java,13,2.0000,NO,NO,0.01000000,NO,0.07000000,NO_TO_NO,NO
ZOOKEEPER,docs/bookkeeperStream.html,13,4.0000,NO,NO,0.00000000,NO,0.00000000,NO_TO_NO,NO
ZOOKEEPER,src/java/main/org/apache/zookeeper/server/ZooTrace.java,13,16.0000,NO,NO,0.00000000,NO,0.15000000,NO_TO_NO,NO
ZOOKEEPER,src/java/main/org/apache/zookeeper/server/quorum/QuorumCnxManager.java,13,16.0000,YES,YES,1.00000000,YES,0.97000000,YES_TO_YES,NO
ZOOKEEPER,src/contrib/zooinspector/src/java/org/apache/zookeeper/inspector/logger/LoggerFactory.java,13,1.0000,NO,NO,0.00000000,NO,0.00000000,NO_TO_NO,NO
ZOOKEEPER,src/contrib/loggraph/src/java/org/apache/zookeeper/graph/filterops/NumberArg.java,13,1.0000,NO,NO,0.00000000,NO,0.00000000,NO_TO_NO,NO
ZOOKEEPER,src/java/main/org/apache/zookeeper/jmx/ManagedUtil.java,13,3.0000,YES,YES,0.94000000,NO,0.47000000,YES_TO_NO,YES
ZOOKEEPER,src/contrib/huebrowser/zkui/src/zkui/utils.py,13,1.0000,NO,NO,0.00000000,NO,0.00000000,NO_TO_NO,NO
ZOOKEEPER,src/contrib/huebrowser/zkui/src/zkui/stats.py,13,2.0000,NO,NO,0.00000000,NO,0.01000000,NO_TO_NO,NO
ZOOKEEPER,src/java/main/org/apache/zookeeper/server/LogFormatter.java,13,6.0000,NO,NO,0.00000000,NO,0.07000000,NO_TO_NO,NO
ZOOKEEPER,src/java/main/org/apache/zookeeper/server/quorum/FastLeaderElection.java,13,27.0000,YES,YES,1.00000000,YES,0.97000000,YES_TO_YES,NO
ZOOKEEPER,src/java/main/org/apache/jute/compiler/JType.java,13,8.0000,NO,NO,0.00000000,NO,0.02000000,NO_TO_NO,NO
ZOOKEEPER,src/docs/status.xml,13,1.0000,NO,NO,0.00000000,NO,0.00000000,NO_TO_NO,NO
ZOOKEEPER,src/java/main/org/apache/zookeeper/common/PathTrie.java,13,3.0000,NO,NO,0.03000000,NO,0.08000000,NO_TO_NO,NO
ZOOKEEPER,src/java/main/org/apache/zookeeper/server/SyncRequestProcessor.java,13,8.0000,YES,YES,1.00000000,YES,0.87000000,YES_TO_YES,NO
ZOOKEEPER,src/java/main/org/apache/zookeeper/server/FinalRequestProcessor.java,13,5.0000,YES,YES,1.00000000,YES,0.98000000,YES_TO_YES,NO
ZOOKEEPER,src/java/main/org/apache/zookeeper/server/quorum/CommitProcessor.java,13,7.0000,YES,YES,1.00000000,YES,0.87000000,YES_TO_YES,NO
ZOOKEEPER,src/contrib/loggraph/src/java/org/apache/zookeeper/graph/servlets/Throughput.java,13,5.0000,NO,NO,0.01000000,NO,0.09000000,NO_TO_NO,NO
ZOOKEEPER,src/java/main/org/apache/zookeeper/server/SessionTrackerImpl.java,13,14.0000,YES,YES,1.00000000,YES,0.88000000,YES_TO_YES,NO
ZOOKEEPER,src/contrib/loggraph/src/java/org/apache/zookeeper/graph/filterops/StringArg.java,13,1.0000,NO,NO,0.00000000,NO,0.00000000,NO_TO_NO,NO
ZOOKEEPER,src/java/main/org/apache/zookeeper/Shell.java,13,14.0000,YES,YES,0.98000000,YES,0.76000000,YES_TO_YES,NO
ZOOKEEPER,src/contrib/zooinspector/src/java/org/apache/zookeeper/inspector/gui/ZooInspectorPanel.java,13,16.0000,NO,NO,0.00000000,NO,0.07000000,NO_TO_NO,NO
ZOOKEEPER,src/java/main/org/apache/jute/BinaryInputArchive.java,13,11.0000,YES,YES,0.77000000,YES,0.51000000,YES_TO_YES,NO
ZOOKEEPER,src/contrib/rest/src/java/org/apache/zookeeper/server/jersey/cfg/HostPortSet.java,13,2.0000,NO,NO,0.00000000,NO,0.01000000,NO_TO_NO,NO
ZOOKEEPER,src/contrib/monitoring/test.py,13,2.0000,NO,NO,0.00000000,NO,0.01000000,NO_TO_NO,NO
ZOOKEEPER,src/contrib/loggraph/src/java/org/apache/zookeeper/graph/filterops/GreaterThanOp.java,13,3.0000,NO,NO,0.00000000,NO,0.06000000,NO_TO_NO,NO
ZOOKEEPER,src/java/main/org/apache/zookeeper/server/auth/SASLAuthenticationProvider.java,13,1.0000,NO,NO,0.00000000,NO,0.00000000,NO_TO_NO,NO
ZOOKEEPER,src/java/main/org/apache/zookeeper/server/DataNode.java,13,10.0000,NO,NO,0.00000000,NO,0.05000000,NO_TO_NO,NO
ZOOKEEPER,docs/bookkeeperOverview.html,13,12.0000,NO,NO,0.00000000,NO,0.00000000,NO_TO_NO,NO
ZOOKEEPER,src/java/main/org/apache/zookeeper/server/auth/DigestLoginModule.java,13,4.0000,NO,NO,0.03000000,NO,0.08000000,NO_TO_NO,NO
ZOOKEEPER,docs/bookkeeperProgrammer.html,13,9.0000,NO,NO,0.00000000,NO,0.00000000,NO_TO_NO,NO
ZOOKEEPER,src/contrib/rest/src/python/zk_dump_tree.py,13,10.0000,NO,NO,0.00000000,NO,0.01000000,NO_TO_NO,NO
ZOOKEEPER,src/contrib/rest/src/java/org/apache/zookeeper/server/jersey/resources/SessionsResource.java,13,2.0000,NO,NO,0.03000000,NO,0.15000000,NO_TO_NO,NO
ZOOKEEPER,src/java/main/org/apache/jute/BinaryOutputArchive.java,13,7.0000,NO,NO,0.00000000,NO,0.03000000,NO_TO_NO,NO
ZOOKEEPER,src/contrib/loggraph/src/java/org/apache/zookeeper/graph/MeasureThroughput.java,13,11.0000,NO,NO,0.00000000,NO,0.07000000,NO_TO_NO,NO
ZOOKEEPER,src/contrib/huebrowser/zkui/src/zkui/views.py,13,1.0000,NO,NO,0.00000000,NO,0.01000000,NO_TO_NO,NO
ZOOKEEPER,src/java/main/org/apache/zookeeper/server/quorum/FollowerZooKeeperServer.java,13,3.0000,NO,NO,0.00000000,NO,0.11000000,NO_TO_NO,NO
ZOOKEEPER,src/java/main/org/apache/zookeeper/server/WatchManager.java,13,4.0000,NO,NO,0.01000000,NO,0.14000000,NO_TO_NO,NO
ZOOKEEPER,docs/zookeeperProgrammers.html,13,35.0000,NO,NO,0.00000000,NO,0.00000000,NO_TO_NO,NO
ZOOKEEPER,src/contrib/loggraph/src/java/org/apache/zookeeper/graph/servlets/Fs.java,13,2.0000,NO,NO,0.00000000,NO,0.02000000,NO_TO_NO,NO
ZOOKEEPER,src/contrib/rest/src/java/org/apache/zookeeper/server/jersey/resources/ZNodeResource.java,13,3.0000,NO,NO,0.00000000,NO,0.07000000,NO_TO_NO,NO
ZOOKEEPER,src/contrib/zooinspector/src/java/org/apache/zookeeper/retry/ZooKeeperRetry.java,13,5.0000,NO,NO,0.00000000,NO,0.11000000,NO_TO_NO,NO
ZOOKEEPER,src/java/main/org/apache/zookeeper/server/util/SerializeUtils.java,13,4.0000,NO,NO,0.00000000,NO,0.16000000,NO_TO_NO,NO
ZOOKEEPER,src/contrib/loggraph/src/java/org/apache/zookeeper/graph/LogServer.java,13,2.0000,NO,NO,0.00000000,NO,0.05000000,NO_TO_NO,NO
ZOOKEEPER,src/java/main/org/apache/zookeeper/server/quorum/ObserverRequestProcessor.java,13,1.0000,YES,YES,0.99000000,YES,0.86000000,YES_TO_YES,NO
ZOOKEEPER,src/contrib/zooinspector/src/java/org/apache/zookeeper/inspector/gui/nodeviewer/NodeViewerData.java,13,4.0000,NO,NO,0.04000000,NO,0.18000000,NO_TO_NO,NO
ZOOKEEPER,src/contrib/loggraph/src/java/org/apache/zookeeper/graph/servlets/NumEvents.java,13,3.0000,NO,NO,0.00000000,NO,0.01000000,NO_TO_NO,NO
ZOOKEEPER,src/recipes/lock/src/java/org/apache/zookeeper/recipes/lock/WriteLock.java,13,3.0000,NO,NO,0.00000000,NO,0.07000000,NO_TO_NO,NO
ZOOKEEPER,src/java/main/org/apache/zookeeper/ZooDefs.java,13,31.0000,NO,NO,0.00000000,NO,0.09000000,NO_TO_NO,NO
ZOOKEEPER,src/contrib/rest/src/java/org/apache/zookeeper/server/jersey/jaxb/ZChildren.java,13,7.0000,NO,NO,0.00000000,NO,0.32000000,NO_TO_NO,NO
ZOOKEEPER,src/java/main/org/apache/zookeeper/server/quorum/ReadOnlyRequestProcessor.java,13,4.0000,YES,YES,0.92000000,YES,0.60000000,YES_TO_YES,NO
ZOOKEEPER,src/java/main/org/apache/zookeeper/server/quorum/Vote.java,13,5.0000,NO,NO,0.00000000,NO,0.09000000,NO_TO_NO,NO
ZOOKEEPER,src/java/main/org/apache/zookeeper/server/PrepRequestProcessor.java,13,22.0000,YES,YES,1.00000000,YES,0.98000000,YES_TO_YES,NO
ZOOKEEPER,src/java/main/org/apache/jute/RecordReader.java,13,12.0000,NO,NO,0.00000000,NO,0.07000000,NO_TO_NO,NO
ZOOKEEPER,src/java/main/org/apache/zookeeper/server/quorum/LeaderElection.java,13,19.0000,NO,NO,0.03000000,NO,0.38000000,NO_TO_NO,NO
ZOOKEEPER,src/java/main/org/apache/zookeeper/server/quorum/Learner.java,13,10.0000,NO,NO,0.14000000,NO,0.24000000,NO_TO_NO,NO
ZOOKEEPER,src/contrib/rest/src/python/zkrest.py,13,1.0000,NO,NO,0.00000000,NO,0.01000000,NO_TO_NO,NO
ZOOKEEPER,src/contrib/rest/src/java/org/apache/zookeeper/server/jersey/ZooKeeperService.java,13,14.0000,NO,NO,0.00000000,NO,0.15000000,NO_TO_NO,NO
ZOOKEEPER,src/java/main/org/apache/zookeeper/server/quorum/AuthFastLeaderElection.java,13,46.0000,YES,YES,1.00000000,YES,0.94000000,YES_TO_YES,NO
ZOOKEEPER,src/java/main/org/apache/zookeeper/server/Request.java,13,5.0000,YES,YES,1.00000000,YES,0.92000000,YES_TO_YES,NO
ZOOKEEPER,src/contrib/loggraph/src/java/org/apache/zookeeper/graph/servlets/JsonServlet.java,13,4.0000,NO,NO,0.00000000,NO,0.22000000,NO_TO_NO,NO
ZOOKEEPER,src/java/main/org/apache/zookeeper/KeeperException.java,13,77.0000,NO,NO,0.34000000,YES,0.51000000,NO_TO_YES,NO
ZOOKEEPER,src/java/main/org/apache/zookeeper/server/ZKDatabase.java,13,8.0000,YES,YES,1.00000000,YES,0.97000000,YES_TO_YES,NO
ZOOKEEPER,src/java/main/org/apache/zookeeper/server/quorum/QuorumPeer.java,13,44.0000,YES,YES,1.00000000,YES,0.98000000,YES_TO_YES,NO
ZOOKEEPER,src/java/main/org/apache/jute/XmlOutputArchive.java,13,8.0000,NO,NO,0.00000000,NO,0.12000000,NO_TO_NO,NO
ZOOKEEPER,src/recipes/lock/src/java/org/apache/zookeeper/recipes/lock/ProtocolSupport.java,13,2.0000,NO,NO,0.00000000,NO,0.03000000,NO_TO_NO,NO
ZOOKEEPER,src/contrib/rest/src/java/org/apache/zookeeper/server/jersey/jaxb/ZChildrenJSON.java,13,8.0000,NO,NO,0.00000000,NO,0.36000000,NO_TO_NO,NO
ZOOKEEPER,src/java/main/org/apache/zookeeper/server/ByteBufferInputStream.java,13,2.0000,NO,NO,0.00000000,NO,0.09000000,NO_TO_NO,NO
ZOOKEEPER,src/java/main/org/apache/zookeeper/WatchedEvent.java,13,2.0000,NO,NO,0.00000000,NO,0.05000000,NO_TO_NO,NO
ZOOKEEPER,src/contrib/zooinspector/src/java/org/apache/zookeeper/inspector/gui/ZooInspectorNodeViewersPanel.java,13,7.0000,NO,NO,0.00000000,NO,0.17000000,NO_TO_NO,NO
ZOOKEEPER,src/java/main/org/apache/zookeeper/server/util/Profiler.java,13,1.0000,NO,NO,0.03000000,NO,0.03000000,NO_TO_NO,NO
ZOOKEEPER,src/contrib/loggraph/src/java/org/apache/zookeeper/graph/filterops/SymbolArg.java,13,1.0000,NO,NO,0.00000000,NO,0.00000000,NO_TO_NO,NO
ZOOKEEPER,src/java/main/org/apache/jute/compiler/JBuffer.java,13,1.0000,NO,NO,0.00000000,NO,0.02000000,NO_TO_NO,NO
ZOOKEEPER,src/java/main/org/apache/zookeeper/CreateMode.java,13,1.0000,YES,YES,0.95000000,YES,0.71000000,YES_TO_YES,NO
ZOOKEEPER,src/docs/src/documentation/skinconf.xml,13,6.0000,NO,NO,0.00000000,NO,0.00000000,NO_TO_NO,NO
ZOOKEEPER,src/contrib/rest/src/java/org/apache/zookeeper/server/jersey/jaxb/ZStat.java,13,16.0000,NO,NO,0.00000000,NO,0.03000000,NO_TO_NO,NO
ZOOKEEPER,src/java/main/org/apache/zookeeper/server/quorum/QuorumPeerMain.java,13,2.0000,NO,NO,0.00000000,NO,0.05000000,NO_TO_NO,NO
ZOOKEEPER,src/java/main/org/apache/zookeeper/Transaction.java,13,2.0000,YES,YES,0.86000000,NO,0.40000000,YES_TO_NO,YES
ZOOKEEPER,src/java/main/org/apache/zookeeper/server/NettyServerCnxn.java,13,15.0000,YES,YES,0.94000000,YES,0.93000000,YES_TO_YES,NO
ZOOKEEPER,src/contrib/loggraph/src/java/org/apache/zookeeper/graph/servlets/FileLoader.java,13,2.0000,NO,NO,0.00000000,NO,0.11000000,NO_TO_NO,NO
ZOOKEEPER,src/java/main/org/apache/zookeeper/server/quorum/ProposalRequestProcessor.java,13,1.0000,YES,YES,1.00000000,YES,0.89000000,YES_TO_YES,NO
ZOOKEEPER,src/java/main/org/apache/zookeeper/server/persistence/FileTxnLog.java,13,15.0000,YES,YES,1.00000000,YES,0.92000000,YES_TO_YES,NO
ZOOKEEPER,src/java/main/org/apache/zookeeper/server/persistence/FileTxnSnapLog.java,13,10.0000,YES,YES,0.96000000,YES,0.85000000,YES_TO_YES,NO
ZOOKEEPER,src/contrib/zooinspector/src/java/org/apache/zookeeper/inspector/gui/ZooInspectorIconResources.java,13,1.0000,NO,NO,0.01000000,NO,0.04000000,NO_TO_NO,NO
ZOOKEEPER,docs/zookeeperOver.html,13,23.0000,NO,NO,0.00000000,NO,0.00000000,NO_TO_NO,NO
ZOOKEEPER,src/contrib/zooinspector/src/java/org/apache/zookeeper/inspector/gui/ZooInspectorAboutDialog.java,13,1.0000,NO,NO,0.03000000,NO,0.02000000,NO_TO_NO,NO
ZOOKEEPER,src/java/main/org/apache/zookeeper/ZKUtil.java,13,5.0000,YES,YES,0.98000000,YES,0.61000000,YES_TO_YES,NO
ZOOKEEPER,src/java/main/org/apache/zookeeper/AsyncCallback.java,13,1.0000,NO,NO,0.00000000,NO,0.05000000,NO_TO_NO,NO
ZOOKEEPER,src/java/main/org/apache/zookeeper/JLineZNodeCompletor.java,13,2.0000,NO,NO,0.01000000,NO,0.14000000,NO_TO_NO,NO
ZOOKEEPER,src/contrib/loggraph/src/java/org/apache/zookeeper/graph/FilterException.java,13,1.0000,NO,NO,0.00000000,NO,0.00000000,NO_TO_NO,NO
ZOOKEEPER,src/java/main/org/apache/zookeeper/server/quorum/LearnerZooKeeperServer.java,13,4.0000,NO,NO,0.09000000,NO,0.10000000,NO_TO_NO,NO
ZOOKEEPER,src/java/main/org/apache/zookeeper/server/persistence/FileSnap.java,13,8.0000,NO,NO,0.01000000,NO,0.16000000,NO_TO_NO,NO
ZOOKEEPER,src/contrib/zooinspector/src/java/org/apache/zookeeper/inspector/gui/ZooInspectorNodeViewersDialog.java,13,37.0000,NO,NO,0.00000000,NO,0.06000000,NO_TO_NO,NO
ZOOKEEPER,src/contrib/zooinspector/src/java/org/apache/zookeeper/inspector/ZooInspector.java,13,1.0000,NO,NO,0.00000000,NO,0.09000000,NO_TO_NO,NO
ZOOKEEPER,src/java/main/org/apache/jute/OutputArchive.java,13,3.0000,NO,NO,0.00000000,NO,0.04000000,NO_TO_NO,NO
ZOOKEEPER,src/java/main/org/apache/zookeeper/server/auth/KerberosName.java,13,7.0000,YES,YES,0.96000000,YES,0.63000000,YES_TO_YES,NO
ZOOKEEPER,src/java/main/org/apache/zookeeper/client/StaticHostProvider.java,13,2.0000,NO,NO,0.02000000,NO,0.22000000,NO_TO_NO,NO
ZOOKEEPER,src/java/main/org/apache/zookeeper/server/ConnectionBean.java,13,1.0000,YES,YES,1.00000000,YES,0.92000000,YES_TO_YES,NO
ZOOKEEPER,src/java/main/org/apache/zookeeper/server/NettyServerCnxnFactory.java,13,8.0000,YES,YES,0.91000000,YES,0.72000000,YES_TO_YES,NO
ZOOKEEPER,src/java/main/org/apache/zookeeper/ClientCnxnSocketNIO.java,13,5.0000,NO,NO,0.15000000,NO,0.16000000,NO_TO_NO,NO
ZOOKEEPER,docs/zookeeperObservers.html,13,4.0000,NO,NO,0.00000000,NO,0.00000000,NO_TO_NO,NO
ZOOKEEPER,src/java/main/org/apache/jute/compiler/JVector.java,13,14.0000,NO,NO,0.00000000,NO,0.07000000,NO_TO_NO,NO
ZOOKEEPER,src/contrib/loggraph/src/java/org/apache/zookeeper/graph/TransactionEntry.java,13,10.0000,NO,NO,0.00000000,NO,0.12000000,NO_TO_NO,NO
ZOOKEEPER,src/contrib/rest/src/java/org/apache/zookeeper/server/jersey/jaxb/ZSession.java,13,2.0000,NO,NO,0.00000000,NO,0.01000000,NO_TO_NO,NO
ZOOKEEPER,src/contrib/loggraph/src/java/org/apache/zookeeper/graph/TxnLogSource.java,13,13.0000,NO,NO,0.00000000,NO,0.14000000,NO_TO_NO,NO
ZOOKEEPER,src/java/main/org/apache/zookeeper/server/quorum/LearnerHandler.java,13,18.0000,YES,YES,1.00000000,YES,0.98000000,YES_TO_YES,NO
ZOOKEEPER,src/java/main/org/apache/jute/compiler/JFloat.java,13,1.0000,NO,NO,0.00000000,NO,0.01000000,NO_TO_NO,NO
ZOOKEEPER,docs/javaExample.html,13,7.0000,NO,NO,0.00000000,NO,0.00000000,NO_TO_NO,NO
ZOOKEEPER,src/java/main/org/apache/zookeeper/server/NIOServerCnxn.java,13,27.0000,YES,YES,1.00000000,YES,0.97000000,YES_TO_YES,NO
ZOOKEEPER,src/java/main/org/apache/jute/CsvInputArchive.java,13,12.0000,NO,NO,0.00000000,NO,0.03000000,NO_TO_NO,NO
ZOOKEEPER,src/java/main/org/apache/zookeeper/ServerAdminClient.java,13,16.0000,NO,NO,0.00000000,NO,0.22000000,NO_TO_NO,NO
ZOOKEEPER,src/contrib/loggraph/src/java/org/apache/zookeeper/graph/Log4JEntry.java,13,2.0000,NO,NO,0.00000000,NO,0.03000000,NO_TO_NO,NO
ZOOKEEPER,src/java/main/org/apache/zookeeper/server/quorum/FollowerRequestProcessor.java,13,1.0000,YES,YES,1.00000000,YES,0.90000000,YES_TO_YES,NO
ZOOKEEPER,src/contrib/huebrowser/zkui/src/zkui/rest.py,13,1.0000,NO,NO,0.00000000,NO,0.01000000,NO_TO_NO,NO
ZOOKEEPER,src/contrib/zooinspector/src/java/org/apache/zookeeper/inspector/gui/nodeviewer/NodeViewerMetaData.java,13,3.0000,NO,NO,0.00000000,NO,0.11000000,NO_TO_NO,NO
ZOOKEEPER,src/contrib/rest/src/java/org/apache/zookeeper/server/jersey/RestMain.java,13,6.0000,NO,NO,0.00000000,NO,0.09000000,NO_TO_NO,NO
ZOOKEEPER,src/java/main/org/apache/zookeeper/server/ZooKeeperSaslServer.java,13,11.0000,NO,NO,0.02000000,NO,0.36000000,NO_TO_NO,NO
ZOOKEEPER,src/contrib/loggraph/src/java/org/apache/zookeeper/graph/servlets/GraphData.java,13,1.0000,NO,NO,0.00000000,NO,0.01000000,NO_TO_NO,NO
ZOOKEEPER,src/contrib/rest/src/java/org/apache/zookeeper/server/jersey/filters/HTTPBasicAuth.java,13,5.0000,NO,NO,0.00000000,NO,0.21000000,NO_TO_NO,NO
ZOOKEEPER,src/java/main/org/apache/zookeeper/server/quorum/LeaderZooKeeperServer.java,13,1.0000,NO,NO,0.08000000,NO,0.11000000,NO_TO_NO,NO
ZOOKEEPER,src/contrib/loggraph/src/java/org/apache/zookeeper/graph/Log4JSource.java,13,31.0000,NO,NO,0.00000000,NO,0.17000000,NO_TO_NO,NO
ZOOKEEPER,src/java/main/org/apache/zookeeper/server/quorum/ObserverZooKeeperServer.java,13,4.0000,NO,NO,0.01000000,NO,0.05000000,NO_TO_NO,NO
ZOOKEEPER,src/recipes/queue/src/java/org/apache/zookeeper/recipes/queue/DistributedQueue.java,13,10.0000,NO,NO,0.00000000,NO,0.09000000,NO_TO_NO,NO
ZOOKEEPER,docs/zookeeperAdmin.html,13,35.0000,NO,NO,0.00000000,NO,0.00000000,NO_TO_NO,NO
ZOOKEEPER,src/contrib/loggraph/src/java/org/apache/zookeeper/graph/MergedLogSource.java,13,21.0000,NO,NO,0.00000000,NO,0.05000000,NO_TO_NO,NO
ZOOKEEPER,src/contrib/rest/src/python/test.py,13,4.0000,NO,NO,0.00000000,NO,0.01000000,NO_TO_NO,NO
ZOOKEEPER,src/docs/src/documentation/content/xdocs/site.xml,13,1.0000,NO,NO,0.00000000,NO,0.00000000,NO_TO_NO,NO
ZOOKEEPER,src/contrib/zooinspector/src/java/org/apache/zookeeper/inspector/gui/ZooInspectorConnectionPropertiesDialog.java,13,9.0000,NO,NO,0.00000000,NO,0.13000000,NO_TO_NO,NO
ZOOKEEPER,src/java/main/org/apache/zookeeper/server/auth/AuthenticationProvider.java,13,2.0000,NO,NO,0.00000000,NO,0.06000000,NO_TO_NO,NO
ZOOKEEPER,src/contrib/zkpython/src/python/zk.py,13,13.0000,NO,NO,0.00000000,NO,0.01000000,NO_TO_NO,NO
ZOOKEEPER,src/java/main/org/apache/jute/compiler/CppGenerator.java,13,1.0000,NO,NO,0.00000000,NO,0.02000000,NO_TO_NO,NO
ZOOKEEPER,src/java/main/org/apache/jute/XmlInputArchive.java,13,17.0000,NO,NO,0.00000000,NO,0.09000000,NO_TO_NO,NO
ZOOKEEPER,src/contrib/rest/src/java/org/apache/zookeeper/server/jersey/jaxb/ZPath.java,13,2.0000,NO,NO,0.00000000,NO,0.02000000,NO_TO_NO,NO
ZOOKEEPER,src/contrib/loggraph/src/java/org/apache/zookeeper/graph/filterops/XorOp.java,13,1.0000,NO,NO,0.00000000,NO,0.00000000,NO_TO_NO,NO
ZOOKEEPER,src/java/main/org/apache/zookeeper/version/util/VerGen.java,13,15.0000,NO,NO,0.00000000,NO,0.19000000,NO_TO_NO,NO
ZOOKEEPER,src/contrib/loggraph/src/java/org/apache/zookeeper/graph/filterops/LessThanOp.java,13,2.0000,NO,NO,0.00000000,NO,0.06000000,NO_TO_NO,NO
ZOOKEEPER,src/java/main/org/apache/jute/compiler/JCompType.java,13,1.0000,NO,NO,0.00000000,NO,0.03000000,NO_TO_NO,NO
ZOOKEEPER,src/recipes/lock/src/java/org/apache/zookeeper/recipes/lock/ZNodeName.java,13,4.0000,NO,NO,0.00000000,NO,0.05000000,NO_TO_NO,NO
ZOOKEEPER,src/java/main/org/apache/zookeeper/server/quorum/LearnerSessionTracker.java,13,7.0000,NO,NO,0.00000000,NO,0.08000000,NO_TO_NO,NO
ZOOKEEPER,src/java/main/org/apache/zookeeper/server/ByteBufferOutputStream.java,13,2.0000,NO,NO,0.04000000,NO,0.12000000,NO_TO_NO,NO
ZOOKEEPER,docs/zookeeperOtherInfo.html,13,3.0000,NO,NO,0.00000000,NO,0.00000000,NO_TO_NO,NO
ZOOKEEPER,src/contrib/fatjar/src/java/org/apache/zookeeper/util/FatJarMain.java,13,10.0000,NO,NO,0.00000000,NO,0.17000000,NO_TO_NO,NO
ZOOKEEPER,src/contrib/loggraph/src/java/org/apache/zookeeper/graph/FilterParser.java,13,5.0000,NO,NO,0.01000000,NO,0.05000000,NO_TO_NO,NO
ZOOKEEPER,src/java/main/org/apache/zookeeper/server/DataTree.java,13,51.0000,YES,YES,0.96000000,YES,0.95000000,YES_TO_YES,NO
ZOOKEEPER,src/java/main/org/apache/jute/compiler/JString.java,13,1.0000,NO,NO,0.00000000,NO,0.01000000,NO_TO_NO,NO
ZOOKEEPER,src/contrib/rest/src/java/org/apache/zookeeper/server/jersey/jaxb/ZError.java,13,2.0000,NO,NO,0.00000000,NO,0.00000000,NO_TO_NO,NO
ZOOKEEPER,src/contrib/zooinspector/src/java/org/apache/zookeeper/inspector/gui/ZooInspectorTreeViewer.java,13,6.0000,NO,NO,0.00000000,NO,0.11000000,NO_TO_NO,NO
ZOOKEEPER,src/java/main/org/apache/zookeeper/Login.java,13,11.0000,YES,YES,0.97000000,YES,0.65000000,YES_TO_YES,NO
ZOOKEEPER,src/contrib/loggraph/src/java/org/apache/zookeeper/graph/FilterOp.java,13,4.0000,NO,NO,0.00000000,NO,0.12000000,NO_TO_NO,NO
ZOOKEEPER,src/contrib/rest/src/python/demo_master_election.py,13,5.0000,NO,NO,0.00000000,NO,0.01000000,NO_TO_NO,NO
ZOOKEEPER,src/java/main/org/apache/zookeeper/Quotas.java,13,5.0000,NO,NO,0.00000000,NO,0.05000000,NO_TO_NO,NO
ZOOKEEPER,src/java/main/org/apache/jute/CsvOutputArchive.java,13,4.0000,NO,NO,0.00000000,NO,0.07000000,NO_TO_NO,NO
ZOOKEEPER,src/java/main/org/apache/jute/compiler/JFile.java,13,2.0000,NO,NO,0.00000000,NO,0.06000000,NO_TO_NO,NO
ZOOKEEPER,docs/zookeeperStarted.html,13,10.0000,NO,NO,0.00000000,NO,0.00000000,NO_TO_NO,NO
ZOOKEEPER,docs/zookeeperQuotas.html,13,5.0000,NO,NO,0.00000000,NO,0.00000000,NO_TO_NO,NO
ZOOKEEPER,src/contrib/rest/src/python/demo_queue.py,13,6.0000,NO,NO,0.00000000,NO,0.01000000,NO_TO_NO,NO
ZOOKEEPER,src/contrib/monitoring/ganglia/zookeeper_ganglia.py,13,5.0000,NO,NO,0.00000000,NO,0.01000000,NO_TO_NO,NO
ZOOKEEPER,src/contrib/rest/src/java/org/apache/zookeeper/server/jersey/cfg/RestCfg.java,13,2.0000,NO,NO,0.00000000,NO,0.00000000,NO_TO_NO,NO
ZOOKEEPER,src/contrib/loggraph/src/java/org/apache/zookeeper/graph/JsonGenerator.java,13,22.0000,NO,NO,0.00000000,NO,0.03000000,NO_TO_NO,NO
ZOOKEEPER,src/java/main/org/apache/zookeeper/server/auth/IPAuthenticationProvider.java,13,12.0000,NO,NO,0.00000000,NO,0.06000000,NO_TO_NO,NO
ZOOKEEPER,src/java/main/org/apache/zookeeper/jmx/MBeanRegistry.java,13,4.0000,YES,YES,1.00000000,YES,0.86000000,YES_TO_YES,NO
ZOOKEEPER,docs/recipes.html,13,16.0000,NO,NO,0.00000000,NO,0.00000000,NO_TO_NO,NO
ZOOKEEPER,src/contrib/loggraph/src/java/org/apache/zookeeper/graph/LogSkipList.java,13,3.0000,NO,NO,0.00000000,NO,0.02000000,NO_TO_NO,NO
ZOOKEEPER,src/contrib/zooinspector/src/java/org/apache/zookeeper/inspector/gui/nodeviewer/NodeViewerACL.java,13,3.0000,NO,NO,0.00000000,NO,0.11000000,NO_TO_NO,NO
ZOOKEEPER,src/java/main/org/apache/zookeeper/client/ZooKeeperSaslClient.java,13,12.0000,NO,NO,0.09000000,NO,0.25000000,NO_TO_NO,NO
ZOOKEEPER,src/java/main/org/apache/zookeeper/Version.java,13,4.0000,NO,NO,0.00000000,NO,0.06000000,NO_TO_NO,NO
ZOOKEEPER,docs/zookeeperJMX.html,13,9.0000,NO,NO,0.00000000,NO,0.00000000,NO_TO_NO,NO
ZOOKEEPER,src/java/main/org/apache/zookeeper/server/ServerCnxn.java,13,39.0000,NO,NO,0.01000000,NO,0.35000000,NO_TO_NO,NO
ZOOKEEPER,src/contrib/zooinspector/src/java/org/apache/zookeeper/inspector/encryption/DataEncryptionManager.java,13,2.0000,NO,NO,0.00000000,NO,0.00000000,NO_TO_NO,NO
ZOOKEEPER,src/java/main/org/apache/zookeeper/Watcher.java,13,18.0000,NO,NO,0.00000000,NO,0.03000000,NO_TO_NO,NO
ZOOKEEPER,src/java/main/org/apache/jute/compiler/JDouble.java,14,1.0000,NO,NO,0.00000000,NO,0.01000000,NO_TO_NO,NO
ZOOKEEPER,src/java/main/org/apache/zookeeper/server/auth/ProviderRegistry.java,14,3.0000,NO,NO,0.00000000,NO,0.02000000,NO_TO_NO,NO
ZOOKEEPER,src/java/main/org/apache/jute/compiler/CGenerator.java,14,1.0000,NO,NO,0.00000000,NO,0.04000000,NO_TO_NO,NO
ZOOKEEPER,src/contrib/zooinspector/src/java/com/nitido/utils/toaster/Toaster.java,14,5.0000,NO,NO,0.16000000,NO,0.17000000,NO_TO_NO,NO
ZOOKEEPER,src/java/main/org/apache/zookeeper/server/NIOServerCnxnFactory.java,14,10.0000,YES,YES,0.90000000,YES,0.58000000,YES_TO_YES,NO
ZOOKEEPER,src/java/main/org/apache/zookeeper/server/quorum/flexible/QuorumMaj.java,14,1.0000,NO,NO,0.00000000,NO,0.04000000,NO_TO_NO,NO
ZOOKEEPER,src/java/main/org/apache/zookeeper/server/PurgeTxnLog.java,14,11.0000,NO,NO,0.00000000,NO,0.07000000,NO_TO_NO,NO
ZOOKEEPER,src/contrib/rest/src/java/org/apache/zookeeper/server/jersey/resources/JAXBContextResolver.java,14,3.0000,NO,NO,0.00000000,NO,0.16000000,NO_TO_NO,NO
ZOOKEEPER,src/recipes/election/src/java/org/apache/zookeeper/recipes/leader/LeaderElectionSupport.java,14,13.0000,NO,NO,0.01000000,NO,0.32000000,NO_TO_NO,NO
ZOOKEEPER,src/contrib/loggraph/src/java/org/apache/zookeeper/graph/RandomAccessFileReader.java,14,28.0000,NO,NO,0.00000000,NO,0.21000000,NO_TO_NO,NO
ZOOKEEPER,src/java/main/org/apache/jute/compiler/JField.java,14,1.0000,NO,NO,0.00000000,NO,0.01000000,NO_TO_NO,NO
ZOOKEEPER,src/java/main/org/apache/zookeeper/server/quorum/LeaderBean.java,14,1.0000,NO,NO,0.15000000,NO,0.12000000,NO_TO_NO,NO
ZOOKEEPER,src/java/main/org/apache/zookeeper/client/ConnectStringParser.java,14,4.0000,NO,NO,0.00000000,NO,0.11000000,NO_TO_NO,NO
ZOOKEEPER,src/java/main/org/apache/zookeeper/server/quorum/flexible/QuorumHierarchical.java,14,14.0000,NO,NO,0.00000000,NO,0.23000000,NO_TO_NO,NO
ZOOKEEPER,docs/zookeeperInternals.html,14,13.0000,NO,NO,0.00000000,NO,0.00000000,NO_TO_NO,NO
ZOOKEEPER,docs/releasenotes.html,14,11.0000,NO,NO,0.00000000,NO,0.00000000,NO_TO_NO,NO
ZOOKEEPER,src/java/main/org/apache/zookeeper/server/util/ZxidUtils.java,14,5.0000,NO,NO,0.00000000,NO,0.00000000,NO_TO_NO,NO
ZOOKEEPER,docs/bookkeeperConfig.html,14,5.0000,NO,NO,0.00000000,NO,0.00000000,NO_TO_NO,NO
ZOOKEEPER,docs/bookkeeperStarted.html,14,8.0000,NO,NO,0.00000000,NO,0.00000000,NO_TO_NO,NO
ZOOKEEPER,src/java/main/org/apache/zookeeper/common/PathUtils.java,14,4.0000,NO,NO,0.00000000,NO,0.01000000,NO_TO_NO,NO
ZOOKEEPER,src/java/main/org/apache/jute/RecordWriter.java,14,12.0000,NO,NO,0.00000000,NO,0.07000000,NO_TO_NO,NO
ZOOKEEPER,src/java/main/org/apache/zookeeper/server/ServerCnxnFactory.java,14,8.0000,NO,NO,0.05000000,NO,0.13000000,NO_TO_NO,NO
ZOOKEEPER,src/contrib/monitoring/check_zookeeper.py,14,18.0000,NO,NO,0.00000000,NO,0.01000000,NO_TO_NO,NO
ZOOKEEPER,src/contrib/loggraph/src/java/org/apache/zookeeper/graph/servlets/StaticContent.java,14,1.0000,NO,NO,0.00000000,NO,0.00000000,NO_TO_NO,NO
ZOOKEEPER,src/java/main/org/apache/zookeeper/Op.java,14,2.0000,YES,YES,0.96000000,YES,0.87000000,YES_TO_YES,NO
ZOOKEEPER,src/java/main/org/apache/zookeeper/server/persistence/Util.java,14,9.0000,YES,YES,1.00000000,YES,0.90000000,YES_TO_YES,NO
ZOOKEEPER,src/contrib/zooinspector/src/java/org/apache/zookeeper/inspector/gui/Toolbar.java,14,11.0000,NO,NO,0.02000000,NO,0.03000000,NO_TO_NO,NO
ZOOKEEPER,src/java/main/org/apache/zookeeper/ClientCnxn.java,14,36.0000,YES,YES,1.00000000,YES,0.98000000,YES_TO_YES,NO
ZOOKEEPER,src/java/main/org/apache/zookeeper/server/quorum/QuorumPeerConfig.java,14,15.0000,NO,NO,0.02000000,NO,0.32000000,NO_TO_NO,NO
ZOOKEEPER,src/java/main/org/apache/jute/compiler/JRecord.java,14,36.0000,NO,NO,0.06000000,NO,0.36000000,NO_TO_NO,NO
ZOOKEEPER,src/contrib/loggraph/src/java/org/apache/zookeeper/graph/LogEntry.java,14,6.0000,NO,NO,0.00000000,NO,0.20000000,NO_TO_NO,NO
ZOOKEEPER,src/java/main/org/apache/jute/Utils.java,14,15.0000,NO,NO,0.00000000,NO,0.16000000,NO_TO_NO,NO
ZOOKEEPER,src/java/main/org/apache/zookeeper/jmx/CommonNames.java,14,2.0000,NO,NO,0.00000000,NO,0.00000000,NO_TO_NO,NO
ZOOKEEPER,src/contrib/loggraph/src/java/org/apache/zookeeper/graph/LogIterator.java,14,2.0000,NO,NO,0.00000000,NO,0.00000000,NO_TO_NO,NO
ZOOKEEPER,src/contrib/zkpython/src/examples/watch_znode_for_changes.py,14,3.0000,NO,NO,0.00000000,NO,0.01000000,NO_TO_NO,NO
ZOOKEEPER,src/java/main/org/apache/zookeeper/server/ServerStats.java,14,11.0000,YES,YES,0.98000000,YES,0.68000000,YES_TO_YES,NO
ZOOKEEPER,src/java/main/org/apache/zookeeper/server/quorum/Leader.java,14,52.0000,YES,YES,0.98000000,YES,0.95000000,YES_TO_YES,NO
ZOOKEEPER,src/java/main/org/apache/zookeeper/MultiTransactionRecord.java,14,1.0000,NO,NO,0.00000000,NO,0.09000000,NO_TO_NO,NO
ZOOKEEPER,src/java/main/org/apache/zookeeper/server/ZooKeeperServer.java,14,23.0000,YES,YES,1.00000000,YES,0.98000000,YES_TO_YES,NO
ZOOKEEPER,src/java/main/org/apache/zookeeper/ZooKeeperMain.java,14,75.0000,YES,YES,1.00000000,YES,0.94000000,YES_TO_YES,NO
ZOOKEEPER,src/java/main/org/apache/zookeeper/ZooKeeper.java,14,24.0000,YES,YES,1.00000000,YES,0.98000000,YES_TO_YES,NO
ZOOKEEPER,src/java/main/org/apache/zookeeper/Environment.java,14,2.0000,NO,NO,0.02000000,NO,0.06000000,NO_TO_NO,NO
ZOOKEEPER,src/contrib/zooinspector/src/java/org/apache/zookeeper/inspector/manager/ZooInspectorManagerImpl.java,14,26.0000,NO,NO,0.00000000,NO,0.19000000,NO_TO_NO,NO
ZOOKEEPER,docs/zookeeperHierarchicalQuorums.html,14,1.0000,NO,NO,0.00000000,NO,0.00000000,NO_TO_NO,NO
ZOOKEEPER,src/java/main/org/apache/zookeeper/server/quorum/QuorumStats.java,14,5.0000,NO,NO,0.00000000,NO,0.08000000,NO_TO_NO,NO
ZOOKEEPER,src/java/main/org/apache/jute/compiler/JMap.java,14,10.0000,NO,NO,0.00000000,NO,0.09000000,NO_TO_NO,NO
ZOOKEEPER,src/java/main/org/apache/zookeeper/MultiResponse.java,14,3.0000,NO,NO,0.00000000,NO,0.10000000,NO_TO_NO,NO
ZOOKEEPER,src/java/main/org/apache/zookeeper/server/TraceFormatter.java,14,4.0000,NO,NO,0.00000000,NO,0.02000000,NO_TO_NO,NO
ZOOKEEPER,src/java/main/org/apache/zookeeper/server/auth/DigestAuthenticationProvider.java,14,14.0000,NO,NO,0.00000000,NO,0.13000000,NO_TO_NO,NO
ZOOKEEPER,docs/zookeeperTutorial.html,14,5.0000,NO,NO,0.00000000,NO,0.00000000,NO_TO_NO,NO
ZOOKEEPER,src/java/main/org/apache/zookeeper/server/auth/SaslServerCallbackHandler.java,14,3.0000,NO,NO,0.00000000,NO,0.09000000,NO_TO_NO,NO
ZOOKEEPER,src/java/main/org/apache/zookeeper/server/ZooKeeperServerMain.java,14,2.0000,NO,NO,0.00000000,NO,0.07000000,NO_TO_NO,NO
ZOOKEEPER,docs/bookkeeperStream.html,14,4.0000,NO,NO,0.00000000,NO,0.00000000,NO_TO_NO,NO
ZOOKEEPER,src/java/main/org/apache/zookeeper/server/ZooTrace.java,14,16.0000,NO,NO,0.00000000,NO,0.15000000,NO_TO_NO,NO
ZOOKEEPER,src/java/main/org/apache/zookeeper/server/quorum/QuorumCnxManager.java,14,16.0000,YES,YES,1.00000000,YES,0.97000000,YES_TO_YES,NO
ZOOKEEPER,src/contrib/zooinspector/src/java/org/apache/zookeeper/inspector/logger/LoggerFactory.java,14,1.0000,NO,NO,0.00000000,NO,0.00000000,NO_TO_NO,NO
ZOOKEEPER,src/contrib/loggraph/src/java/org/apache/zookeeper/graph/filterops/NumberArg.java,14,1.0000,NO,NO,0.00000000,NO,0.00000000,NO_TO_NO,NO
ZOOKEEPER,src/java/main/org/apache/zookeeper/jmx/ManagedUtil.java,14,3.0000,YES,YES,0.97000000,NO,0.50000000,YES_TO_NO,YES
ZOOKEEPER,src/contrib/huebrowser/zkui/src/zkui/utils.py,14,1.0000,NO,NO,0.00000000,NO,0.00000000,NO_TO_NO,NO
ZOOKEEPER,src/contrib/huebrowser/zkui/src/zkui/stats.py,14,2.0000,NO,NO,0.00000000,NO,0.01000000,NO_TO_NO,NO
ZOOKEEPER,src/java/main/org/apache/zookeeper/server/LogFormatter.java,14,6.0000,NO,NO,0.00000000,NO,0.07000000,NO_TO_NO,NO
ZOOKEEPER,src/java/main/org/apache/zookeeper/server/quorum/FastLeaderElection.java,14,27.0000,YES,YES,1.00000000,YES,0.96000000,YES_TO_YES,NO
ZOOKEEPER,src/java/main/org/apache/jute/compiler/JType.java,14,8.0000,NO,NO,0.00000000,NO,0.02000000,NO_TO_NO,NO
ZOOKEEPER,src/docs/status.xml,14,1.0000,NO,NO,0.00000000,NO,0.00000000,NO_TO_NO,NO
ZOOKEEPER,src/java/main/org/apache/zookeeper/common/PathTrie.java,14,3.0000,NO,NO,0.03000000,NO,0.09000000,NO_TO_NO,NO
ZOOKEEPER,src/java/main/org/apache/zookeeper/server/SyncRequestProcessor.java,14,8.0000,YES,YES,1.00000000,YES,0.87000000,YES_TO_YES,NO
ZOOKEEPER,src/java/main/org/apache/zookeeper/server/FinalRequestProcessor.java,14,5.0000,YES,YES,1.00000000,YES,0.98000000,YES_TO_YES,NO
ZOOKEEPER,src/java/main/org/apache/zookeeper/server/quorum/CommitProcessor.java,14,7.0000,YES,YES,1.00000000,YES,0.88000000,YES_TO_YES,NO
ZOOKEEPER,src/contrib/loggraph/src/java/org/apache/zookeeper/graph/servlets/Throughput.java,14,5.0000,NO,NO,0.00000000,NO,0.08000000,NO_TO_NO,NO
ZOOKEEPER,src/java/main/org/apache/zookeeper/server/SessionTrackerImpl.java,14,14.0000,YES,YES,1.00000000,YES,0.89000000,YES_TO_YES,NO
ZOOKEEPER,src/contrib/loggraph/src/java/org/apache/zookeeper/graph/filterops/StringArg.java,14,1.0000,NO,NO,0.00000000,NO,0.00000000,NO_TO_NO,NO
ZOOKEEPER,src/java/main/org/apache/zookeeper/Shell.java,14,14.0000,YES,YES,0.99000000,YES,0.77000000,YES_TO_YES,NO
ZOOKEEPER,src/contrib/zooinspector/src/java/org/apache/zookeeper/inspector/gui/ZooInspectorPanel.java,14,17.0000,NO,NO,0.06000000,NO,0.11000000,NO_TO_NO,NO
ZOOKEEPER,src/java/main/org/apache/jute/BinaryInputArchive.java,14,11.0000,YES,YES,0.98000000,YES,0.63000000,YES_TO_YES,NO
ZOOKEEPER,src/contrib/rest/src/java/org/apache/zookeeper/server/jersey/cfg/HostPortSet.java,14,2.0000,NO,NO,0.00000000,NO,0.01000000,NO_TO_NO,NO
ZOOKEEPER,src/contrib/monitoring/test.py,14,2.0000,NO,NO,0.00000000,NO,0.01000000,NO_TO_NO,NO
ZOOKEEPER,src/contrib/loggraph/src/java/org/apache/zookeeper/graph/filterops/GreaterThanOp.java,14,3.0000,NO,NO,0.00000000,NO,0.06000000,NO_TO_NO,NO
ZOOKEEPER,src/java/main/org/apache/zookeeper/server/auth/SASLAuthenticationProvider.java,14,1.0000,NO,NO,0.00000000,NO,0.00000000,NO_TO_NO,NO
ZOOKEEPER,src/java/main/org/apache/zookeeper/server/DataNode.java,14,10.0000,NO,NO,0.00000000,NO,0.05000000,NO_TO_NO,NO
ZOOKEEPER,docs/bookkeeperOverview.html,14,12.0000,NO,NO,0.00000000,NO,0.00000000,NO_TO_NO,NO
ZOOKEEPER,src/java/main/org/apache/zookeeper/server/auth/DigestLoginModule.java,14,4.0000,NO,NO,0.03000000,NO,0.08000000,NO_TO_NO,NO
ZOOKEEPER,docs/bookkeeperProgrammer.html,14,9.0000,NO,NO,0.00000000,NO,0.00000000,NO_TO_NO,NO
ZOOKEEPER,src/contrib/rest/src/python/zk_dump_tree.py,14,10.0000,NO,NO,0.00000000,NO,0.01000000,NO_TO_NO,NO
ZOOKEEPER,src/contrib/rest/src/java/org/apache/zookeeper/server/jersey/resources/SessionsResource.java,14,2.0000,NO,NO,0.02000000,NO,0.14000000,NO_TO_NO,NO
ZOOKEEPER,src/java/main/org/apache/jute/BinaryOutputArchive.java,14,7.0000,NO,NO,0.00000000,NO,0.03000000,NO_TO_NO,NO
ZOOKEEPER,src/contrib/loggraph/src/java/org/apache/zookeeper/graph/MeasureThroughput.java,14,11.0000,NO,NO,0.00000000,NO,0.06000000,NO_TO_NO,NO
ZOOKEEPER,src/contrib/huebrowser/zkui/src/zkui/views.py,14,1.0000,NO,NO,0.00000000,NO,0.01000000,NO_TO_NO,NO
ZOOKEEPER,src/java/main/org/apache/zookeeper/server/quorum/FollowerZooKeeperServer.java,14,3.0000,NO,NO,0.00000000,NO,0.12000000,NO_TO_NO,NO
ZOOKEEPER,src/java/main/org/apache/zookeeper/server/WatchManager.java,14,4.0000,NO,NO,0.01000000,NO,0.14000000,NO_TO_NO,NO
ZOOKEEPER,docs/zookeeperProgrammers.html,14,35.0000,NO,NO,0.00000000,NO,0.00000000,NO_TO_NO,NO
ZOOKEEPER,src/contrib/loggraph/src/java/org/apache/zookeeper/graph/servlets/Fs.java,14,2.0000,NO,NO,0.00000000,NO,0.02000000,NO_TO_NO,NO
ZOOKEEPER,src/contrib/rest/src/java/org/apache/zookeeper/server/jersey/resources/ZNodeResource.java,14,3.0000,NO,NO,0.00000000,NO,0.07000000,NO_TO_NO,NO
ZOOKEEPER,src/contrib/zooinspector/src/java/org/apache/zookeeper/retry/ZooKeeperRetry.java,14,5.0000,NO,NO,0.00000000,NO,0.11000000,NO_TO_NO,NO
ZOOKEEPER,src/java/main/org/apache/zookeeper/server/util/SerializeUtils.java,14,4.0000,NO,NO,0.00000000,NO,0.16000000,NO_TO_NO,NO
ZOOKEEPER,src/contrib/loggraph/src/java/org/apache/zookeeper/graph/LogServer.java,14,2.0000,NO,NO,0.00000000,NO,0.04000000,NO_TO_NO,NO
ZOOKEEPER,src/java/main/org/apache/zookeeper/server/quorum/ObserverRequestProcessor.java,14,1.0000,YES,YES,0.98000000,YES,0.85000000,YES_TO_YES,NO
ZOOKEEPER,src/contrib/zooinspector/src/java/org/apache/zookeeper/inspector/gui/nodeviewer/NodeViewerData.java,14,4.0000,NO,NO,0.10000000,NO,0.15000000,NO_TO_NO,NO
ZOOKEEPER,src/contrib/loggraph/src/java/org/apache/zookeeper/graph/servlets/NumEvents.java,14,3.0000,NO,NO,0.00000000,NO,0.01000000,NO_TO_NO,NO
ZOOKEEPER,src/recipes/lock/src/java/org/apache/zookeeper/recipes/lock/WriteLock.java,14,3.0000,NO,NO,0.00000000,NO,0.07000000,NO_TO_NO,NO
ZOOKEEPER,src/java/main/org/apache/zookeeper/ZooDefs.java,14,31.0000,NO,NO,0.00000000,NO,0.09000000,NO_TO_NO,NO
ZOOKEEPER,src/contrib/rest/src/java/org/apache/zookeeper/server/jersey/jaxb/ZChildren.java,14,7.0000,NO,NO,0.00000000,NO,0.32000000,NO_TO_NO,NO
ZOOKEEPER,src/java/main/org/apache/zookeeper/server/quorum/ReadOnlyRequestProcessor.java,14,4.0000,YES,YES,0.98000000,YES,0.64000000,YES_TO_YES,NO
ZOOKEEPER,src/java/main/org/apache/zookeeper/server/quorum/Vote.java,14,5.0000,NO,NO,0.00000000,NO,0.09000000,NO_TO_NO,NO
ZOOKEEPER,src/java/main/org/apache/zookeeper/server/PrepRequestProcessor.java,14,22.0000,YES,YES,1.00000000,YES,0.98000000,YES_TO_YES,NO
ZOOKEEPER,src/java/main/org/apache/jute/RecordReader.java,14,12.0000,NO,NO,0.00000000,NO,0.07000000,NO_TO_NO,NO
ZOOKEEPER,src/java/main/org/apache/zookeeper/server/quorum/LeaderElection.java,14,19.0000,NO,NO,0.01000000,NO,0.38000000,NO_TO_NO,NO
ZOOKEEPER,src/java/main/org/apache/zookeeper/server/quorum/Learner.java,14,10.0000,NO,NO,0.33000000,NO,0.42000000,NO_TO_NO,NO
ZOOKEEPER,src/contrib/rest/src/python/zkrest.py,14,1.0000,NO,NO,0.00000000,NO,0.01000000,NO_TO_NO,NO
ZOOKEEPER,src/contrib/rest/src/java/org/apache/zookeeper/server/jersey/ZooKeeperService.java,14,14.0000,NO,NO,0.00000000,NO,0.15000000,NO_TO_NO,NO
ZOOKEEPER,src/java/main/org/apache/zookeeper/server/quorum/AuthFastLeaderElection.java,14,46.0000,YES,YES,0.99000000,YES,0.92000000,YES_TO_YES,NO
ZOOKEEPER,src/java/main/org/apache/zookeeper/server/Request.java,14,5.0000,YES,YES,1.00000000,YES,0.94000000,YES_TO_YES,NO
ZOOKEEPER,src/contrib/loggraph/src/java/org/apache/zookeeper/graph/servlets/JsonServlet.java,14,4.0000,NO,NO,0.00000000,NO,0.22000000,NO_TO_NO,NO
ZOOKEEPER,src/java/main/org/apache/zookeeper/KeeperException.java,14,77.0000,YES,YES,0.88000000,YES,0.74000000,YES_TO_YES,NO
ZOOKEEPER,src/java/main/org/apache/zookeeper/server/ZKDatabase.java,14,8.0000,YES,YES,1.00000000,YES,0.97000000,YES_TO_YES,NO
ZOOKEEPER,src/java/main/org/apache/zookeeper/server/quorum/QuorumPeer.java,14,44.0000,YES,YES,1.00000000,YES,0.98000000,YES_TO_YES,NO
ZOOKEEPER,src/java/main/org/apache/jute/XmlOutputArchive.java,14,8.0000,NO,NO,0.00000000,NO,0.12000000,NO_TO_NO,NO
ZOOKEEPER,src/recipes/lock/src/java/org/apache/zookeeper/recipes/lock/ProtocolSupport.java,14,2.0000,NO,NO,0.00000000,NO,0.03000000,NO_TO_NO,NO
ZOOKEEPER,src/contrib/rest/src/java/org/apache/zookeeper/server/jersey/jaxb/ZChildrenJSON.java,14,8.0000,NO,NO,0.00000000,NO,0.36000000,NO_TO_NO,NO
ZOOKEEPER,src/java/main/org/apache/zookeeper/server/ByteBufferInputStream.java,14,2.0000,NO,NO,0.00000000,NO,0.09000000,NO_TO_NO,NO
ZOOKEEPER,src/java/main/org/apache/zookeeper/WatchedEvent.java,14,2.0000,NO,NO,0.01000000,NO,0.06000000,NO_TO_NO,NO
ZOOKEEPER,src/contrib/zooinspector/src/java/org/apache/zookeeper/inspector/gui/ZooInspectorNodeViewersPanel.java,14,7.0000,NO,NO,0.00000000,NO,0.17000000,NO_TO_NO,NO
ZOOKEEPER,src/contrib/loggraph/src/java/org/apache/zookeeper/graph/filterops/SymbolArg.java,14,1.0000,NO,NO,0.00000000,NO,0.00000000,NO_TO_NO,NO
ZOOKEEPER,src/java/main/org/apache/jute/compiler/JBuffer.java,14,1.0000,NO,NO,0.00000000,NO,0.02000000,NO_TO_NO,NO
ZOOKEEPER,src/java/main/org/apache/zookeeper/CreateMode.java,14,1.0000,YES,YES,0.99000000,YES,0.76000000,YES_TO_YES,NO
ZOOKEEPER,src/docs/src/documentation/skinconf.xml,14,6.0000,NO,NO,0.00000000,NO,0.00000000,NO_TO_NO,NO
ZOOKEEPER,src/contrib/rest/src/java/org/apache/zookeeper/server/jersey/jaxb/ZStat.java,14,16.0000,NO,NO,0.00000000,NO,0.03000000,NO_TO_NO,NO
ZOOKEEPER,src/java/main/org/apache/zookeeper/server/quorum/QuorumPeerMain.java,14,2.0000,NO,NO,0.00000000,NO,0.05000000,NO_TO_NO,NO
ZOOKEEPER,src/java/main/org/apache/zookeeper/Transaction.java,14,2.0000,YES,YES,0.87000000,NO,0.40000000,YES_TO_NO,YES
ZOOKEEPER,src/contrib/zooinspector/src/java/org/apache/zookeeper/inspector/gui/IconResource.java,14,1.0000,NO,NO,0.04000000,NO,0.05000000,NO_TO_NO,NO
ZOOKEEPER,src/java/main/org/apache/zookeeper/server/NettyServerCnxn.java,14,15.0000,YES,YES,0.93000000,YES,0.92000000,YES_TO_YES,NO
ZOOKEEPER,src/contrib/loggraph/src/java/org/apache/zookeeper/graph/servlets/FileLoader.java,14,2.0000,NO,NO,0.00000000,NO,0.11000000,NO_TO_NO,NO
ZOOKEEPER,src/java/main/org/apache/zookeeper/server/quorum/ProposalRequestProcessor.java,14,1.0000,YES,YES,0.99000000,YES,0.88000000,YES_TO_YES,NO
ZOOKEEPER,src/java/main/org/apache/zookeeper/server/persistence/FileTxnLog.java,14,15.0000,YES,YES,1.00000000,YES,0.92000000,YES_TO_YES,NO
ZOOKEEPER,src/java/main/org/apache/zookeeper/server/persistence/FileTxnSnapLog.java,14,10.0000,YES,YES,0.99000000,YES,0.91000000,YES_TO_YES,NO
ZOOKEEPER,docs/zookeeperOver.html,14,23.0000,NO,NO,0.00000000,NO,0.00000000,NO_TO_NO,NO
ZOOKEEPER,src/contrib/zooinspector/src/java/org/apache/zookeeper/inspector/gui/ZooInspectorAboutDialog.java,14,1.0000,NO,NO,0.07000000,NO,0.08000000,NO_TO_NO,NO
ZOOKEEPER,src/java/main/org/apache/zookeeper/ZKUtil.java,14,5.0000,YES,YES,0.99000000,YES,0.56000000,YES_TO_YES,NO
ZOOKEEPER,src/java/main/org/apache/zookeeper/AsyncCallback.java,14,1.0000,NO,NO,0.00000000,NO,0.05000000,NO_TO_NO,NO
ZOOKEEPER,src/java/main/org/apache/zookeeper/JLineZNodeCompletor.java,14,2.0000,NO,NO,0.01000000,NO,0.15000000,NO_TO_NO,NO
ZOOKEEPER,src/contrib/loggraph/src/java/org/apache/zookeeper/graph/FilterException.java,14,1.0000,NO,NO,0.00000000,NO,0.00000000,NO_TO_NO,NO
ZOOKEEPER,src/java/main/org/apache/zookeeper/server/quorum/LearnerZooKeeperServer.java,14,4.0000,NO,NO,0.29000000,NO,0.20000000,NO_TO_NO,NO
ZOOKEEPER,src/java/main/org/apache/zookeeper/server/persistence/FileSnap.java,14,8.0000,NO,NO,0.01000000,NO,0.16000000,NO_TO_NO,NO
ZOOKEEPER,src/contrib/zooinspector/src/java/org/apache/zookeeper/inspector/gui/ZooInspectorNodeViewersDialog.java,14,47.0000,NO,NO,0.07000000,NO,0.15000000,NO_TO_NO,NO
ZOOKEEPER,src/contrib/zooinspector/src/java/org/apache/zookeeper/inspector/ZooInspector.java,14,1.0000,NO,NO,0.04000000,NO,0.07000000,NO_TO_NO,NO
ZOOKEEPER,src/java/main/org/apache/jute/OutputArchive.java,14,3.0000,NO,NO,0.00000000,NO,0.04000000,NO_TO_NO,NO
ZOOKEEPER,src/java/main/org/apache/zookeeper/server/auth/KerberosName.java,14,7.0000,YES,YES,0.96000000,YES,0.65000000,YES_TO_YES,NO
ZOOKEEPER,src/java/main/org/apache/zookeeper/client/StaticHostProvider.java,14,2.0000,NO,NO,0.01000000,NO,0.19000000,NO_TO_NO,NO
ZOOKEEPER,src/java/main/org/apache/zookeeper/server/ConnectionBean.java,14,1.0000,YES,YES,1.00000000,YES,0.92000000,YES_TO_YES,NO
ZOOKEEPER,src/java/main/org/apache/zookeeper/server/NettyServerCnxnFactory.java,14,8.0000,YES,YES,0.90000000,YES,0.71000000,YES_TO_YES,NO
ZOOKEEPER,src/java/main/org/apache/zookeeper/ClientCnxnSocketNIO.java,14,5.0000,NO,NO,0.33000000,NO,0.33000000,NO_TO_NO,NO
ZOOKEEPER,docs/zookeeperObservers.html,14,4.0000,NO,NO,0.00000000,NO,0.00000000,NO_TO_NO,NO
ZOOKEEPER,src/java/main/org/apache/jute/compiler/JVector.java,14,14.0000,NO,NO,0.00000000,NO,0.07000000,NO_TO_NO,NO
ZOOKEEPER,src/contrib/loggraph/src/java/org/apache/zookeeper/graph/TransactionEntry.java,14,10.0000,NO,NO,0.00000000,NO,0.12000000,NO_TO_NO,NO
ZOOKEEPER,src/contrib/rest/src/java/org/apache/zookeeper/server/jersey/jaxb/ZSession.java,14,2.0000,NO,NO,0.00000000,NO,0.01000000,NO_TO_NO,NO
ZOOKEEPER,src/contrib/loggraph/src/java/org/apache/zookeeper/graph/TxnLogSource.java,14,13.0000,NO,NO,0.00000000,NO,0.14000000,NO_TO_NO,NO
ZOOKEEPER,src/java/main/org/apache/zookeeper/server/quorum/LearnerHandler.java,14,18.0000,YES,YES,1.00000000,YES,0.98000000,YES_TO_YES,NO
ZOOKEEPER,src/java/main/org/apache/jute/compiler/JFloat.java,14,1.0000,NO,NO,0.00000000,NO,0.01000000,NO_TO_NO,NO
ZOOKEEPER,docs/javaExample.html,14,7.0000,NO,NO,0.00000000,NO,0.00000000,NO_TO_NO,NO
ZOOKEEPER,src/java/main/org/apache/zookeeper/server/NIOServerCnxn.java,14,27.0000,YES,YES,1.00000000,YES,0.97000000,YES_TO_YES,NO
ZOOKEEPER,src/java/main/org/apache/jute/CsvInputArchive.java,14,12.0000,NO,NO,0.00000000,NO,0.03000000,NO_TO_NO,NO
ZOOKEEPER,src/java/main/org/apache/zookeeper/ServerAdminClient.java,14,16.0000,NO,NO,0.00000000,NO,0.22000000,NO_TO_NO,NO
ZOOKEEPER,src/contrib/loggraph/src/java/org/apache/zookeeper/graph/Log4JEntry.java,14,2.0000,NO,NO,0.00000000,NO,0.03000000,NO_TO_NO,NO
ZOOKEEPER,src/java/main/org/apache/zookeeper/server/quorum/FollowerRequestProcessor.java,14,1.0000,YES,YES,1.00000000,YES,0.90000000,YES_TO_YES,NO
ZOOKEEPER,src/contrib/huebrowser/zkui/src/zkui/rest.py,14,1.0000,NO,NO,0.00000000,NO,0.01000000,NO_TO_NO,NO
ZOOKEEPER,src/contrib/zooinspector/src/java/org/apache/zookeeper/inspector/gui/nodeviewer/NodeViewerMetaData.java,14,3.0000,NO,NO,0.00000000,NO,0.11000000,NO_TO_NO,NO
ZOOKEEPER,src/contrib/rest/src/java/org/apache/zookeeper/server/jersey/RestMain.java,14,6.0000,NO,NO,0.00000000,NO,0.09000000,NO_TO_NO,NO
ZOOKEEPER,src/java/main/org/apache/zookeeper/server/ZooKeeperSaslServer.java,14,11.0000,NO,NO,0.00000000,NO,0.27000000,NO_TO_NO,NO
ZOOKEEPER,src/contrib/loggraph/src/java/org/apache/zookeeper/graph/servlets/GraphData.java,14,1.0000,NO,NO,0.00000000,NO,0.01000000,NO_TO_NO,NO
ZOOKEEPER,src/contrib/rest/src/java/org/apache/zookeeper/server/jersey/filters/HTTPBasicAuth.java,14,5.0000,NO,NO,0.00000000,NO,0.21000000,NO_TO_NO,NO
ZOOKEEPER,src/java/main/org/apache/zookeeper/server/quorum/LeaderZooKeeperServer.java,14,1.0000,NO,NO,0.22000000,NO,0.23000000,NO_TO_NO,NO
ZOOKEEPER,src/contrib/loggraph/src/java/org/apache/zookeeper/graph/Log4JSource.java,14,31.0000,NO,NO,0.00000000,NO,0.17000000,NO_TO_NO,NO
ZOOKEEPER,src/java/main/org/apache/zookeeper/server/quorum/ObserverZooKeeperServer.java,14,4.0000,NO,NO,0.01000000,NO,0.06000000,NO_TO_NO,NO
ZOOKEEPER,src/recipes/queue/src/java/org/apache/zookeeper/recipes/queue/DistributedQueue.java,14,10.0000,NO,NO,0.00000000,NO,0.09000000,NO_TO_NO,NO
ZOOKEEPER,docs/zookeeperAdmin.html,14,36.0000,NO,NO,0.00000000,NO,0.00000000,NO_TO_NO,NO
ZOOKEEPER,src/contrib/loggraph/src/java/org/apache/zookeeper/graph/MergedLogSource.java,14,21.0000,NO,NO,0.00000000,NO,0.05000000,NO_TO_NO,NO
ZOOKEEPER,src/contrib/rest/src/python/test.py,14,4.0000,NO,NO,0.00000000,NO,0.01000000,NO_TO_NO,NO
ZOOKEEPER,src/docs/src/documentation/content/xdocs/site.xml,14,1.0000,NO,NO,0.00000000,NO,0.00000000,NO_TO_NO,NO
ZOOKEEPER,src/contrib/zooinspector/src/java/org/apache/zookeeper/inspector/gui/ZooInspectorConnectionPropertiesDialog.java,14,9.0000,NO,NO,0.00000000,NO,0.13000000,NO_TO_NO,NO
ZOOKEEPER,src/java/main/org/apache/zookeeper/server/auth/AuthenticationProvider.java,14,2.0000,NO,NO,0.00000000,NO,0.07000000,NO_TO_NO,NO
ZOOKEEPER,src/contrib/zkpython/src/python/zk.py,14,13.0000,NO,NO,0.00000000,NO,0.01000000,NO_TO_NO,NO
ZOOKEEPER,src/java/main/org/apache/jute/compiler/CppGenerator.java,14,1.0000,NO,NO,0.00000000,NO,0.02000000,NO_TO_NO,NO
ZOOKEEPER,src/java/main/org/apache/jute/XmlInputArchive.java,14,17.0000,NO,NO,0.00000000,NO,0.09000000,NO_TO_NO,NO
ZOOKEEPER,src/contrib/rest/src/java/org/apache/zookeeper/server/jersey/jaxb/ZPath.java,14,2.0000,NO,NO,0.00000000,NO,0.02000000,NO_TO_NO,NO
ZOOKEEPER,src/contrib/loggraph/src/java/org/apache/zookeeper/graph/filterops/XorOp.java,14,1.0000,NO,NO,0.00000000,NO,0.00000000,NO_TO_NO,NO
ZOOKEEPER,src/java/main/org/apache/zookeeper/version/util/VerGen.java,14,15.0000,NO,NO,0.00000000,NO,0.17000000,NO_TO_NO,NO
ZOOKEEPER,src/contrib/loggraph/src/java/org/apache/zookeeper/graph/filterops/LessThanOp.java,14,2.0000,NO,NO,0.00000000,NO,0.06000000,NO_TO_NO,NO
ZOOKEEPER,src/java/main/org/apache/jute/compiler/JCompType.java,14,1.0000,NO,NO,0.00000000,NO,0.03000000,NO_TO_NO,NO
ZOOKEEPER,src/recipes/lock/src/java/org/apache/zookeeper/recipes/lock/ZNodeName.java,14,4.0000,NO,NO,0.00000000,NO,0.05000000,NO_TO_NO,NO
ZOOKEEPER,src/java/main/org/apache/zookeeper/server/quorum/LearnerSessionTracker.java,14,7.0000,NO,NO,0.00000000,NO,0.08000000,NO_TO_NO,NO
ZOOKEEPER,src/java/main/org/apache/zookeeper/server/ByteBufferOutputStream.java,14,2.0000,NO,NO,0.00000000,NO,0.08000000,NO_TO_NO,NO
ZOOKEEPER,docs/zookeeperOtherInfo.html,14,3.0000,NO,NO,0.00000000,NO,0.00000000,NO_TO_NO,NO
ZOOKEEPER,src/contrib/fatjar/src/java/org/apache/zookeeper/util/FatJarMain.java,14,10.0000,NO,NO,0.00000000,NO,0.18000000,NO_TO_NO,NO
ZOOKEEPER,src/contrib/loggraph/src/java/org/apache/zookeeper/graph/FilterParser.java,14,5.0000,NO,NO,0.01000000,NO,0.05000000,NO_TO_NO,NO
ZOOKEEPER,src/java/main/org/apache/zookeeper/server/DataTree.java,14,51.0000,YES,YES,0.96000000,YES,0.96000000,YES_TO_YES,NO
ZOOKEEPER,src/java/main/org/apache/jute/compiler/JString.java,14,1.0000,NO,NO,0.00000000,NO,0.01000000,NO_TO_NO,NO
ZOOKEEPER,src/contrib/rest/src/java/org/apache/zookeeper/server/jersey/jaxb/ZError.java,14,2.0000,NO,NO,0.00000000,NO,0.00000000,NO_TO_NO,NO
ZOOKEEPER,src/contrib/zooinspector/src/java/org/apache/zookeeper/inspector/gui/ZooInspectorTreeViewer.java,14,6.0000,NO,NO,0.09000000,NO,0.12000000,NO_TO_NO,NO
ZOOKEEPER,src/java/main/org/apache/zookeeper/Login.java,14,11.0000,YES,YES,0.96000000,YES,0.65000000,YES_TO_YES,NO
ZOOKEEPER,src/contrib/loggraph/src/java/org/apache/zookeeper/graph/FilterOp.java,14,4.0000,NO,NO,0.00000000,NO,0.12000000,NO_TO_NO,NO
ZOOKEEPER,src/contrib/rest/src/python/demo_master_election.py,14,5.0000,NO,NO,0.00000000,NO,0.01000000,NO_TO_NO,NO
ZOOKEEPER,src/java/main/org/apache/zookeeper/Quotas.java,14,5.0000,NO,NO,0.00000000,NO,0.05000000,NO_TO_NO,NO
ZOOKEEPER,src/java/main/org/apache/jute/CsvOutputArchive.java,14,4.0000,NO,NO,0.00000000,NO,0.07000000,NO_TO_NO,NO
ZOOKEEPER,src/java/main/org/apache/jute/compiler/JFile.java,14,2.0000,NO,NO,0.00000000,NO,0.06000000,NO_TO_NO,NO
ZOOKEEPER,docs/zookeeperStarted.html,14,10.0000,NO,NO,0.00000000,NO,0.00000000,NO_TO_NO,NO
ZOOKEEPER,docs/zookeeperQuotas.html,14,5.0000,NO,NO,0.00000000,NO,0.00000000,NO_TO_NO,NO
ZOOKEEPER,src/contrib/rest/src/python/demo_queue.py,14,6.0000,NO,NO,0.00000000,NO,0.01000000,NO_TO_NO,NO
ZOOKEEPER,src/contrib/monitoring/ganglia/zookeeper_ganglia.py,14,5.0000,NO,NO,0.00000000,NO,0.01000000,NO_TO_NO,NO
ZOOKEEPER,src/contrib/rest/src/java/org/apache/zookeeper/server/jersey/cfg/RestCfg.java,14,2.0000,NO,NO,0.00000000,NO,0.00000000,NO_TO_NO,NO
ZOOKEEPER,src/contrib/loggraph/src/java/org/apache/zookeeper/graph/JsonGenerator.java,14,22.0000,NO,NO,0.00000000,NO,0.03000000,NO_TO_NO,NO
ZOOKEEPER,src/java/main/org/apache/zookeeper/server/auth/IPAuthenticationProvider.java,14,12.0000,NO,NO,0.00000000,NO,0.06000000,NO_TO_NO,NO
ZOOKEEPER,src/java/main/org/apache/zookeeper/jmx/MBeanRegistry.java,14,4.0000,YES,YES,1.00000000,YES,0.86000000,YES_TO_YES,NO
ZOOKEEPER,docs/recipes.html,14,18.0000,NO,NO,0.00000000,NO,0.00000000,NO_TO_NO,NO
ZOOKEEPER,src/contrib/loggraph/src/java/org/apache/zookeeper/graph/LogSkipList.java,14,3.0000,NO,NO,0.00000000,NO,0.02000000,NO_TO_NO,NO
ZOOKEEPER,src/contrib/zooinspector/src/java/org/apache/zookeeper/inspector/gui/nodeviewer/NodeViewerACL.java,14,3.0000,NO,NO,0.00000000,NO,0.11000000,NO_TO_NO,NO
ZOOKEEPER,src/java/main/org/apache/zookeeper/client/ZooKeeperSaslClient.java,14,12.0000,NO,NO,0.26000000,NO,0.33000000,NO_TO_NO,NO
ZOOKEEPER,src/java/main/org/apache/zookeeper/Version.java,14,4.0000,NO,NO,0.00000000,NO,0.06000000,NO_TO_NO,NO
ZOOKEEPER,docs/zookeeperJMX.html,14,9.0000,NO,NO,0.00000000,NO,0.00000000,NO_TO_NO,NO
ZOOKEEPER,src/java/main/org/apache/zookeeper/server/ServerCnxn.java,14,39.0000,NO,NO,0.00000000,NO,0.35000000,NO_TO_NO,NO
ZOOKEEPER,src/contrib/zooinspector/src/java/org/apache/zookeeper/inspector/encryption/DataEncryptionManager.java,14,2.0000,NO,NO,0.00000000,NO,0.00000000,NO_TO_NO,NO
ZOOKEEPER,src/java/main/org/apache/zookeeper/Watcher.java,14,18.0000,NO,NO,0.00000000,NO,0.03000000,NO_TO_NO,NO
ZOOKEEPER,src/java/main/org/apache/jute/compiler/JDouble.java,15,1.0000,NO,NO,0.00000000,NO,0.01000000,NO_TO_NO,NO
ZOOKEEPER,src/java/main/org/apache/zookeeper/server/auth/ProviderRegistry.java,15,3.0000,NO,NO,0.00000000,NO,0.02000000,NO_TO_NO,NO
ZOOKEEPER,src/java/main/org/apache/jute/compiler/CGenerator.java,15,1.0000,NO,NO,0.00000000,NO,0.04000000,NO_TO_NO,NO
ZOOKEEPER,src/contrib/zooinspector/src/java/com/nitido/utils/toaster/Toaster.java,15,5.0000,NO,NO,0.08000000,NO,0.32000000,NO_TO_NO,NO
ZOOKEEPER,src/java/main/org/apache/zookeeper/server/NIOServerCnxnFactory.java,15,10.0000,YES,YES,0.93000000,YES,0.83000000,YES_TO_YES,NO
ZOOKEEPER,src/java/main/org/apache/zookeeper/server/quorum/flexible/QuorumMaj.java,15,1.0000,NO,NO,0.00000000,NO,0.04000000,NO_TO_NO,NO
ZOOKEEPER,src/java/main/org/apache/zookeeper/server/PurgeTxnLog.java,15,11.0000,NO,NO,0.00000000,NO,0.07000000,NO_TO_NO,NO
ZOOKEEPER,src/contrib/rest/src/java/org/apache/zookeeper/server/jersey/resources/JAXBContextResolver.java,15,3.0000,NO,NO,0.00000000,NO,0.16000000,NO_TO_NO,NO
ZOOKEEPER,src/recipes/election/src/java/org/apache/zookeeper/recipes/leader/LeaderElectionSupport.java,15,13.0000,NO,NO,0.01000000,NO,0.32000000,NO_TO_NO,NO
ZOOKEEPER,src/contrib/loggraph/src/java/org/apache/zookeeper/graph/RandomAccessFileReader.java,15,28.0000,NO,NO,0.00000000,NO,0.21000000,NO_TO_NO,NO
ZOOKEEPER,src/java/main/org/apache/jute/compiler/JField.java,15,1.0000,NO,NO,0.00000000,NO,0.01000000,NO_TO_NO,NO
ZOOKEEPER,src/java/main/org/apache/zookeeper/server/quorum/LeaderBean.java,15,1.0000,YES,YES,0.65000000,NO,0.42000000,YES_TO_NO,YES
ZOOKEEPER,src/java/main/org/apache/zookeeper/client/ConnectStringParser.java,15,4.0000,NO,NO,0.00000000,NO,0.11000000,NO_TO_NO,NO
ZOOKEEPER,src/java/main/org/apache/zookeeper/server/quorum/flexible/QuorumHierarchical.java,15,14.0000,NO,NO,0.00000000,NO,0.23000000,NO_TO_NO,NO
ZOOKEEPER,docs/zookeeperInternals.html,15,13.0000,NO,NO,0.00000000,NO,0.00000000,NO_TO_NO,NO
ZOOKEEPER,docs/releasenotes.html,15,11.0000,NO,NO,0.00000000,NO,0.00000000,NO_TO_NO,NO
ZOOKEEPER,src/java/main/org/apache/zookeeper/server/util/ZxidUtils.java,15,5.0000,NO,NO,0.00000000,NO,0.00000000,NO_TO_NO,NO
ZOOKEEPER,docs/bookkeeperConfig.html,15,5.0000,NO,NO,0.00000000,NO,0.00000000,NO_TO_NO,NO
ZOOKEEPER,docs/bookkeeperStarted.html,15,8.0000,NO,NO,0.00000000,NO,0.00000000,NO_TO_NO,NO
ZOOKEEPER,src/java/main/org/apache/zookeeper/common/PathUtils.java,15,4.0000,NO,NO,0.00000000,NO,0.01000000,NO_TO_NO,NO
ZOOKEEPER,src/java/main/org/apache/jute/RecordWriter.java,15,12.0000,NO,NO,0.00000000,NO,0.07000000,NO_TO_NO,NO
ZOOKEEPER,src/java/main/org/apache/zookeeper/server/ServerCnxnFactory.java,15,8.0000,NO,NO,0.32000000,NO,0.35000000,NO_TO_NO,NO
ZOOKEEPER,src/contrib/monitoring/check_zookeeper.py,15,18.0000,NO,NO,0.00000000,NO,0.01000000,NO_TO_NO,NO
ZOOKEEPER,src/contrib/loggraph/src/java/org/apache/zookeeper/graph/servlets/StaticContent.java,15,1.0000,NO,NO,0.00000000,NO,0.00000000,NO_TO_NO,NO
ZOOKEEPER,src/java/main/org/apache/zookeeper/Op.java,15,2.0000,YES,YES,0.96000000,YES,0.86000000,YES_TO_YES,NO
ZOOKEEPER,src/java/main/org/apache/zookeeper/server/persistence/Util.java,15,9.0000,YES,YES,1.00000000,YES,0.90000000,YES_TO_YES,NO
ZOOKEEPER,src/contrib/zooinspector/src/java/org/apache/zookeeper/inspector/gui/Toolbar.java,15,11.0000,NO,NO,0.01000000,NO,0.01000000,NO_TO_NO,NO
ZOOKEEPER,src/java/main/org/apache/zookeeper/ClientCnxn.java,15,36.0000,YES,YES,1.00000000,YES,0.98000000,YES_TO_YES,NO
ZOOKEEPER,src/java/main/org/apache/zookeeper/server/quorum/QuorumPeerConfig.java,15,15.0000,NO,NO,0.03000000,NO,0.33000000,NO_TO_NO,NO
ZOOKEEPER,src/java/main/org/apache/jute/compiler/JRecord.java,15,36.0000,NO,NO,0.07000000,NO,0.37000000,NO_TO_NO,NO
ZOOKEEPER,src/contrib/loggraph/src/java/org/apache/zookeeper/graph/LogEntry.java,15,6.0000,NO,NO,0.00000000,NO,0.20000000,NO_TO_NO,NO
ZOOKEEPER,src/java/main/org/apache/jute/Utils.java,15,15.0000,NO,NO,0.00000000,NO,0.16000000,NO_TO_NO,NO
ZOOKEEPER,src/java/main/org/apache/zookeeper/jmx/CommonNames.java,15,2.0000,NO,NO,0.00000000,NO,0.00000000,NO_TO_NO,NO
ZOOKEEPER,src/contrib/loggraph/src/java/org/apache/zookeeper/graph/LogIterator.java,15,2.0000,NO,NO,0.00000000,NO,0.00000000,NO_TO_NO,NO
ZOOKEEPER,src/contrib/zkpython/src/examples/watch_znode_for_changes.py,15,3.0000,NO,NO,0.00000000,NO,0.01000000,NO_TO_NO,NO
ZOOKEEPER,src/java/main/org/apache/zookeeper/server/ServerStats.java,15,11.0000,YES,YES,0.84000000,YES,0.67000000,YES_TO_YES,NO
ZOOKEEPER,src/java/main/org/apache/zookeeper/server/quorum/Leader.java,15,52.0000,YES,YES,0.99000000,YES,0.94000000,YES_TO_YES,NO
ZOOKEEPER,src/java/main/org/apache/zookeeper/MultiTransactionRecord.java,15,1.0000,NO,NO,0.01000000,NO,0.06000000,NO_TO_NO,NO
ZOOKEEPER,src/java/main/org/apache/zookeeper/server/ZooKeeperServer.java,15,23.0000,YES,YES,1.00000000,YES,0.98000000,YES_TO_YES,NO
ZOOKEEPER,src/java/main/org/apache/zookeeper/ZooKeeperMain.java,15,75.0000,YES,YES,0.99000000,YES,0.95000000,YES_TO_YES,NO
ZOOKEEPER,src/java/main/org/apache/zookeeper/ZooKeeper.java,15,24.0000,YES,YES,1.00000000,YES,0.98000000,YES_TO_YES,NO
ZOOKEEPER,src/java/main/org/apache/zookeeper/Environment.java,15,2.0000,NO,NO,0.01000000,NO,0.06000000,NO_TO_NO,NO
ZOOKEEPER,src/contrib/zooinspector/src/java/org/apache/zookeeper/inspector/manager/ZooInspectorManagerImpl.java,15,26.0000,NO,NO,0.00000000,NO,0.19000000,NO_TO_NO,NO
ZOOKEEPER,docs/zookeeperHierarchicalQuorums.html,15,1.0000,NO,NO,0.00000000,NO,0.00000000,NO_TO_NO,NO
ZOOKEEPER,src/java/main/org/apache/zookeeper/server/quorum/QuorumStats.java,15,5.0000,NO,NO,0.00000000,NO,0.08000000,NO_TO_NO,NO
ZOOKEEPER,src/java/main/org/apache/jute/compiler/JMap.java,15,10.0000,NO,NO,0.00000000,NO,0.09000000,NO_TO_NO,NO
ZOOKEEPER,src/java/main/org/apache/zookeeper/MultiResponse.java,15,3.0000,NO,NO,0.01000000,NO,0.07000000,NO_TO_NO,NO
ZOOKEEPER,src/java/main/org/apache/zookeeper/server/TraceFormatter.java,15,4.0000,NO,NO,0.00000000,NO,0.02000000,NO_TO_NO,NO
ZOOKEEPER,src/java/main/org/apache/zookeeper/server/auth/DigestAuthenticationProvider.java,15,14.0000,NO,NO,0.00000000,NO,0.13000000,NO_TO_NO,NO
ZOOKEEPER,docs/zookeeperTutorial.html,15,5.0000,NO,NO,0.00000000,NO,0.00000000,NO_TO_NO,NO
ZOOKEEPER,src/java/main/org/apache/zookeeper/server/auth/SaslServerCallbackHandler.java,15,3.0000,NO,NO,0.00000000,NO,0.09000000,NO_TO_NO,NO
ZOOKEEPER,src/java/main/org/apache/zookeeper/server/ZooKeeperServerMain.java,15,2.0000,NO,NO,0.00000000,NO,0.07000000,NO_TO_NO,NO
ZOOKEEPER,docs/bookkeeperStream.html,15,4.0000,NO,NO,0.00000000,NO,0.00000000,NO_TO_NO,NO
ZOOKEEPER,src/java/main/org/apache/zookeeper/server/ZooTrace.java,15,16.0000,NO,NO,0.00000000,NO,0.15000000,NO_TO_NO,NO
ZOOKEEPER,src/java/main/org/apache/zookeeper/server/quorum/QuorumCnxManager.java,15,16.0000,YES,YES,0.99000000,YES,0.97000000,YES_TO_YES,NO
ZOOKEEPER,src/contrib/zooinspector/src/java/org/apache/zookeeper/inspector/logger/LoggerFactory.java,15,1.0000,NO,NO,0.00000000,NO,0.00000000,NO_TO_NO,NO
ZOOKEEPER,src/contrib/loggraph/src/java/org/apache/zookeeper/graph/filterops/NumberArg.java,15,1.0000,NO,NO,0.00000000,NO,0.00000000,NO_TO_NO,NO
ZOOKEEPER,src/java/main/org/apache/zookeeper/jmx/ManagedUtil.java,15,3.0000,YES,YES,0.98000000,NO,0.50000000,YES_TO_NO,YES
ZOOKEEPER,src/contrib/huebrowser/zkui/src/zkui/utils.py,15,1.0000,NO,NO,0.00000000,NO,0.00000000,NO_TO_NO,NO
ZOOKEEPER,src/contrib/huebrowser/zkui/src/zkui/stats.py,15,2.0000,NO,NO,0.00000000,NO,0.01000000,NO_TO_NO,NO
ZOOKEEPER,src/java/main/org/apache/zookeeper/server/LogFormatter.java,15,6.0000,NO,NO,0.00000000,NO,0.07000000,NO_TO_NO,NO
ZOOKEEPER,src/java/main/org/apache/zookeeper/server/quorum/FastLeaderElection.java,15,27.0000,YES,YES,1.00000000,YES,0.96000000,YES_TO_YES,NO
ZOOKEEPER,src/java/main/org/apache/jute/compiler/JType.java,15,8.0000,NO,NO,0.00000000,NO,0.02000000,NO_TO_NO,NO
ZOOKEEPER,src/docs/status.xml,15,1.0000,NO,NO,0.00000000,NO,0.00000000,NO_TO_NO,NO
ZOOKEEPER,src/java/main/org/apache/zookeeper/common/PathTrie.java,15,3.0000,NO,NO,0.02000000,NO,0.08000000,NO_TO_NO,NO
ZOOKEEPER,src/java/main/org/apache/zookeeper/server/SyncRequestProcessor.java,15,8.0000,YES,YES,1.00000000,YES,0.88000000,YES_TO_YES,NO
ZOOKEEPER,src/java/main/org/apache/zookeeper/server/FinalRequestProcessor.java,15,5.0000,YES,YES,1.00000000,YES,0.98000000,YES_TO_YES,NO
ZOOKEEPER,src/java/main/org/apache/zookeeper/server/quorum/CommitProcessor.java,15,7.0000,YES,YES,1.00000000,YES,0.89000000,YES_TO_YES,NO
ZOOKEEPER,src/contrib/loggraph/src/java/org/apache/zookeeper/graph/servlets/Throughput.java,15,5.0000,NO,NO,0.00000000,NO,0.08000000,NO_TO_NO,NO
ZOOKEEPER,src/java/main/org/apache/zookeeper/server/SessionTrackerImpl.java,15,14.0000,YES,YES,1.00000000,YES,0.89000000,YES_TO_YES,NO
ZOOKEEPER,src/contrib/loggraph/src/java/org/apache/zookeeper/graph/filterops/StringArg.java,15,1.0000,NO,NO,0.00000000,NO,0.00000000,NO_TO_NO,NO
ZOOKEEPER,src/java/main/org/apache/zookeeper/Shell.java,15,14.0000,YES,YES,0.99000000,YES,0.77000000,YES_TO_YES,NO
ZOOKEEPER,src/contrib/zooinspector/src/java/org/apache/zookeeper/inspector/gui/ZooInspectorPanel.java,15,17.0000,NO,NO,0.00000000,NO,0.04000000,NO_TO_NO,NO
ZOOKEEPER,src/java/main/org/apache/jute/BinaryInputArchive.java,15,11.0000,YES,YES,0.98000000,YES,0.63000000,YES_TO_YES,NO
ZOOKEEPER,src/contrib/rest/src/java/org/apache/zookeeper/server/jersey/cfg/HostPortSet.java,15,2.0000,NO,NO,0.00000000,NO,0.01000000,NO_TO_NO,NO
ZOOKEEPER,src/contrib/monitoring/test.py,15,2.0000,NO,NO,0.00000000,NO,0.01000000,NO_TO_NO,NO
ZOOKEEPER,src/contrib/loggraph/src/java/org/apache/zookeeper/graph/filterops/GreaterThanOp.java,15,3.0000,NO,NO,0.00000000,NO,0.06000000,NO_TO_NO,NO
ZOOKEEPER,src/java/main/org/apache/zookeeper/server/auth/SASLAuthenticationProvider.java,15,1.0000,NO,NO,0.00000000,NO,0.00000000,NO_TO_NO,NO
ZOOKEEPER,src/java/main/org/apache/zookeeper/server/DataNode.java,15,10.0000,NO,NO,0.00000000,NO,0.06000000,NO_TO_NO,NO
ZOOKEEPER,docs/bookkeeperOverview.html,15,12.0000,NO,NO,0.00000000,NO,0.00000000,NO_TO_NO,NO
ZOOKEEPER,src/java/main/org/apache/zookeeper/server/auth/DigestLoginModule.java,15,4.0000,NO,NO,0.03000000,NO,0.09000000,NO_TO_NO,NO
ZOOKEEPER,docs/bookkeeperProgrammer.html,15,9.0000,NO,NO,0.00000000,NO,0.00000000,NO_TO_NO,NO
ZOOKEEPER,src/contrib/rest/src/python/zk_dump_tree.py,15,10.0000,NO,NO,0.00000000,NO,0.01000000,NO_TO_NO,NO
ZOOKEEPER,src/contrib/rest/src/java/org/apache/zookeeper/server/jersey/resources/SessionsResource.java,15,2.0000,NO,NO,0.00000000,NO,0.12000000,NO_TO_NO,NO
ZOOKEEPER,src/java/main/org/apache/jute/BinaryOutputArchive.java,15,7.0000,NO,NO,0.00000000,NO,0.03000000,NO_TO_NO,NO
ZOOKEEPER,src/contrib/loggraph/src/java/org/apache/zookeeper/graph/MeasureThroughput.java,15,11.0000,NO,NO,0.00000000,NO,0.06000000,NO_TO_NO,NO
ZOOKEEPER,src/java/main/org/apache/zookeeper/client/FourLetterWordMain.java,15,3.0000,YES,YES,0.71000000,YES,0.60000000,YES_TO_YES,NO
ZOOKEEPER,src/contrib/huebrowser/zkui/src/zkui/views.py,15,1.0000,NO,NO,0.00000000,NO,0.01000000,NO_TO_NO,NO
ZOOKEEPER,src/java/main/org/apache/zookeeper/server/quorum/FollowerZooKeeperServer.java,15,3.0000,NO,NO,0.00000000,NO,0.13000000,NO_TO_NO,NO
ZOOKEEPER,src/java/main/org/apache/zookeeper/server/WatchManager.java,15,4.0000,NO,NO,0.01000000,NO,0.14000000,NO_TO_NO,NO
ZOOKEEPER,docs/zookeeperProgrammers.html,15,35.0000,NO,NO,0.00000000,NO,0.00000000,NO_TO_NO,NO
ZOOKEEPER,src/contrib/loggraph/src/java/org/apache/zookeeper/graph/servlets/Fs.java,15,2.0000,NO,NO,0.00000000,NO,0.02000000,NO_TO_NO,NO
ZOOKEEPER,src/contrib/rest/src/java/org/apache/zookeeper/server/jersey/resources/ZNodeResource.java,15,3.0000,NO,NO,0.00000000,NO,0.07000000,NO_TO_NO,NO
ZOOKEEPER,src/contrib/zooinspector/src/java/org/apache/zookeeper/retry/ZooKeeperRetry.java,15,5.0000,NO,NO,0.00000000,NO,0.11000000,NO_TO_NO,NO
ZOOKEEPER,src/java/main/org/apache/zookeeper/server/util/SerializeUtils.java,15,4.0000,NO,NO,0.00000000,NO,0.16000000,NO_TO_NO,NO
ZOOKEEPER,src/contrib/loggraph/src/java/org/apache/zookeeper/graph/LogServer.java,15,2.0000,NO,NO,0.00000000,NO,0.04000000,NO_TO_NO,NO
ZOOKEEPER,src/java/main/org/apache/zookeeper/server/quorum/ObserverRequestProcessor.java,15,1.0000,YES,YES,0.98000000,YES,0.85000000,YES_TO_YES,NO
ZOOKEEPER,src/contrib/zooinspector/src/java/org/apache/zookeeper/inspector/gui/nodeviewer/NodeViewerData.java,15,4.0000,NO,NO,0.04000000,NO,0.16000000,NO_TO_NO,NO
ZOOKEEPER,src/contrib/loggraph/src/java/org/apache/zookeeper/graph/servlets/NumEvents.java,15,3.0000,NO,NO,0.00000000,NO,0.01000000,NO_TO_NO,NO
ZOOKEEPER,src/recipes/lock/src/java/org/apache/zookeeper/recipes/lock/WriteLock.java,15,3.0000,NO,NO,0.00000000,NO,0.07000000,NO_TO_NO,NO
ZOOKEEPER,src/java/main/org/apache/zookeeper/ZooDefs.java,15,31.0000,NO,NO,0.00000000,NO,0.09000000,NO_TO_NO,NO
ZOOKEEPER,src/contrib/rest/src/java/org/apache/zookeeper/server/jersey/jaxb/ZChildren.java,15,7.0000,NO,NO,0.00000000,NO,0.32000000,NO_TO_NO,NO
ZOOKEEPER,src/java/main/org/apache/zookeeper/server/quorum/ReadOnlyRequestProcessor.java,15,4.0000,YES,YES,0.99000000,YES,0.65000000,YES_TO_YES,NO
ZOOKEEPER,src/java/main/org/apache/zookeeper/server/quorum/Vote.java,15,5.0000,NO,NO,0.00000000,NO,0.08000000,NO_TO_NO,NO
ZOOKEEPER,src/java/main/org/apache/zookeeper/server/PrepRequestProcessor.java,15,22.0000,YES,YES,1.00000000,YES,0.98000000,YES_TO_YES,NO
ZOOKEEPER,src/java/main/org/apache/jute/RecordReader.java,15,12.0000,NO,NO,0.00000000,NO,0.07000000,NO_TO_NO,NO
ZOOKEEPER,src/java/main/org/apache/zookeeper/server/quorum/LeaderElection.java,15,19.0000,NO,NO,0.01000000,NO,0.40000000,NO_TO_NO,NO
ZOOKEEPER,src/java/main/org/apache/zookeeper/server/quorum/Learner.java,15,10.0000,YES,YES,0.78000000,YES,0.75000000,YES_TO_YES,NO
ZOOKEEPER,src/contrib/rest/src/python/zkrest.py,15,1.0000,NO,NO,0.00000000,NO,0.01000000,NO_TO_NO,NO
ZOOKEEPER,src/contrib/rest/src/java/org/apache/zookeeper/server/jersey/ZooKeeperService.java,15,14.0000,NO,NO,0.00000000,NO,0.15000000,NO_TO_NO,NO
ZOOKEEPER,src/java/main/org/apache/zookeeper/server/quorum/AuthFastLeaderElection.java,15,46.0000,YES,YES,1.00000000,YES,0.93000000,YES_TO_YES,NO
ZOOKEEPER,src/java/main/org/apache/zookeeper/server/Request.java,15,5.0000,YES,YES,1.00000000,YES,0.94000000,YES_TO_YES,NO
ZOOKEEPER,src/contrib/loggraph/src/java/org/apache/zookeeper/graph/servlets/JsonServlet.java,15,4.0000,NO,NO,0.00000000,NO,0.24000000,NO_TO_NO,NO
ZOOKEEPER,src/java/main/org/apache/zookeeper/KeeperException.java,15,77.0000,YES,YES,0.88000000,YES,0.74000000,YES_TO_YES,NO
ZOOKEEPER,src/java/main/org/apache/zookeeper/server/ZKDatabase.java,15,8.0000,YES,YES,1.00000000,YES,0.97000000,YES_TO_YES,NO
ZOOKEEPER,src/java/main/org/apache/zookeeper/server/quorum/QuorumPeer.java,15,44.0000,YES,YES,1.00000000,YES,0.98000000,YES_TO_YES,NO
ZOOKEEPER,src/java/main/org/apache/jute/XmlOutputArchive.java,15,8.0000,NO,NO,0.00000000,NO,0.12000000,NO_TO_NO,NO
ZOOKEEPER,src/recipes/lock/src/java/org/apache/zookeeper/recipes/lock/ProtocolSupport.java,15,2.0000,NO,NO,0.00000000,NO,0.03000000,NO_TO_NO,NO
ZOOKEEPER,src/contrib/rest/src/java/org/apache/zookeeper/server/jersey/jaxb/ZChildrenJSON.java,15,8.0000,NO,NO,0.00000000,NO,0.36000000,NO_TO_NO,NO
ZOOKEEPER,src/java/main/org/apache/zookeeper/server/ByteBufferInputStream.java,15,2.0000,NO,NO,0.00000000,NO,0.08000000,NO_TO_NO,NO
ZOOKEEPER,src/java/main/org/apache/zookeeper/WatchedEvent.java,15,2.0000,NO,NO,0.02000000,NO,0.08000000,NO_TO_NO,NO
ZOOKEEPER,src/contrib/zooinspector/src/java/org/apache/zookeeper/inspector/gui/ZooInspectorNodeViewersPanel.java,15,7.0000,NO,NO,0.00000000,NO,0.17000000,NO_TO_NO,NO
ZOOKEEPER,src/contrib/loggraph/src/java/org/apache/zookeeper/graph/filterops/SymbolArg.java,15,1.0000,NO,NO,0.00000000,NO,0.00000000,NO_TO_NO,NO
ZOOKEEPER,src/java/main/org/apache/jute/compiler/JBuffer.java,15,1.0000,NO,NO,0.00000000,NO,0.02000000,NO_TO_NO,NO
ZOOKEEPER,src/java/main/org/apache/zookeeper/CreateMode.java,15,1.0000,YES,YES,0.99000000,YES,0.75000000,YES_TO_YES,NO
ZOOKEEPER,src/docs/src/documentation/skinconf.xml,15,6.0000,NO,NO,0.00000000,NO,0.00000000,NO_TO_NO,NO
ZOOKEEPER,src/contrib/rest/src/java/org/apache/zookeeper/server/jersey/jaxb/ZStat.java,15,16.0000,NO,NO,0.00000000,NO,0.03000000,NO_TO_NO,NO
ZOOKEEPER,src/java/main/org/apache/zookeeper/server/quorum/QuorumPeerMain.java,15,2.0000,NO,NO,0.00000000,NO,0.05000000,NO_TO_NO,NO
ZOOKEEPER,src/java/main/org/apache/zookeeper/Transaction.java,15,2.0000,YES,YES,0.81000000,NO,0.37000000,YES_TO_NO,YES
ZOOKEEPER,src/contrib/zooinspector/src/java/org/apache/zookeeper/inspector/gui/IconResource.java,15,1.0000,NO,NO,0.00000000,NO,0.02000000,NO_TO_NO,NO
ZOOKEEPER,src/java/main/org/apache/zookeeper/server/NettyServerCnxn.java,15,15.0000,YES,YES,0.97000000,YES,0.95000000,YES_TO_YES,NO
ZOOKEEPER,src/contrib/loggraph/src/java/org/apache/zookeeper/graph/servlets/FileLoader.java,15,2.0000,NO,NO,0.00000000,NO,0.11000000,NO_TO_NO,NO
ZOOKEEPER,src/java/main/org/apache/zookeeper/server/quorum/ProposalRequestProcessor.java,15,1.0000,YES,YES,0.99000000,YES,0.88000000,YES_TO_YES,NO
ZOOKEEPER,src/java/main/org/apache/zookeeper/server/persistence/FileTxnLog.java,15,15.0000,YES,YES,1.00000000,YES,0.92000000,YES_TO_YES,NO
ZOOKEEPER,src/java/main/org/apache/zookeeper/server/persistence/FileTxnSnapLog.java,15,10.0000,YES,YES,0.97000000,YES,0.89000000,YES_TO_YES,NO
ZOOKEEPER,docs/zookeeperOver.html,15,23.0000,NO,NO,0.00000000,NO,0.00000000,NO_TO_NO,NO
ZOOKEEPER,src/contrib/zooinspector/src/java/org/apache/zookeeper/inspector/gui/ZooInspectorAboutDialog.java,15,1.0000,NO,NO,0.01000000,NO,0.01000000,NO_TO_NO,NO
ZOOKEEPER,src/java/main/org/apache/zookeeper/ZKUtil.java,15,5.0000,YES,YES,0.99000000,YES,0.59000000,YES_TO_YES,NO
ZOOKEEPER,src/java/main/org/apache/zookeeper/AsyncCallback.java,15,1.0000,NO,NO,0.00000000,NO,0.05000000,NO_TO_NO,NO
ZOOKEEPER,src/java/main/org/apache/zookeeper/JLineZNodeCompletor.java,15,2.0000,NO,NO,0.01000000,NO,0.15000000,NO_TO_NO,NO
ZOOKEEPER,src/contrib/loggraph/src/java/org/apache/zookeeper/graph/FilterException.java,15,1.0000,NO,NO,0.00000000,NO,0.00000000,NO_TO_NO,NO
ZOOKEEPER,src/java/main/org/apache/zookeeper/server/quorum/LearnerZooKeeperServer.java,15,4.0000,YES,YES,0.62000000,NO,0.30000000,YES_TO_NO,YES
ZOOKEEPER,src/java/main/org/apache/zookeeper/server/persistence/FileSnap.java,15,8.0000,NO,NO,0.01000000,NO,0.16000000,NO_TO_NO,NO
ZOOKEEPER,src/contrib/zooinspector/src/java/org/apache/zookeeper/inspector/gui/ZooInspectorNodeViewersDialog.java,15,47.0000,NO,NO,0.00000000,NO,0.11000000,NO_TO_NO,NO
ZOOKEEPER,src/contrib/zooinspector/src/java/org/apache/zookeeper/inspector/ZooInspector.java,15,1.0000,NO,NO,0.00000000,NO,0.02000000,NO_TO_NO,NO
ZOOKEEPER,src/java/main/org/apache/jute/OutputArchive.java,15,3.0000,NO,NO,0.00000000,NO,0.04000000,NO_TO_NO,NO
ZOOKEEPER,src/java/main/org/apache/zookeeper/server/auth/KerberosName.java,15,7.0000,YES,YES,0.97000000,YES,0.65000000,YES_TO_YES,NO
ZOOKEEPER,src/java/main/org/apache/zookeeper/client/StaticHostProvider.java,15,2.0000,NO,NO,0.01000000,NO,0.19000000,NO_TO_NO,NO
ZOOKEEPER,src/java/main/org/apache/zookeeper/server/ConnectionBean.java,15,1.0000,YES,YES,1.00000000,YES,0.92000000,YES_TO_YES,NO
ZOOKEEPER,src/java/main/org/apache/zookeeper/server/NettyServerCnxnFactory.java,15,8.0000,YES,YES,0.93000000,YES,0.89000000,YES_TO_YES,NO
ZOOKEEPER,src/java/main/org/apache/zookeeper/ClientCnxnSocketNIO.java,15,5.0000,YES,YES,0.70000000,YES,0.66000000,YES_TO_YES,NO
ZOOKEEPER,docs/zookeeperObservers.html,15,4.0000,NO,NO,0.00000000,NO,0.00000000,NO_TO_NO,NO
ZOOKEEPER,src/java/main/org/apache/jute/compiler/JVector.java,15,14.0000,NO,NO,0.00000000,NO,0.07000000,NO_TO_NO,NO
ZOOKEEPER,src/contrib/loggraph/src/java/org/apache/zookeeper/graph/TransactionEntry.java,15,10.0000,NO,NO,0.00000000,NO,0.12000000,NO_TO_NO,NO
ZOOKEEPER,src/contrib/rest/src/java/org/apache/zookeeper/server/jersey/jaxb/ZSession.java,15,2.0000,NO,NO,0.00000000,NO,0.01000000,NO_TO_NO,NO
ZOOKEEPER,src/contrib/loggraph/src/java/org/apache/zookeeper/graph/TxnLogSource.java,15,13.0000,NO,NO,0.00000000,NO,0.14000000,NO_TO_NO,NO
ZOOKEEPER,src/java/main/org/apache/zookeeper/server/quorum/LearnerHandler.java,15,18.0000,YES,YES,1.00000000,YES,0.98000000,YES_TO_YES,NO
ZOOKEEPER,src/java/main/org/apache/jute/compiler/JFloat.java,15,1.0000,NO,NO,0.00000000,NO,0.01000000,NO_TO_NO,NO
ZOOKEEPER,docs/javaExample.html,15,7.0000,NO,NO,0.00000000,NO,0.00000000,NO_TO_NO,NO
ZOOKEEPER,src/java/main/org/apache/zookeeper/server/NIOServerCnxn.java,15,27.0000,YES,YES,1.00000000,YES,0.98000000,YES_TO_YES,NO
ZOOKEEPER,src/java/main/org/apache/jute/CsvInputArchive.java,15,12.0000,NO,NO,0.00000000,NO,0.03000000,NO_TO_NO,NO
ZOOKEEPER,src/java/main/org/apache/zookeeper/ServerAdminClient.java,15,16.0000,NO,NO,0.00000000,NO,0.22000000,NO_TO_NO,NO
ZOOKEEPER,src/contrib/loggraph/src/java/org/apache/zookeeper/graph/Log4JEntry.java,15,2.0000,NO,NO,0.00000000,NO,0.03000000,NO_TO_NO,NO
ZOOKEEPER,src/java/main/org/apache/zookeeper/server/quorum/FollowerRequestProcessor.java,15,1.0000,YES,YES,1.00000000,YES,0.90000000,YES_TO_YES,NO
ZOOKEEPER,src/contrib/huebrowser/zkui/src/zkui/rest.py,15,1.0000,NO,NO,0.00000000,NO,0.01000000,NO_TO_NO,NO
ZOOKEEPER,src/contrib/zooinspector/src/java/org/apache/zookeeper/inspector/gui/nodeviewer/NodeViewerMetaData.java,15,3.0000,NO,NO,0.00000000,NO,0.11000000,NO_TO_NO,NO
ZOOKEEPER,src/contrib/rest/src/java/org/apache/zookeeper/server/jersey/RestMain.java,15,6.0000,NO,NO,0.00000000,NO,0.09000000,NO_TO_NO,NO
ZOOKEEPER,src/java/main/org/apache/zookeeper/server/ZooKeeperSaslServer.java,15,11.0000,NO,NO,0.00000000,NO,0.27000000,NO_TO_NO,NO
ZOOKEEPER,src/contrib/loggraph/src/java/org/apache/zookeeper/graph/servlets/GraphData.java,15,1.0000,NO,NO,0.00000000,NO,0.01000000,NO_TO_NO,NO
ZOOKEEPER,src/contrib/rest/src/java/org/apache/zookeeper/server/jersey/filters/HTTPBasicAuth.java,15,5.0000,NO,NO,0.00000000,NO,0.21000000,NO_TO_NO,NO
ZOOKEEPER,src/java/main/org/apache/zookeeper/server/quorum/LeaderZooKeeperServer.java,15,1.0000,YES,YES,0.57000000,YES,0.56000000,YES_TO_YES,NO
ZOOKEEPER,src/contrib/loggraph/src/java/org/apache/zookeeper/graph/Log4JSource.java,15,31.0000,NO,NO,0.00000000,NO,0.17000000,NO_TO_NO,NO
ZOOKEEPER,src/java/main/org/apache/zookeeper/server/quorum/ObserverZooKeeperServer.java,15,4.0000,NO,NO,0.01000000,NO,0.07000000,NO_TO_NO,NO
ZOOKEEPER,src/recipes/queue/src/java/org/apache/zookeeper/recipes/queue/DistributedQueue.java,15,10.0000,NO,NO,0.00000000,NO,0.09000000,NO_TO_NO,NO
ZOOKEEPER,docs/zookeeperAdmin.html,15,36.0000,NO,NO,0.00000000,NO,0.00000000,NO_TO_NO,NO
ZOOKEEPER,src/contrib/loggraph/src/java/org/apache/zookeeper/graph/MergedLogSource.java,15,21.0000,NO,NO,0.00000000,NO,0.05000000,NO_TO_NO,NO
ZOOKEEPER,src/contrib/rest/src/python/test.py,15,4.0000,NO,NO,0.00000000,NO,0.01000000,NO_TO_NO,NO
ZOOKEEPER,src/docs/src/documentation/content/xdocs/site.xml,15,1.0000,NO,NO,0.00000000,NO,0.00000000,NO_TO_NO,NO
ZOOKEEPER,src/contrib/zooinspector/src/java/org/apache/zookeeper/inspector/gui/ZooInspectorConnectionPropertiesDialog.java,15,9.0000,NO,NO,0.00000000,NO,0.13000000,NO_TO_NO,NO
ZOOKEEPER,src/java/main/org/apache/zookeeper/server/auth/AuthenticationProvider.java,15,2.0000,NO,NO,0.00000000,NO,0.07000000,NO_TO_NO,NO
ZOOKEEPER,src/contrib/zkpython/src/python/zk.py,15,13.0000,NO,NO,0.00000000,NO,0.01000000,NO_TO_NO,NO
ZOOKEEPER,src/java/main/org/apache/jute/compiler/CppGenerator.java,15,1.0000,NO,NO,0.00000000,NO,0.02000000,NO_TO_NO,NO
ZOOKEEPER,src/java/main/org/apache/jute/XmlInputArchive.java,15,17.0000,NO,NO,0.00000000,NO,0.08000000,NO_TO_NO,NO
ZOOKEEPER,src/contrib/rest/src/java/org/apache/zookeeper/server/jersey/jaxb/ZPath.java,15,2.0000,NO,NO,0.00000000,NO,0.02000000,NO_TO_NO,NO
ZOOKEEPER,src/contrib/loggraph/src/java/org/apache/zookeeper/graph/filterops/XorOp.java,15,1.0000,NO,NO,0.00000000,NO,0.00000000,NO_TO_NO,NO
ZOOKEEPER,src/java/main/org/apache/zookeeper/version/util/VerGen.java,15,15.0000,NO,NO,0.00000000,NO,0.17000000,NO_TO_NO,NO
ZOOKEEPER,src/contrib/loggraph/src/java/org/apache/zookeeper/graph/filterops/LessThanOp.java,15,2.0000,NO,NO,0.00000000,NO,0.06000000,NO_TO_NO,NO
ZOOKEEPER,src/java/main/org/apache/jute/compiler/JCompType.java,15,1.0000,NO,NO,0.00000000,NO,0.03000000,NO_TO_NO,NO
ZOOKEEPER,src/recipes/lock/src/java/org/apache/zookeeper/recipes/lock/ZNodeName.java,15,4.0000,NO,NO,0.00000000,NO,0.05000000,NO_TO_NO,NO
ZOOKEEPER,src/java/main/org/apache/zookeeper/server/quorum/LearnerSessionTracker.java,15,7.0000,NO,NO,0.00000000,NO,0.08000000,NO_TO_NO,NO
ZOOKEEPER,src/java/main/org/apache/zookeeper/server/ByteBufferOutputStream.java,15,2.0000,NO,NO,0.00000000,NO,0.09000000,NO_TO_NO,NO
ZOOKEEPER,docs/zookeeperOtherInfo.html,15,3.0000,NO,NO,0.00000000,NO,0.00000000,NO_TO_NO,NO
ZOOKEEPER,src/contrib/fatjar/src/java/org/apache/zookeeper/util/FatJarMain.java,15,10.0000,NO,NO,0.01000000,NO,0.19000000,NO_TO_NO,NO
ZOOKEEPER,src/contrib/loggraph/src/java/org/apache/zookeeper/graph/FilterParser.java,15,5.0000,NO,NO,0.00000000,NO,0.04000000,NO_TO_NO,NO
ZOOKEEPER,src/java/main/org/apache/zookeeper/server/DataTree.java,15,51.0000,YES,YES,0.93000000,YES,0.95000000,YES_TO_YES,NO
ZOOKEEPER,src/java/main/org/apache/jute/compiler/JString.java,15,1.0000,NO,NO,0.00000000,NO,0.02000000,NO_TO_NO,NO
ZOOKEEPER,src/contrib/rest/src/java/org/apache/zookeeper/server/jersey/jaxb/ZError.java,15,2.0000,NO,NO,0.00000000,NO,0.00000000,NO_TO_NO,NO
ZOOKEEPER,src/contrib/zooinspector/src/java/org/apache/zookeeper/inspector/gui/ZooInspectorTreeViewer.java,15,6.0000,NO,NO,0.00000000,NO,0.10000000,NO_TO_NO,NO
ZOOKEEPER,src/java/main/org/apache/zookeeper/Login.java,15,11.0000,YES,YES,0.96000000,YES,0.65000000,YES_TO_YES,NO
ZOOKEEPER,src/contrib/loggraph/src/java/org/apache/zookeeper/graph/FilterOp.java,15,4.0000,NO,NO,0.00000000,NO,0.12000000,NO_TO_NO,NO
ZOOKEEPER,src/contrib/rest/src/python/demo_master_election.py,15,5.0000,NO,NO,0.00000000,NO,0.01000000,NO_TO_NO,NO
ZOOKEEPER,src/java/main/org/apache/zookeeper/Quotas.java,15,5.0000,NO,NO,0.00000000,NO,0.05000000,NO_TO_NO,NO
ZOOKEEPER,src/java/main/org/apache/jute/CsvOutputArchive.java,15,4.0000,NO,NO,0.00000000,NO,0.07000000,NO_TO_NO,NO
ZOOKEEPER,src/java/main/org/apache/jute/compiler/JFile.java,15,2.0000,NO,NO,0.00000000,NO,0.06000000,NO_TO_NO,NO
ZOOKEEPER,docs/zookeeperStarted.html,15,10.0000,NO,NO,0.00000000,NO,0.00000000,NO_TO_NO,NO
ZOOKEEPER,docs/zookeeperQuotas.html,15,5.0000,NO,NO,0.00000000,NO,0.00000000,NO_TO_NO,NO
ZOOKEEPER,src/contrib/rest/src/python/demo_queue.py,15,6.0000,NO,NO,0.00000000,NO,0.01000000,NO_TO_NO,NO
ZOOKEEPER,src/contrib/monitoring/ganglia/zookeeper_ganglia.py,15,5.0000,NO,NO,0.00000000,NO,0.01000000,NO_TO_NO,NO
ZOOKEEPER,src/contrib/rest/src/java/org/apache/zookeeper/server/jersey/cfg/RestCfg.java,15,2.0000,NO,NO,0.00000000,NO,0.00000000,NO_TO_NO,NO
ZOOKEEPER,src/contrib/loggraph/src/java/org/apache/zookeeper/graph/JsonGenerator.java,15,22.0000,NO,NO,0.00000000,NO,0.03000000,NO_TO_NO,NO
ZOOKEEPER,src/java/main/org/apache/zookeeper/server/auth/IPAuthenticationProvider.java,15,12.0000,NO,NO,0.00000000,NO,0.06000000,NO_TO_NO,NO
ZOOKEEPER,src/java/main/org/apache/zookeeper/jmx/MBeanRegistry.java,15,4.0000,YES,YES,1.00000000,YES,0.86000000,YES_TO_YES,NO
ZOOKEEPER,docs/recipes.html,15,18.0000,NO,NO,0.00000000,NO,0.00000000,NO_TO_NO,NO
ZOOKEEPER,src/contrib/loggraph/src/java/org/apache/zookeeper/graph/LogSkipList.java,15,3.0000,NO,NO,0.00000000,NO,0.02000000,NO_TO_NO,NO
ZOOKEEPER,src/contrib/zooinspector/src/java/org/apache/zookeeper/inspector/gui/nodeviewer/NodeViewerACL.java,15,3.0000,NO,NO,0.00000000,NO,0.11000000,NO_TO_NO,NO
ZOOKEEPER,src/java/main/org/apache/zookeeper/client/ZooKeeperSaslClient.java,15,12.0000,YES,YES,0.64000000,NO,0.44000000,YES_TO_NO,YES
ZOOKEEPER,src/java/main/org/apache/zookeeper/Version.java,15,4.0000,NO,NO,0.00000000,NO,0.06000000,NO_TO_NO,NO
ZOOKEEPER,docs/zookeeperJMX.html,15,9.0000,NO,NO,0.00000000,NO,0.00000000,NO_TO_NO,NO
ZOOKEEPER,src/java/main/org/apache/zookeeper/server/ServerCnxn.java,15,39.0000,NO,NO,0.00000000,NO,0.37000000,NO_TO_NO,NO
ZOOKEEPER,src/contrib/zooinspector/src/java/org/apache/zookeeper/inspector/encryption/DataEncryptionManager.java,15,2.0000,NO,NO,0.00000000,NO,0.00000000,NO_TO_NO,NO
ZOOKEEPER,src/java/main/org/apache/zookeeper/Watcher.java,15,18.0000,NO,NO,0.00000000,NO,0.03000000,NO_TO_NO,NO
ZOOKEEPER,src/java/main/org/apache/jute/compiler/JDouble.java,16,1.0000,NO,NO,0.00000000,NO,0.01000000,NO_TO_NO,NO
ZOOKEEPER,src/java/main/org/apache/zookeeper/server/auth/ProviderRegistry.java,16,3.0000,NO,NO,0.00000000,NO,0.02000000,NO_TO_NO,NO
ZOOKEEPER,src/java/main/org/apache/jute/compiler/CGenerator.java,16,1.0000,NO,NO,0.00000000,NO,0.04000000,NO_TO_NO,NO
ZOOKEEPER,src/contrib/zooinspector/src/java/com/nitido/utils/toaster/Toaster.java,16,5.0000,NO,NO,0.07000000,NO,0.30000000,NO_TO_NO,NO
ZOOKEEPER,src/java/main/org/apache/zookeeper/server/NIOServerCnxnFactory.java,16,7.0000,YES,YES,0.89000000,YES,0.81000000,YES_TO_YES,NO
ZOOKEEPER,src/java/main/org/apache/zookeeper/server/quorum/flexible/QuorumMaj.java,16,1.0000,NO,NO,0.00000000,NO,0.04000000,NO_TO_NO,NO
ZOOKEEPER,src/java/main/org/apache/zookeeper/server/PurgeTxnLog.java,16,11.0000,NO,NO,0.00000000,NO,0.07000000,NO_TO_NO,NO
ZOOKEEPER,src/contrib/rest/src/java/org/apache/zookeeper/server/jersey/resources/JAXBContextResolver.java,16,3.0000,NO,NO,0.00000000,NO,0.15000000,NO_TO_NO,NO
ZOOKEEPER,src/recipes/election/src/java/org/apache/zookeeper/recipes/leader/LeaderElectionSupport.java,16,13.0000,NO,NO,0.03000000,NO,0.27000000,NO_TO_NO,NO
ZOOKEEPER,src/contrib/loggraph/src/java/org/apache/zookeeper/graph/RandomAccessFileReader.java,16,28.0000,NO,NO,0.00000000,NO,0.20000000,NO_TO_NO,NO
ZOOKEEPER,src/java/main/org/apache/jute/compiler/JField.java,16,1.0000,NO,NO,0.00000000,NO,0.01000000,NO_TO_NO,NO
ZOOKEEPER,src/java/main/org/apache/zookeeper/server/quorum/LeaderBean.java,16,1.0000,YES,YES,0.89000000,YES,0.58000000,YES_TO_YES,NO
ZOOKEEPER,src/java/main/org/apache/zookeeper/client/ConnectStringParser.java,16,4.0000,NO,NO,0.00000000,NO,0.12000000,NO_TO_NO,NO
ZOOKEEPER,src/java/main/org/apache/zookeeper/server/quorum/flexible/QuorumHierarchical.java,16,14.0000,NO,NO,0.00000000,NO,0.23000000,NO_TO_NO,NO
ZOOKEEPER,docs/zookeeperInternals.html,16,13.0000,NO,NO,0.00000000,NO,0.00000000,NO_TO_NO,NO
ZOOKEEPER,docs/releasenotes.html,16,11.0000,NO,NO,0.00000000,NO,0.00000000,NO_TO_NO,NO
ZOOKEEPER,src/java/main/org/apache/zookeeper/server/util/ZxidUtils.java,16,5.0000,NO,NO,0.00000000,NO,0.01000000,NO_TO_NO,NO
ZOOKEEPER,docs/bookkeeperConfig.html,16,5.0000,NO,NO,0.00000000,NO,0.00000000,NO_TO_NO,NO
ZOOKEEPER,docs/bookkeeperStarted.html,16,8.0000,NO,NO,0.00000000,NO,0.00000000,NO_TO_NO,NO
ZOOKEEPER,src/java/main/org/apache/zookeeper/common/PathUtils.java,16,4.0000,NO,NO,0.00000000,NO,0.01000000,NO_TO_NO,NO
ZOOKEEPER,src/java/main/org/apache/jute/RecordWriter.java,16,12.0000,NO,NO,0.00000000,NO,0.07000000,NO_TO_NO,NO
ZOOKEEPER,src/java/main/org/apache/zookeeper/server/ServerCnxnFactory.java,16,9.0000,NO,NO,0.13000000,NO,0.20000000,NO_TO_NO,NO
ZOOKEEPER,src/contrib/monitoring/check_zookeeper.py,16,18.0000,NO,NO,0.00000000,NO,0.01000000,NO_TO_NO,NO
ZOOKEEPER,src/contrib/loggraph/src/java/org/apache/zookeeper/graph/servlets/StaticContent.java,16,1.0000,NO,NO,0.01000000,NO,0.01000000,NO_TO_NO,NO
ZOOKEEPER,src/java/main/org/apache/zookeeper/Op.java,16,2.0000,YES,YES,0.91000000,YES,0.82000000,YES_TO_YES,NO
ZOOKEEPER,src/java/main/org/apache/zookeeper/server/persistence/Util.java,16,9.0000,YES,YES,1.00000000,YES,0.90000000,YES_TO_YES,NO
ZOOKEEPER,src/contrib/zooinspector/src/java/org/apache/zookeeper/inspector/gui/Toolbar.java,16,11.0000,NO,NO,0.01000000,NO,0.03000000,NO_TO_NO,NO
ZOOKEEPER,src/java/main/org/apache/zookeeper/ClientCnxn.java,16,37.0000,YES,YES,1.00000000,YES,0.99000000,YES_TO_YES,NO
ZOOKEEPER,src/java/main/org/apache/zookeeper/server/quorum/QuorumPeerConfig.java,16,15.0000,NO,NO,0.37000000,NO,0.50000000,NO_TO_NO,NO
ZOOKEEPER,src/java/main/org/apache/jute/compiler/JRecord.java,16,36.0000,YES,YES,0.83000000,YES,0.78000000,YES_TO_YES,NO
ZOOKEEPER,src/contrib/loggraph/src/java/org/apache/zookeeper/graph/LogEntry.java,16,6.0000,NO,NO,0.00000000,NO,0.21000000,NO_TO_NO,NO
ZOOKEEPER,src/java/main/org/apache/jute/Utils.java,16,15.0000,NO,NO,0.00000000,NO,0.14000000,NO_TO_NO,NO
ZOOKEEPER,src/java/main/org/apache/zookeeper/jmx/CommonNames.java,16,2.0000,NO,NO,0.00000000,NO,0.00000000,NO_TO_NO,NO
ZOOKEEPER,src/contrib/loggraph/src/java/org/apache/zookeeper/graph/LogIterator.java,16,2.0000,NO,NO,0.00000000,NO,0.00000000,NO_TO_NO,NO
ZOOKEEPER,src/contrib/zkpython/src/examples/watch_znode_for_changes.py,16,3.0000,NO,NO,0.00000000,NO,0.01000000,NO_TO_NO,NO
ZOOKEEPER,src/java/main/org/apache/zookeeper/server/ServerStats.java,16,11.0000,YES,YES,0.92000000,YES,0.72000000,YES_TO_YES,NO
ZOOKEEPER,src/java/main/org/apache/zookeeper/server/quorum/Leader.java,16,52.0000,YES,YES,0.99000000,YES,0.95000000,YES_TO_YES,NO
ZOOKEEPER,src/java/main/org/apache/zookeeper/MultiTransactionRecord.java,16,1.0000,NO,NO,0.00000000,NO,0.04000000,NO_TO_NO,NO
ZOOKEEPER,src/java/main/org/apache/zookeeper/server/ZooKeeperServer.java,16,22.0000,YES,YES,0.99000000,YES,0.98000000,YES_TO_YES,NO
ZOOKEEPER,src/java/main/org/apache/zookeeper/ZooKeeperMain.java,16,75.0000,YES,YES,1.00000000,YES,0.94000000,YES_TO_YES,NO
ZOOKEEPER,src/java/main/org/apache/zookeeper/ZooKeeper.java,16,24.0000,YES,YES,0.97000000,YES,0.96000000,YES_TO_YES,NO
ZOOKEEPER,src/java/main/org/apache/zookeeper/Environment.java,16,2.0000,NO,NO,0.00000000,NO,0.05000000,NO_TO_NO,NO
ZOOKEEPER,src/contrib/zooinspector/src/java/org/apache/zookeeper/inspector/manager/ZooInspectorManagerImpl.java,16,26.0000,NO,NO,0.00000000,NO,0.19000000,NO_TO_NO,NO
ZOOKEEPER,docs/zookeeperHierarchicalQuorums.html,16,1.0000,NO,NO,0.00000000,NO,0.00000000,NO_TO_NO,NO
ZOOKEEPER,src/java/main/org/apache/zookeeper/server/quorum/QuorumStats.java,16,5.0000,NO,NO,0.00000000,NO,0.08000000,NO_TO_NO,NO
ZOOKEEPER,src/java/main/org/apache/jute/compiler/JMap.java,16,10.0000,NO,NO,0.00000000,NO,0.09000000,NO_TO_NO,NO
ZOOKEEPER,src/java/main/org/apache/zookeeper/MultiResponse.java,16,3.0000,NO,NO,0.00000000,NO,0.07000000,NO_TO_NO,NO
ZOOKEEPER,src/java/main/org/apache/zookeeper/server/TraceFormatter.java,16,4.0000,NO,NO,0.00000000,NO,0.02000000,NO_TO_NO,NO
ZOOKEEPER,src/java/main/org/apache/zookeeper/server/auth/DigestAuthenticationProvider.java,16,14.0000,NO,NO,0.00000000,NO,0.14000000,NO_TO_NO,NO
ZOOKEEPER,docs/zookeeperTutorial.html,16,5.0000,NO,NO,0.00000000,NO,0.00000000,NO_TO_NO,NO
ZOOKEEPER,src/java/main/org/apache/zookeeper/server/auth/SaslServerCallbackHandler.java,16,3.0000,NO,NO,0.00000000,NO,0.09000000,NO_TO_NO,NO
ZOOKEEPER,src/java/main/org/apache/zookeeper/server/ZooKeeperServerMain.java,16,2.0000,NO,NO,0.00000000,NO,0.07000000,NO_TO_NO,NO
ZOOKEEPER,docs/bookkeeperStream.html,16,4.0000,NO,NO,0.00000000,NO,0.00000000,NO_TO_NO,NO
ZOOKEEPER,src/java/main/org/apache/zookeeper/server/ZooTrace.java,16,16.0000,NO,NO,0.00000000,NO,0.16000000,NO_TO_NO,NO
ZOOKEEPER,src/java/main/org/apache/zookeeper/server/quorum/QuorumCnxManager.java,16,16.0000,YES,YES,1.00000000,YES,0.97000000,YES_TO_YES,NO
ZOOKEEPER,src/contrib/zooinspector/src/java/org/apache/zookeeper/inspector/logger/LoggerFactory.java,16,1.0000,NO,NO,0.00000000,NO,0.00000000,NO_TO_NO,NO
ZOOKEEPER,src/contrib/loggraph/src/java/org/apache/zookeeper/graph/filterops/NumberArg.java,16,1.0000,NO,NO,0.00000000,NO,0.00000000,NO_TO_NO,NO
ZOOKEEPER,src/java/main/org/apache/zookeeper/jmx/ManagedUtil.java,16,3.0000,YES,YES,0.99000000,YES,0.51000000,YES_TO_YES,NO
ZOOKEEPER,src/contrib/huebrowser/zkui/src/zkui/utils.py,16,1.0000,NO,NO,0.00000000,NO,0.00000000,NO_TO_NO,NO
ZOOKEEPER,src/contrib/huebrowser/zkui/src/zkui/stats.py,16,2.0000,NO,NO,0.00000000,NO,0.01000000,NO_TO_NO,NO
ZOOKEEPER,src/java/main/org/apache/zookeeper/server/LogFormatter.java,16,6.0000,NO,NO,0.00000000,NO,0.07000000,NO_TO_NO,NO
ZOOKEEPER,src/java/main/org/apache/zookeeper/server/quorum/FastLeaderElection.java,16,27.0000,YES,YES,1.00000000,YES,0.99000000,YES_TO_YES,NO
ZOOKEEPER,src/java/main/org/apache/jute/compiler/JType.java,16,8.0000,NO,NO,0.00000000,NO,0.02000000,NO_TO_NO,NO
ZOOKEEPER,src/docs/status.xml,16,1.0000,NO,NO,0.00000000,NO,0.00000000,NO_TO_NO,NO
ZOOKEEPER,src/java/main/org/apache/zookeeper/common/PathTrie.java,16,3.0000,NO,NO,0.17000000,NO,0.22000000,NO_TO_NO,NO
ZOOKEEPER,src/java/main/org/apache/zookeeper/server/SyncRequestProcessor.java,16,8.0000,YES,YES,1.00000000,YES,0.88000000,YES_TO_YES,NO
ZOOKEEPER,src/java/main/org/apache/zookeeper/server/FinalRequestProcessor.java,16,5.0000,YES,YES,1.00000000,YES,0.96000000,YES_TO_YES,NO
ZOOKEEPER,src/java/main/org/apache/zookeeper/server/quorum/CommitProcessor.java,16,7.0000,YES,YES,1.00000000,YES,0.89000000,YES_TO_YES,NO
ZOOKEEPER,src/contrib/loggraph/src/java/org/apache/zookeeper/graph/servlets/Throughput.java,16,5.0000,NO,NO,0.00000000,NO,0.08000000,NO_TO_NO,NO
ZOOKEEPER,src/java/main/org/apache/zookeeper/server/SessionTrackerImpl.java,16,14.0000,YES,YES,1.00000000,YES,0.89000000,YES_TO_YES,NO
ZOOKEEPER,src/contrib/loggraph/src/java/org/apache/zookeeper/graph/filterops/StringArg.java,16,1.0000,NO,NO,0.00000000,NO,0.00000000,NO_TO_NO,NO
ZOOKEEPER,src/java/main/org/apache/zookeeper/Shell.java,16,14.0000,YES,YES,0.96000000,YES,0.78000000,YES_TO_YES,NO
ZOOKEEPER,src/contrib/zooinspector/src/java/org/apache/zookeeper/inspector/gui/ZooInspectorPanel.java,16,17.0000,NO,NO,0.00000000,NO,0.04000000,NO_TO_NO,NO
ZOOKEEPER,src/java/main/org/apache/jute/BinaryInputArchive.java,16,11.0000,YES,YES,1.00000000,YES,0.64000000,YES_TO_YES,NO
ZOOKEEPER,src/contrib/rest/src/java/org/apache/zookeeper/server/jersey/cfg/HostPortSet.java,16,2.0000,NO,NO,0.00000000,NO,0.01000000,NO_TO_NO,NO
ZOOKEEPER,src/contrib/monitoring/test.py,16,2.0000,NO,NO,0.00000000,NO,0.01000000,NO_TO_NO,NO
ZOOKEEPER,src/contrib/loggraph/src/java/org/apache/zookeeper/graph/filterops/GreaterThanOp.java,16,3.0000,NO,NO,0.01000000,NO,0.07000000,NO_TO_NO,NO
ZOOKEEPER,src/java/main/org/apache/zookeeper/server/auth/SASLAuthenticationProvider.java,16,1.0000,NO,NO,0.02000000,NO,0.00000000,NO_TO_NO,NO
ZOOKEEPER,src/java/main/org/apache/zookeeper/server/DataNode.java,16,10.0000,NO,NO,0.00000000,NO,0.06000000,NO_TO_NO,NO
ZOOKEEPER,docs/bookkeeperOverview.html,16,12.0000,NO,NO,0.00000000,NO,0.00000000,NO_TO_NO,NO
ZOOKEEPER,src/java/main/org/apache/zookeeper/server/auth/DigestLoginModule.java,16,4.0000,NO,NO,0.02000000,NO,0.08000000,NO_TO_NO,NO
ZOOKEEPER,docs/bookkeeperProgrammer.html,16,9.0000,NO,NO,0.00000000,NO,0.00000000,NO_TO_NO,NO
ZOOKEEPER,src/contrib/rest/src/python/zk_dump_tree.py,16,10.0000,NO,NO,0.00000000,NO,0.01000000,NO_TO_NO,NO
ZOOKEEPER,src/contrib/rest/src/java/org/apache/zookeeper/server/jersey/resources/SessionsResource.java,16,2.0000,NO,NO,0.00000000,NO,0.12000000,NO_TO_NO,NO
ZOOKEEPER,src/java/main/org/apache/jute/BinaryOutputArchive.java,16,7.0000,NO,NO,0.00000000,NO,0.03000000,NO_TO_NO,NO
ZOOKEEPER,src/contrib/loggraph/src/java/org/apache/zookeeper/graph/MeasureThroughput.java,16,11.0000,NO,NO,0.00000000,NO,0.06000000,NO_TO_NO,NO
ZOOKEEPER,src/java/main/org/apache/zookeeper/client/FourLetterWordMain.java,16,3.0000,YES,YES,0.84000000,NO,0.38000000,YES_TO_NO,YES
ZOOKEEPER,src/contrib/huebrowser/zkui/src/zkui/views.py,16,1.0000,NO,NO,0.00000000,NO,0.01000000,NO_TO_NO,NO
ZOOKEEPER,src/java/main/org/apache/zookeeper/server/quorum/FollowerZooKeeperServer.java,16,3.0000,NO,NO,0.00000000,NO,0.12000000,NO_TO_NO,NO
ZOOKEEPER,src/java/main/org/apache/zookeeper/server/WatchManager.java,16,4.0000,NO,NO,0.00000000,NO,0.13000000,NO_TO_NO,NO
ZOOKEEPER,docs/zookeeperProgrammers.html,16,35.0000,NO,NO,0.00000000,NO,0.00000000,NO_TO_NO,NO
ZOOKEEPER,src/contrib/loggraph/src/java/org/apache/zookeeper/graph/servlets/Fs.java,16,2.0000,NO,NO,0.00000000,NO,0.02000000,NO_TO_NO,NO
ZOOKEEPER,src/contrib/rest/src/java/org/apache/zookeeper/server/jersey/resources/ZNodeResource.java,16,3.0000,NO,NO,0.00000000,NO,0.07000000,NO_TO_NO,NO
ZOOKEEPER,src/contrib/zooinspector/src/java/org/apache/zookeeper/retry/ZooKeeperRetry.java,16,5.0000,NO,NO,0.00000000,NO,0.11000000,NO_TO_NO,NO
ZOOKEEPER,src/java/main/org/apache/zookeeper/server/util/SerializeUtils.java,16,4.0000,NO,NO,0.00000000,NO,0.16000000,NO_TO_NO,NO
ZOOKEEPER,src/contrib/loggraph/src/java/org/apache/zookeeper/graph/LogServer.java,16,2.0000,NO,NO,0.00000000,NO,0.04000000,NO_TO_NO,NO
ZOOKEEPER,src/java/main/org/apache/zookeeper/server/quorum/ObserverRequestProcessor.java,16,1.0000,YES,YES,0.99000000,YES,0.86000000,YES_TO_YES,NO
ZOOKEEPER,src/contrib/zooinspector/src/java/org/apache/zookeeper/inspector/gui/nodeviewer/NodeViewerData.java,16,4.0000,NO,NO,0.03000000,NO,0.15000000,NO_TO_NO,NO
ZOOKEEPER,src/contrib/loggraph/src/java/org/apache/zookeeper/graph/servlets/NumEvents.java,16,3.0000,NO,NO,0.00000000,NO,0.01000000,NO_TO_NO,NO
ZOOKEEPER,src/recipes/lock/src/java/org/apache/zookeeper/recipes/lock/WriteLock.java,16,3.0000,NO,NO,0.00000000,NO,0.07000000,NO_TO_NO,NO
ZOOKEEPER,src/java/main/org/apache/zookeeper/ZooDefs.java,16,31.0000,NO,NO,0.00000000,NO,0.09000000,NO_TO_NO,NO
ZOOKEEPER,src/contrib/rest/src/java/org/apache/zookeeper/server/jersey/jaxb/ZChildren.java,16,7.0000,NO,NO,0.00000000,NO,0.33000000,NO_TO_NO,NO
ZOOKEEPER,src/java/main/org/apache/zookeeper/server/quorum/ReadOnlyRequestProcessor.java,16,4.0000,YES,YES,0.92000000,YES,0.64000000,YES_TO_YES,NO
ZOOKEEPER,src/java/main/org/apache/zookeeper/server/quorum/Vote.java,16,5.0000,NO,NO,0.00000000,NO,0.07000000,NO_TO_NO,NO
ZOOKEEPER,src/java/main/org/apache/zookeeper/server/PrepRequestProcessor.java,16,22.0000,YES,YES,0.91000000,YES,0.89000000,YES_TO_YES,NO
ZOOKEEPER,src/java/main/org/apache/jute/RecordReader.java,16,12.0000,NO,NO,0.00000000,NO,0.07000000,NO_TO_NO,NO
ZOOKEEPER,src/java/main/org/apache/zookeeper/server/quorum/LeaderElection.java,16,19.0000,NO,NO,0.01000000,NO,0.39000000,NO_TO_NO,NO
ZOOKEEPER,src/java/main/org/apache/zookeeper/server/quorum/Learner.java,16,10.0000,YES,YES,0.98000000,YES,0.88000000,YES_TO_YES,NO
ZOOKEEPER,src/contrib/rest/src/python/zkrest.py,16,1.0000,NO,NO,0.00000000,NO,0.01000000,NO_TO_NO,NO
ZOOKEEPER,src/contrib/rest/src/java/org/apache/zookeeper/server/jersey/ZooKeeperService.java,16,14.0000,NO,NO,0.00000000,NO,0.15000000,NO_TO_NO,NO
ZOOKEEPER,src/java/main/org/apache/zookeeper/server/quorum/AuthFastLeaderElection.java,16,46.0000,YES,YES,1.00000000,YES,0.93000000,YES_TO_YES,NO
ZOOKEEPER,src/java/main/org/apache/zookeeper/server/Request.java,16,5.0000,YES,YES,1.00000000,YES,0.94000000,YES_TO_YES,NO
ZOOKEEPER,src/contrib/loggraph/src/java/org/apache/zookeeper/graph/servlets/JsonServlet.java,16,4.0000,NO,NO,0.00000000,NO,0.24000000,NO_TO_NO,NO
ZOOKEEPER,src/java/main/org/apache/zookeeper/KeeperException.java,16,77.0000,YES,YES,0.98000000,YES,0.87000000,YES_TO_YES,NO
ZOOKEEPER,src/java/main/org/apache/zookeeper/server/ZKDatabase.java,16,8.0000,YES,YES,1.00000000,YES,0.98000000,YES_TO_YES,NO
ZOOKEEPER,src/java/main/org/apache/zookeeper/server/quorum/QuorumPeer.java,16,44.0000,YES,YES,1.00000000,YES,0.99000000,YES_TO_YES,NO
ZOOKEEPER,src/java/main/org/apache/jute/XmlOutputArchive.java,16,8.0000,NO,NO,0.00000000,NO,0.11000000,NO_TO_NO,NO
ZOOKEEPER,src/recipes/lock/src/java/org/apache/zookeeper/recipes/lock/ProtocolSupport.java,16,2.0000,NO,NO,0.00000000,NO,0.03000000,NO_TO_NO,NO
ZOOKEEPER,src/contrib/rest/src/java/org/apache/zookeeper/server/jersey/jaxb/ZChildrenJSON.java,16,8.0000,NO,NO,0.00000000,NO,0.36000000,NO_TO_NO,NO
ZOOKEEPER,src/java/main/org/apache/zookeeper/server/ByteBufferInputStream.java,16,2.0000,NO,NO,0.00000000,NO,0.08000000,NO_TO_NO,NO
ZOOKEEPER,src/java/main/org/apache/zookeeper/WatchedEvent.java,16,2.0000,NO,NO,0.01000000,NO,0.07000000,NO_TO_NO,NO
ZOOKEEPER,src/contrib/zooinspector/src/java/org/apache/zookeeper/inspector/gui/ZooInspectorNodeViewersPanel.java,16,7.0000,NO,NO,0.00000000,NO,0.17000000,NO_TO_NO,NO
ZOOKEEPER,src/contrib/loggraph/src/java/org/apache/zookeeper/graph/filterops/SymbolArg.java,16,1.0000,NO,NO,0.00000000,NO,0.00000000,NO_TO_NO,NO
ZOOKEEPER,src/java/main/org/apache/jute/compiler/JBuffer.java,16,1.0000,NO,NO,0.00000000,NO,0.02000000,NO_TO_NO,NO
ZOOKEEPER,src/java/main/org/apache/zookeeper/CreateMode.java,16,1.0000,YES,YES,0.99000000,YES,0.73000000,YES_TO_YES,NO
ZOOKEEPER,src/docs/src/documentation/skinconf.xml,16,6.0000,NO,NO,0.00000000,NO,0.00000000,NO_TO_NO,NO
ZOOKEEPER,src/contrib/rest/src/java/org/apache/zookeeper/server/jersey/jaxb/ZStat.java,16,16.0000,NO,NO,0.00000000,NO,0.03000000,NO_TO_NO,NO
ZOOKEEPER,src/java/main/org/apache/zookeeper/server/quorum/QuorumPeerMain.java,16,2.0000,NO,NO,0.00000000,NO,0.05000000,NO_TO_NO,NO
ZOOKEEPER,src/java/main/org/apache/zookeeper/Transaction.java,16,2.0000,YES,YES,0.82000000,YES,0.77000000,YES_TO_YES,NO
ZOOKEEPER,src/contrib/zooinspector/src/java/org/apache/zookeeper/inspector/gui/IconResource.java,16,1.0000,NO,NO,0.01000000,NO,0.03000000,NO_TO_NO,NO
ZOOKEEPER,src/java/main/org/apache/zookeeper/server/NettyServerCnxn.java,16,15.0000,YES,YES,0.98000000,YES,0.96000000,YES_TO_YES,NO
ZOOKEEPER,src/contrib/loggraph/src/java/org/apache/zookeeper/graph/servlets/FileLoader.java,16,2.0000,NO,NO,0.00000000,NO,0.11000000,NO_TO_NO,NO
ZOOKEEPER,src/java/main/org/apache/zookeeper/server/quorum/ProposalRequestProcessor.java,16,1.0000,YES,YES,0.98000000,YES,0.87000000,YES_TO_YES,NO
ZOOKEEPER,src/java/main/org/apache/zookeeper/server/persistence/FileTxnLog.java,16,15.0000,YES,YES,0.99000000,YES,0.92000000,YES_TO_YES,NO
ZOOKEEPER,src/java/main/org/apache/zookeeper/server/persistence/FileTxnSnapLog.java,16,10.0000,YES,YES,0.96000000,YES,0.86000000,YES_TO_YES,NO
ZOOKEEPER,docs/zookeeperOver.html,16,23.0000,NO,NO,0.00000000,NO,0.00000000,NO_TO_NO,NO
ZOOKEEPER,src/contrib/zooinspector/src/java/org/apache/zookeeper/inspector/gui/ZooInspectorAboutDialog.java,16,1.0000,NO,NO,0.02000000,NO,0.01000000,NO_TO_NO,NO
ZOOKEEPER,src/java/main/org/apache/zookeeper/ZKUtil.java,16,5.0000,YES,YES,0.92000000,YES,0.51000000,YES_TO_YES,NO
ZOOKEEPER,src/java/main/org/apache/zookeeper/AsyncCallback.java,16,1.0000,NO,NO,0.00000000,NO,0.04000000,NO_TO_NO,NO
ZOOKEEPER,src/java/main/org/apache/zookeeper/JLineZNodeCompletor.java,16,2.0000,NO,NO,0.00000000,NO,0.16000000,NO_TO_NO,NO
ZOOKEEPER,src/contrib/loggraph/src/java/org/apache/zookeeper/graph/FilterException.java,16,1.0000,NO,NO,0.00000000,NO,0.00000000,NO_TO_NO,NO
ZOOKEEPER,src/java/main/org/apache/zookeeper/server/quorum/LearnerZooKeeperServer.java,16,4.0000,YES,YES,0.85000000,YES,0.71000000,YES_TO_YES,NO
ZOOKEEPER,src/java/main/org/apache/zookeeper/server/persistence/FileSnap.java,16,8.0000,NO,NO,0.00000000,NO,0.15000000,NO_TO_NO,NO
ZOOKEEPER,src/contrib/zooinspector/src/java/org/apache/zookeeper/inspector/gui/ZooInspectorNodeViewersDialog.java,16,47.0000,NO,NO,0.00000000,NO,0.11000000,NO_TO_NO,NO
ZOOKEEPER,src/contrib/zooinspector/src/java/org/apache/zookeeper/inspector/ZooInspector.java,16,1.0000,NO,NO,0.01000000,NO,0.02000000,NO_TO_NO,NO
ZOOKEEPER,src/java/main/org/apache/jute/OutputArchive.java,16,3.0000,NO,NO,0.00000000,NO,0.04000000,NO_TO_NO,NO
ZOOKEEPER,src/java/main/org/apache/zookeeper/server/auth/KerberosName.java,16,7.0000,YES,YES,0.84000000,YES,0.77000000,YES_TO_YES,NO
ZOOKEEPER,src/java/main/org/apache/zookeeper/client/StaticHostProvider.java,16,2.0000,NO,NO,0.02000000,NO,0.21000000,NO_TO_NO,NO
ZOOKEEPER,src/java/main/org/apache/zookeeper/server/ConnectionBean.java,16,1.0000,YES,YES,1.00000000,YES,0.92000000,YES_TO_YES,NO
ZOOKEEPER,src/java/main/org/apache/zookeeper/server/NettyServerCnxnFactory.java,16,7.0000,YES,YES,0.95000000,YES,0.89000000,YES_TO_YES,NO
ZOOKEEPER,src/java/main/org/apache/zookeeper/ClientCnxnSocketNIO.java,16,5.0000,YES,YES,0.96000000,YES,0.89000000,YES_TO_YES,NO
ZOOKEEPER,docs/zookeeperObservers.html,16,4.0000,NO,NO,0.00000000,NO,0.00000000,NO_TO_NO,NO
ZOOKEEPER,src/java/main/org/apache/jute/compiler/JVector.java,16,14.0000,NO,NO,0.00000000,NO,0.07000000,NO_TO_NO,NO
ZOOKEEPER,src/contrib/loggraph/src/java/org/apache/zookeeper/graph/TransactionEntry.java,16,10.0000,NO,NO,0.00000000,NO,0.12000000,NO_TO_NO,NO
ZOOKEEPER,src/contrib/rest/src/java/org/apache/zookeeper/server/jersey/jaxb/ZSession.java,16,2.0000,NO,NO,0.00000000,NO,0.01000000,NO_TO_NO,NO
ZOOKEEPER,src/contrib/loggraph/src/java/org/apache/zookeeper/graph/TxnLogSource.java,16,13.0000,NO,NO,0.00000000,NO,0.13000000,NO_TO_NO,NO
ZOOKEEPER,src/java/main/org/apache/zookeeper/server/quorum/LearnerHandler.java,16,18.0000,YES,YES,1.00000000,YES,1.00000000,YES_TO_YES,NO
ZOOKEEPER,src/java/main/org/apache/jute/compiler/JFloat.java,16,1.0000,NO,NO,0.00000000,NO,0.01000000,NO_TO_NO,NO
ZOOKEEPER,docs/javaExample.html,16,7.0000,NO,NO,0.00000000,NO,0.00000000,NO_TO_NO,NO
ZOOKEEPER,src/java/main/org/apache/zookeeper/server/NIOServerCnxn.java,16,27.0000,YES,YES,0.99000000,YES,0.97000000,YES_TO_YES,NO
ZOOKEEPER,src/java/main/org/apache/jute/CsvInputArchive.java,16,12.0000,NO,NO,0.00000000,NO,0.03000000,NO_TO_NO,NO
ZOOKEEPER,src/java/main/org/apache/zookeeper/ServerAdminClient.java,16,16.0000,NO,NO,0.00000000,NO,0.23000000,NO_TO_NO,NO
ZOOKEEPER,src/contrib/loggraph/src/java/org/apache/zookeeper/graph/Log4JEntry.java,16,2.0000,NO,NO,0.00000000,NO,0.03000000,NO_TO_NO,NO
ZOOKEEPER,src/java/main/org/apache/zookeeper/server/quorum/FollowerRequestProcessor.java,16,1.0000,YES,YES,1.00000000,YES,0.90000000,YES_TO_YES,NO
ZOOKEEPER,src/contrib/huebrowser/zkui/src/zkui/rest.py,16,1.0000,NO,NO,0.00000000,NO,0.01000000,NO_TO_NO,NO
ZOOKEEPER,src/contrib/zooinspector/src/java/org/apache/zookeeper/inspector/gui/nodeviewer/NodeViewerMetaData.java,16,3.0000,NO,NO,0.00000000,NO,0.11000000,NO_TO_NO,NO
ZOOKEEPER,src/contrib/rest/src/java/org/apache/zookeeper/server/jersey/RestMain.java,16,6.0000,NO,NO,0.00000000,NO,0.09000000,NO_TO_NO,NO
ZOOKEEPER,src/java/main/org/apache/zookeeper/server/ZooKeeperSaslServer.java,16,11.0000,NO,NO,0.00000000,NO,0.24000000,NO_TO_NO,NO
ZOOKEEPER,src/contrib/loggraph/src/java/org/apache/zookeeper/graph/servlets/GraphData.java,16,1.0000,NO,NO,0.00000000,NO,0.01000000,NO_TO_NO,NO
ZOOKEEPER,src/contrib/rest/src/java/org/apache/zookeeper/server/jersey/filters/HTTPBasicAuth.java,16,5.0000,NO,NO,0.00000000,NO,0.21000000,NO_TO_NO,NO
ZOOKEEPER,src/java/main/org/apache/zookeeper/server/quorum/LeaderZooKeeperServer.java,16,1.0000,YES,YES,0.78000000,YES,0.79000000,YES_TO_YES,NO
ZOOKEEPER,src/contrib/loggraph/src/java/org/apache/zookeeper/graph/Log4JSource.java,16,31.0000,NO,NO,0.00000000,NO,0.15000000,NO_TO_NO,NO
ZOOKEEPER,src/java/main/org/apache/zookeeper/server/quorum/ObserverZooKeeperServer.java,16,4.0000,NO,NO,0.02000000,NO,0.08000000,NO_TO_NO,NO
ZOOKEEPER,src/recipes/queue/src/java/org/apache/zookeeper/recipes/queue/DistributedQueue.java,16,10.0000,NO,NO,0.00000000,NO,0.09000000,NO_TO_NO,NO
ZOOKEEPER,docs/zookeeperAdmin.html,16,36.0000,NO,NO,0.00000000,NO,0.00000000,NO_TO_NO,NO
ZOOKEEPER,src/contrib/loggraph/src/java/org/apache/zookeeper/graph/MergedLogSource.java,16,21.0000,NO,NO,0.00000000,NO,0.04000000,NO_TO_NO,NO
ZOOKEEPER,src/contrib/rest/src/python/test.py,16,4.0000,NO,NO,0.00000000,NO,0.01000000,NO_TO_NO,NO
ZOOKEEPER,src/docs/src/documentation/content/xdocs/site.xml,16,1.0000,NO,NO,0.00000000,NO,0.00000000,NO_TO_NO,NO
ZOOKEEPER,src/contrib/zooinspector/src/java/org/apache/zookeeper/inspector/gui/ZooInspectorConnectionPropertiesDialog.java,16,9.0000,NO,NO,0.01000000,NO,0.14000000,NO_TO_NO,NO
ZOOKEEPER,src/java/main/org/apache/zookeeper/server/auth/AuthenticationProvider.java,16,2.0000,NO,NO,0.00000000,NO,0.06000000,NO_TO_NO,NO
ZOOKEEPER,src/contrib/zkpython/src/python/zk.py,16,13.0000,NO,NO,0.00000000,NO,0.01000000,NO_TO_NO,NO
ZOOKEEPER,src/java/main/org/apache/jute/compiler/CppGenerator.java,16,1.0000,NO,NO,0.00000000,NO,0.02000000,NO_TO_NO,NO
ZOOKEEPER,src/java/main/org/apache/jute/XmlInputArchive.java,16,17.0000,NO,NO,0.00000000,NO,0.08000000,NO_TO_NO,NO
ZOOKEEPER,src/contrib/rest/src/java/org/apache/zookeeper/server/jersey/jaxb/ZPath.java,16,2.0000,NO,NO,0.00000000,NO,0.02000000,NO_TO_NO,NO
ZOOKEEPER,src/contrib/loggraph/src/java/org/apache/zookeeper/graph/filterops/XorOp.java,16,1.0000,NO,NO,0.00000000,NO,0.00000000,NO_TO_NO,NO
ZOOKEEPER,src/java/main/org/apache/zookeeper/version/util/VerGen.java,16,15.0000,NO,NO,0.00000000,NO,0.16000000,NO_TO_NO,NO
ZOOKEEPER,src/contrib/loggraph/src/java/org/apache/zookeeper/graph/filterops/LessThanOp.java,16,2.0000,NO,NO,0.01000000,NO,0.07000000,NO_TO_NO,NO
ZOOKEEPER,src/java/main/org/apache/jute/compiler/JCompType.java,16,1.0000,NO,NO,0.00000000,NO,0.03000000,NO_TO_NO,NO
ZOOKEEPER,src/recipes/lock/src/java/org/apache/zookeeper/recipes/lock/ZNodeName.java,16,4.0000,NO,NO,0.00000000,NO,0.05000000,NO_TO_NO,NO
ZOOKEEPER,src/java/main/org/apache/zookeeper/server/quorum/LearnerSessionTracker.java,16,7.0000,NO,NO,0.00000000,NO,0.06000000,NO_TO_NO,NO
ZOOKEEPER,src/java/main/org/apache/zookeeper/server/ByteBufferOutputStream.java,16,2.0000,NO,NO,0.02000000,NO,0.11000000,NO_TO_NO,NO
ZOOKEEPER,docs/zookeeperOtherInfo.html,16,3.0000,NO,NO,0.00000000,NO,0.00000000,NO_TO_NO,NO
ZOOKEEPER,src/contrib/fatjar/src/java/org/apache/zookeeper/util/FatJarMain.java,16,10.0000,NO,NO,0.00000000,NO,0.17000000,NO_TO_NO,NO
ZOOKEEPER,src/contrib/loggraph/src/java/org/apache/zookeeper/graph/FilterParser.java,16,5.0000,NO,NO,0.00000000,NO,0.04000000,NO_TO_NO,NO
ZOOKEEPER,src/java/main/org/apache/zookeeper/server/DataTree.java,16,51.0000,NO,NO,0.39000000,YES,0.51000000,NO_TO_YES,NO
ZOOKEEPER,src/java/main/org/apache/jute/compiler/JString.java,16,1.0000,NO,NO,0.00000000,NO,0.01000000,NO_TO_NO,NO
ZOOKEEPER,src/contrib/rest/src/java/org/apache/zookeeper/server/jersey/jaxb/ZError.java,16,2.0000,NO,NO,0.00000000,NO,0.00000000,NO_TO_NO,NO
ZOOKEEPER,src/contrib/zooinspector/src/java/org/apache/zookeeper/inspector/gui/ZooInspectorTreeViewer.java,16,6.0000,NO,NO,0.00000000,NO,0.10000000,NO_TO_NO,NO
ZOOKEEPER,src/java/main/org/apache/zookeeper/Login.java,16,11.0000,YES,YES,0.96000000,YES,0.89000000,YES_TO_YES,NO
ZOOKEEPER,src/contrib/loggraph/src/java/org/apache/zookeeper/graph/FilterOp.java,16,4.0000,NO,NO,0.00000000,NO,0.12000000,NO_TO_NO,NO
ZOOKEEPER,src/contrib/rest/src/python/demo_master_election.py,16,5.0000,NO,NO,0.00000000,NO,0.01000000,NO_TO_NO,NO
ZOOKEEPER,src/java/main/org/apache/zookeeper/Quotas.java,16,5.0000,NO,NO,0.00000000,NO,0.05000000,NO_TO_NO,NO
ZOOKEEPER,src/java/main/org/apache/jute/CsvOutputArchive.java,16,4.0000,NO,NO,0.00000000,NO,0.07000000,NO_TO_NO,NO
ZOOKEEPER,src/java/main/org/apache/jute/compiler/JFile.java,16,2.0000,NO,NO,0.00000000,NO,0.06000000,NO_TO_NO,NO
ZOOKEEPER,docs/zookeeperStarted.html,16,10.0000,NO,NO,0.00000000,NO,0.00000000,NO_TO_NO,NO
ZOOKEEPER,docs/zookeeperQuotas.html,16,5.0000,NO,NO,0.00000000,NO,0.00000000,NO_TO_NO,NO
ZOOKEEPER,src/contrib/rest/src/python/demo_queue.py,16,6.0000,NO,NO,0.00000000,NO,0.01000000,NO_TO_NO,NO
ZOOKEEPER,src/contrib/monitoring/ganglia/zookeeper_ganglia.py,16,5.0000,NO,NO,0.00000000,NO,0.01000000,NO_TO_NO,NO
ZOOKEEPER,src/contrib/rest/src/java/org/apache/zookeeper/server/jersey/cfg/RestCfg.java,16,2.0000,NO,NO,0.00000000,NO,0.00000000,NO_TO_NO,NO
ZOOKEEPER,src/contrib/loggraph/src/java/org/apache/zookeeper/graph/JsonGenerator.java,16,22.0000,NO,NO,0.00000000,NO,0.03000000,NO_TO_NO,NO
ZOOKEEPER,src/java/main/org/apache/zookeeper/server/auth/IPAuthenticationProvider.java,16,12.0000,NO,NO,0.00000000,NO,0.06000000,NO_TO_NO,NO
ZOOKEEPER,src/java/main/org/apache/zookeeper/jmx/MBeanRegistry.java,16,4.0000,YES,YES,0.99000000,YES,0.85000000,YES_TO_YES,NO
ZOOKEEPER,docs/recipes.html,16,18.0000,NO,NO,0.00000000,NO,0.00000000,NO_TO_NO,NO
ZOOKEEPER,src/contrib/loggraph/src/java/org/apache/zookeeper/graph/LogSkipList.java,16,3.0000,NO,NO,0.00000000,NO,0.02000000,NO_TO_NO,NO
ZOOKEEPER,src/contrib/zooinspector/src/java/org/apache/zookeeper/inspector/gui/nodeviewer/NodeViewerACL.java,16,3.0000,NO,NO,0.00000000,NO,0.11000000,NO_TO_NO,NO
ZOOKEEPER,src/java/main/org/apache/zookeeper/client/ZooKeeperSaslClient.java,16,17.0000,YES,YES,0.89000000,YES,0.87000000,YES_TO_YES,NO
ZOOKEEPER,src/java/main/org/apache/zookeeper/Version.java,16,4.0000,NO,NO,0.00000000,NO,0.05000000,NO_TO_NO,NO
ZOOKEEPER,docs/zookeeperJMX.html,16,9.0000,NO,NO,0.00000000,NO,0.00000000,NO_TO_NO,NO
ZOOKEEPER,src/java/main/org/apache/zookeeper/server/ServerCnxn.java,16,39.0000,NO,NO,0.00000000,NO,0.37000000,NO_TO_NO,NO
ZOOKEEPER,src/contrib/zooinspector/src/java/org/apache/zookeeper/inspector/encryption/DataEncryptionManager.java,16,2.0000,NO,NO,0.00000000,NO,0.00000000,NO_TO_NO,NO
ZOOKEEPER,src/java/main/org/apache/zookeeper/Watcher.java,16,18.0000,NO,NO,0.00000000,NO,0.04000000,NO_TO_NO,NO
ZOOKEEPER,src/java/main/org/apache/jute/compiler/JDouble.java,17,1.0000,NO,NO,0.00000000,NO,0.01000000,NO_TO_NO,NO
ZOOKEEPER,src/java/main/org/apache/zookeeper/server/auth/ProviderRegistry.java,17,3.0000,NO,NO,0.00000000,NO,0.02000000,NO_TO_NO,NO
ZOOKEEPER,src/java/main/org/apache/jute/compiler/CGenerator.java,17,1.0000,NO,NO,0.00000000,NO,0.05000000,NO_TO_NO,NO
ZOOKEEPER,src/contrib/zooinspector/src/java/com/nitido/utils/toaster/Toaster.java,17,5.0000,NO,NO,0.07000000,NO,0.32000000,NO_TO_NO,NO
ZOOKEEPER,src/java/main/org/apache/zookeeper/cli/LsCommand.java,17,2.0000,NO,NO,0.01000000,NO,0.00000000,NO_TO_NO,NO
ZOOKEEPER,src/java/main/org/apache/zookeeper/server/NIOServerCnxnFactory.java,17,7.0000,YES,YES,0.98000000,YES,0.89000000,YES_TO_YES,NO
ZOOKEEPER,src/java/main/org/apache/zookeeper/server/quorum/flexible/QuorumMaj.java,17,1.0000,NO,NO,0.00000000,NO,0.04000000,NO_TO_NO,NO
ZOOKEEPER,src/java/main/org/apache/zookeeper/server/PurgeTxnLog.java,17,11.0000,NO,NO,0.00000000,NO,0.07000000,NO_TO_NO,NO
ZOOKEEPER,src/contrib/rest/src/java/org/apache/zookeeper/server/jersey/resources/JAXBContextResolver.java,17,3.0000,NO,NO,0.00000000,NO,0.15000000,NO_TO_NO,NO
ZOOKEEPER,src/recipes/election/src/java/org/apache/zookeeper/recipes/leader/LeaderElectionSupport.java,17,13.0000,NO,NO,0.02000000,NO,0.20000000,NO_TO_NO,NO
ZOOKEEPER,src/contrib/loggraph/src/java/org/apache/zookeeper/graph/RandomAccessFileReader.java,17,28.0000,NO,NO,0.00000000,NO,0.20000000,NO_TO_NO,NO
ZOOKEEPER,src/java/main/org/apache/jute/compiler/JField.java,17,1.0000,NO,NO,0.00000000,NO,0.02000000,NO_TO_NO,NO
ZOOKEEPER,src/java/main/org/apache/zookeeper/server/quorum/LeaderBean.java,17,1.0000,YES,YES,0.76000000,YES,0.72000000,YES_TO_YES,NO
ZOOKEEPER,src/java/main/org/apache/zookeeper/client/ConnectStringParser.java,17,4.0000,NO,NO,0.00000000,NO,0.12000000,NO_TO_NO,NO
ZOOKEEPER,src/java/main/org/apache/zookeeper/cli/DelQuotaCommand.java,17,5.0000,NO,NO,0.18000000,NO,0.25000000,NO_TO_NO,NO
ZOOKEEPER,src/java/main/org/apache/zookeeper/server/quorum/flexible/QuorumHierarchical.java,17,14.0000,NO,NO,0.00000000,NO,0.23000000,NO_TO_NO,NO
ZOOKEEPER,docs/zookeeperInternals.html,17,13.0000,NO,NO,0.00000000,NO,0.00000000,NO_TO_NO,NO
ZOOKEEPER,docs/releasenotes.html,17,11.0000,NO,NO,0.00000000,NO,0.00000000,NO_TO_NO,NO
ZOOKEEPER,src/java/main/org/apache/zookeeper/server/util/ZxidUtils.java,17,5.0000,NO,NO,0.00000000,NO,0.00000000,NO_TO_NO,NO
ZOOKEEPER,docs/bookkeeperConfig.html,17,5.0000,NO,NO,0.00000000,NO,0.00000000,NO_TO_NO,NO
ZOOKEEPER,docs/bookkeeperStarted.html,17,8.0000,NO,NO,0.00000000,NO,0.00000000,NO_TO_NO,NO
ZOOKEEPER,src/java/main/org/apache/zookeeper/common/PathUtils.java,17,4.0000,NO,NO,0.00000000,NO,0.02000000,NO_TO_NO,NO
ZOOKEEPER,src/java/main/org/apache/jute/RecordWriter.java,17,12.0000,NO,NO,0.00000000,NO,0.07000000,NO_TO_NO,NO
ZOOKEEPER,src/java/main/org/apache/zookeeper/server/ServerCnxnFactory.java,17,9.0000,NO,NO,0.13000000,NO,0.45000000,NO_TO_NO,NO
ZOOKEEPER,src/contrib/monitoring/check_zookeeper.py,17,18.0000,NO,NO,0.00000000,NO,0.01000000,NO_TO_NO,NO
ZOOKEEPER,src/contrib/loggraph/src/java/org/apache/zookeeper/graph/servlets/StaticContent.java,17,1.0000,NO,NO,0.00000000,NO,0.00000000,NO_TO_NO,NO
ZOOKEEPER,src/java/main/org/apache/zookeeper/Op.java,17,2.0000,YES,YES,0.79000000,YES,0.75000000,YES_TO_YES,NO
ZOOKEEPER,src/java/main/org/apache/zookeeper/server/persistence/Util.java,17,9.0000,YES,YES,1.00000000,YES,0.90000000,YES_TO_YES,NO
ZOOKEEPER,src/contrib/zooinspector/src/java/org/apache/zookeeper/inspector/gui/Toolbar.java,17,11.0000,NO,NO,0.00000000,NO,0.00000000,NO_TO_NO,NO
ZOOKEEPER,src/java/main/org/apache/zookeeper/ClientCnxn.java,17,37.0000,YES,YES,1.00000000,YES,0.98000000,YES_TO_YES,NO
ZOOKEEPER,src/java/main/org/apache/zookeeper/server/quorum/QuorumPeerConfig.java,17,15.0000,YES,YES,0.76000000,YES,0.74000000,YES_TO_YES,NO
ZOOKEEPER,src/java/main/org/apache/jute/compiler/JRecord.java,17,36.0000,YES,YES,0.84000000,YES,0.82000000,YES_TO_YES,NO
ZOOKEEPER,src/contrib/loggraph/src/java/org/apache/zookeeper/graph/LogEntry.java,17,6.0000,NO,NO,0.00000000,NO,0.23000000,NO_TO_NO,NO
ZOOKEEPER,src/java/main/org/apache/jute/Utils.java,17,15.0000,NO,NO,0.00000000,NO,0.16000000,NO_TO_NO,NO
ZOOKEEPER,src/java/main/org/apache/zookeeper/jmx/CommonNames.java,17,2.0000,NO,NO,0.00000000,NO,0.00000000,NO_TO_NO,NO
ZOOKEEPER,src/contrib/loggraph/src/java/org/apache/zookeeper/graph/LogIterator.java,17,2.0000,NO,NO,0.00000000,NO,0.00000000,NO_TO_NO,NO
ZOOKEEPER,src/contrib/zkpython/src/examples/watch_znode_for_changes.py,17,3.0000,NO,NO,0.00000000,NO,0.01000000,NO_TO_NO,NO
ZOOKEEPER,src/java/main/org/apache/zookeeper/server/ServerStats.java,17,11.0000,YES,YES,1.00000000,YES,0.76000000,YES_TO_YES,NO
ZOOKEEPER,src/java/main/org/apache/zookeeper/server/quorum/Leader.java,17,53.0000,YES,YES,0.98000000,YES,0.96000000,YES_TO_YES,NO
ZOOKEEPER,src/java/main/org/apache/zookeeper/MultiTransactionRecord.java,17,1.0000,NO,NO,0.00000000,NO,0.03000000,NO_TO_NO,NO
ZOOKEEPER,src/java/main/org/apache/zookeeper/server/ZooKeeperServer.java,17,22.0000,YES,YES,1.00000000,YES,0.98000000,YES_TO_YES,NO
ZOOKEEPER,src/java/main/org/apache/zookeeper/ZooKeeperMain.java,17,49.0000,YES,YES,0.96000000,YES,0.95000000,YES_TO_YES,NO
ZOOKEEPER,src/java/main/org/apache/zookeeper/ZooKeeper.java,17,25.0000,YES,YES,1.00000000,YES,0.99000000,YES_TO_YES,NO
ZOOKEEPER,src/java/main/org/apache/zookeeper/Environment.java,17,2.0000,NO,NO,0.00000000,NO,0.05000000,NO_TO_NO,NO
ZOOKEEPER,src/contrib/zooinspector/src/java/org/apache/zookeeper/inspector/manager/ZooInspectorManagerImpl.java,17,26.0000,NO,NO,0.00000000,NO,0.18000000,NO_TO_NO,NO
ZOOKEEPER,docs/zookeeperHierarchicalQuorums.html,17,1.0000,NO,NO,0.00000000,NO,0.00000000,NO_TO_NO,NO
ZOOKEEPER,src/java/main/org/apache/zookeeper/server/quorum/QuorumStats.java,17,5.0000,NO,NO,0.00000000,NO,0.06000000,NO_TO_NO,NO
ZOOKEEPER,src/java/main/org/apache/jute/compiler/JMap.java,17,10.0000,NO,NO,0.00000000,NO,0.10000000,NO_TO_NO,NO
ZOOKEEPER,src/java/main/org/apache/zookeeper/MultiResponse.java,17,3.0000,NO,NO,0.01000000,NO,0.04000000,NO_TO_NO,NO
ZOOKEEPER,src/java/main/org/apache/zookeeper/server/TraceFormatter.java,17,4.0000,NO,NO,0.00000000,NO,0.02000000,NO_TO_NO,NO
ZOOKEEPER,src/java/main/org/apache/zookeeper/server/auth/DigestAuthenticationProvider.java,17,14.0000,NO,NO,0.00000000,NO,0.16000000,NO_TO_NO,NO
ZOOKEEPER,docs/zookeeperTutorial.html,17,5.0000,NO,NO,0.00000000,NO,0.00000000,NO_TO_NO,NO
ZOOKEEPER,src/java/main/org/apache/zookeeper/server/auth/SaslServerCallbackHandler.java,17,3.0000,NO,NO,0.04000000,NO,0.09000000,NO_TO_NO,NO
ZOOKEEPER,src/java/main/org/apache/zookeeper/cli/AclParser.java,17,6.0000,NO,NO,0.04000000,NO,0.06000000,NO_TO_NO,NO
ZOOKEEPER,src/java/main/org/apache/zookeeper/server/ZooKeeperServerMain.java,17,3.0000,NO,NO,0.03000000,NO,0.08000000,NO_TO_NO,NO
ZOOKEEPER,docs/bookkeeperStream.html,17,4.0000,NO,NO,0.00000000,NO,0.00000000,NO_TO_NO,NO
ZOOKEEPER,src/java/main/org/apache/zookeeper/server/ZooTrace.java,17,16.0000,NO,NO,0.00000000,NO,0.15000000,NO_TO_NO,NO
ZOOKEEPER,src/java/main/org/apache/zookeeper/server/quorum/QuorumCnxManager.java,17,16.0000,YES,YES,1.00000000,YES,0.97000000,YES_TO_YES,NO
ZOOKEEPER,src/contrib/zooinspector/src/java/org/apache/zookeeper/inspector/logger/LoggerFactory.java,17,1.0000,NO,NO,0.00000000,NO,0.00000000,NO_TO_NO,NO
ZOOKEEPER,src/contrib/loggraph/src/java/org/apache/zookeeper/graph/filterops/NumberArg.java,17,1.0000,NO,NO,0.00000000,NO,0.00000000,NO_TO_NO,NO
ZOOKEEPER,src/java/main/org/apache/zookeeper/jmx/ManagedUtil.java,17,3.0000,YES,YES,0.98000000,YES,0.53000000,YES_TO_YES,NO
ZOOKEEPER,src/contrib/huebrowser/zkui/src/zkui/utils.py,17,1.0000,NO,NO,0.00000000,NO,0.00000000,NO_TO_NO,NO
ZOOKEEPER,src/contrib/huebrowser/zkui/src/zkui/stats.py,17,2.0000,NO,NO,0.00000000,NO,0.01000000,NO_TO_NO,NO
ZOOKEEPER,src/java/main/org/apache/zookeeper/server/LogFormatter.java,17,6.0000,NO,NO,0.00000000,NO,0.07000000,NO_TO_NO,NO
ZOOKEEPER,src/java/main/org/apache/zookeeper/server/quorum/FastLeaderElection.java,17,27.0000,YES,YES,1.00000000,YES,0.97000000,YES_TO_YES,NO
ZOOKEEPER,src/java/main/org/apache/jute/compiler/JType.java,17,8.0000,NO,NO,0.00000000,NO,0.03000000,NO_TO_NO,NO
ZOOKEEPER,src/docs/status.xml,17,1.0000,NO,NO,0.00000000,NO,0.00000000,NO_TO_NO,NO
ZOOKEEPER,src/java/main/org/apache/zookeeper/common/PathTrie.java,17,3.0000,YES,YES,0.59000000,YES,0.57000000,YES_TO_YES,NO
ZOOKEEPER,src/java/main/org/apache/zookeeper/server/SyncRequestProcessor.java,17,8.0000,YES,YES,0.99000000,YES,0.90000000,YES_TO_YES,NO
ZOOKEEPER,src/java/main/org/apache/zookeeper/server/FinalRequestProcessor.java,17,5.0000,YES,YES,1.00000000,YES,0.96000000,YES_TO_YES,NO
ZOOKEEPER,src/java/main/org/apache/zookeeper/server/quorum/CommitProcessor.java,17,7.0000,YES,YES,0.99000000,YES,0.88000000,YES_TO_YES,NO
ZOOKEEPER,src/contrib/loggraph/src/java/org/apache/zookeeper/graph/servlets/Throughput.java,17,5.0000,NO,NO,0.00000000,NO,0.09000000,NO_TO_NO,NO
ZOOKEEPER,src/java/main/org/apache/zookeeper/server/SessionTrackerImpl.java,17,14.0000,YES,YES,1.00000000,YES,0.88000000,YES_TO_YES,NO
ZOOKEEPER,src/contrib/loggraph/src/java/org/apache/zookeeper/graph/filterops/StringArg.java,17,1.0000,NO,NO,0.00000000,NO,0.00000000,NO_TO_NO,NO
ZOOKEEPER,src/java/main/org/apache/zookeeper/Shell.java,17,14.0000,YES,YES,0.98000000,YES,0.77000000,YES_TO_YES,NO
ZOOKEEPER,src/contrib/zooinspector/src/java/org/apache/zookeeper/inspector/gui/ZooInspectorPanel.java,17,17.0000,NO,NO,0.00000000,NO,0.06000000,NO_TO_NO,NO
ZOOKEEPER,src/java/main/org/apache/jute/BinaryInputArchive.java,17,11.0000,YES,YES,1.00000000,YES,0.64000000,YES_TO_YES,NO
ZOOKEEPER,src/contrib/rest/src/java/org/apache/zookeeper/server/jersey/cfg/HostPortSet.java,17,2.0000,NO,NO,0.00000000,NO,0.01000000,NO_TO_NO,NO
ZOOKEEPER,src/java/main/org/apache/zookeeper/cli/ListQuotaCommand.java,17,1.0000,NO,NO,0.01000000,NO,0.01000000,NO_TO_NO,NO
ZOOKEEPER,src/contrib/monitoring/test.py,17,2.0000,NO,NO,0.00000000,NO,0.01000000,NO_TO_NO,NO
ZOOKEEPER,src/contrib/loggraph/src/java/org/apache/zookeeper/graph/filterops/GreaterThanOp.java,17,3.0000,NO,NO,0.00000000,NO,0.06000000,NO_TO_NO,NO
ZOOKEEPER,src/java/main/org/apache/zookeeper/server/auth/SASLAuthenticationProvider.java,17,1.0000,NO,NO,0.01000000,NO,0.02000000,NO_TO_NO,NO
ZOOKEEPER,src/java/main/org/apache/zookeeper/server/DataNode.java,17,10.0000,NO,NO,0.00000000,NO,0.07000000,NO_TO_NO,NO
ZOOKEEPER,docs/bookkeeperOverview.html,17,12.0000,NO,NO,0.00000000,NO,0.00000000,NO_TO_NO,NO
ZOOKEEPER,src/java/main/org/apache/zookeeper/server/auth/DigestLoginModule.java,17,4.0000,NO,NO,0.01000000,NO,0.09000000,NO_TO_NO,NO
ZOOKEEPER,docs/bookkeeperProgrammer.html,17,9.0000,NO,NO,0.00000000,NO,0.00000000,NO_TO_NO,NO
ZOOKEEPER,src/contrib/rest/src/python/zk_dump_tree.py,17,10.0000,NO,NO,0.00000000,NO,0.01000000,NO_TO_NO,NO
ZOOKEEPER,src/contrib/rest/src/java/org/apache/zookeeper/server/jersey/resources/SessionsResource.java,17,2.0000,NO,NO,0.00000000,NO,0.12000000,NO_TO_NO,NO
ZOOKEEPER,src/java/main/org/apache/jute/BinaryOutputArchive.java,17,7.0000,NO,NO,0.00000000,NO,0.03000000,NO_TO_NO,NO
ZOOKEEPER,src/contrib/loggraph/src/java/org/apache/zookeeper/graph/MeasureThroughput.java,17,11.0000,NO,NO,0.00000000,NO,0.08000000,NO_TO_NO,NO
ZOOKEEPER,src/java/main/org/apache/zookeeper/client/FourLetterWordMain.java,17,3.0000,YES,YES,0.83000000,NO,0.39000000,YES_TO_NO,YES
ZOOKEEPER,src/contrib/huebrowser/zkui/src/zkui/views.py,17,1.0000,NO,NO,0.00000000,NO,0.01000000,NO_TO_NO,NO
ZOOKEEPER,src/java/main/org/apache/zookeeper/server/quorum/FollowerZooKeeperServer.java,17,3.0000,NO,NO,0.00000000,NO,0.11000000,NO_TO_NO,NO
ZOOKEEPER,src/java/main/org/apache/zookeeper/server/WatchManager.java,17,4.0000,NO,NO,0.00000000,NO,0.14000000,NO_TO_NO,NO
ZOOKEEPER,docs/zookeeperProgrammers.html,17,35.0000,NO,NO,0.00000000,NO,0.00000000,NO_TO_NO,NO
ZOOKEEPER,src/contrib/loggraph/src/java/org/apache/zookeeper/graph/servlets/Fs.java,17,2.0000,NO,NO,0.00000000,NO,0.02000000,NO_TO_NO,NO
ZOOKEEPER,src/contrib/rest/src/java/org/apache/zookeeper/server/jersey/resources/ZNodeResource.java,17,3.0000,NO,NO,0.00000000,NO,0.07000000,NO_TO_NO,NO
ZOOKEEPER,src/contrib/zooinspector/src/java/org/apache/zookeeper/retry/ZooKeeperRetry.java,17,5.0000,NO,NO,0.00000000,NO,0.11000000,NO_TO_NO,NO
ZOOKEEPER,src/java/main/org/apache/zookeeper/server/util/SerializeUtils.java,17,4.0000,NO,NO,0.00000000,NO,0.17000000,NO_TO_NO,NO
ZOOKEEPER,src/contrib/loggraph/src/java/org/apache/zookeeper/graph/LogServer.java,17,2.0000,NO,NO,0.00000000,NO,0.04000000,NO_TO_NO,NO
ZOOKEEPER,src/java/main/org/apache/zookeeper/server/quorum/ObserverRequestProcessor.java,17,1.0000,YES,YES,0.99000000,YES,0.84000000,YES_TO_YES,NO
ZOOKEEPER,src/contrib/zooinspector/src/java/org/apache/zookeeper/inspector/gui/nodeviewer/NodeViewerData.java,17,4.0000,NO,NO,0.06000000,NO,0.19000000,NO_TO_NO,NO
ZOOKEEPER,src/contrib/loggraph/src/java/org/apache/zookeeper/graph/servlets/NumEvents.java,17,3.0000,NO,NO,0.00000000,NO,0.01000000,NO_TO_NO,NO
ZOOKEEPER,src/recipes/lock/src/java/org/apache/zookeeper/recipes/lock/WriteLock.java,17,3.0000,NO,NO,0.00000000,NO,0.07000000,NO_TO_NO,NO
ZOOKEEPER,src/java/main/org/apache/zookeeper/ZooDefs.java,17,31.0000,NO,NO,0.00000000,NO,0.09000000,NO_TO_NO,NO
ZOOKEEPER,src/contrib/rest/src/java/org/apache/zookeeper/server/jersey/jaxb/ZChildren.java,17,7.0000,NO,NO,0.00000000,NO,0.33000000,NO_TO_NO,NO
ZOOKEEPER,src/java/main/org/apache/zookeeper/server/quorum/ReadOnlyRequestProcessor.java,17,5.0000,YES,YES,0.71000000,YES,0.57000000,YES_TO_YES,NO
ZOOKEEPER,src/java/main/org/apache/zookeeper/server/quorum/Vote.java,17,5.0000,NO,NO,0.00000000,NO,0.07000000,NO_TO_NO,NO
ZOOKEEPER,src/java/main/org/apache/zookeeper/server/PrepRequestProcessor.java,17,22.0000,YES,YES,1.00000000,YES,0.98000000,YES_TO_YES,NO
ZOOKEEPER,src/java/main/org/apache/jute/RecordReader.java,17,12.0000,NO,NO,0.00000000,NO,0.07000000,NO_TO_NO,NO
ZOOKEEPER,src/java/main/org/apache/zookeeper/server/quorum/LeaderElection.java,17,19.0000,NO,NO,0.01000000,NO,0.38000000,NO_TO_NO,NO
ZOOKEEPER,src/java/main/org/apache/zookeeper/server/quorum/Learner.java,17,10.0000,YES,YES,0.98000000,YES,0.85000000,YES_TO_YES,NO
ZOOKEEPER,src/contrib/rest/src/python/zkrest.py,17,1.0000,NO,NO,0.00000000,NO,0.01000000,NO_TO_NO,NO
ZOOKEEPER,src/contrib/rest/src/java/org/apache/zookeeper/server/jersey/ZooKeeperService.java,17,14.0000,NO,NO,0.00000000,NO,0.15000000,NO_TO_NO,NO
ZOOKEEPER,src/java/main/org/apache/zookeeper/server/SnapshotFormatter.java,17,15.0000,NO,NO,0.13000000,NO,0.21000000,NO_TO_NO,NO
ZOOKEEPER,src/java/main/org/apache/zookeeper/server/quorum/AuthFastLeaderElection.java,17,46.0000,YES,YES,1.00000000,YES,0.93000000,YES_TO_YES,NO
ZOOKEEPER,src/java/main/org/apache/zookeeper/server/Request.java,17,5.0000,YES,YES,1.00000000,YES,0.93000000,YES_TO_YES,NO
ZOOKEEPER,src/contrib/loggraph/src/java/org/apache/zookeeper/graph/servlets/JsonServlet.java,17,4.0000,NO,NO,0.00000000,NO,0.24000000,NO_TO_NO,NO
ZOOKEEPER,src/java/main/org/apache/zookeeper/KeeperException.java,17,77.0000,YES,YES,0.99000000,YES,0.82000000,YES_TO_YES,NO
ZOOKEEPER,src/java/main/org/apache/zookeeper/server/ZKDatabase.java,17,8.0000,YES,YES,1.00000000,YES,0.98000000,YES_TO_YES,NO
ZOOKEEPER,src/java/main/org/apache/zookeeper/server/quorum/QuorumPeer.java,17,44.0000,YES,YES,0.99000000,YES,0.98000000,YES_TO_YES,NO
ZOOKEEPER,src/java/main/org/apache/jute/XmlOutputArchive.java,17,8.0000,NO,NO,0.00000000,NO,0.17000000,NO_TO_NO,NO
ZOOKEEPER,src/recipes/lock/src/java/org/apache/zookeeper/recipes/lock/ProtocolSupport.java,17,2.0000,NO,NO,0.00000000,NO,0.03000000,NO_TO_NO,NO
ZOOKEEPER,src/contrib/rest/src/java/org/apache/zookeeper/server/jersey/jaxb/ZChildrenJSON.java,17,8.0000,NO,NO,0.00000000,NO,0.36000000,NO_TO_NO,NO
ZOOKEEPER,src/java/main/org/apache/zookeeper/server/ByteBufferInputStream.java,17,2.0000,NO,NO,0.00000000,NO,0.08000000,NO_TO_NO,NO
ZOOKEEPER,src/java/main/org/apache/zookeeper/WatchedEvent.java,17,2.0000,NO,NO,0.00000000,NO,0.06000000,NO_TO_NO,NO
ZOOKEEPER,src/contrib/zooinspector/src/java/org/apache/zookeeper/inspector/gui/ZooInspectorNodeViewersPanel.java,17,7.0000,NO,NO,0.00000000,NO,0.15000000,NO_TO_NO,NO
ZOOKEEPER,src/contrib/loggraph/src/java/org/apache/zookeeper/graph/filterops/SymbolArg.java,17,1.0000,NO,NO,0.00000000,NO,0.00000000,NO_TO_NO,NO
ZOOKEEPER,src/java/main/org/apache/jute/compiler/JBuffer.java,17,1.0000,NO,NO,0.00000000,NO,0.02000000,NO_TO_NO,NO
ZOOKEEPER,src/java/main/org/apache/zookeeper/cli/CreateCommand.java,17,1.0000,NO,NO,0.00000000,NO,0.00000000,NO_TO_NO,NO
ZOOKEEPER,src/java/main/org/apache/zookeeper/CreateMode.java,17,1.0000,YES,YES,0.97000000,YES,0.71000000,YES_TO_YES,NO
ZOOKEEPER,src/docs/src/documentation/skinconf.xml,17,6.0000,NO,NO,0.00000000,NO,0.00000000,NO_TO_NO,NO
ZOOKEEPER,src/contrib/rest/src/java/org/apache/zookeeper/server/jersey/jaxb/ZStat.java,17,16.0000,NO,NO,0.00000000,NO,0.04000000,NO_TO_NO,NO
ZOOKEEPER,src/java/main/org/apache/zookeeper/server/quorum/QuorumPeerMain.java,17,3.0000,NO,NO,0.02000000,NO,0.07000000,NO_TO_NO,NO
ZOOKEEPER,src/java/main/org/apache/zookeeper/Transaction.java,17,3.0000,NO,NO,0.22000000,NO,0.24000000,NO_TO_NO,NO
ZOOKEEPER,src/contrib/zooinspector/src/java/org/apache/zookeeper/inspector/gui/IconResource.java,17,1.0000,NO,NO,0.01000000,NO,0.02000000,NO_TO_NO,NO
ZOOKEEPER,src/java/main/org/apache/zookeeper/server/NettyServerCnxn.java,17,15.0000,YES,YES,0.98000000,YES,0.95000000,YES_TO_YES,NO
ZOOKEEPER,src/contrib/loggraph/src/java/org/apache/zookeeper/graph/servlets/FileLoader.java,17,2.0000,NO,NO,0.00000000,NO,0.11000000,NO_TO_NO,NO
ZOOKEEPER,src/java/main/org/apache/zookeeper/server/quorum/ProposalRequestProcessor.java,17,1.0000,NO,NO,0.13000000,NO,0.14000000,NO_TO_NO,NO
ZOOKEEPER,src/java/main/org/apache/zookeeper/cli/GetAclCommand.java,17,2.0000,NO,NO,0.01000000,NO,0.01000000,NO_TO_NO,NO
ZOOKEEPER,src/java/main/org/apache/zookeeper/server/persistence/FileTxnLog.java,17,15.0000,YES,YES,1.00000000,YES,0.92000000,YES_TO_YES,NO
ZOOKEEPER,src/java/main/org/apache/zookeeper/cli/Ls2Command.java,17,1.0000,NO,NO,0.07000000,NO,0.08000000,NO_TO_NO,NO
ZOOKEEPER,src/java/main/org/apache/zookeeper/server/persistence/FileTxnSnapLog.java,17,9.0000,YES,YES,0.96000000,YES,0.87000000,YES_TO_YES,NO
ZOOKEEPER,src/java/main/org/apache/zookeeper/cli/DeleteCommand.java,17,1.0000,NO,NO,0.00000000,NO,0.00000000,NO_TO_NO,NO
ZOOKEEPER,docs/zookeeperOver.html,17,23.0000,NO,NO,0.00000000,NO,0.00000000,NO_TO_NO,NO
ZOOKEEPER,src/java/main/org/apache/zookeeper/cli/GetCommand.java,17,3.0000,NO,NO,0.01000000,NO,0.00000000,NO_TO_NO,NO
ZOOKEEPER,src/contrib/zooinspector/src/java/org/apache/zookeeper/inspector/gui/ZooInspectorAboutDialog.java,17,1.0000,NO,NO,0.01000000,NO,0.02000000,NO_TO_NO,NO
ZOOKEEPER,src/java/main/org/apache/zookeeper/ZKUtil.java,17,5.0000,YES,YES,0.98000000,YES,0.53000000,YES_TO_YES,NO
ZOOKEEPER,src/java/main/org/apache/zookeeper/AsyncCallback.java,17,1.0000,NO,NO,0.00000000,NO,0.04000000,NO_TO_NO,NO
ZOOKEEPER,src/java/main/org/apache/zookeeper/JLineZNodeCompletor.java,17,2.0000,NO,NO,0.00000000,NO,0.16000000,NO_TO_NO,NO
ZOOKEEPER,src/contrib/loggraph/src/java/org/apache/zookeeper/graph/FilterException.java,17,1.0000,NO,NO,0.00000000,NO,0.00000000,NO_TO_NO,NO
ZOOKEEPER,src/java/main/org/apache/zookeeper/server/quorum/LearnerZooKeeperServer.java,17,4.0000,NO,NO,0.04000000,NO,0.05000000,NO_TO_NO,NO
ZOOKEEPER,src/java/main/org/apache/zookeeper/server/persistence/FileSnap.java,17,8.0000,NO,NO,0.00000000,NO,0.16000000,NO_TO_NO,NO
ZOOKEEPER,src/contrib/zooinspector/src/java/org/apache/zookeeper/inspector/gui/ZooInspectorNodeViewersDialog.java,17,47.0000,NO,NO,0.00000000,NO,0.12000000,NO_TO_NO,NO
ZOOKEEPER,src/contrib/zooinspector/src/java/org/apache/zookeeper/inspector/ZooInspector.java,17,1.0000,NO,NO,0.01000000,NO,0.02000000,NO_TO_NO,NO
ZOOKEEPER,src/java/main/org/apache/zookeeper/cli/SetQuotaCommand.java,17,5.0000,NO,NO,0.09000000,NO,0.17000000,NO_TO_NO,NO
ZOOKEEPER,src/java/main/org/apache/jute/OutputArchive.java,17,3.0000,NO,NO,0.00000000,NO,0.04000000,NO_TO_NO,NO
ZOOKEEPER,src/java/main/org/apache/zookeeper/server/auth/KerberosName.java,17,7.0000,YES,YES,0.76000000,YES,0.62000000,YES_TO_YES,NO
ZOOKEEPER,src/java/main/org/apache/zookeeper/client/StaticHostProvider.java,17,2.0000,NO,NO,0.03000000,NO,0.21000000,NO_TO_NO,NO
ZOOKEEPER,src/java/main/org/apache/zookeeper/server/ConnectionBean.java,17,1.0000,YES,YES,1.00000000,YES,0.91000000,YES_TO_YES,NO
ZOOKEEPER,src/java/main/org/apache/zookeeper/server/NettyServerCnxnFactory.java,17,7.0000,YES,YES,0.96000000,YES,0.91000000,YES_TO_YES,NO
ZOOKEEPER,src/java/main/org/apache/zookeeper/ClientCnxnSocketNIO.java,17,5.0000,YES,YES,0.96000000,YES,0.89000000,YES_TO_YES,NO
ZOOKEEPER,docs/zookeeperObservers.html,17,4.0000,NO,NO,0.00000000,NO,0.00000000,NO_TO_NO,NO
ZOOKEEPER,src/java/main/org/apache/jute/compiler/JVector.java,17,14.0000,NO,NO,0.00000000,NO,0.09000000,NO_TO_NO,NO
ZOOKEEPER,src/contrib/loggraph/src/java/org/apache/zookeeper/graph/TransactionEntry.java,17,10.0000,NO,NO,0.00000000,NO,0.12000000,NO_TO_NO,NO
ZOOKEEPER,src/contrib/rest/src/java/org/apache/zookeeper/server/jersey/jaxb/ZSession.java,17,2.0000,NO,NO,0.00000000,NO,0.01000000,NO_TO_NO,NO
ZOOKEEPER,src/contrib/loggraph/src/java/org/apache/zookeeper/graph/TxnLogSource.java,17,13.0000,NO,NO,0.00000000,NO,0.13000000,NO_TO_NO,NO
ZOOKEEPER,src/java/main/org/apache/zookeeper/server/quorum/LearnerHandler.java,17,18.0000,YES,YES,1.00000000,YES,0.98000000,YES_TO_YES,NO
ZOOKEEPER,src/java/main/org/apache/jute/compiler/JFloat.java,17,1.0000,NO,NO,0.00000000,NO,0.01000000,NO_TO_NO,NO
ZOOKEEPER,docs/javaExample.html,17,7.0000,NO,NO,0.00000000,NO,0.00000000,NO_TO_NO,NO
ZOOKEEPER,src/java/main/org/apache/zookeeper/server/NIOServerCnxn.java,17,27.0000,YES,YES,1.00000000,YES,0.98000000,YES_TO_YES,NO
ZOOKEEPER,src/java/main/org/apache/jute/CsvInputArchive.java,17,12.0000,NO,NO,0.00000000,NO,0.03000000,NO_TO_NO,NO
ZOOKEEPER,src/java/main/org/apache/zookeeper/ServerAdminClient.java,17,16.0000,NO,NO,0.00000000,NO,0.23000000,NO_TO_NO,NO
ZOOKEEPER,src/java/main/org/apache/zookeeper/cli/SetAclCommand.java,17,1.0000,NO,NO,0.00000000,NO,0.00000000,NO_TO_NO,NO
ZOOKEEPER,src/contrib/loggraph/src/java/org/apache/zookeeper/graph/Log4JEntry.java,17,2.0000,NO,NO,0.00000000,NO,0.03000000,NO_TO_NO,NO
ZOOKEEPER,src/java/main/org/apache/zookeeper/server/quorum/FollowerRequestProcessor.java,17,1.0000,YES,YES,1.00000000,YES,0.90000000,YES_TO_YES,NO
ZOOKEEPER,src/contrib/huebrowser/zkui/src/zkui/rest.py,17,1.0000,NO,NO,0.00000000,NO,0.01000000,NO_TO_NO,NO
ZOOKEEPER,src/contrib/zooinspector/src/java/org/apache/zookeeper/inspector/gui/nodeviewer/NodeViewerMetaData.java,17,3.0000,NO,NO,0.00000000,NO,0.10000000,NO_TO_NO,NO
ZOOKEEPER,src/contrib/rest/src/java/org/apache/zookeeper/server/jersey/RestMain.java,17,6.0000,NO,NO,0.00000000,NO,0.08000000,NO_TO_NO,NO
ZOOKEEPER,src/java/main/org/apache/zookeeper/server/ZooKeeperSaslServer.java,17,11.0000,NO,NO,0.02000000,NO,0.15000000,NO_TO_NO,NO
ZOOKEEPER,src/contrib/loggraph/src/java/org/apache/zookeeper/graph/servlets/GraphData.java,17,1.0000,NO,NO,0.00000000,NO,0.01000000,NO_TO_NO,NO
ZOOKEEPER,src/contrib/rest/src/java/org/apache/zookeeper/server/jersey/filters/HTTPBasicAuth.java,17,5.0000,NO,NO,0.00000000,NO,0.22000000,NO_TO_NO,NO
ZOOKEEPER,src/java/main/org/apache/zookeeper/server/quorum/LeaderZooKeeperServer.java,17,1.0000,NO,NO,0.01000000,NO,0.05000000,NO_TO_NO,NO
ZOOKEEPER,src/contrib/loggraph/src/java/org/apache/zookeeper/graph/Log4JSource.java,17,31.0000,NO,NO,0.00000000,NO,0.15000000,NO_TO_NO,NO
ZOOKEEPER,src/java/main/org/apache/zookeeper/server/quorum/ObserverZooKeeperServer.java,17,4.0000,NO,NO,0.01000000,NO,0.07000000,NO_TO_NO,NO
ZOOKEEPER,src/recipes/queue/src/java/org/apache/zookeeper/recipes/queue/DistributedQueue.java,17,10.0000,NO,NO,0.00000000,NO,0.09000000,NO_TO_NO,NO
ZOOKEEPER,docs/zookeeperAdmin.html,17,36.0000,NO,NO,0.00000000,NO,0.00000000,NO_TO_NO,NO
ZOOKEEPER,src/contrib/loggraph/src/java/org/apache/zookeeper/graph/MergedLogSource.java,17,21.0000,NO,NO,0.00000000,NO,0.04000000,NO_TO_NO,NO
ZOOKEEPER,src/contrib/rest/src/python/test.py,17,4.0000,NO,NO,0.00000000,NO,0.01000000,NO_TO_NO,NO
ZOOKEEPER,src/docs/src/documentation/content/xdocs/site.xml,17,1.0000,NO,NO,0.00000000,NO,0.00000000,NO_TO_NO,NO
ZOOKEEPER,src/contrib/zooinspector/src/java/org/apache/zookeeper/inspector/gui/ZooInspectorConnectionPropertiesDialog.java,17,9.0000,NO,NO,0.00000000,NO,0.15000000,NO_TO_NO,NO
ZOOKEEPER,src/java/main/org/apache/zookeeper/server/auth/AuthenticationProvider.java,17,2.0000,NO,NO,0.00000000,NO,0.06000000,NO_TO_NO,NO
ZOOKEEPER,src/contrib/zkpython/src/python/zk.py,17,13.0000,NO,NO,0.00000000,NO,0.01000000,NO_TO_NO,NO
ZOOKEEPER,src/java/main/org/apache/jute/compiler/CppGenerator.java,17,1.0000,NO,NO,0.00000000,NO,0.02000000,NO_TO_NO,NO
ZOOKEEPER,src/java/main/org/apache/jute/XmlInputArchive.java,17,17.0000,NO,NO,0.00000000,NO,0.09000000,NO_TO_NO,NO
ZOOKEEPER,src/contrib/rest/src/java/org/apache/zookeeper/server/jersey/jaxb/ZPath.java,17,2.0000,NO,NO,0.00000000,NO,0.02000000,NO_TO_NO,NO
ZOOKEEPER,src/contrib/loggraph/src/java/org/apache/zookeeper/graph/filterops/XorOp.java,17,1.0000,NO,NO,0.00000000,NO,0.00000000,NO_TO_NO,NO
ZOOKEEPER,src/java/main/org/apache/zookeeper/version/util/VerGen.java,17,15.0000,NO,NO,0.00000000,NO,0.16000000,NO_TO_NO,NO
ZOOKEEPER,src/contrib/loggraph/src/java/org/apache/zookeeper/graph/filterops/LessThanOp.java,17,2.0000,NO,NO,0.00000000,NO,0.06000000,NO_TO_NO,NO
ZOOKEEPER,src/java/main/org/apache/jute/compiler/JCompType.java,17,1.0000,NO,NO,0.00000000,NO,0.02000000,NO_TO_NO,NO
ZOOKEEPER,src/recipes/lock/src/java/org/apache/zookeeper/recipes/lock/ZNodeName.java,17,4.0000,NO,NO,0.00000000,NO,0.05000000,NO_TO_NO,NO
ZOOKEEPER,src/java/main/org/apache/zookeeper/cli/SetCommand.java,17,1.0000,NO,NO,0.01000000,NO,0.01000000,NO_TO_NO,NO
ZOOKEEPER,src/java/main/org/apache/zookeeper/server/quorum/LearnerSessionTracker.java,17,7.0000,NO,NO,0.00000000,NO,0.06000000,NO_TO_NO,NO
ZOOKEEPER,src/java/main/org/apache/zookeeper/server/ByteBufferOutputStream.java,17,2.0000,NO,NO,0.02000000,NO,0.10000000,NO_TO_NO,NO
ZOOKEEPER,docs/zookeeperOtherInfo.html,17,3.0000,NO,NO,0.00000000,NO,0.00000000,NO_TO_NO,NO
ZOOKEEPER,src/contrib/fatjar/src/java/org/apache/zookeeper/util/FatJarMain.java,17,10.0000,NO,NO,0.00000000,NO,0.17000000,NO_TO_NO,NO
ZOOKEEPER,src/contrib/loggraph/src/java/org/apache/zookeeper/graph/FilterParser.java,17,5.0000,NO,NO,0.00000000,NO,0.04000000,NO_TO_NO,NO
ZOOKEEPER,src/java/main/org/apache/zookeeper/server/DataTree.java,17,51.0000,YES,YES,0.98000000,YES,0.96000000,YES_TO_YES,NO
ZOOKEEPER,src/java/main/org/apache/jute/compiler/JString.java,17,1.0000,NO,NO,0.00000000,NO,0.02000000,NO_TO_NO,NO
ZOOKEEPER,src/contrib/rest/src/java/org/apache/zookeeper/server/jersey/jaxb/ZError.java,17,2.0000,NO,NO,0.00000000,NO,0.00000000,NO_TO_NO,NO
ZOOKEEPER,src/contrib/zooinspector/src/java/org/apache/zookeeper/inspector/gui/ZooInspectorTreeViewer.java,17,6.0000,NO,NO,0.00000000,NO,0.10000000,NO_TO_NO,NO
ZOOKEEPER,src/java/main/org/apache/zookeeper/Login.java,17,11.0000,YES,YES,0.92000000,YES,0.59000000,YES_TO_YES,NO
ZOOKEEPER,src/contrib/loggraph/src/java/org/apache/zookeeper/graph/FilterOp.java,17,4.0000,NO,NO,0.00000000,NO,0.12000000,NO_TO_NO,NO
ZOOKEEPER,src/contrib/rest/src/python/demo_master_election.py,17,5.0000,NO,NO,0.00000000,NO,0.01000000,NO_TO_NO,NO
ZOOKEEPER,src/java/main/org/apache/zookeeper/Quotas.java,17,5.0000,NO,NO,0.00000000,NO,0.05000000,NO_TO_NO,NO
ZOOKEEPER,src/java/main/org/apache/jute/CsvOutputArchive.java,17,4.0000,NO,NO,0.00000000,NO,0.09000000,NO_TO_NO,NO
ZOOKEEPER,src/java/main/org/apache/jute/compiler/JFile.java,17,2.0000,NO,NO,0.00000000,NO,0.07000000,NO_TO_NO,NO
ZOOKEEPER,docs/zookeeperStarted.html,17,10.0000,NO,NO,0.00000000,NO,0.00000000,NO_TO_NO,NO
ZOOKEEPER,docs/zookeeperQuotas.html,17,5.0000,NO,NO,0.00000000,NO,0.00000000,NO_TO_NO,NO
ZOOKEEPER,src/java/main/org/apache/zookeeper/cli/CliCommand.java,17,8.0000,NO,NO,0.06000000,NO,0.10000000,NO_TO_NO,NO
ZOOKEEPER,src/contrib/rest/src/python/demo_queue.py,17,6.0000,NO,NO,0.00000000,NO,0.01000000,NO_TO_NO,NO
ZOOKEEPER,src/contrib/monitoring/ganglia/zookeeper_ganglia.py,17,5.0000,NO,NO,0.00000000,NO,0.01000000,NO_TO_NO,NO
ZOOKEEPER,src/contrib/rest/src/java/org/apache/zookeeper/server/jersey/cfg/RestCfg.java,17,2.0000,NO,NO,0.00000000,NO,0.00000000,NO_TO_NO,NO
ZOOKEEPER,src/contrib/loggraph/src/java/org/apache/zookeeper/graph/JsonGenerator.java,17,22.0000,NO,NO,0.00000000,NO,0.03000000,NO_TO_NO,NO
ZOOKEEPER,src/java/main/org/apache/zookeeper/server/auth/IPAuthenticationProvider.java,17,12.0000,NO,NO,0.00000000,NO,0.06000000,NO_TO_NO,NO
ZOOKEEPER,src/java/main/org/apache/zookeeper/jmx/MBeanRegistry.java,17,4.0000,YES,YES,0.97000000,YES,0.82000000,YES_TO_YES,NO
ZOOKEEPER,docs/recipes.html,17,18.0000,NO,NO,0.00000000,NO,0.00000000,NO_TO_NO,NO
ZOOKEEPER,src/contrib/loggraph/src/java/org/apache/zookeeper/graph/LogSkipList.java,17,3.0000,NO,NO,0.00000000,NO,0.02000000,NO_TO_NO,NO
ZOOKEEPER,src/contrib/zooinspector/src/java/org/apache/zookeeper/inspector/gui/nodeviewer/NodeViewerACL.java,17,3.0000,NO,NO,0.00000000,NO,0.10000000,NO_TO_NO,NO
ZOOKEEPER,src/java/main/org/apache/zookeeper/client/ZooKeeperSaslClient.java,17,17.0000,YES,YES,0.77000000,NO,0.46000000,YES_TO_NO,YES
ZOOKEEPER,src/java/main/org/apache/zookeeper/Version.java,17,4.0000,NO,NO,0.00000000,NO,0.05000000,NO_TO_NO,NO
ZOOKEEPER,docs/zookeeperJMX.html,17,9.0000,NO,NO,0.00000000,NO,0.00000000,NO_TO_NO,NO
ZOOKEEPER,src/java/main/org/apache/zookeeper/server/ServerCnxn.java,17,39.0000,NO,NO,0.00000000,NO,0.35000000,NO_TO_NO,NO
ZOOKEEPER,src/contrib/zooinspector/src/java/org/apache/zookeeper/inspector/encryption/DataEncryptionManager.java,17,2.0000,NO,NO,0.00000000,NO,0.00000000,NO_TO_NO,NO
ZOOKEEPER,src/java/main/org/apache/zookeeper/Watcher.java,17,18.0000,NO,NO,0.00000000,NO,0.07000000,NO_TO_NO,NO
ZOOKEEPER,src/java/main/org/apache/jute/compiler/JDouble.java,18,1.0000,NO,NO,0.00000000,NO,0.02000000,NO_TO_NO,NO
ZOOKEEPER,src/java/main/org/apache/zookeeper/server/auth/ProviderRegistry.java,18,3.0000,NO,NO,0.00000000,NO,0.02000000,NO_TO_NO,NO
ZOOKEEPER,src/java/main/org/apache/jute/compiler/CGenerator.java,18,1.0000,NO,NO,0.00000000,NO,0.05000000,NO_TO_NO,NO
ZOOKEEPER,src/contrib/zooinspector/src/java/com/nitido/utils/toaster/Toaster.java,18,5.0000,NO,NO,0.02000000,NO,0.24000000,NO_TO_NO,NO
ZOOKEEPER,src/java/main/org/apache/zookeeper/cli/LsCommand.java,18,2.0000,NO,NO,0.05000000,NO,0.04000000,NO_TO_NO,NO
ZOOKEEPER,src/java/main/org/apache/zookeeper/server/NIOServerCnxnFactory.java,18,7.0000,YES,YES,0.98000000,YES,0.89000000,YES_TO_YES,NO
ZOOKEEPER,src/java/main/org/apache/zookeeper/server/quorum/flexible/QuorumMaj.java,18,4.0000,NO,NO,0.09000000,NO,0.15000000,NO_TO_NO,NO
ZOOKEEPER,src/java/main/org/apache/zookeeper/server/PurgeTxnLog.java,18,11.0000,NO,NO,0.09000000,NO,0.17000000,NO_TO_NO,NO
ZOOKEEPER,src/contrib/rest/src/java/org/apache/zookeeper/server/jersey/resources/JAXBContextResolver.java,18,3.0000,NO,NO,0.00000000,NO,0.14000000,NO_TO_NO,NO
ZOOKEEPER,src/recipes/election/src/java/org/apache/zookeeper/recipes/leader/LeaderElectionSupport.java,18,13.0000,NO,NO,0.02000000,NO,0.19000000,NO_TO_NO,NO
ZOOKEEPER,src/contrib/loggraph/src/java/org/apache/zookeeper/graph/RandomAccessFileReader.java,18,28.0000,NO,NO,0.00000000,NO,0.20000000,NO_TO_NO,NO
ZOOKEEPER,src/java/main/org/apache/jute/compiler/JField.java,18,1.0000,NO,NO,0.00000000,NO,0.02000000,NO_TO_NO,NO
ZOOKEEPER,src/java/main/org/apache/zookeeper/server/quorum/LeaderBean.java,18,1.0000,YES,YES,0.67000000,YES,0.51000000,YES_TO_YES,NO
ZOOKEEPER,src/java/main/org/apache/zookeeper/client/ConnectStringParser.java,18,4.0000,NO,NO,0.00000000,NO,0.15000000,NO_TO_NO,NO
ZOOKEEPER,src/java/main/org/apache/zookeeper/cli/DelQuotaCommand.java,18,5.0000,NO,NO,0.05000000,NO,0.32000000,NO_TO_NO,NO
ZOOKEEPER,src/java/main/org/apache/zookeeper/server/quorum/flexible/QuorumHierarchical.java,18,19.0000,NO,NO,0.14000000,NO,0.31000000,NO_TO_NO,NO
ZOOKEEPER,docs/zookeeperInternals.html,18,13.0000,NO,NO,0.00000000,NO,0.00000000,NO_TO_NO,NO
ZOOKEEPER,docs/releasenotes.html,18,11.0000,NO,NO,0.00000000,NO,0.00000000,NO_TO_NO,NO
ZOOKEEPER,src/java/main/org/apache/zookeeper/server/util/ZxidUtils.java,18,5.0000,NO,NO,0.01000000,NO,0.00000000,NO_TO_NO,NO
ZOOKEEPER,docs/bookkeeperConfig.html,18,5.0000,NO,NO,0.00000000,NO,0.00000000,NO_TO_NO,NO
ZOOKEEPER,docs/bookkeeperStarted.html,18,8.0000,NO,NO,0.00000000,NO,0.00000000,NO_TO_NO,NO
ZOOKEEPER,src/java/main/org/apache/zookeeper/common/PathUtils.java,18,4.0000,NO,NO,0.04000000,NO,0.05000000,NO_TO_NO,NO
ZOOKEEPER,src/java/main/org/apache/jute/RecordWriter.java,18,12.0000,NO,NO,0.00000000,NO,0.07000000,NO_TO_NO,NO
ZOOKEEPER,src/java/main/org/apache/zookeeper/server/ServerCnxnFactory.java,18,9.0000,NO,NO,0.13000000,NO,0.44000000,NO_TO_NO,NO
ZOOKEEPER,src/contrib/monitoring/check_zookeeper.py,18,18.0000,NO,NO,0.00000000,NO,0.01000000,NO_TO_NO,NO
ZOOKEEPER,src/contrib/loggraph/src/java/org/apache/zookeeper/graph/servlets/StaticContent.java,18,1.0000,NO,NO,0.00000000,NO,0.00000000,NO_TO_NO,NO
ZOOKEEPER,src/java/main/org/apache/zookeeper/Op.java,18,2.0000,YES,YES,0.95000000,YES,0.86000000,YES_TO_YES,NO
ZOOKEEPER,src/java/main/org/apache/zookeeper/server/persistence/Util.java,18,9.0000,YES,YES,0.99000000,YES,0.87000000,YES_TO_YES,NO
ZOOKEEPER,src/contrib/zooinspector/src/java/org/apache/zookeeper/inspector/gui/Toolbar.java,18,11.0000,NO,NO,0.00000000,NO,0.02000000,NO_TO_NO,NO
ZOOKEEPER,src/java/main/org/apache/zookeeper/ClientCnxn.java,18,38.0000,YES,YES,0.99000000,YES,0.97000000,YES_TO_YES,NO
ZOOKEEPER,src/java/main/org/apache/zookeeper/server/quorum/QuorumPeerConfig.java,18,25.0000,YES,YES,0.98000000,YES,0.96000000,YES_TO_YES,NO
ZOOKEEPER,src/java/main/org/apache/jute/compiler/JRecord.java,18,36.0000,YES,YES,0.79000000,YES,0.82000000,YES_TO_YES,NO
ZOOKEEPER,src/contrib/loggraph/src/java/org/apache/zookeeper/graph/LogEntry.java,18,6.0000,NO,NO,0.00000000,NO,0.16000000,NO_TO_NO,NO
ZOOKEEPER,src/java/main/org/apache/jute/Utils.java,18,15.0000,NO,NO,0.00000000,NO,0.17000000,NO_TO_NO,NO
ZOOKEEPER,src/java/main/org/apache/zookeeper/jmx/CommonNames.java,18,2.0000,NO,NO,0.00000000,NO,0.00000000,NO_TO_NO,NO
ZOOKEEPER,src/contrib/loggraph/src/java/org/apache/zookeeper/graph/LogIterator.java,18,2.0000,NO,NO,0.00000000,NO,0.00000000,NO_TO_NO,NO
ZOOKEEPER,src/contrib/zkpython/src/examples/watch_znode_for_changes.py,18,3.0000,NO,NO,0.00000000,NO,0.01000000,NO_TO_NO,NO
ZOOKEEPER,src/java/main/org/apache/zookeeper/server/ServerStats.java,18,11.0000,YES,YES,1.00000000,YES,0.83000000,YES_TO_YES,NO
ZOOKEEPER,src/java/main/org/apache/zookeeper/server/quorum/Leader.java,18,53.0000,YES,YES,1.00000000,YES,0.94000000,YES_TO_YES,NO
ZOOKEEPER,src/java/main/org/apache/zookeeper/MultiTransactionRecord.java,18,1.0000,NO,NO,0.00000000,NO,0.03000000,NO_TO_NO,NO
ZOOKEEPER,src/java/main/org/apache/zookeeper/server/ZooKeeperServer.java,18,22.0000,YES,YES,1.00000000,YES,0.98000000,YES_TO_YES,NO
ZOOKEEPER,src/java/main/org/apache/zookeeper/ZooKeeperMain.java,18,49.0000,YES,YES,0.99000000,YES,0.93000000,YES_TO_YES,NO
ZOOKEEPER,src/java/main/org/apache/zookeeper/ZooKeeper.java,18,25.0000,YES,YES,1.00000000,YES,0.98000000,YES_TO_YES,NO
ZOOKEEPER,src/java/main/org/apache/zookeeper/Environment.java,18,2.0000,NO,NO,0.00000000,NO,0.05000000,NO_TO_NO,NO
ZOOKEEPER,src/contrib/zooinspector/src/java/org/apache/zookeeper/inspector/manager/ZooInspectorManagerImpl.java,18,26.0000,NO,NO,0.20000000,NO,0.24000000,NO_TO_NO,NO
ZOOKEEPER,docs/zookeeperHierarchicalQuorums.html,18,1.0000,NO,NO,0.00000000,NO,0.00000000,NO_TO_NO,NO
ZOOKEEPER,src/java/main/org/apache/zookeeper/server/quorum/QuorumStats.java,18,5.0000,NO,NO,0.00000000,NO,0.06000000,NO_TO_NO,NO
ZOOKEEPER,src/java/main/org/apache/jute/compiler/JMap.java,18,10.0000,NO,NO,0.00000000,NO,0.10000000,NO_TO_NO,NO
ZOOKEEPER,src/java/main/org/apache/zookeeper/MultiResponse.java,18,3.0000,NO,NO,0.00000000,NO,0.03000000,NO_TO_NO,NO
ZOOKEEPER,src/java/main/org/apache/zookeeper/server/TraceFormatter.java,18,4.0000,NO,NO,0.05000000,NO,0.03000000,NO_TO_NO,NO
ZOOKEEPER,src/java/main/org/apache/zookeeper/server/auth/DigestAuthenticationProvider.java,18,14.0000,NO,NO,0.00000000,NO,0.17000000,NO_TO_NO,NO
ZOOKEEPER,docs/zookeeperTutorial.html,18,5.0000,NO,NO,0.00000000,NO,0.00000000,NO_TO_NO,NO
ZOOKEEPER,src/java/main/org/apache/zookeeper/server/auth/SaslServerCallbackHandler.java,18,3.0000,NO,NO,0.01000000,NO,0.05000000,NO_TO_NO,NO
ZOOKEEPER,src/java/main/org/apache/zookeeper/cli/AclParser.java,18,6.0000,NO,NO,0.03000000,NO,0.02000000,NO_TO_NO,NO
ZOOKEEPER,src/java/main/org/apache/zookeeper/server/ZooKeeperServerMain.java,18,3.0000,NO,NO,0.00000000,NO,0.07000000,NO_TO_NO,NO
ZOOKEEPER,docs/bookkeeperStream.html,18,4.0000,NO,NO,0.00000000,NO,0.00000000,NO_TO_NO,NO
ZOOKEEPER,src/java/main/org/apache/zookeeper/server/ZooTrace.java,18,16.0000,NO,NO,0.00000000,NO,0.10000000,NO_TO_NO,NO
ZOOKEEPER,src/java/main/org/apache/zookeeper/server/quorum/QuorumCnxManager.java,18,17.0000,YES,YES,1.00000000,YES,0.97000000,YES_TO_YES,NO
ZOOKEEPER,src/contrib/zooinspector/src/java/org/apache/zookeeper/inspector/logger/LoggerFactory.java,18,1.0000,NO,NO,0.00000000,NO,0.00000000,NO_TO_NO,NO
ZOOKEEPER,src/contrib/loggraph/src/java/org/apache/zookeeper/graph/filterops/NumberArg.java,18,1.0000,NO,NO,0.00000000,NO,0.00000000,NO_TO_NO,NO
ZOOKEEPER,src/java/main/org/apache/zookeeper/jmx/ManagedUtil.java,18,3.0000,YES,YES,0.99000000,YES,0.53000000,YES_TO_YES,NO
ZOOKEEPER,src/contrib/huebrowser/zkui/src/zkui/utils.py,18,1.0000,NO,NO,0.00000000,NO,0.00000000,NO_TO_NO,NO
ZOOKEEPER,src/contrib/huebrowser/zkui/src/zkui/stats.py,18,2.0000,NO,NO,0.00000000,NO,0.01000000,NO_TO_NO,NO
ZOOKEEPER,src/java/main/org/apache/zookeeper/server/LogFormatter.java,18,6.0000,NO,NO,0.01000000,NO,0.08000000,NO_TO_NO,NO
ZOOKEEPER,src/java/main/org/apache/zookeeper/server/quorum/FastLeaderElection.java,18,27.0000,YES,YES,0.99000000,YES,0.97000000,YES_TO_YES,NO
ZOOKEEPER,src/java/main/org/apache/jute/compiler/JType.java,18,8.0000,NO,NO,0.00000000,NO,0.04000000,NO_TO_NO,NO
ZOOKEEPER,src/docs/status.xml,18,1.0000,NO,NO,0.00000000,NO,0.00000000,NO_TO_NO,NO
ZOOKEEPER,src/java/main/org/apache/zookeeper/common/PathTrie.java,18,3.0000,YES,YES,0.92000000,YES,0.86000000,YES_TO_YES,NO
ZOOKEEPER,src/java/main/org/apache/zookeeper/server/SyncRequestProcessor.java,18,8.0000,YES,YES,1.00000000,YES,0.86000000,YES_TO_YES,NO
ZOOKEEPER,src/java/main/org/apache/zookeeper/server/FinalRequestProcessor.java,18,5.0000,YES,YES,1.00000000,YES,0.98000000,YES_TO_YES,NO
ZOOKEEPER,src/java/main/org/apache/zookeeper/server/quorum/CommitProcessor.java,18,7.0000,YES,YES,0.99000000,YES,0.87000000,YES_TO_YES,NO
ZOOKEEPER,src/contrib/loggraph/src/java/org/apache/zookeeper/graph/servlets/Throughput.java,18,5.0000,NO,NO,0.00000000,NO,0.10000000,NO_TO_NO,NO
ZOOKEEPER,src/java/main/org/apache/zookeeper/server/SessionTrackerImpl.java,18,14.0000,YES,YES,1.00000000,YES,0.87000000,YES_TO_YES,NO
ZOOKEEPER,src/contrib/loggraph/src/java/org/apache/zookeeper/graph/filterops/StringArg.java,18,1.0000,NO,NO,0.00000000,NO,0.00000000,NO_TO_NO,NO
ZOOKEEPER,src/java/main/org/apache/zookeeper/Shell.java,18,14.0000,YES,YES,0.94000000,YES,0.71000000,YES_TO_YES,NO
ZOOKEEPER,src/contrib/zooinspector/src/java/org/apache/zookeeper/inspector/gui/ZooInspectorPanel.java,18,17.0000,NO,NO,0.00000000,NO,0.06000000,NO_TO_NO,NO
ZOOKEEPER,src/java/main/org/apache/jute/BinaryInputArchive.java,18,11.0000,YES,YES,1.00000000,YES,0.65000000,YES_TO_YES,NO
ZOOKEEPER,src/contrib/rest/src/java/org/apache/zookeeper/server/jersey/cfg/HostPortSet.java,18,2.0000,NO,NO,0.00000000,NO,0.01000000,NO_TO_NO,NO
ZOOKEEPER,src/java/main/org/apache/zookeeper/cli/ListQuotaCommand.java,18,1.0000,NO,NO,0.03000000,NO,0.03000000,NO_TO_NO,NO
ZOOKEEPER,src/contrib/monitoring/test.py,18,2.0000,NO,NO,0.00000000,NO,0.01000000,NO_TO_NO,NO
ZOOKEEPER,src/contrib/loggraph/src/java/org/apache/zookeeper/graph/filterops/GreaterThanOp.java,18,3.0000,NO,NO,0.03000000,NO,0.10000000,NO_TO_NO,NO
ZOOKEEPER,src/java/main/org/apache/zookeeper/server/auth/SASLAuthenticationProvider.java,18,1.0000,NO,NO,0.08000000,NO,0.17000000,NO_TO_NO,NO
ZOOKEEPER,src/java/main/org/apache/zookeeper/server/DataNode.java,18,10.0000,NO,NO,0.00000000,NO,0.06000000,NO_TO_NO,NO
ZOOKEEPER,docs/bookkeeperOverview.html,18,12.0000,NO,NO,0.00000000,NO,0.00000000,NO_TO_NO,NO
ZOOKEEPER,src/java/main/org/apache/zookeeper/server/auth/DigestLoginModule.java,18,4.0000,NO,NO,0.00000000,NO,0.14000000,NO_TO_NO,NO
ZOOKEEPER,docs/bookkeeperProgrammer.html,18,9.0000,NO,NO,0.00000000,NO,0.00000000,NO_TO_NO,NO
ZOOKEEPER,src/contrib/rest/src/python/zk_dump_tree.py,18,10.0000,NO,NO,0.00000000,NO,0.01000000,NO_TO_NO,NO
ZOOKEEPER,src/contrib/rest/src/java/org/apache/zookeeper/server/jersey/resources/SessionsResource.java,18,2.0000,NO,NO,0.01000000,NO,0.12000000,NO_TO_NO,NO
ZOOKEEPER,src/java/main/org/apache/jute/BinaryOutputArchive.java,18,7.0000,NO,NO,0.00000000,NO,0.03000000,NO_TO_NO,NO
ZOOKEEPER,src/contrib/loggraph/src/java/org/apache/zookeeper/graph/MeasureThroughput.java,18,11.0000,NO,NO,0.00000000,NO,0.08000000,NO_TO_NO,NO
ZOOKEEPER,src/java/main/org/apache/zookeeper/client/FourLetterWordMain.java,18,3.0000,YES,YES,0.84000000,NO,0.38000000,YES_TO_NO,YES
ZOOKEEPER,src/contrib/huebrowser/zkui/src/zkui/views.py,18,1.0000,NO,NO,0.00000000,NO,0.01000000,NO_TO_NO,NO
ZOOKEEPER,src/java/main/org/apache/zookeeper/server/quorum/FollowerZooKeeperServer.java,18,3.0000,NO,NO,0.00000000,NO,0.11000000,NO_TO_NO,NO
ZOOKEEPER,src/java/main/org/apache/zookeeper/server/WatchManager.java,18,4.0000,NO,NO,0.00000000,NO,0.14000000,NO_TO_NO,NO
ZOOKEEPER,docs/zookeeperProgrammers.html,18,35.0000,NO,NO,0.00000000,NO,0.00000000,NO_TO_NO,NO
ZOOKEEPER,src/contrib/loggraph/src/java/org/apache/zookeeper/graph/servlets/Fs.java,18,2.0000,NO,NO,0.00000000,NO,0.03000000,NO_TO_NO,NO
ZOOKEEPER,src/contrib/rest/src/java/org/apache/zookeeper/server/jersey/resources/ZNodeResource.java,18,3.0000,NO,NO,0.00000000,NO,0.07000000,NO_TO_NO,NO
ZOOKEEPER,src/contrib/zooinspector/src/java/org/apache/zookeeper/retry/ZooKeeperRetry.java,18,5.0000,NO,NO,0.00000000,NO,0.11000000,NO_TO_NO,NO
ZOOKEEPER,src/java/main/org/apache/zookeeper/server/util/SerializeUtils.java,18,4.0000,NO,NO,0.00000000,NO,0.17000000,NO_TO_NO,NO
ZOOKEEPER,src/contrib/loggraph/src/java/org/apache/zookeeper/graph/LogServer.java,18,2.0000,NO,NO,0.00000000,NO,0.05000000,NO_TO_NO,NO
ZOOKEEPER,src/java/main/org/apache/zookeeper/server/quorum/ObserverRequestProcessor.java,18,1.0000,YES,YES,1.00000000,YES,0.83000000,YES_TO_YES,NO
ZOOKEEPER,src/contrib/zooinspector/src/java/org/apache/zookeeper/inspector/gui/nodeviewer/NodeViewerData.java,18,4.0000,NO,NO,0.30000000,NO,0.27000000,NO_TO_NO,NO
ZOOKEEPER,src/contrib/loggraph/src/java/org/apache/zookeeper/graph/servlets/NumEvents.java,18,3.0000,NO,NO,0.00000000,NO,0.01000000,NO_TO_NO,NO
ZOOKEEPER,src/recipes/lock/src/java/org/apache/zookeeper/recipes/lock/WriteLock.java,18,3.0000,NO,NO,0.00000000,NO,0.08000000,NO_TO_NO,NO
ZOOKEEPER,src/java/main/org/apache/zookeeper/ZooDefs.java,18,31.0000,NO,NO,0.01000000,NO,0.10000000,NO_TO_NO,NO
ZOOKEEPER,src/contrib/rest/src/java/org/apache/zookeeper/server/jersey/jaxb/ZChildren.java,18,7.0000,NO,NO,0.00000000,NO,0.30000000,NO_TO_NO,NO
ZOOKEEPER,src/java/main/org/apache/zookeeper/server/quorum/ReadOnlyRequestProcessor.java,18,5.0000,YES,YES,0.94000000,YES,0.56000000,YES_TO_YES,NO
ZOOKEEPER,src/java/main/org/apache/zookeeper/server/quorum/Vote.java,18,5.0000,NO,NO,0.05000000,NO,0.11000000,NO_TO_NO,NO
ZOOKEEPER,src/java/main/org/apache/zookeeper/server/PrepRequestProcessor.java,18,22.0000,YES,YES,1.00000000,YES,0.98000000,YES_TO_YES,NO
ZOOKEEPER,src/java/main/org/apache/jute/RecordReader.java,18,12.0000,NO,NO,0.00000000,NO,0.07000000,NO_TO_NO,NO
ZOOKEEPER,src/java/main/org/apache/zookeeper/server/quorum/LeaderElection.java,18,19.0000,NO,NO,0.00000000,NO,0.38000000,NO_TO_NO,NO
ZOOKEEPER,src/java/main/org/apache/zookeeper/common/IOUtils.java,18,2.0000,NO,NO,0.11000000,NO,0.18000000,NO_TO_NO,NO
ZOOKEEPER,src/java/main/org/apache/zookeeper/server/quorum/Learner.java,18,10.0000,YES,YES,1.00000000,YES,0.86000000,YES_TO_YES,NO
ZOOKEEPER,src/contrib/rest/src/python/zkrest.py,18,1.0000,NO,NO,0.00000000,NO,0.01000000,NO_TO_NO,NO
ZOOKEEPER,src/contrib/rest/src/java/org/apache/zookeeper/server/jersey/ZooKeeperService.java,18,14.0000,NO,NO,0.00000000,NO,0.15000000,NO_TO_NO,NO
ZOOKEEPER,src/java/main/org/apache/zookeeper/server/SnapshotFormatter.java,18,15.0000,NO,NO,0.09000000,NO,0.26000000,NO_TO_NO,NO
ZOOKEEPER,src/java/main/org/apache/zookeeper/server/quorum/AuthFastLeaderElection.java,18,46.0000,YES,YES,1.00000000,YES,0.95000000,YES_TO_YES,NO
ZOOKEEPER,src/java/main/org/apache/zookeeper/server/Request.java,18,5.0000,YES,YES,1.00000000,YES,0.92000000,YES_TO_YES,NO
ZOOKEEPER,src/contrib/loggraph/src/java/org/apache/zookeeper/graph/servlets/JsonServlet.java,18,4.0000,NO,NO,0.02000000,NO,0.23000000,NO_TO_NO,NO
ZOOKEEPER,src/java/main/org/apache/zookeeper/KeeperException.java,18,77.0000,YES,YES,1.00000000,YES,0.83000000,YES_TO_YES,NO
ZOOKEEPER,src/java/main/org/apache/zookeeper/server/ZKDatabase.java,18,8.0000,YES,YES,0.92000000,YES,0.86000000,YES_TO_YES,NO
ZOOKEEPER,src/java/main/org/apache/zookeeper/server/quorum/QuorumPeer.java,18,59.0000,YES,YES,1.00000000,YES,0.99000000,YES_TO_YES,NO
ZOOKEEPER,src/java/main/org/apache/jute/XmlOutputArchive.java,18,8.0000,NO,NO,0.00000000,NO,0.16000000,NO_TO_NO,NO
ZOOKEEPER,src/recipes/lock/src/java/org/apache/zookeeper/recipes/lock/ProtocolSupport.java,18,2.0000,NO,NO,0.01000000,NO,0.04000000,NO_TO_NO,NO
ZOOKEEPER,src/contrib/rest/src/java/org/apache/zookeeper/server/jersey/jaxb/ZChildrenJSON.java,18,8.0000,NO,NO,0.00000000,NO,0.32000000,NO_TO_NO,NO
ZOOKEEPER,src/java/main/org/apache/zookeeper/server/ByteBufferInputStream.java,18,2.0000,NO,NO,0.00000000,NO,0.08000000,NO_TO_NO,NO
ZOOKEEPER,src/java/main/org/apache/zookeeper/WatchedEvent.java,18,2.0000,NO,NO,0.01000000,NO,0.24000000,NO_TO_NO,NO
ZOOKEEPER,src/contrib/zooinspector/src/java/org/apache/zookeeper/inspector/gui/ZooInspectorNodeViewersPanel.java,18,7.0000,NO,NO,0.00000000,NO,0.12000000,NO_TO_NO,NO
ZOOKEEPER,src/contrib/loggraph/src/java/org/apache/zookeeper/graph/filterops/SymbolArg.java,18,1.0000,NO,NO,0.00000000,NO,0.00000000,NO_TO_NO,NO
ZOOKEEPER,src/java/main/org/apache/jute/compiler/JBuffer.java,18,1.0000,NO,NO,0.00000000,NO,0.02000000,NO_TO_NO,NO
ZOOKEEPER,src/java/main/org/apache/zookeeper/cli/CreateCommand.java,18,1.0000,NO,NO,0.01000000,NO,0.00000000,NO_TO_NO,NO
ZOOKEEPER,src/java/main/org/apache/zookeeper/CreateMode.java,18,1.0000,YES,YES,0.99000000,YES,0.80000000,YES_TO_YES,NO
ZOOKEEPER,src/docs/src/documentation/skinconf.xml,18,6.0000,NO,NO,0.00000000,NO,0.00000000,NO_TO_NO,NO
ZOOKEEPER,src/contrib/rest/src/java/org/apache/zookeeper/server/jersey/jaxb/ZStat.java,18,16.0000,NO,NO,0.00000000,NO,0.09000000,NO_TO_NO,NO
ZOOKEEPER,src/java/main/org/apache/zookeeper/server/quorum/QuorumPeerMain.java,18,4.0000,NO,NO,0.06000000,NO,0.09000000,NO_TO_NO,NO
ZOOKEEPER,src/java/main/org/apache/zookeeper/Transaction.java,18,3.0000,NO,NO,0.03000000,NO,0.06000000,NO_TO_NO,NO
ZOOKEEPER,src/contrib/zooinspector/src/java/org/apache/zookeeper/inspector/gui/IconResource.java,18,1.0000,NO,NO,0.06000000,NO,0.12000000,NO_TO_NO,NO
ZOOKEEPER,src/java/main/org/apache/zookeeper/server/NettyServerCnxn.java,18,15.0000,YES,YES,0.98000000,YES,0.94000000,YES_TO_YES,NO
ZOOKEEPER,src/contrib/loggraph/src/java/org/apache/zookeeper/graph/servlets/FileLoader.java,18,2.0000,NO,NO,0.00000000,NO,0.12000000,NO_TO_NO,NO
ZOOKEEPER,src/java/main/org/apache/zookeeper/server/quorum/ProposalRequestProcessor.java,18,1.0000,NO,NO,0.02000000,NO,0.03000000,NO_TO_NO,NO
ZOOKEEPER,src/java/main/org/apache/zookeeper/cli/GetAclCommand.java,18,2.0000,NO,NO,0.04000000,NO,0.06000000,NO_TO_NO,NO
ZOOKEEPER,src/java/main/org/apache/zookeeper/server/persistence/FileTxnLog.java,18,15.0000,YES,YES,1.00000000,YES,0.90000000,YES_TO_YES,NO
ZOOKEEPER,src/java/main/org/apache/zookeeper/cli/Ls2Command.java,18,1.0000,NO,NO,0.01000000,NO,0.01000000,NO_TO_NO,NO
ZOOKEEPER,src/java/main/org/apache/zookeeper/server/persistence/FileTxnSnapLog.java,18,8.0000,YES,YES,0.98000000,YES,0.88000000,YES_TO_YES,NO
ZOOKEEPER,src/java/main/org/apache/zookeeper/cli/DeleteCommand.java,18,1.0000,NO,NO,0.05000000,NO,0.00000000,NO_TO_NO,NO
ZOOKEEPER,docs/zookeeperOver.html,18,23.0000,NO,NO,0.00000000,NO,0.00000000,NO_TO_NO,NO
ZOOKEEPER,src/java/main/org/apache/zookeeper/cli/GetCommand.java,18,3.0000,NO,NO,0.01000000,NO,0.01000000,NO_TO_NO,NO
ZOOKEEPER,src/contrib/zooinspector/src/java/org/apache/zookeeper/inspector/gui/ZooInspectorAboutDialog.java,18,1.0000,NO,NO,0.01000000,NO,0.02000000,NO_TO_NO,NO
ZOOKEEPER,src/java/main/org/apache/zookeeper/ZKUtil.java,18,5.0000,YES,YES,0.97000000,YES,0.54000000,YES_TO_YES,NO
ZOOKEEPER,src/java/main/org/apache/zookeeper/AsyncCallback.java,18,1.0000,NO,NO,0.00000000,NO,0.04000000,NO_TO_NO,NO
ZOOKEEPER,src/java/main/org/apache/zookeeper/JLineZNodeCompletor.java,18,2.0000,NO,NO,0.01000000,NO,0.21000000,NO_TO_NO,NO
ZOOKEEPER,src/contrib/loggraph/src/java/org/apache/zookeeper/graph/FilterException.java,18,1.0000,NO,NO,0.00000000,NO,0.00000000,NO_TO_NO,NO
ZOOKEEPER,src/java/main/org/apache/zookeeper/server/quorum/LearnerZooKeeperServer.java,18,4.0000,NO,NO,0.01000000,NO,0.04000000,NO_TO_NO,NO
ZOOKEEPER,src/java/main/org/apache/zookeeper/server/persistence/FileSnap.java,18,8.0000,NO,NO,0.00000000,NO,0.13000000,NO_TO_NO,NO
ZOOKEEPER,src/contrib/zooinspector/src/java/org/apache/zookeeper/inspector/gui/ZooInspectorNodeViewersDialog.java,18,47.0000,NO,NO,0.00000000,NO,0.12000000,NO_TO_NO,NO
ZOOKEEPER,src/contrib/zooinspector/src/java/org/apache/zookeeper/inspector/ZooInspector.java,18,1.0000,NO,NO,0.24000000,NO,0.19000000,NO_TO_NO,NO
ZOOKEEPER,src/java/main/org/apache/zookeeper/cli/SetQuotaCommand.java,18,5.0000,NO,NO,0.12000000,NO,0.24000000,NO_TO_NO,NO
ZOOKEEPER,src/java/main/org/apache/jute/OutputArchive.java,18,3.0000,NO,NO,0.00000000,NO,0.04000000,NO_TO_NO,NO
ZOOKEEPER,src/java/main/org/apache/zookeeper/server/auth/KerberosName.java,18,6.0000,NO,NO,0.24000000,NO,0.28000000,NO_TO_NO,NO
ZOOKEEPER,src/java/main/org/apache/zookeeper/client/StaticHostProvider.java,18,2.0000,NO,NO,0.22000000,NO,0.28000000,NO_TO_NO,NO
ZOOKEEPER,src/java/main/org/apache/zookeeper/server/ConnectionBean.java,18,1.0000,YES,YES,1.00000000,YES,0.91000000,YES_TO_YES,NO
ZOOKEEPER,src/java/main/org/apache/zookeeper/server/NettyServerCnxnFactory.java,18,7.0000,YES,YES,0.96000000,YES,0.91000000,YES_TO_YES,NO
ZOOKEEPER,src/java/main/org/apache/zookeeper/ClientCnxnSocketNIO.java,18,5.0000,YES,YES,0.97000000,YES,0.90000000,YES_TO_YES,NO
ZOOKEEPER,docs/zookeeperObservers.html,18,4.0000,NO,NO,0.00000000,NO,0.00000000,NO_TO_NO,NO
ZOOKEEPER,src/java/main/org/apache/jute/compiler/JVector.java,18,14.0000,NO,NO,0.00000000,NO,0.10000000,NO_TO_NO,NO
ZOOKEEPER,src/contrib/loggraph/src/java/org/apache/zookeeper/graph/TransactionEntry.java,18,10.0000,NO,NO,0.00000000,NO,0.13000000,NO_TO_NO,NO
ZOOKEEPER,src/contrib/rest/src/java/org/apache/zookeeper/server/jersey/jaxb/ZSession.java,18,2.0000,NO,NO,0.01000000,NO,0.02000000,NO_TO_NO,NO
ZOOKEEPER,src/contrib/loggraph/src/java/org/apache/zookeeper/graph/TxnLogSource.java,18,13.0000,NO,NO,0.00000000,NO,0.16000000,NO_TO_NO,NO
ZOOKEEPER,src/java/main/org/apache/zookeeper/server/quorum/LearnerHandler.java,18,18.0000,YES,YES,1.00000000,YES,0.97000000,YES_TO_YES,NO
ZOOKEEPER,src/java/main/org/apache/jute/compiler/JFloat.java,18,1.0000,NO,NO,0.00000000,NO,0.01000000,NO_TO_NO,NO
ZOOKEEPER,docs/javaExample.html,18,7.0000,NO,NO,0.00000000,NO,0.00000000,NO_TO_NO,NO
ZOOKEEPER,src/java/main/org/apache/zookeeper/server/NIOServerCnxn.java,18,27.0000,YES,YES,1.00000000,YES,0.98000000,YES_TO_YES,NO
ZOOKEEPER,src/java/main/org/apache/jute/CsvInputArchive.java,18,12.0000,NO,NO,0.00000000,NO,0.04000000,NO_TO_NO,NO
ZOOKEEPER,src/java/main/org/apache/zookeeper/ServerAdminClient.java,18,16.0000,NO,NO,0.00000000,NO,0.23000000,NO_TO_NO,NO
ZOOKEEPER,src/java/main/org/apache/zookeeper/cli/SetAclCommand.java,18,1.0000,NO,NO,0.02000000,NO,0.02000000,NO_TO_NO,NO
ZOOKEEPER,src/contrib/loggraph/src/java/org/apache/zookeeper/graph/Log4JEntry.java,18,2.0000,NO,NO,0.00000000,NO,0.05000000,NO_TO_NO,NO
ZOOKEEPER,src/java/main/org/apache/zookeeper/server/quorum/FollowerRequestProcessor.java,18,1.0000,YES,YES,1.00000000,YES,0.90000000,YES_TO_YES,NO
ZOOKEEPER,src/contrib/huebrowser/zkui/src/zkui/rest.py,18,1.0000,NO,NO,0.00000000,NO,0.01000000,NO_TO_NO,NO
ZOOKEEPER,src/contrib/zooinspector/src/java/org/apache/zookeeper/inspector/gui/nodeviewer/NodeViewerMetaData.java,18,3.0000,NO,NO,0.00000000,NO,0.07000000,NO_TO_NO,NO
ZOOKEEPER,src/contrib/rest/src/java/org/apache/zookeeper/server/jersey/RestMain.java,18,6.0000,NO,NO,0.00000000,NO,0.10000000,NO_TO_NO,NO
ZOOKEEPER,src/java/main/org/apache/zookeeper/server/ZooKeeperSaslServer.java,18,11.0000,NO,NO,0.01000000,NO,0.19000000,NO_TO_NO,NO
ZOOKEEPER,src/java/main/org/apache/zookeeper/common/AtomicFileOutputStream.java,18,8.0000,NO,NO,0.14000000,NO,0.17000000,NO_TO_NO,NO
ZOOKEEPER,src/contrib/loggraph/src/java/org/apache/zookeeper/graph/servlets/GraphData.java,18,1.0000,NO,NO,0.00000000,NO,0.01000000,NO_TO_NO,NO
ZOOKEEPER,src/contrib/rest/src/java/org/apache/zookeeper/server/jersey/filters/HTTPBasicAuth.java,18,5.0000,NO,NO,0.02000000,NO,0.31000000,NO_TO_NO,NO
ZOOKEEPER,src/java/main/org/apache/zookeeper/server/quorum/LeaderZooKeeperServer.java,18,1.0000,NO,NO,0.00000000,NO,0.04000000,NO_TO_NO,NO
ZOOKEEPER,src/contrib/loggraph/src/java/org/apache/zookeeper/graph/Log4JSource.java,18,31.0000,NO,NO,0.01000000,NO,0.15000000,NO_TO_NO,NO
ZOOKEEPER,src/java/main/org/apache/zookeeper/server/quorum/ObserverZooKeeperServer.java,18,4.0000,NO,NO,0.25000000,NO,0.14000000,NO_TO_NO,NO
ZOOKEEPER,src/recipes/queue/src/java/org/apache/zookeeper/recipes/queue/DistributedQueue.java,18,10.0000,NO,NO,0.00000000,NO,0.08000000,NO_TO_NO,NO
ZOOKEEPER,docs/zookeeperAdmin.html,18,36.0000,NO,NO,0.00000000,NO,0.00000000,NO_TO_NO,NO
ZOOKEEPER,src/contrib/loggraph/src/java/org/apache/zookeeper/graph/MergedLogSource.java,18,21.0000,NO,NO,0.00000000,NO,0.05000000,NO_TO_NO,NO
ZOOKEEPER,src/contrib/rest/src/python/test.py,18,4.0000,NO,NO,0.00000000,NO,0.01000000,NO_TO_NO,NO
ZOOKEEPER,src/docs/src/documentation/content/xdocs/site.xml,18,1.0000,NO,NO,0.00000000,NO,0.00000000,NO_TO_NO,NO
ZOOKEEPER,src/contrib/zooinspector/src/java/org/apache/zookeeper/inspector/gui/ZooInspectorConnectionPropertiesDialog.java,18,9.0000,NO,NO,0.00000000,NO,0.14000000,NO_TO_NO,NO
ZOOKEEPER,src/java/main/org/apache/zookeeper/server/auth/AuthenticationProvider.java,18,2.0000,NO,NO,0.00000000,NO,0.06000000,NO_TO_NO,NO
ZOOKEEPER,src/contrib/zkpython/src/python/zk.py,18,13.0000,NO,NO,0.00000000,NO,0.01000000,NO_TO_NO,NO
ZOOKEEPER,src/java/main/org/apache/jute/compiler/CppGenerator.java,18,1.0000,NO,NO,0.00000000,NO,0.02000000,NO_TO_NO,NO
ZOOKEEPER,src/java/main/org/apache/jute/XmlInputArchive.java,18,17.0000,NO,NO,0.00000000,NO,0.10000000,NO_TO_NO,NO
ZOOKEEPER,src/contrib/rest/src/java/org/apache/zookeeper/server/jersey/jaxb/ZPath.java,18,2.0000,NO,NO,0.00000000,NO,0.03000000,NO_TO_NO,NO
ZOOKEEPER,src/contrib/loggraph/src/java/org/apache/zookeeper/graph/filterops/XorOp.java,18,1.0000,NO,NO,0.00000000,NO,0.00000000,NO_TO_NO,NO
ZOOKEEPER,src/java/main/org/apache/zookeeper/version/util/VerGen.java,18,15.0000,NO,NO,0.00000000,NO,0.20000000,NO_TO_NO,NO
ZOOKEEPER,src/contrib/loggraph/src/java/org/apache/zookeeper/graph/filterops/LessThanOp.java,18,2.0000,NO,NO,0.02000000,NO,0.10000000,NO_TO_NO,NO
ZOOKEEPER,src/java/main/org/apache/jute/compiler/JCompType.java,18,1.0000,NO,NO,0.00000000,NO,0.02000000,NO_TO_NO,NO
ZOOKEEPER,src/recipes/lock/src/java/org/apache/zookeeper/recipes/lock/ZNodeName.java,18,4.0000,NO,NO,0.00000000,NO,0.08000000,NO_TO_NO,NO
ZOOKEEPER,src/java/main/org/apache/zookeeper/cli/SetCommand.java,18,1.0000,NO,NO,0.02000000,NO,0.03000000,NO_TO_NO,NO
ZOOKEEPER,src/java/main/org/apache/zookeeper/server/quorum/LearnerSessionTracker.java,18,7.0000,NO,NO,0.01000000,NO,0.07000000,NO_TO_NO,NO
ZOOKEEPER,src/java/main/org/apache/zookeeper/server/ByteBufferOutputStream.java,18,2.0000,NO,NO,0.02000000,NO,0.12000000,NO_TO_NO,NO
ZOOKEEPER,docs/zookeeperOtherInfo.html,18,3.0000,NO,NO,0.00000000,NO,0.00000000,NO_TO_NO,NO
ZOOKEEPER,src/contrib/fatjar/src/java/org/apache/zookeeper/util/FatJarMain.java,18,10.0000,NO,NO,0.00000000,NO,0.19000000,NO_TO_NO,NO
ZOOKEEPER,src/contrib/loggraph/src/java/org/apache/zookeeper/graph/FilterParser.java,18,5.0000,NO,NO,0.00000000,NO,0.06000000,NO_TO_NO,NO
ZOOKEEPER,src/java/main/org/apache/zookeeper/server/DataTree.java,18,51.0000,YES,YES,1.00000000,YES,0.98000000,YES_TO_YES,NO
ZOOKEEPER,src/java/main/org/apache/jute/compiler/JString.java,18,1.0000,NO,NO,0.00000000,NO,0.02000000,NO_TO_NO,NO
ZOOKEEPER,src/contrib/rest/src/java/org/apache/zookeeper/server/jersey/jaxb/ZError.java,18,2.0000,NO,NO,0.00000000,NO,0.00000000,NO_TO_NO,NO
ZOOKEEPER,src/contrib/zooinspector/src/java/org/apache/zookeeper/inspector/gui/ZooInspectorTreeViewer.java,18,6.0000,NO,NO,0.00000000,NO,0.10000000,NO_TO_NO,NO
ZOOKEEPER,src/java/main/org/apache/zookeeper/Login.java,18,11.0000,YES,YES,0.95000000,YES,0.56000000,YES_TO_YES,NO
ZOOKEEPER,src/contrib/loggraph/src/java/org/apache/zookeeper/graph/FilterOp.java,18,4.0000,NO,NO,0.00000000,NO,0.13000000,NO_TO_NO,NO
ZOOKEEPER,src/contrib/rest/src/python/demo_master_election.py,18,5.0000,NO,NO,0.00000000,NO,0.01000000,NO_TO_NO,NO
ZOOKEEPER,src/java/main/org/apache/zookeeper/Quotas.java,18,5.0000,NO,NO,0.01000000,NO,0.04000000,NO_TO_NO,NO
ZOOKEEPER,src/java/main/org/apache/jute/CsvOutputArchive.java,18,4.0000,NO,NO,0.00000000,NO,0.09000000,NO_TO_NO,NO
ZOOKEEPER,src/java/main/org/apache/jute/compiler/JFile.java,18,2.0000,NO,NO,0.00000000,NO,0.07000000,NO_TO_NO,NO
ZOOKEEPER,docs/zookeeperStarted.html,18,10.0000,NO,NO,0.00000000,NO,0.00000000,NO_TO_NO,NO
ZOOKEEPER,docs/zookeeperQuotas.html,18,5.0000,NO,NO,0.00000000,NO,0.00000000,NO_TO_NO,NO
ZOOKEEPER,src/java/main/org/apache/zookeeper/cli/CliCommand.java,18,8.0000,NO,NO,0.08000000,NO,0.08000000,NO_TO_NO,NO
ZOOKEEPER,src/contrib/rest/src/python/demo_queue.py,18,6.0000,NO,NO,0.00000000,NO,0.01000000,NO_TO_NO,NO
ZOOKEEPER,src/contrib/monitoring/ganglia/zookeeper_ganglia.py,18,5.0000,NO,NO,0.00000000,NO,0.01000000,NO_TO_NO,NO
ZOOKEEPER,src/contrib/rest/src/java/org/apache/zookeeper/server/jersey/cfg/RestCfg.java,18,2.0000,NO,NO,0.01000000,NO,0.00000000,NO_TO_NO,NO
ZOOKEEPER,src/contrib/loggraph/src/java/org/apache/zookeeper/graph/JsonGenerator.java,18,22.0000,NO,NO,0.00000000,NO,0.04000000,NO_TO_NO,NO
ZOOKEEPER,src/java/main/org/apache/zookeeper/server/auth/IPAuthenticationProvider.java,18,12.0000,NO,NO,0.09000000,NO,0.10000000,NO_TO_NO,NO
ZOOKEEPER,src/java/main/org/apache/zookeeper/jmx/MBeanRegistry.java,18,4.0000,YES,YES,0.96000000,YES,0.80000000,YES_TO_YES,NO
ZOOKEEPER,docs/recipes.html,18,18.0000,NO,NO,0.00000000,NO,0.00000000,NO_TO_NO,NO
ZOOKEEPER,src/java/main/org/apache/zookeeper/server/util/KerberosUtil.java,18,5.0000,NO,NO,0.08000000,NO,0.10000000,NO_TO_NO,NO
ZOOKEEPER,src/contrib/loggraph/src/java/org/apache/zookeeper/graph/LogSkipList.java,18,3.0000,NO,NO,0.00000000,NO,0.04000000,NO_TO_NO,NO
ZOOKEEPER,src/contrib/zooinspector/src/java/org/apache/zookeeper/inspector/gui/nodeviewer/NodeViewerACL.java,18,3.0000,NO,NO,0.00000000,NO,0.07000000,NO_TO_NO,NO
ZOOKEEPER,src/java/main/org/apache/zookeeper/client/ZooKeeperSaslClient.java,18,16.0000,YES,YES,0.89000000,YES,0.77000000,YES_TO_YES,NO
ZOOKEEPER,src/java/main/org/apache/zookeeper/Version.java,18,4.0000,NO,NO,0.00000000,NO,0.06000000,NO_TO_NO,NO
ZOOKEEPER,docs/zookeeperJMX.html,18,9.0000,NO,NO,0.00000000,NO,0.00000000,NO_TO_NO,NO
ZOOKEEPER,src/java/main/org/apache/zookeeper/server/ServerCnxn.java,18,39.0000,NO,NO,0.00000000,NO,0.34000000,NO_TO_NO,NO
ZOOKEEPER,src/contrib/zooinspector/src/java/org/apache/zookeeper/inspector/encryption/DataEncryptionManager.java,18,2.0000,NO,NO,0.00000000,NO,0.00000000,NO_TO_NO,NO
ZOOKEEPER,src/java/main/org/apache/zookeeper/Watcher.java,18,18.0000,NO,NO,0.00000000,NO,0.08000000,NO_TO_NO,NO
ZOOKEEPER,src/java/main/org/apache/jute/compiler/JDouble.java,19,1.0000,NO,NO,0.00000000,NO,0.02000000,NO_TO_NO,NO
ZOOKEEPER,src/java/main/org/apache/zookeeper/server/auth/ProviderRegistry.java,19,3.0000,NO,NO,0.00000000,NO,0.02000000,NO_TO_NO,NO
ZOOKEEPER,src/java/main/org/apache/jute/compiler/CGenerator.java,19,1.0000,NO,NO,0.00000000,NO,0.05000000,NO_TO_NO,NO
ZOOKEEPER,src/contrib/zooinspector/src/java/com/nitido/utils/toaster/Toaster.java,19,5.0000,NO,NO,0.00000000,NO,0.19000000,NO_TO_NO,NO
ZOOKEEPER,src/java/main/org/apache/zookeeper/cli/LsCommand.java,19,2.0000,NO,NO,0.17000000,NO,0.07000000,NO_TO_NO,NO
ZOOKEEPER,src/java/main/org/apache/zookeeper/server/NIOServerCnxnFactory.java,19,7.0000,YES,YES,0.95000000,YES,0.83000000,YES_TO_YES,NO
ZOOKEEPER,src/java/main/org/apache/zookeeper/server/quorum/flexible/QuorumMaj.java,19,4.0000,NO,NO,0.02000000,NO,0.11000000,NO_TO_NO,NO
ZOOKEEPER,src/java/main/org/apache/zookeeper/server/PurgeTxnLog.java,19,11.0000,NO,NO,0.09000000,NO,0.17000000,NO_TO_NO,NO
ZOOKEEPER,src/contrib/rest/src/java/org/apache/zookeeper/server/jersey/resources/JAXBContextResolver.java,19,3.0000,NO,NO,0.00000000,NO,0.13000000,NO_TO_NO,NO
ZOOKEEPER,src/recipes/election/src/java/org/apache/zookeeper/recipes/leader/LeaderElectionSupport.java,19,13.0000,NO,NO,0.02000000,NO,0.18000000,NO_TO_NO,NO
ZOOKEEPER,src/contrib/loggraph/src/java/org/apache/zookeeper/graph/RandomAccessFileReader.java,19,28.0000,NO,NO,0.00000000,NO,0.20000000,NO_TO_NO,NO
ZOOKEEPER,src/java/main/org/apache/jute/compiler/JField.java,19,1.0000,NO,NO,0.00000000,NO,0.02000000,NO_TO_NO,NO
ZOOKEEPER,src/java/main/org/apache/zookeeper/server/quorum/LeaderBean.java,19,1.0000,NO,NO,0.27000000,NO,0.19000000,NO_TO_NO,NO
ZOOKEEPER,src/java/main/org/apache/zookeeper/client/ConnectStringParser.java,19,4.0000,NO,NO,0.00000000,NO,0.17000000,NO_TO_NO,NO
ZOOKEEPER,src/java/main/org/apache/zookeeper/cli/DelQuotaCommand.java,19,5.0000,NO,NO,0.11000000,NO,0.20000000,NO_TO_NO,NO
ZOOKEEPER,src/java/main/org/apache/zookeeper/server/quorum/flexible/QuorumHierarchical.java,19,19.0000,NO,NO,0.36000000,YES,0.66000000,NO_TO_YES,NO
ZOOKEEPER,docs/zookeeperInternals.html,19,13.0000,NO,NO,0.00000000,NO,0.00000000,NO_TO_NO,NO
ZOOKEEPER,docs/releasenotes.html,19,11.0000,NO,NO,0.00000000,NO,0.00000000,NO_TO_NO,NO
ZOOKEEPER,src/java/main/org/apache/zookeeper/server/util/ZxidUtils.java,19,5.0000,NO,NO,0.00000000,NO,0.00000000,NO_TO_NO,NO
ZOOKEEPER,docs/bookkeeperConfig.html,19,5.0000,NO,NO,0.00000000,NO,0.00000000,NO_TO_NO,NO
ZOOKEEPER,docs/bookkeeperStarted.html,19,8.0000,NO,NO,0.00000000,NO,0.00000000,NO_TO_NO,NO
ZOOKEEPER,src/java/main/org/apache/zookeeper/common/PathUtils.java,19,4.0000,NO,NO,0.11000000,NO,0.05000000,NO_TO_NO,NO
ZOOKEEPER,src/java/main/org/apache/jute/RecordWriter.java,19,12.0000,NO,NO,0.00000000,NO,0.07000000,NO_TO_NO,NO
ZOOKEEPER,src/java/main/org/apache/zookeeper/server/ServerCnxnFactory.java,19,10.0000,NO,NO,0.25000000,NO,0.31000000,NO_TO_NO,NO
ZOOKEEPER,src/contrib/monitoring/check_zookeeper.py,19,19.0000,NO,NO,0.00000000,NO,0.01000000,NO_TO_NO,NO
ZOOKEEPER,src/contrib/loggraph/src/java/org/apache/zookeeper/graph/servlets/StaticContent.java,19,1.0000,NO,NO,0.00000000,NO,0.00000000,NO_TO_NO,NO
ZOOKEEPER,src/java/main/org/apache/zookeeper/Op.java,19,2.0000,YES,YES,0.97000000,YES,0.88000000,YES_TO_YES,NO
ZOOKEEPER,src/java/main/org/apache/zookeeper/server/persistence/Util.java,19,9.0000,YES,YES,0.99000000,YES,0.86000000,YES_TO_YES,NO
ZOOKEEPER,src/contrib/zooinspector/src/java/org/apache/zookeeper/inspector/gui/Toolbar.java,19,11.0000,NO,NO,0.01000000,NO,0.02000000,NO_TO_NO,NO
ZOOKEEPER,src/java/main/org/apache/zookeeper/ClientCnxn.java,19,38.0000,YES,YES,1.00000000,YES,0.99000000,YES_TO_YES,NO
ZOOKEEPER,src/java/main/org/apache/zookeeper/server/quorum/QuorumPeerConfig.java,19,25.0000,YES,YES,1.00000000,YES,0.94000000,YES_TO_YES,NO
ZOOKEEPER,src/java/main/org/apache/jute/compiler/JRecord.java,19,36.0000,NO,NO,0.10000000,NO,0.40000000,NO_TO_NO,NO
ZOOKEEPER,src/contrib/loggraph/src/java/org/apache/zookeeper/graph/LogEntry.java,19,6.0000,NO,NO,0.00000000,NO,0.16000000,NO_TO_NO,NO
ZOOKEEPER,src/java/main/org/apache/jute/Utils.java,19,15.0000,NO,NO,0.00000000,NO,0.18000000,NO_TO_NO,NO
ZOOKEEPER,src/java/main/org/apache/zookeeper/jmx/CommonNames.java,19,2.0000,NO,NO,0.00000000,NO,0.00000000,NO_TO_NO,NO
ZOOKEEPER,src/contrib/loggraph/src/java/org/apache/zookeeper/graph/LogIterator.java,19,2.0000,NO,NO,0.00000000,NO,0.00000000,NO_TO_NO,NO
ZOOKEEPER,src/contrib/zkpython/src/examples/watch_znode_for_changes.py,19,3.0000,NO,NO,0.00000000,NO,0.01000000,NO_TO_NO,NO
ZOOKEEPER,src/java/main/org/apache/zookeeper/server/ServerStats.java,19,11.0000,YES,YES,1.00000000,YES,0.87000000,YES_TO_YES,NO
ZOOKEEPER,src/java/main/org/apache/zookeeper/server/quorum/Leader.java,19,53.0000,YES,YES,0.99000000,YES,0.95000000,YES_TO_YES,NO
ZOOKEEPER,src/java/main/org/apache/zookeeper/MultiTransactionRecord.java,19,1.0000,NO,NO,0.03000000,NO,0.04000000,NO_TO_NO,NO
ZOOKEEPER,src/java/main/org/apache/zookeeper/server/ZooKeeperServer.java,19,22.0000,YES,YES,1.00000000,YES,0.98000000,YES_TO_YES,NO
ZOOKEEPER,src/java/main/org/apache/zookeeper/ZooKeeperMain.java,19,49.0000,YES,YES,1.00000000,YES,0.93000000,YES_TO_YES,NO
ZOOKEEPER,src/java/main/org/apache/zookeeper/ZooKeeper.java,19,25.0000,YES,YES,1.00000000,YES,0.98000000,YES_TO_YES,NO
ZOOKEEPER,src/java/main/org/apache/zookeeper/Environment.java,19,2.0000,NO,NO,0.16000000,NO,0.17000000,NO_TO_NO,NO
ZOOKEEPER,src/contrib/zooinspector/src/java/org/apache/zookeeper/inspector/manager/ZooInspectorManagerImpl.java,19,26.0000,YES,YES,0.71000000,NO,0.43000000,YES_TO_NO,YES
ZOOKEEPER,docs/zookeeperHierarchicalQuorums.html,19,1.0000,NO,NO,0.00000000,NO,0.00000000,NO_TO_NO,NO
ZOOKEEPER,src/java/main/org/apache/zookeeper/server/quorum/QuorumStats.java,19,5.0000,NO,NO,0.00000000,NO,0.06000000,NO_TO_NO,NO
ZOOKEEPER,src/java/main/org/apache/jute/compiler/JMap.java,19,10.0000,NO,NO,0.00000000,NO,0.10000000,NO_TO_NO,NO
ZOOKEEPER,src/java/main/org/apache/zookeeper/MultiResponse.java,19,3.0000,NO,NO,0.02000000,NO,0.04000000,NO_TO_NO,NO
ZOOKEEPER,src/java/main/org/apache/zookeeper/server/TraceFormatter.java,19,4.0000,NO,NO,0.16000000,NO,0.07000000,NO_TO_NO,NO
ZOOKEEPER,src/java/main/org/apache/zookeeper/server/auth/DigestAuthenticationProvider.java,19,14.0000,NO,NO,0.01000000,NO,0.16000000,NO_TO_NO,NO
ZOOKEEPER,docs/zookeeperTutorial.html,19,5.0000,NO,NO,0.00000000,NO,0.00000000,NO_TO_NO,NO
ZOOKEEPER,src/java/main/org/apache/zookeeper/server/auth/SaslServerCallbackHandler.java,19,3.0000,NO,NO,0.13000000,NO,0.15000000,NO_TO_NO,NO
ZOOKEEPER,src/java/main/org/apache/zookeeper/cli/AclParser.java,19,6.0000,NO,NO,0.01000000,NO,0.03000000,NO_TO_NO,NO
ZOOKEEPER,src/java/main/org/apache/zookeeper/server/ZooKeeperServerMain.java,19,3.0000,NO,NO,0.00000000,NO,0.07000000,NO_TO_NO,NO
ZOOKEEPER,docs/bookkeeperStream.html,19,4.0000,NO,NO,0.00000000,NO,0.00000000,NO_TO_NO,NO
ZOOKEEPER,src/java/main/org/apache/zookeeper/server/ZooTrace.java,19,16.0000,NO,NO,0.00000000,NO,0.10000000,NO_TO_NO,NO
ZOOKEEPER,src/java/main/org/apache/zookeeper/server/quorum/QuorumCnxManager.java,19,17.0000,YES,YES,1.00000000,YES,0.97000000,YES_TO_YES,NO
ZOOKEEPER,src/contrib/zooinspector/src/java/org/apache/zookeeper/inspector/logger/LoggerFactory.java,19,1.0000,NO,NO,0.00000000,NO,0.00000000,NO_TO_NO,NO
ZOOKEEPER,src/contrib/loggraph/src/java/org/apache/zookeeper/graph/filterops/NumberArg.java,19,1.0000,NO,NO,0.00000000,NO,0.00000000,NO_TO_NO,NO
ZOOKEEPER,src/java/main/org/apache/zookeeper/jmx/ManagedUtil.java,19,3.0000,YES,YES,0.99000000,YES,0.55000000,YES_TO_YES,NO
ZOOKEEPER,src/contrib/huebrowser/zkui/src/zkui/utils.py,19,1.0000,NO,NO,0.00000000,NO,0.00000000,NO_TO_NO,NO
ZOOKEEPER,src/contrib/huebrowser/zkui/src/zkui/stats.py,19,2.0000,NO,NO,0.00000000,NO,0.01000000,NO_TO_NO,NO
ZOOKEEPER,src/java/main/org/apache/zookeeper/server/LogFormatter.java,19,6.0000,NO,NO,0.00000000,NO,0.07000000,NO_TO_NO,NO
ZOOKEEPER,src/java/main/org/apache/zookeeper/server/quorum/FastLeaderElection.java,19,26.0000,YES,YES,1.00000000,YES,0.98000000,YES_TO_YES,NO
ZOOKEEPER,src/java/main/org/apache/jute/compiler/JType.java,19,8.0000,NO,NO,0.00000000,NO,0.04000000,NO_TO_NO,NO
ZOOKEEPER,src/docs/status.xml,19,1.0000,NO,NO,0.00000000,NO,0.00000000,NO_TO_NO,NO
ZOOKEEPER,src/java/main/org/apache/zookeeper/common/PathTrie.java,19,3.0000,YES,YES,0.92000000,YES,0.86000000,YES_TO_YES,NO
ZOOKEEPER,src/java/main/org/apache/zookeeper/server/SyncRequestProcessor.java,19,8.0000,YES,YES,1.00000000,YES,0.86000000,YES_TO_YES,NO
ZOOKEEPER,src/java/main/org/apache/zookeeper/server/FinalRequestProcessor.java,19,5.0000,YES,YES,1.00000000,YES,0.98000000,YES_TO_YES,NO
ZOOKEEPER,src/java/main/org/apache/zookeeper/server/quorum/CommitProcessor.java,19,7.0000,YES,YES,0.98000000,YES,0.86000000,YES_TO_YES,NO
ZOOKEEPER,src/contrib/loggraph/src/java/org/apache/zookeeper/graph/servlets/Throughput.java,19,5.0000,NO,NO,0.00000000,NO,0.10000000,NO_TO_NO,NO
ZOOKEEPER,src/java/main/org/apache/zookeeper/server/SessionTrackerImpl.java,19,14.0000,YES,YES,0.98000000,YES,0.87000000,YES_TO_YES,NO
ZOOKEEPER,src/contrib/loggraph/src/java/org/apache/zookeeper/graph/filterops/StringArg.java,19,1.0000,NO,NO,0.00000000,NO,0.00000000,NO_TO_NO,NO
ZOOKEEPER,src/java/main/org/apache/zookeeper/Shell.java,19,14.0000,YES,YES,0.95000000,YES,0.70000000,YES_TO_YES,NO
ZOOKEEPER,src/contrib/zooinspector/src/java/org/apache/zookeeper/inspector/gui/ZooInspectorPanel.java,19,17.0000,NO,NO,0.00000000,NO,0.05000000,NO_TO_NO,NO
ZOOKEEPER,src/java/main/org/apache/jute/BinaryInputArchive.java,19,11.0000,YES,YES,1.00000000,YES,0.66000000,YES_TO_YES,NO
ZOOKEEPER,src/contrib/rest/src/java/org/apache/zookeeper/server/jersey/cfg/HostPortSet.java,19,2.0000,NO,NO,0.02000000,NO,0.02000000,NO_TO_NO,NO
ZOOKEEPER,src/java/main/org/apache/zookeeper/cli/ListQuotaCommand.java,19,1.0000,NO,NO,0.05000000,NO,0.03000000,NO_TO_NO,NO
ZOOKEEPER,src/contrib/monitoring/test.py,19,2.0000,NO,NO,0.00000000,NO,0.01000000,NO_TO_NO,NO
ZOOKEEPER,src/contrib/loggraph/src/java/org/apache/zookeeper/graph/filterops/GreaterThanOp.java,19,3.0000,NO,NO,0.01000000,NO,0.10000000,NO_TO_NO,NO
ZOOKEEPER,src/java/main/org/apache/zookeeper/server/auth/SASLAuthenticationProvider.java,19,1.0000,NO,NO,0.09000000,NO,0.18000000,NO_TO_NO,NO
ZOOKEEPER,src/java/main/org/apache/zookeeper/server/DataNode.java,19,10.0000,NO,NO,0.00000000,NO,0.06000000,NO_TO_NO,NO
ZOOKEEPER,docs/bookkeeperOverview.html,19,12.0000,NO,NO,0.00000000,NO,0.00000000,NO_TO_NO,NO
ZOOKEEPER,src/java/main/org/apache/zookeeper/server/auth/DigestLoginModule.java,19,4.0000,NO,NO,0.00000000,NO,0.14000000,NO_TO_NO,NO
ZOOKEEPER,docs/bookkeeperProgrammer.html,19,9.0000,NO,NO,0.00000000,NO,0.00000000,NO_TO_NO,NO
ZOOKEEPER,src/contrib/rest/src/python/zk_dump_tree.py,19,10.0000,NO,NO,0.00000000,NO,0.01000000,NO_TO_NO,NO
ZOOKEEPER,src/contrib/rest/src/java/org/apache/zookeeper/server/jersey/resources/SessionsResource.java,19,2.0000,NO,NO,0.01000000,NO,0.14000000,NO_TO_NO,NO
ZOOKEEPER,src/java/main/org/apache/jute/BinaryOutputArchive.java,19,7.0000,NO,NO,0.00000000,NO,0.03000000,NO_TO_NO,NO
ZOOKEEPER,src/contrib/loggraph/src/java/org/apache/zookeeper/graph/MeasureThroughput.java,19,11.0000,NO,NO,0.00000000,NO,0.08000000,NO_TO_NO,NO
ZOOKEEPER,src/java/main/org/apache/zookeeper/client/FourLetterWordMain.java,19,3.0000,YES,YES,0.93000000,NO,0.43000000,YES_TO_NO,YES
ZOOKEEPER,src/contrib/huebrowser/zkui/src/zkui/views.py,19,1.0000,NO,NO,0.00000000,NO,0.01000000,NO_TO_NO,NO
ZOOKEEPER,src/java/main/org/apache/zookeeper/server/quorum/FollowerZooKeeperServer.java,19,3.0000,NO,NO,0.00000000,NO,0.11000000,NO_TO_NO,NO
ZOOKEEPER,src/java/main/org/apache/zookeeper/server/WatchManager.java,19,4.0000,NO,NO,0.00000000,NO,0.14000000,NO_TO_NO,NO
ZOOKEEPER,docs/zookeeperProgrammers.html,19,35.0000,NO,NO,0.00000000,NO,0.00000000,NO_TO_NO,NO
ZOOKEEPER,src/contrib/loggraph/src/java/org/apache/zookeeper/graph/servlets/Fs.java,19,2.0000,NO,NO,0.00000000,NO,0.06000000,NO_TO_NO,NO
ZOOKEEPER,src/contrib/rest/src/java/org/apache/zookeeper/server/jersey/resources/ZNodeResource.java,19,3.0000,NO,NO,0.00000000,NO,0.07000000,NO_TO_NO,NO
ZOOKEEPER,src/contrib/zooinspector/src/java/org/apache/zookeeper/retry/ZooKeeperRetry.java,19,5.0000,NO,NO,0.00000000,NO,0.11000000,NO_TO_NO,NO
ZOOKEEPER,src/java/main/org/apache/zookeeper/server/util/SerializeUtils.java,19,4.0000,NO,NO,0.00000000,NO,0.16000000,NO_TO_NO,NO
ZOOKEEPER,src/contrib/loggraph/src/java/org/apache/zookeeper/graph/LogServer.java,19,2.0000,NO,NO,0.00000000,NO,0.08000000,NO_TO_NO,NO
ZOOKEEPER,src/java/main/org/apache/zookeeper/server/quorum/ObserverRequestProcessor.java,19,1.0000,YES,YES,1.00000000,YES,0.83000000,YES_TO_YES,NO
ZOOKEEPER,src/contrib/zooinspector/src/java/org/apache/zookeeper/inspector/gui/nodeviewer/NodeViewerData.java,19,4.0000,YES,YES,0.75000000,NO,0.43000000,YES_TO_NO,YES
ZOOKEEPER,src/contrib/loggraph/src/java/org/apache/zookeeper/graph/servlets/NumEvents.java,19,3.0000,NO,NO,0.01000000,NO,0.01000000,NO_TO_NO,NO
ZOOKEEPER,src/recipes/lock/src/java/org/apache/zookeeper/recipes/lock/WriteLock.java,19,3.0000,NO,NO,0.00000000,NO,0.07000000,NO_TO_NO,NO
ZOOKEEPER,src/java/main/org/apache/zookeeper/ZooDefs.java,19,31.0000,NO,NO,0.01000000,NO,0.10000000,NO_TO_NO,NO
ZOOKEEPER,src/contrib/rest/src/java/org/apache/zookeeper/server/jersey/jaxb/ZChildren.java,19,7.0000,NO,NO,0.00000000,NO,0.29000000,NO_TO_NO,NO
ZOOKEEPER,src/java/main/org/apache/zookeeper/server/quorum/ReadOnlyRequestProcessor.java,19,5.0000,YES,YES,0.95000000,YES,0.56000000,YES_TO_YES,NO
ZOOKEEPER,src/java/main/org/apache/zookeeper/server/quorum/Vote.java,19,5.0000,NO,NO,0.06000000,NO,0.12000000,NO_TO_NO,NO
ZOOKEEPER,src/java/main/org/apache/zookeeper/server/PrepRequestProcessor.java,19,22.0000,YES,YES,1.00000000,YES,0.98000000,YES_TO_YES,NO
ZOOKEEPER,src/java/main/org/apache/jute/RecordReader.java,19,12.0000,NO,NO,0.00000000,NO,0.07000000,NO_TO_NO,NO
ZOOKEEPER,src/java/main/org/apache/zookeeper/server/quorum/LeaderElection.java,19,19.0000,NO,NO,0.00000000,NO,0.37000000,NO_TO_NO,NO
ZOOKEEPER,src/java/main/org/apache/zookeeper/common/IOUtils.java,19,2.0000,NO,NO,0.11000000,NO,0.21000000,NO_TO_NO,NO
ZOOKEEPER,src/java/main/org/apache/zookeeper/server/quorum/Learner.java,19,10.0000,YES,YES,1.00000000,YES,0.86000000,YES_TO_YES,NO
ZOOKEEPER,src/contrib/rest/src/python/zkrest.py,19,1.0000,NO,NO,0.00000000,NO,0.01000000,NO_TO_NO,NO
ZOOKEEPER,src/contrib/rest/src/java/org/apache/zookeeper/server/jersey/ZooKeeperService.java,19,14.0000,NO,NO,0.01000000,NO,0.16000000,NO_TO_NO,NO
ZOOKEEPER,src/java/main/org/apache/zookeeper/server/SnapshotFormatter.java,19,15.0000,NO,NO,0.21000000,NO,0.15000000,NO_TO_NO,NO
ZOOKEEPER,src/java/main/org/apache/zookeeper/server/quorum/AuthFastLeaderElection.java,19,46.0000,YES,YES,1.00000000,YES,0.94000000,YES_TO_YES,NO
ZOOKEEPER,src/java/main/org/apache/zookeeper/server/Request.java,19,5.0000,YES,YES,1.00000000,YES,0.92000000,YES_TO_YES,NO
ZOOKEEPER,src/contrib/loggraph/src/java/org/apache/zookeeper/graph/servlets/JsonServlet.java,19,4.0000,NO,NO,0.01000000,NO,0.21000000,NO_TO_NO,NO
ZOOKEEPER,src/java/main/org/apache/zookeeper/KeeperException.java,19,77.0000,YES,YES,1.00000000,YES,0.84000000,YES_TO_YES,NO
ZOOKEEPER,src/java/main/org/apache/zookeeper/server/ZKDatabase.java,19,8.0000,YES,YES,0.99000000,YES,0.95000000,YES_TO_YES,NO
ZOOKEEPER,src/java/main/org/apache/zookeeper/server/quorum/QuorumPeer.java,19,59.0000,YES,YES,1.00000000,YES,0.98000000,YES_TO_YES,NO
ZOOKEEPER,src/java/main/org/apache/jute/XmlOutputArchive.java,19,8.0000,NO,NO,0.00000000,NO,0.16000000,NO_TO_NO,NO
ZOOKEEPER,src/recipes/lock/src/java/org/apache/zookeeper/recipes/lock/ProtocolSupport.java,19,2.0000,NO,NO,0.00000000,NO,0.03000000,NO_TO_NO,NO
ZOOKEEPER,src/contrib/rest/src/java/org/apache/zookeeper/server/jersey/jaxb/ZChildrenJSON.java,19,8.0000,NO,NO,0.00000000,NO,0.31000000,NO_TO_NO,NO
ZOOKEEPER,src/java/main/org/apache/zookeeper/server/ByteBufferInputStream.java,19,2.0000,NO,NO,0.01000000,NO,0.09000000,NO_TO_NO,NO
ZOOKEEPER,src/java/main/org/apache/zookeeper/WatchedEvent.java,19,2.0000,NO,NO,0.00000000,NO,0.22000000,NO_TO_NO,NO
ZOOKEEPER,src/contrib/zooinspector/src/java/org/apache/zookeeper/inspector/gui/ZooInspectorNodeViewersPanel.java,19,7.0000,NO,NO,0.00000000,NO,0.12000000,NO_TO_NO,NO
ZOOKEEPER,src/contrib/loggraph/src/java/org/apache/zookeeper/graph/filterops/SymbolArg.java,19,1.0000,NO,NO,0.00000000,NO,0.00000000,NO_TO_NO,NO
ZOOKEEPER,src/java/main/org/apache/jute/compiler/JBuffer.java,19,1.0000,NO,NO,0.00000000,NO,0.02000000,NO_TO_NO,NO
ZOOKEEPER,src/java/main/org/apache/zookeeper/cli/CreateCommand.java,19,1.0000,NO,NO,0.06000000,NO,0.01000000,NO_TO_NO,NO
ZOOKEEPER,src/java/main/org/apache/zookeeper/CreateMode.java,19,1.0000,YES,YES,0.97000000,YES,0.79000000,YES_TO_YES,NO
ZOOKEEPER,src/docs/src/documentation/skinconf.xml,19,6.0000,NO,NO,0.00000000,NO,0.00000000,NO_TO_NO,NO
ZOOKEEPER,src/contrib/rest/src/java/org/apache/zookeeper/server/jersey/jaxb/ZStat.java,19,16.0000,NO,NO,0.00000000,NO,0.11000000,NO_TO_NO,NO
ZOOKEEPER,src/java/main/org/apache/zookeeper/server/quorum/QuorumPeerMain.java,19,4.0000,NO,NO,0.08000000,NO,0.13000000,NO_TO_NO,NO
ZOOKEEPER,src/java/main/org/apache/zookeeper/Transaction.java,19,3.0000,NO,NO,0.01000000,NO,0.06000000,NO_TO_NO,NO
ZOOKEEPER,src/contrib/zooinspector/src/java/org/apache/zookeeper/inspector/gui/IconResource.java,19,1.0000,NO,NO,0.02000000,NO,0.09000000,NO_TO_NO,NO
ZOOKEEPER,src/java/main/org/apache/zookeeper/server/NettyServerCnxn.java,19,15.0000,YES,YES,0.97000000,YES,0.93000000,YES_TO_YES,NO
ZOOKEEPER,src/contrib/loggraph/src/java/org/apache/zookeeper/graph/servlets/FileLoader.java,19,2.0000,NO,NO,0.00000000,NO,0.12000000,NO_TO_NO,NO
ZOOKEEPER,src/java/main/org/apache/zookeeper/server/quorum/ProposalRequestProcessor.java,19,1.0000,NO,NO,0.02000000,NO,0.03000000,NO_TO_NO,NO
ZOOKEEPER,src/java/main/org/apache/zookeeper/cli/GetAclCommand.java,19,2.0000,NO,NO,0.10000000,NO,0.05000000,NO_TO_NO,NO
ZOOKEEPER,src/java/main/org/apache/zookeeper/server/persistence/FileTxnLog.java,19,15.0000,YES,YES,1.00000000,YES,0.90000000,YES_TO_YES,NO
ZOOKEEPER,src/java/main/org/apache/zookeeper/cli/Ls2Command.java,19,1.0000,NO,NO,0.04000000,NO,0.03000000,NO_TO_NO,NO
ZOOKEEPER,src/java/main/org/apache/zookeeper/server/persistence/FileTxnSnapLog.java,19,8.0000,YES,YES,0.96000000,YES,0.80000000,YES_TO_YES,NO
ZOOKEEPER,src/java/main/org/apache/zookeeper/cli/DeleteCommand.java,19,1.0000,NO,NO,0.07000000,NO,0.00000000,NO_TO_NO,NO
ZOOKEEPER,docs/zookeeperOver.html,19,23.0000,NO,NO,0.00000000,NO,0.00000000,NO_TO_NO,NO
ZOOKEEPER,src/java/main/org/apache/zookeeper/cli/GetCommand.java,19,3.0000,NO,NO,0.06000000,NO,0.02000000,NO_TO_NO,NO
ZOOKEEPER,src/contrib/zooinspector/src/java/org/apache/zookeeper/inspector/gui/ZooInspectorAboutDialog.java,19,1.0000,NO,NO,0.03000000,NO,0.03000000,NO_TO_NO,NO
ZOOKEEPER,src/java/main/org/apache/zookeeper/ZKUtil.java,19,5.0000,YES,YES,0.97000000,YES,0.55000000,YES_TO_YES,NO
ZOOKEEPER,src/java/main/org/apache/zookeeper/AsyncCallback.java,19,1.0000,NO,NO,0.00000000,NO,0.05000000,NO_TO_NO,NO
ZOOKEEPER,src/java/main/org/apache/zookeeper/JLineZNodeCompletor.java,19,2.0000,NO,NO,0.02000000,NO,0.21000000,NO_TO_NO,NO
ZOOKEEPER,src/contrib/loggraph/src/java/org/apache/zookeeper/graph/FilterException.java,19,1.0000,NO,NO,0.00000000,NO,0.00000000,NO_TO_NO,NO
ZOOKEEPER,src/java/main/org/apache/zookeeper/server/quorum/LearnerZooKeeperServer.java,19,4.0000,NO,NO,0.01000000,NO,0.03000000,NO_TO_NO,NO
ZOOKEEPER,src/java/main/org/apache/zookeeper/server/persistence/FileSnap.java,19,8.0000,NO,NO,0.00000000,NO,0.11000000,NO_TO_NO,NO
ZOOKEEPER,src/contrib/zooinspector/src/java/org/apache/zookeeper/inspector/gui/ZooInspectorNodeViewersDialog.java,19,47.0000,NO,NO,0.01000000,NO,0.12000000,NO_TO_NO,NO
ZOOKEEPER,src/contrib/zooinspector/src/java/org/apache/zookeeper/inspector/ZooInspector.java,19,1.0000,YES,YES,0.65000000,NO,0.48000000,YES_TO_NO,YES
ZOOKEEPER,src/java/main/org/apache/zookeeper/cli/SetQuotaCommand.java,19,5.0000,NO,NO,0.14000000,NO,0.14000000,NO_TO_NO,NO
ZOOKEEPER,src/java/main/org/apache/jute/OutputArchive.java,19,3.0000,NO,NO,0.00000000,NO,0.04000000,NO_TO_NO,NO
ZOOKEEPER,src/java/main/org/apache/zookeeper/server/auth/KerberosName.java,19,6.0000,NO,NO,0.04000000,NO,0.20000000,NO_TO_NO,NO
ZOOKEEPER,src/java/main/org/apache/zookeeper/client/StaticHostProvider.java,19,2.0000,YES,YES,0.65000000,NO,0.47000000,YES_TO_NO,YES
ZOOKEEPER,src/java/main/org/apache/zookeeper/server/ConnectionBean.java,19,1.0000,YES,YES,1.00000000,YES,0.91000000,YES_TO_YES,NO
ZOOKEEPER,src/java/main/org/apache/zookeeper/server/NettyServerCnxnFactory.java,19,7.0000,YES,YES,0.96000000,YES,0.89000000,YES_TO_YES,NO
ZOOKEEPER,src/java/main/org/apache/zookeeper/ClientCnxnSocketNIO.java,19,6.0000,YES,YES,0.90000000,YES,0.87000000,YES_TO_YES,NO
ZOOKEEPER,docs/zookeeperObservers.html,19,4.0000,NO,NO,0.00000000,NO,0.00000000,NO_TO_NO,NO
ZOOKEEPER,src/java/main/org/apache/jute/compiler/JVector.java,19,14.0000,NO,NO,0.00000000,NO,0.10000000,NO_TO_NO,NO
ZOOKEEPER,src/contrib/loggraph/src/java/org/apache/zookeeper/graph/TransactionEntry.java,19,10.0000,NO,NO,0.00000000,NO,0.13000000,NO_TO_NO,NO
ZOOKEEPER,src/contrib/rest/src/java/org/apache/zookeeper/server/jersey/jaxb/ZSession.java,19,2.0000,NO,NO,0.02000000,NO,0.02000000,NO_TO_NO,NO
ZOOKEEPER,src/contrib/loggraph/src/java/org/apache/zookeeper/graph/TxnLogSource.java,19,13.0000,NO,NO,0.00000000,NO,0.16000000,NO_TO_NO,NO
ZOOKEEPER,src/java/main/org/apache/zookeeper/server/quorum/LearnerHandler.java,19,18.0000,YES,YES,1.00000000,YES,0.98000000,YES_TO_YES,NO
ZOOKEEPER,src/java/main/org/apache/jute/compiler/JFloat.java,19,1.0000,NO,NO,0.00000000,NO,0.01000000,NO_TO_NO,NO
ZOOKEEPER,docs/javaExample.html,19,7.0000,NO,NO,0.00000000,NO,0.00000000,NO_TO_NO,NO
ZOOKEEPER,src/java/main/org/apache/zookeeper/server/NIOServerCnxn.java,19,27.0000,YES,YES,1.00000000,YES,0.98000000,YES_TO_YES,NO
ZOOKEEPER,src/java/main/org/apache/jute/CsvInputArchive.java,19,12.0000,NO,NO,0.00000000,NO,0.04000000,NO_TO_NO,NO
ZOOKEEPER,src/java/main/org/apache/zookeeper/ServerAdminClient.java,19,16.0000,NO,NO,0.00000000,NO,0.24000000,NO_TO_NO,NO
ZOOKEEPER,src/java/main/org/apache/zookeeper/cli/SetAclCommand.java,19,1.0000,NO,NO,0.04000000,NO,0.02000000,NO_TO_NO,NO
ZOOKEEPER,src/contrib/loggraph/src/java/org/apache/zookeeper/graph/Log4JEntry.java,19,2.0000,NO,NO,0.00000000,NO,0.05000000,NO_TO_NO,NO
ZOOKEEPER,src/java/main/org/apache/zookeeper/server/quorum/FollowerRequestProcessor.java,19,1.0000,YES,YES,0.99000000,YES,0.89000000,YES_TO_YES,NO
ZOOKEEPER,src/contrib/huebrowser/zkui/src/zkui/rest.py,19,1.0000,NO,NO,0.00000000,NO,0.01000000,NO_TO_NO,NO
ZOOKEEPER,src/contrib/zooinspector/src/java/org/apache/zookeeper/inspector/gui/nodeviewer/NodeViewerMetaData.java,19,3.0000,NO,NO,0.01000000,NO,0.07000000,NO_TO_NO,NO
ZOOKEEPER,src/contrib/rest/src/java/org/apache/zookeeper/server/jersey/RestMain.java,19,6.0000,NO,NO,0.00000000,NO,0.10000000,NO_TO_NO,NO
ZOOKEEPER,src/java/main/org/apache/zookeeper/server/ZooKeeperSaslServer.java,19,11.0000,NO,NO,0.13000000,NO,0.16000000,NO_TO_NO,NO
ZOOKEEPER,src/java/main/org/apache/zookeeper/common/AtomicFileOutputStream.java,19,8.0000,NO,NO,0.24000000,NO,0.27000000,NO_TO_NO,NO
ZOOKEEPER,src/contrib/loggraph/src/java/org/apache/zookeeper/graph/servlets/GraphData.java,19,1.0000,NO,NO,0.00000000,NO,0.01000000,NO_TO_NO,NO
ZOOKEEPER,src/contrib/rest/src/java/org/apache/zookeeper/server/jersey/filters/HTTPBasicAuth.java,19,5.0000,NO,NO,0.03000000,NO,0.21000000,NO_TO_NO,NO
ZOOKEEPER,src/java/main/org/apache/zookeeper/server/quorum/LeaderZooKeeperServer.java,19,1.0000,NO,NO,0.00000000,NO,0.05000000,NO_TO_NO,NO
ZOOKEEPER,src/contrib/loggraph/src/java/org/apache/zookeeper/graph/Log4JSource.java,19,31.0000,NO,NO,0.01000000,NO,0.15000000,NO_TO_NO,NO
ZOOKEEPER,src/java/main/org/apache/zookeeper/server/quorum/ObserverZooKeeperServer.java,19,4.0000,YES,YES,0.71000000,NO,0.29000000,YES_TO_NO,YES
ZOOKEEPER,src/recipes/queue/src/java/org/apache/zookeeper/recipes/queue/DistributedQueue.java,19,10.0000,NO,NO,0.00000000,NO,0.08000000,NO_TO_NO,NO
ZOOKEEPER,docs/zookeeperAdmin.html,19,36.0000,NO,NO,0.00000000,NO,0.00000000,NO_TO_NO,NO
ZOOKEEPER,src/contrib/loggraph/src/java/org/apache/zookeeper/graph/MergedLogSource.java,19,21.0000,NO,NO,0.00000000,NO,0.05000000,NO_TO_NO,NO
ZOOKEEPER,src/contrib/rest/src/python/test.py,19,4.0000,NO,NO,0.00000000,NO,0.01000000,NO_TO_NO,NO
ZOOKEEPER,src/docs/src/documentation/content/xdocs/site.xml,19,1.0000,NO,NO,0.00000000,NO,0.00000000,NO_TO_NO,NO
ZOOKEEPER,src/contrib/zooinspector/src/java/org/apache/zookeeper/inspector/gui/ZooInspectorConnectionPropertiesDialog.java,19,9.0000,NO,NO,0.00000000,NO,0.13000000,NO_TO_NO,NO
ZOOKEEPER,src/java/main/org/apache/zookeeper/server/auth/AuthenticationProvider.java,19,2.0000,NO,NO,0.00000000,NO,0.06000000,NO_TO_NO,NO
ZOOKEEPER,src/contrib/zkpython/src/python/zk.py,19,13.0000,NO,NO,0.00000000,NO,0.01000000,NO_TO_NO,NO
ZOOKEEPER,src/java/main/org/apache/jute/compiler/CppGenerator.java,19,1.0000,NO,NO,0.00000000,NO,0.02000000,NO_TO_NO,NO
ZOOKEEPER,src/java/main/org/apache/jute/XmlInputArchive.java,19,17.0000,NO,NO,0.00000000,NO,0.11000000,NO_TO_NO,NO
ZOOKEEPER,src/contrib/rest/src/java/org/apache/zookeeper/server/jersey/jaxb/ZPath.java,19,2.0000,NO,NO,0.00000000,NO,0.04000000,NO_TO_NO,NO
ZOOKEEPER,src/contrib/loggraph/src/java/org/apache/zookeeper/graph/filterops/XorOp.java,19,1.0000,NO,NO,0.00000000,NO,0.00000000,NO_TO_NO,NO
ZOOKEEPER,src/java/main/org/apache/zookeeper/version/util/VerGen.java,19,15.0000,NO,NO,0.00000000,NO,0.20000000,NO_TO_NO,NO
ZOOKEEPER,src/contrib/loggraph/src/java/org/apache/zookeeper/graph/filterops/LessThanOp.java,19,2.0000,NO,NO,0.01000000,NO,0.10000000,NO_TO_NO,NO
ZOOKEEPER,src/java/main/org/apache/jute/compiler/JCompType.java,19,1.0000,NO,NO,0.00000000,NO,0.03000000,NO_TO_NO,NO
ZOOKEEPER,src/recipes/lock/src/java/org/apache/zookeeper/recipes/lock/ZNodeName.java,19,4.0000,NO,NO,0.01000000,NO,0.07000000,NO_TO_NO,NO
ZOOKEEPER,src/java/main/org/apache/zookeeper/cli/SetCommand.java,19,1.0000,NO,NO,0.04000000,NO,0.03000000,NO_TO_NO,NO
ZOOKEEPER,src/java/main/org/apache/zookeeper/server/quorum/LearnerSessionTracker.java,19,7.0000,NO,NO,0.01000000,NO,0.07000000,NO_TO_NO,NO
ZOOKEEPER,src/java/main/org/apache/zookeeper/server/ByteBufferOutputStream.java,19,2.0000,NO,NO,0.00000000,NO,0.07000000,NO_TO_NO,NO
ZOOKEEPER,docs/zookeeperOtherInfo.html,19,3.0000,NO,NO,0.00000000,NO,0.00000000,NO_TO_NO,NO
ZOOKEEPER,src/contrib/fatjar/src/java/org/apache/zookeeper/util/FatJarMain.java,19,10.0000,NO,NO,0.00000000,NO,0.19000000,NO_TO_NO,NO
ZOOKEEPER,src/contrib/loggraph/src/java/org/apache/zookeeper/graph/FilterParser.java,19,5.0000,NO,NO,0.00000000,NO,0.06000000,NO_TO_NO,NO
ZOOKEEPER,src/java/main/org/apache/zookeeper/server/DataTree.java,19,51.0000,YES,YES,1.00000000,YES,0.98000000,YES_TO_YES,NO
ZOOKEEPER,src/java/main/org/apache/jute/compiler/JString.java,19,1.0000,NO,NO,0.00000000,NO,0.02000000,NO_TO_NO,NO
ZOOKEEPER,src/contrib/rest/src/java/org/apache/zookeeper/server/jersey/jaxb/ZError.java,19,2.0000,NO,NO,0.00000000,NO,0.00000000,NO_TO_NO,NO
ZOOKEEPER,src/contrib/zooinspector/src/java/org/apache/zookeeper/inspector/gui/ZooInspectorTreeViewer.java,19,6.0000,NO,NO,0.00000000,NO,0.09000000,NO_TO_NO,NO
ZOOKEEPER,src/java/main/org/apache/zookeeper/Login.java,19,11.0000,YES,YES,0.92000000,YES,0.53000000,YES_TO_YES,NO
ZOOKEEPER,src/contrib/loggraph/src/java/org/apache/zookeeper/graph/FilterOp.java,19,4.0000,NO,NO,0.00000000,NO,0.13000000,NO_TO_NO,NO
ZOOKEEPER,src/contrib/rest/src/python/demo_master_election.py,19,5.0000,NO,NO,0.00000000,NO,0.01000000,NO_TO_NO,NO
ZOOKEEPER,src/java/main/org/apache/zookeeper/Quotas.java,19,5.0000,NO,NO,0.00000000,NO,0.04000000,NO_TO_NO,NO
ZOOKEEPER,src/java/main/org/apache/jute/CsvOutputArchive.java,19,4.0000,NO,NO,0.00000000,NO,0.09000000,NO_TO_NO,NO
ZOOKEEPER,src/java/main/org/apache/jute/compiler/JFile.java,19,2.0000,NO,NO,0.00000000,NO,0.08000000,NO_TO_NO,NO
ZOOKEEPER,docs/zookeeperStarted.html,19,10.0000,NO,NO,0.00000000,NO,0.00000000,NO_TO_NO,NO
ZOOKEEPER,docs/zookeeperQuotas.html,19,5.0000,NO,NO,0.00000000,NO,0.00000000,NO_TO_NO,NO
ZOOKEEPER,src/java/main/org/apache/zookeeper/cli/CliCommand.java,19,8.0000,NO,NO,0.20000000,NO,0.04000000,NO_TO_NO,NO
ZOOKEEPER,src/contrib/rest/src/python/demo_queue.py,19,6.0000,NO,NO,0.00000000,NO,0.01000000,NO_TO_NO,NO
ZOOKEEPER,src/contrib/monitoring/ganglia/zookeeper_ganglia.py,19,5.0000,NO,NO,0.00000000,NO,0.01000000,NO_TO_NO,NO
ZOOKEEPER,src/contrib/rest/src/java/org/apache/zookeeper/server/jersey/cfg/RestCfg.java,19,2.0000,NO,NO,0.03000000,NO,0.00000000,NO_TO_NO,NO
ZOOKEEPER,src/contrib/loggraph/src/java/org/apache/zookeeper/graph/JsonGenerator.java,19,22.0000,NO,NO,0.00000000,NO,0.04000000,NO_TO_NO,NO
ZOOKEEPER,src/java/main/org/apache/zookeeper/server/auth/IPAuthenticationProvider.java,19,12.0000,NO,NO,0.24000000,NO,0.19000000,NO_TO_NO,NO
ZOOKEEPER,src/java/main/org/apache/zookeeper/jmx/MBeanRegistry.java,19,4.0000,YES,YES,0.95000000,YES,0.78000000,YES_TO_YES,NO
ZOOKEEPER,docs/recipes.html,19,18.0000,NO,NO,0.00000000,NO,0.00000000,NO_TO_NO,NO
ZOOKEEPER,src/java/main/org/apache/zookeeper/server/util/KerberosUtil.java,19,5.0000,NO,NO,0.21000000,NO,0.09000000,NO_TO_NO,NO
ZOOKEEPER,src/contrib/loggraph/src/java/org/apache/zookeeper/graph/LogSkipList.java,19,3.0000,NO,NO,0.00000000,NO,0.04000000,NO_TO_NO,NO
ZOOKEEPER,src/contrib/zooinspector/src/java/org/apache/zookeeper/inspector/gui/nodeviewer/NodeViewerACL.java,19,3.0000,NO,NO,0.01000000,NO,0.07000000,NO_TO_NO,NO
ZOOKEEPER,src/java/main/org/apache/zookeeper/client/ZooKeeperSaslClient.java,19,22.0000,YES,YES,0.90000000,YES,0.87000000,YES_TO_YES,NO
ZOOKEEPER,src/java/main/org/apache/zookeeper/Version.java,19,4.0000,NO,NO,0.00000000,NO,0.06000000,NO_TO_NO,NO
ZOOKEEPER,docs/zookeeperJMX.html,19,9.0000,NO,NO,0.00000000,NO,0.00000000,NO_TO_NO,NO
ZOOKEEPER,src/java/main/org/apache/zookeeper/server/ServerCnxn.java,19,39.0000,NO,NO,0.00000000,NO,0.35000000,NO_TO_NO,NO
ZOOKEEPER,src/contrib/zooinspector/src/java/org/apache/zookeeper/inspector/encryption/DataEncryptionManager.java,19,2.0000,NO,NO,0.00000000,NO,0.00000000,NO_TO_NO,NO
ZOOKEEPER,src/java/main/org/apache/zookeeper/Watcher.java,19,18.0000,NO,NO,0.00000000,NO,0.11000000,NO_TO_NO,NO
ZOOKEEPER,src/java/main/org/apache/jute/compiler/JDouble.java,20,1.0000,NO,NO,0.00000000,NO,0.02000000,NO_TO_NO,NO
ZOOKEEPER,src/java/main/org/apache/zookeeper/server/auth/ProviderRegistry.java,20,3.0000,NO,NO,0.00000000,NO,0.02000000,NO_TO_NO,NO
ZOOKEEPER,src/java/main/org/apache/jute/compiler/CGenerator.java,20,1.0000,NO,NO,0.00000000,NO,0.05000000,NO_TO_NO,NO
ZOOKEEPER,src/contrib/zooinspector/src/java/com/nitido/utils/toaster/Toaster.java,20,5.0000,NO,NO,0.00000000,NO,0.19000000,NO_TO_NO,NO
ZOOKEEPER,src/java/main/org/apache/zookeeper/cli/LsCommand.java,20,2.0000,YES,YES,0.81000000,YES,0.58000000,YES_TO_YES,NO
ZOOKEEPER,src/java/main/org/apache/zookeeper/server/NIOServerCnxnFactory.java,20,7.0000,YES,YES,0.96000000,YES,0.88000000,YES_TO_YES,NO
ZOOKEEPER,src/java/main/org/apache/zookeeper/server/quorum/flexible/QuorumMaj.java,20,4.0000,NO,NO,0.02000000,NO,0.11000000,NO_TO_NO,NO
ZOOKEEPER,src/java/main/org/apache/zookeeper/server/PurgeTxnLog.java,20,11.0000,YES,YES,0.70000000,YES,0.53000000,YES_TO_YES,NO
ZOOKEEPER,src/contrib/rest/src/java/org/apache/zookeeper/server/jersey/resources/JAXBContextResolver.java,20,3.0000,NO,NO,0.00000000,NO,0.13000000,NO_TO_NO,NO
ZOOKEEPER,src/recipes/election/src/java/org/apache/zookeeper/recipes/leader/LeaderElectionSupport.java,20,13.0000,NO,NO,0.01000000,NO,0.18000000,NO_TO_NO,NO
ZOOKEEPER,src/contrib/loggraph/src/java/org/apache/zookeeper/graph/RandomAccessFileReader.java,20,28.0000,NO,NO,0.00000000,NO,0.20000000,NO_TO_NO,NO
ZOOKEEPER,src/java/main/org/apache/jute/compiler/JField.java,20,1.0000,NO,NO,0.02000000,NO,0.05000000,NO_TO_NO,NO
ZOOKEEPER,src/java/main/org/apache/zookeeper/server/quorum/LeaderBean.java,20,1.0000,NO,NO,0.08000000,NO,0.08000000,NO_TO_NO,NO
ZOOKEEPER,src/java/main/org/apache/zookeeper/client/ConnectStringParser.java,20,4.0000,NO,NO,0.02000000,NO,0.25000000,NO_TO_NO,NO
ZOOKEEPER,src/java/main/org/apache/zookeeper/cli/DelQuotaCommand.java,20,5.0000,YES,YES,0.72000000,NO,0.48000000,YES_TO_NO,YES
ZOOKEEPER,src/java/main/org/apache/zookeeper/server/quorum/flexible/QuorumHierarchical.java,20,19.0000,YES,YES,0.70000000,YES,0.79000000,YES_TO_YES,NO
ZOOKEEPER,docs/zookeeperInternals.html,20,13.0000,NO,NO,0.00000000,NO,0.00000000,NO_TO_NO,NO
ZOOKEEPER,docs/releasenotes.html,20,11.0000,NO,NO,0.00000000,NO,0.00000000,NO_TO_NO,NO
ZOOKEEPER,src/java/main/org/apache/zookeeper/server/util/ZxidUtils.java,20,5.0000,NO,NO,0.00000000,NO,0.00000000,NO_TO_NO,NO
ZOOKEEPER,docs/bookkeeperConfig.html,20,5.0000,NO,NO,0.00000000,NO,0.00000000,NO_TO_NO,NO
ZOOKEEPER,docs/bookkeeperStarted.html,20,8.0000,NO,NO,0.00000000,NO,0.00000000,NO_TO_NO,NO
ZOOKEEPER,src/java/main/org/apache/zookeeper/common/PathUtils.java,20,4.0000,YES,YES,0.61000000,NO,0.24000000,YES_TO_NO,YES
ZOOKEEPER,src/java/main/org/apache/jute/RecordWriter.java,20,12.0000,NO,NO,0.00000000,NO,0.07000000,NO_TO_NO,NO
ZOOKEEPER,src/java/main/org/apache/zookeeper/server/ServerCnxnFactory.java,20,10.0000,NO,NO,0.36000000,YES,0.56000000,NO_TO_YES,NO
ZOOKEEPER,src/contrib/monitoring/check_zookeeper.py,20,19.0000,NO,NO,0.00000000,NO,0.01000000,NO_TO_NO,NO
ZOOKEEPER,src/contrib/loggraph/src/java/org/apache/zookeeper/graph/servlets/StaticContent.java,20,1.0000,NO,NO,0.00000000,NO,0.00000000,NO_TO_NO,NO
ZOOKEEPER,src/java/main/org/apache/zookeeper/Op.java,20,2.0000,YES,YES,0.91000000,YES,0.84000000,YES_TO_YES,NO
ZOOKEEPER,src/java/main/org/apache/zookeeper/server/persistence/Util.java,20,9.0000,YES,YES,0.99000000,YES,0.86000000,YES_TO_YES,NO
ZOOKEEPER,src/contrib/zooinspector/src/java/org/apache/zookeeper/inspector/gui/Toolbar.java,20,11.0000,NO,NO,0.00000000,NO,0.02000000,NO_TO_NO,NO
ZOOKEEPER,src/java/main/org/apache/zookeeper/ClientCnxn.java,20,38.0000,YES,YES,1.00000000,YES,0.98000000,YES_TO_YES,NO
ZOOKEEPER,src/java/main/org/apache/zookeeper/server/quorum/QuorumPeerConfig.java,20,25.0000,YES,YES,0.99000000,YES,0.94000000,YES_TO_YES,NO
ZOOKEEPER,src/java/main/org/apache/jute/compiler/JRecord.java,20,36.0000,NO,NO,0.08000000,NO,0.37000000,NO_TO_NO,NO
ZOOKEEPER,src/contrib/loggraph/src/java/org/apache/zookeeper/graph/LogEntry.java,20,6.0000,NO,NO,0.00000000,NO,0.16000000,NO_TO_NO,NO
ZOOKEEPER,src/java/main/org/apache/jute/Utils.java,20,15.0000,NO,NO,0.00000000,NO,0.18000000,NO_TO_NO,NO
ZOOKEEPER,src/java/main/org/apache/zookeeper/jmx/CommonNames.java,20,2.0000,NO,NO,0.01166667,NO,0.08033333,NO_TO_NO,NO
ZOOKEEPER,src/contrib/loggraph/src/java/org/apache/zookeeper/graph/LogIterator.java,20,2.0000,NO,NO,0.00000000,NO,0.00000000,NO_TO_NO,NO
ZOOKEEPER,src/contrib/zkpython/src/examples/watch_znode_for_changes.py,20,3.0000,NO,NO,0.00000000,NO,0.01000000,NO_TO_NO,NO
ZOOKEEPER,src/java/main/org/apache/zookeeper/server/ServerStats.java,20,11.0000,YES,YES,1.00000000,YES,0.86000000,YES_TO_YES,NO
ZOOKEEPER,src/java/main/org/apache/zookeeper/server/quorum/Leader.java,20,53.0000,YES,YES,0.99000000,YES,0.94000000,YES_TO_YES,NO
ZOOKEEPER,src/java/main/org/apache/zookeeper/MultiTransactionRecord.java,20,1.0000,NO,NO,0.01000000,NO,0.03000000,NO_TO_NO,NO
ZOOKEEPER,src/java/main/org/apache/zookeeper/server/ZooKeeperServer.java,20,22.0000,YES,YES,1.00000000,YES,0.98000000,YES_TO_YES,NO
ZOOKEEPER,src/java/main/org/apache/zookeeper/ZooKeeperMain.java,20,49.0000,YES,YES,1.00000000,YES,0.93000000,YES_TO_YES,NO
ZOOKEEPER,src/java/main/org/apache/zookeeper/ZooKeeper.java,20,25.0000,YES,YES,0.99000000,YES,0.97000000,YES_TO_YES,NO
ZOOKEEPER,src/java/main/org/apache/zookeeper/Environment.java,20,2.0000,NO,NO,0.01000000,NO,0.10000000,NO_TO_NO,NO
ZOOKEEPER,src/contrib/zooinspector/src/java/org/apache/zookeeper/inspector/manager/ZooInspectorManagerImpl.java,20,26.0000,YES,YES,0.82000000,NO,0.45000000,YES_TO_NO,YES
ZOOKEEPER,docs/zookeeperHierarchicalQuorums.html,20,1.0000,NO,NO,0.00000000,NO,0.00000000,NO_TO_NO,NO
ZOOKEEPER,src/java/main/org/apache/zookeeper/server/quorum/QuorumStats.java,20,5.0000,NO,NO,0.00000000,NO,0.06000000,NO_TO_NO,NO
ZOOKEEPER,src/java/main/org/apache/jute/compiler/JMap.java,20,10.0000,NO,NO,0.00000000,NO,0.10000000,NO_TO_NO,NO
ZOOKEEPER,src/java/main/org/apache/zookeeper/MultiResponse.java,20,3.0000,NO,NO,0.00000000,NO,0.03000000,NO_TO_NO,NO
ZOOKEEPER,src/java/main/org/apache/zookeeper/server/TraceFormatter.java,20,4.0000,YES,YES,0.69000000,NO,0.33000000,YES_TO_NO,YES
ZOOKEEPER,src/java/main/org/apache/zookeeper/server/auth/DigestAuthenticationProvider.java,20,14.0000,NO,NO,0.02000000,NO,0.16000000,NO_TO_NO,NO
ZOOKEEPER,docs/zookeeperTutorial.html,20,5.0000,NO,NO,0.00000000,NO,0.00000000,NO_TO_NO,NO
ZOOKEEPER,src/java/main/org/apache/zookeeper/server/auth/SaslServerCallbackHandler.java,20,3.0000,NO,NO,0.03000000,NO,0.08000000,NO_TO_NO,NO
ZOOKEEPER,src/java/main/org/apache/zookeeper/cli/AclParser.java,20,6.0000,NO,NO,0.05000000,NO,0.28000000,NO_TO_NO,NO
ZOOKEEPER,src/java/main/org/apache/zookeeper/server/ZooKeeperServerMain.java,20,3.0000,NO,NO,0.00000000,NO,0.07000000,NO_TO_NO,NO
ZOOKEEPER,docs/bookkeeperStream.html,20,4.0000,NO,NO,0.00000000,NO,0.00000000,NO_TO_NO,NO
ZOOKEEPER,src/java/main/org/apache/zookeeper/server/ZooTrace.java,20,16.0000,NO,NO,0.00000000,NO,0.10000000,NO_TO_NO,NO
ZOOKEEPER,src/java/main/org/apache/zookeeper/server/quorum/QuorumCnxManager.java,20,17.0000,YES,YES,1.00000000,YES,0.97000000,YES_TO_YES,NO
ZOOKEEPER,src/contrib/zooinspector/src/java/org/apache/zookeeper/inspector/logger/LoggerFactory.java,20,1.0000,NO,NO,0.01000000,NO,0.00000000,NO_TO_NO,NO
ZOOKEEPER,src/contrib/loggraph/src/java/org/apache/zookeeper/graph/filterops/NumberArg.java,20,1.0000,NO,NO,0.00000000,NO,0.00000000,NO_TO_NO,NO
ZOOKEEPER,src/java/main/org/apache/zookeeper/jmx/ManagedUtil.java,20,3.0000,YES,YES,0.98000000,YES,0.56000000,YES_TO_YES,NO
ZOOKEEPER,src/contrib/huebrowser/zkui/src/zkui/utils.py,20,1.0000,NO,NO,0.00000000,NO,0.00000000,NO_TO_NO,NO
ZOOKEEPER,src/contrib/huebrowser/zkui/src/zkui/stats.py,20,2.0000,NO,NO,0.00000000,NO,0.01000000,NO_TO_NO,NO
ZOOKEEPER,src/java/main/org/apache/zookeeper/server/LogFormatter.java,20,6.0000,NO,NO,0.00000000,NO,0.07000000,NO_TO_NO,NO
ZOOKEEPER,src/java/main/org/apache/zookeeper/server/quorum/FastLeaderElection.java,20,26.0000,YES,YES,1.00000000,YES,0.98000000,YES_TO_YES,NO
ZOOKEEPER,src/java/main/org/apache/jute/compiler/JType.java,20,8.0000,NO,NO,0.00000000,NO,0.04000000,NO_TO_NO,NO
ZOOKEEPER,src/docs/status.xml,20,1.0000,NO,NO,0.00000000,NO,0.00000000,NO_TO_NO,NO
ZOOKEEPER,src/java/main/org/apache/zookeeper/common/PathTrie.java,20,3.0000,YES,YES,0.89000000,YES,0.83000000,YES_TO_YES,NO
ZOOKEEPER,src/java/main/org/apache/zookeeper/server/SyncRequestProcessor.java,20,8.0000,YES,YES,1.00000000,YES,0.86000000,YES_TO_YES,NO
ZOOKEEPER,src/java/main/org/apache/zookeeper/server/FinalRequestProcessor.java,20,5.0000,YES,YES,0.99000000,YES,0.97000000,YES_TO_YES,NO
ZOOKEEPER,src/java/main/org/apache/zookeeper/server/quorum/CommitProcessor.java,20,7.0000,YES,YES,0.97000000,YES,0.85000000,YES_TO_YES,NO
ZOOKEEPER,src/contrib/loggraph/src/java/org/apache/zookeeper/graph/servlets/Throughput.java,20,5.0000,NO,NO,0.00000000,NO,0.09000000,NO_TO_NO,NO
ZOOKEEPER,src/java/main/org/apache/zookeeper/server/SessionTrackerImpl.java,20,14.0000,YES,YES,0.99000000,YES,0.87000000,YES_TO_YES,NO
ZOOKEEPER,src/contrib/loggraph/src/java/org/apache/zookeeper/graph/filterops/StringArg.java,20,1.0000,NO,NO,0.00000000,NO,0.00000000,NO_TO_NO,NO
ZOOKEEPER,src/java/main/org/apache/zookeeper/Shell.java,20,14.0000,YES,YES,0.92000000,YES,0.70000000,YES_TO_YES,NO
ZOOKEEPER,src/contrib/zooinspector/src/java/org/apache/zookeeper/inspector/gui/ZooInspectorPanel.java,20,17.0000,NO,NO,0.00000000,NO,0.05000000,NO_TO_NO,NO
ZOOKEEPER,src/java/main/org/apache/jute/BinaryInputArchive.java,20,11.0000,YES,YES,0.99000000,YES,0.65000000,YES_TO_YES,NO
ZOOKEEPER,src/contrib/rest/src/java/org/apache/zookeeper/server/jersey/cfg/HostPortSet.java,20,2.0000,NO,NO,0.00000000,NO,0.01000000,NO_TO_NO,NO
ZOOKEEPER,src/java/main/org/apache/zookeeper/cli/ListQuotaCommand.java,20,1.0000,YES,YES,0.90000000,YES,0.75000000,YES_TO_YES,NO
ZOOKEEPER,src/contrib/monitoring/test.py,20,2.0000,NO,NO,0.00000000,NO,0.01000000,NO_TO_NO,NO
ZOOKEEPER,src/contrib/loggraph/src/java/org/apache/zookeeper/graph/filterops/GreaterThanOp.java,20,3.0000,NO,NO,0.00000000,NO,0.10000000,NO_TO_NO,NO
ZOOKEEPER,src/java/main/org/apache/zookeeper/server/auth/SASLAuthenticationProvider.java,20,1.0000,YES,YES,0.63000000,NO,0.45000000,YES_TO_NO,YES
ZOOKEEPER,src/java/main/org/apache/zookeeper/server/DataNode.java,20,10.0000,NO,NO,0.02000000,NO,0.06000000,NO_TO_NO,NO
ZOOKEEPER,docs/bookkeeperOverview.html,20,12.0000,NO,NO,0.00000000,NO,0.00000000,NO_TO_NO,NO
ZOOKEEPER,src/java/main/org/apache/zookeeper/server/auth/DigestLoginModule.java,20,4.0000,NO,NO,0.02000000,NO,0.25000000,NO_TO_NO,NO
ZOOKEEPER,docs/bookkeeperProgrammer.html,20,9.0000,NO,NO,0.00000000,NO,0.00000000,NO_TO_NO,NO
ZOOKEEPER,src/contrib/rest/src/python/zk_dump_tree.py,20,10.0000,NO,NO,0.00000000,NO,0.01000000,NO_TO_NO,NO
ZOOKEEPER,src/contrib/rest/src/java/org/apache/zookeeper/server/jersey/resources/SessionsResource.java,20,2.0000,NO,NO,0.01000000,NO,0.13000000,NO_TO_NO,NO
ZOOKEEPER,src/java/main/org/apache/jute/BinaryOutputArchive.java,20,7.0000,NO,NO,0.00000000,NO,0.03000000,NO_TO_NO,NO
ZOOKEEPER,src/contrib/loggraph/src/java/org/apache/zookeeper/graph/MeasureThroughput.java,20,11.0000,NO,NO,0.00000000,NO,0.07000000,NO_TO_NO,NO
ZOOKEEPER,src/java/main/org/apache/zookeeper/client/FourLetterWordMain.java,20,3.0000,YES,YES,0.86000000,NO,0.41000000,YES_TO_NO,YES
ZOOKEEPER,src/contrib/huebrowser/zkui/src/zkui/views.py,20,1.0000,NO,NO,0.00000000,NO,0.01000000,NO_TO_NO,NO
ZOOKEEPER,src/java/main/org/apache/zookeeper/server/quorum/FollowerZooKeeperServer.java,20,3.0000,NO,NO,0.00000000,NO,0.11000000,NO_TO_NO,NO
ZOOKEEPER,src/java/main/org/apache/zookeeper/server/WatchManager.java,20,4.0000,NO,NO,0.00000000,NO,0.14000000,NO_TO_NO,NO
ZOOKEEPER,docs/zookeeperProgrammers.html,20,35.0000,NO,NO,0.00000000,NO,0.00000000,NO_TO_NO,NO
ZOOKEEPER,src/contrib/loggraph/src/java/org/apache/zookeeper/graph/servlets/Fs.java,20,2.0000,NO,NO,0.00000000,NO,0.06000000,NO_TO_NO,NO
ZOOKEEPER,src/contrib/rest/src/java/org/apache/zookeeper/server/jersey/resources/ZNodeResource.java,20,3.0000,NO,NO,0.01000000,NO,0.07000000,NO_TO_NO,NO
ZOOKEEPER,src/contrib/zooinspector/src/java/org/apache/zookeeper/retry/ZooKeeperRetry.java,20,5.0000,NO,NO,0.00000000,NO,0.11000000,NO_TO_NO,NO
ZOOKEEPER,src/java/main/org/apache/zookeeper/server/util/SerializeUtils.java,20,4.0000,NO,NO,0.01000000,NO,0.17000000,NO_TO_NO,NO
ZOOKEEPER,src/contrib/loggraph/src/java/org/apache/zookeeper/graph/LogServer.java,20,2.0000,NO,NO,0.00000000,NO,0.08000000,NO_TO_NO,NO
ZOOKEEPER,src/java/main/org/apache/zookeeper/server/quorum/ObserverRequestProcessor.java,20,1.0000,YES,YES,1.00000000,YES,0.88000000,YES_TO_YES,NO
ZOOKEEPER,src/contrib/zooinspector/src/java/org/apache/zookeeper/inspector/gui/nodeviewer/NodeViewerData.java,20,4.0000,YES,YES,0.88000000,NO,0.49000000,YES_TO_NO,YES
ZOOKEEPER,src/contrib/loggraph/src/java/org/apache/zookeeper/graph/servlets/NumEvents.java,20,3.0000,NO,NO,0.01000000,NO,0.01000000,NO_TO_NO,NO
ZOOKEEPER,src/recipes/lock/src/java/org/apache/zookeeper/recipes/lock/WriteLock.java,20,3.0000,NO,NO,0.00000000,NO,0.07000000,NO_TO_NO,NO
ZOOKEEPER,src/java/main/org/apache/zookeeper/ZooDefs.java,20,31.0000,NO,NO,0.01000000,NO,0.10000000,NO_TO_NO,NO
ZOOKEEPER,src/contrib/rest/src/java/org/apache/zookeeper/server/jersey/jaxb/ZChildren.java,20,7.0000,NO,NO,0.00000000,NO,0.27000000,NO_TO_NO,NO
ZOOKEEPER,src/java/main/org/apache/zookeeper/server/quorum/ReadOnlyRequestProcessor.java,20,5.0000,YES,YES,0.88000000,YES,0.51000000,YES_TO_YES,NO
ZOOKEEPER,src/java/main/org/apache/zookeeper/server/quorum/Vote.java,20,5.0000,YES,YES,0.60000000,NO,0.44000000,YES_TO_NO,YES
ZOOKEEPER,src/java/main/org/apache/zookeeper/server/PrepRequestProcessor.java,20,22.0000,YES,YES,1.00000000,YES,0.98000000,YES_TO_YES,NO
ZOOKEEPER,src/java/main/org/apache/jute/RecordReader.java,20,12.0000,NO,NO,0.00000000,NO,0.07000000,NO_TO_NO,NO
ZOOKEEPER,src/java/main/org/apache/zookeeper/server/quorum/LeaderElection.java,20,19.0000,NO,NO,0.01000000,NO,0.36000000,NO_TO_NO,NO
ZOOKEEPER,src/java/main/org/apache/zookeeper/common/IOUtils.java,20,2.0000,NO,NO,0.19000000,NO,0.29000000,NO_TO_NO,NO
ZOOKEEPER,src/java/main/org/apache/zookeeper/server/quorum/Learner.java,20,10.0000,YES,YES,1.00000000,YES,0.86000000,YES_TO_YES,NO
ZOOKEEPER,src/contrib/rest/src/python/zkrest.py,20,1.0000,NO,NO,0.00000000,NO,0.01000000,NO_TO_NO,NO
ZOOKEEPER,src/contrib/rest/src/java/org/apache/zookeeper/server/jersey/ZooKeeperService.java,20,14.0000,NO,NO,0.01000000,NO,0.16000000,NO_TO_NO,NO
ZOOKEEPER,src/java/main/org/apache/zookeeper/server/SnapshotFormatter.java,20,15.0000,YES,YES,0.63000000,NO,0.20000000,YES_TO_NO,YES
ZOOKEEPER,src/java/main/org/apache/zookeeper/server/quorum/AuthFastLeaderElection.java,20,46.0000,YES,YES,1.00000000,YES,0.94000000,YES_TO_YES,NO
ZOOKEEPER,src/java/main/org/apache/zookeeper/server/Request.java,20,5.0000,YES,YES,1.00000000,YES,0.92000000,YES_TO_YES,NO
ZOOKEEPER,src/contrib/loggraph/src/java/org/apache/zookeeper/graph/servlets/JsonServlet.java,20,4.0000,NO,NO,0.02000000,NO,0.20000000,NO_TO_NO,NO
ZOOKEEPER,src/java/main/org/apache/zookeeper/KeeperException.java,20,77.0000,YES,YES,0.99000000,YES,0.81000000,YES_TO_YES,NO
ZOOKEEPER,src/java/main/org/apache/zookeeper/server/ZKDatabase.java,20,8.0000,YES,YES,0.98000000,YES,0.96000000,YES_TO_YES,NO
ZOOKEEPER,src/java/main/org/apache/zookeeper/server/quorum/QuorumPeer.java,20,59.0000,YES,YES,1.00000000,YES,0.98000000,YES_TO_YES,NO
ZOOKEEPER,src/java/main/org/apache/jute/XmlOutputArchive.java,20,8.0000,NO,NO,0.00000000,NO,0.16000000,NO_TO_NO,NO
ZOOKEEPER,src/recipes/lock/src/java/org/apache/zookeeper/recipes/lock/ProtocolSupport.java,20,2.0000,NO,NO,0.00000000,NO,0.03000000,NO_TO_NO,NO
ZOOKEEPER,src/contrib/rest/src/java/org/apache/zookeeper/server/jersey/jaxb/ZChildrenJSON.java,20,8.0000,NO,NO,0.00000000,NO,0.30000000,NO_TO_NO,NO
ZOOKEEPER,src/java/main/org/apache/zookeeper/server/ByteBufferInputStream.java,20,2.0000,NO,NO,0.02000000,NO,0.09000000,NO_TO_NO,NO
ZOOKEEPER,src/java/main/org/apache/zookeeper/WatchedEvent.java,20,2.0000,NO,NO,0.00000000,NO,0.21000000,NO_TO_NO,NO
ZOOKEEPER,src/contrib/zooinspector/src/java/org/apache/zookeeper/inspector/gui/ZooInspectorNodeViewersPanel.java,20,7.0000,NO,NO,0.00000000,NO,0.12000000,NO_TO_NO,NO
ZOOKEEPER,src/contrib/loggraph/src/java/org/apache/zookeeper/graph/filterops/SymbolArg.java,20,1.0000,NO,NO,0.00000000,NO,0.00000000,NO_TO_NO,NO
ZOOKEEPER,src/java/main/org/apache/jute/compiler/JBuffer.java,20,1.0000,NO,NO,0.01000000,NO,0.03000000,NO_TO_NO,NO
ZOOKEEPER,src/java/main/org/apache/zookeeper/cli/CreateCommand.java,20,1.0000,YES,YES,0.88000000,YES,0.68000000,YES_TO_YES,NO
ZOOKEEPER,src/java/main/org/apache/zookeeper/CreateMode.java,20,1.0000,YES,YES,0.97000000,YES,0.80000000,YES_TO_YES,NO
ZOOKEEPER,src/docs/src/documentation/skinconf.xml,20,6.0000,NO,NO,0.00000000,NO,0.00000000,NO_TO_NO,NO
ZOOKEEPER,src/contrib/rest/src/java/org/apache/zookeeper/server/jersey/jaxb/ZStat.java,20,16.0000,NO,NO,0.00000000,NO,0.13000000,NO_TO_NO,NO
ZOOKEEPER,src/java/main/org/apache/zookeeper/server/quorum/QuorumPeerMain.java,20,4.0000,NO,NO,0.04000000,NO,0.10000000,NO_TO_NO,NO
ZOOKEEPER,src/java/main/org/apache/zookeeper/Transaction.java,20,3.0000,NO,NO,0.01000000,NO,0.06000000,NO_TO_NO,NO
ZOOKEEPER,src/contrib/zooinspector/src/java/org/apache/zookeeper/inspector/gui/IconResource.java,20,1.0000,NO,NO,0.02000000,NO,0.08000000,NO_TO_NO,NO
ZOOKEEPER,src/java/main/org/apache/zookeeper/server/NettyServerCnxn.java,20,15.0000,YES,YES,0.96000000,YES,0.93000000,YES_TO_YES,NO
ZOOKEEPER,src/contrib/loggraph/src/java/org/apache/zookeeper/graph/servlets/FileLoader.java,20,2.0000,NO,NO,0.00000000,NO,0.12000000,NO_TO_NO,NO
ZOOKEEPER,src/java/main/org/apache/zookeeper/server/quorum/ProposalRequestProcessor.java,20,1.0000,NO,NO,0.03000000,NO,0.04000000,NO_TO_NO,NO
ZOOKEEPER,src/java/main/org/apache/zookeeper/cli/GetAclCommand.java,20,2.0000,YES,YES,0.69000000,NO,0.49000000,YES_TO_NO,YES
ZOOKEEPER,src/java/main/org/apache/zookeeper/server/persistence/FileTxnLog.java,20,15.0000,YES,YES,0.98000000,YES,0.91000000,YES_TO_YES,NO
ZOOKEEPER,src/java/main/org/apache/zookeeper/cli/Ls2Command.java,20,1.0000,YES,YES,0.65000000,YES,0.59000000,YES_TO_YES,NO
ZOOKEEPER,src/java/main/org/apache/zookeeper/server/persistence/FileTxnSnapLog.java,20,8.0000,YES,YES,0.96000000,YES,0.86000000,YES_TO_YES,NO
ZOOKEEPER,src/java/main/org/apache/zookeeper/cli/DeleteCommand.java,20,1.0000,YES,YES,0.76000000,YES,0.59000000,YES_TO_YES,NO
ZOOKEEPER,docs/zookeeperOver.html,20,23.0000,NO,NO,0.00000000,NO,0.00000000,NO_TO_NO,NO
ZOOKEEPER,src/java/main/org/apache/zookeeper/cli/GetCommand.java,20,3.0000,YES,YES,0.83000000,YES,0.71000000,YES_TO_YES,NO
ZOOKEEPER,src/contrib/zooinspector/src/java/org/apache/zookeeper/inspector/gui/ZooInspectorAboutDialog.java,20,1.0000,NO,NO,0.03000000,NO,0.02000000,NO_TO_NO,NO
ZOOKEEPER,src/java/main/org/apache/zookeeper/ZKUtil.java,20,5.0000,YES,YES,0.95000000,YES,0.57000000,YES_TO_YES,NO
ZOOKEEPER,src/java/main/org/apache/zookeeper/AsyncCallback.java,20,1.0000,NO,NO,0.00000000,NO,0.05000000,NO_TO_NO,NO
ZOOKEEPER,src/java/main/org/apache/zookeeper/JLineZNodeCompletor.java,20,2.0000,NO,NO,0.03000000,NO,0.19000000,NO_TO_NO,NO
ZOOKEEPER,src/contrib/loggraph/src/java/org/apache/zookeeper/graph/FilterException.java,20,1.0000,NO,NO,0.00000000,NO,0.00000000,NO_TO_NO,NO
ZOOKEEPER,src/java/main/org/apache/zookeeper/server/quorum/LearnerZooKeeperServer.java,20,4.0000,NO,NO,0.01000000,NO,0.03000000,NO_TO_NO,NO
ZOOKEEPER,src/java/main/org/apache/zookeeper/server/persistence/FileSnap.java,20,8.0000,NO,NO,0.01000000,NO,0.12000000,NO_TO_NO,NO
ZOOKEEPER,src/contrib/zooinspector/src/java/org/apache/zookeeper/inspector/gui/ZooInspectorNodeViewersDialog.java,20,47.0000,NO,NO,0.01000000,NO,0.13000000,NO_TO_NO,NO
ZOOKEEPER,src/contrib/zooinspector/src/java/org/apache/zookeeper/inspector/ZooInspector.java,20,1.0000,YES,YES,0.81000000,YES,0.58000000,YES_TO_YES,NO
ZOOKEEPER,src/java/main/org/apache/zookeeper/cli/SetQuotaCommand.java,20,5.0000,YES,YES,0.73000000,NO,0.40000000,YES_TO_NO,YES
ZOOKEEPER,src/java/main/org/apache/jute/OutputArchive.java,20,3.0000,NO,NO,0.00000000,NO,0.04000000,NO_TO_NO,NO
ZOOKEEPER,src/java/main/org/apache/zookeeper/server/auth/KerberosName.java,20,6.0000,NO,NO,0.01000000,NO,0.19000000,NO_TO_NO,NO
ZOOKEEPER,src/java/main/org/apache/zookeeper/client/StaticHostProvider.java,20,9.0000,YES,YES,0.75000000,YES,0.72000000,YES_TO_YES,NO
ZOOKEEPER,src/java/main/org/apache/zookeeper/server/ConnectionBean.java,20,1.0000,YES,YES,1.00000000,YES,0.92000000,YES_TO_YES,NO
ZOOKEEPER,src/java/main/org/apache/zookeeper/server/NettyServerCnxnFactory.java,20,7.0000,YES,YES,0.97000000,YES,0.93000000,YES_TO_YES,NO
ZOOKEEPER,src/java/main/org/apache/zookeeper/ClientCnxnSocketNIO.java,20,4.0000,YES,YES,0.96000000,YES,0.92000000,YES_TO_YES,NO
ZOOKEEPER,docs/zookeeperObservers.html,20,4.0000,NO,NO,0.00000000,NO,0.00000000,NO_TO_NO,NO
ZOOKEEPER,src/java/main/org/apache/jute/compiler/JVector.java,20,14.0000,NO,NO,0.00000000,NO,0.10000000,NO_TO_NO,NO
ZOOKEEPER,src/contrib/loggraph/src/java/org/apache/zookeeper/graph/TransactionEntry.java,20,10.0000,NO,NO,0.00000000,NO,0.13000000,NO_TO_NO,NO
ZOOKEEPER,src/contrib/rest/src/java/org/apache/zookeeper/server/jersey/jaxb/ZSession.java,20,2.0000,NO,NO,0.00000000,NO,0.02000000,NO_TO_NO,NO
ZOOKEEPER,src/contrib/loggraph/src/java/org/apache/zookeeper/graph/TxnLogSource.java,20,13.0000,NO,NO,0.00000000,NO,0.15000000,NO_TO_NO,NO
ZOOKEEPER,src/java/main/org/apache/zookeeper/server/quorum/LearnerHandler.java,20,18.0000,YES,YES,1.00000000,YES,0.98000000,YES_TO_YES,NO
ZOOKEEPER,src/java/main/org/apache/jute/compiler/JFloat.java,20,1.0000,NO,NO,0.00000000,NO,0.01000000,NO_TO_NO,NO
ZOOKEEPER,docs/javaExample.html,20,7.0000,NO,NO,0.00000000,NO,0.00000000,NO_TO_NO,NO
ZOOKEEPER,src/java/main/org/apache/zookeeper/server/NIOServerCnxn.java,20,27.0000,YES,YES,1.00000000,YES,0.98000000,YES_TO_YES,NO
ZOOKEEPER,src/java/main/org/apache/jute/CsvInputArchive.java,20,12.0000,NO,NO,0.00000000,NO,0.04000000,NO_TO_NO,NO
ZOOKEEPER,src/java/main/org/apache/zookeeper/ServerAdminClient.java,20,16.0000,NO,NO,0.01000000,NO,0.25000000,NO_TO_NO,NO
ZOOKEEPER,src/java/main/org/apache/zookeeper/cli/SetAclCommand.java,20,1.0000,YES,YES,0.85000000,YES,0.65000000,YES_TO_YES,NO
ZOOKEEPER,src/contrib/loggraph/src/java/org/apache/zookeeper/graph/Log4JEntry.java,20,2.0000,NO,NO,0.00000000,NO,0.05000000,NO_TO_NO,NO
ZOOKEEPER,src/java/main/org/apache/zookeeper/server/quorum/FollowerRequestProcessor.java,20,1.0000,YES,YES,0.99000000,YES,0.89000000,YES_TO_YES,NO
ZOOKEEPER,src/contrib/huebrowser/zkui/src/zkui/rest.py,20,1.0000,NO,NO,0.00000000,NO,0.01000000,NO_TO_NO,NO
ZOOKEEPER,src/contrib/zooinspector/src/java/org/apache/zookeeper/inspector/gui/nodeviewer/NodeViewerMetaData.java,20,3.0000,NO,NO,0.00000000,NO,0.07000000,NO_TO_NO,NO
ZOOKEEPER,src/contrib/rest/src/java/org/apache/zookeeper/server/jersey/RestMain.java,20,6.0000,NO,NO,0.00000000,NO,0.10000000,NO_TO_NO,NO
ZOOKEEPER,src/java/main/org/apache/zookeeper/server/ZooKeeperSaslServer.java,20,11.0000,YES,YES,0.63000000,NO,0.32000000,YES_TO_NO,YES
ZOOKEEPER,src/java/main/org/apache/zookeeper/common/AtomicFileOutputStream.java,20,8.0000,YES,YES,0.65000000,NO,0.41000000,YES_TO_NO,YES
ZOOKEEPER,src/contrib/loggraph/src/java/org/apache/zookeeper/graph/servlets/GraphData.java,20,1.0000,NO,NO,0.00000000,NO,0.01000000,NO_TO_NO,NO
ZOOKEEPER,src/contrib/rest/src/java/org/apache/zookeeper/server/jersey/filters/HTTPBasicAuth.java,20,5.0000,NO,NO,0.01000000,NO,0.18000000,NO_TO_NO,NO
ZOOKEEPER,src/java/main/org/apache/zookeeper/server/quorum/LeaderZooKeeperServer.java,20,1.0000,NO,NO,0.00000000,NO,0.05000000,NO_TO_NO,NO
ZOOKEEPER,src/contrib/loggraph/src/java/org/apache/zookeeper/graph/Log4JSource.java,20,31.0000,NO,NO,0.01000000,NO,0.15000000,NO_TO_NO,NO
ZOOKEEPER,src/java/main/org/apache/zookeeper/server/quorum/ObserverZooKeeperServer.java,20,4.0000,YES,YES,0.85000000,NO,0.33000000,YES_TO_NO,YES
ZOOKEEPER,src/recipes/queue/src/java/org/apache/zookeeper/recipes/queue/DistributedQueue.java,20,10.0000,NO,NO,0.00000000,NO,0.08000000,NO_TO_NO,NO
ZOOKEEPER,docs/zookeeperAdmin.html,20,36.0000,NO,NO,0.00000000,NO,0.00000000,NO_TO_NO,NO
ZOOKEEPER,src/contrib/loggraph/src/java/org/apache/zookeeper/graph/MergedLogSource.java,20,21.0000,NO,NO,0.00000000,NO,0.05000000,NO_TO_NO,NO
ZOOKEEPER,src/contrib/rest/src/python/test.py,20,4.0000,NO,NO,0.00000000,NO,0.01000000,NO_TO_NO,NO
ZOOKEEPER,src/docs/src/documentation/content/xdocs/site.xml,20,1.0000,NO,NO,0.00000000,NO,0.00000000,NO_TO_NO,NO
ZOOKEEPER,src/contrib/zooinspector/src/java/org/apache/zookeeper/inspector/gui/ZooInspectorConnectionPropertiesDialog.java,20,9.0000,NO,NO,0.00000000,NO,0.13000000,NO_TO_NO,NO
ZOOKEEPER,src/java/main/org/apache/zookeeper/server/auth/AuthenticationProvider.java,20,2.0000,NO,NO,0.00000000,NO,0.06000000,NO_TO_NO,NO
ZOOKEEPER,src/contrib/zkpython/src/python/zk.py,20,13.0000,NO,NO,0.00000000,NO,0.01000000,NO_TO_NO,NO
ZOOKEEPER,src/java/main/org/apache/jute/compiler/CppGenerator.java,20,1.0000,NO,NO,0.03000000,NO,0.05000000,NO_TO_NO,NO
ZOOKEEPER,src/java/main/org/apache/jute/XmlInputArchive.java,20,17.0000,NO,NO,0.00000000,NO,0.11000000,NO_TO_NO,NO
ZOOKEEPER,src/contrib/rest/src/java/org/apache/zookeeper/server/jersey/jaxb/ZPath.java,20,2.0000,NO,NO,0.00000000,NO,0.04000000,NO_TO_NO,NO
ZOOKEEPER,src/contrib/loggraph/src/java/org/apache/zookeeper/graph/filterops/XorOp.java,20,1.0000,NO,NO,0.00000000,NO,0.00000000,NO_TO_NO,NO
ZOOKEEPER,src/java/main/org/apache/zookeeper/version/util/VerGen.java,20,15.0000,NO,NO,0.00000000,NO,0.20000000,NO_TO_NO,NO
ZOOKEEPER,src/contrib/loggraph/src/java/org/apache/zookeeper/graph/filterops/LessThanOp.java,20,2.0000,NO,NO,0.01000000,NO,0.10000000,NO_TO_NO,NO
ZOOKEEPER,src/java/main/org/apache/jute/compiler/JCompType.java,20,1.0000,NO,NO,0.00000000,NO,0.03000000,NO_TO_NO,NO
ZOOKEEPER,src/recipes/lock/src/java/org/apache/zookeeper/recipes/lock/ZNodeName.java,20,4.0000,NO,NO,0.01000000,NO,0.07000000,NO_TO_NO,NO
ZOOKEEPER,src/java/main/org/apache/zookeeper/cli/SetCommand.java,20,1.0000,YES,YES,0.94000000,YES,0.79000000,YES_TO_YES,NO
ZOOKEEPER,src/java/main/org/apache/zookeeper/server/quorum/LearnerSessionTracker.java,20,7.0000,NO,NO,0.01000000,NO,0.07000000,NO_TO_NO,NO
ZOOKEEPER,src/java/main/org/apache/zookeeper/server/ByteBufferOutputStream.java,20,2.0000,NO,NO,0.00000000,NO,0.05000000,NO_TO_NO,NO
ZOOKEEPER,docs/zookeeperOtherInfo.html,20,3.0000,NO,NO,0.00000000,NO,0.00000000,NO_TO_NO,NO
ZOOKEEPER,src/contrib/fatjar/src/java/org/apache/zookeeper/util/FatJarMain.java,20,10.0000,NO,NO,0.00000000,NO,0.18000000,NO_TO_NO,NO
ZOOKEEPER,src/contrib/loggraph/src/java/org/apache/zookeeper/graph/FilterParser.java,20,5.0000,NO,NO,0.00000000,NO,0.06000000,NO_TO_NO,NO
ZOOKEEPER,src/java/main/org/apache/zookeeper/server/DataTree.java,20,51.0000,YES,YES,1.00000000,YES,0.98000000,YES_TO_YES,NO
ZOOKEEPER,src/java/main/org/apache/jute/compiler/JString.java,20,1.0000,NO,NO,0.00000000,NO,0.02000000,NO_TO_NO,NO
ZOOKEEPER,src/contrib/rest/src/java/org/apache/zookeeper/server/jersey/jaxb/ZError.java,20,2.0000,NO,NO,0.00000000,NO,0.00000000,NO_TO_NO,NO
ZOOKEEPER,src/contrib/zooinspector/src/java/org/apache/zookeeper/inspector/gui/ZooInspectorTreeViewer.java,20,6.0000,NO,NO,0.00000000,NO,0.09000000,NO_TO_NO,NO
ZOOKEEPER,src/java/main/org/apache/zookeeper/Login.java,20,11.0000,YES,YES,0.96000000,YES,0.87000000,YES_TO_YES,NO
ZOOKEEPER,src/contrib/loggraph/src/java/org/apache/zookeeper/graph/FilterOp.java,20,4.0000,NO,NO,0.00000000,NO,0.13000000,NO_TO_NO,NO
ZOOKEEPER,src/contrib/rest/src/python/demo_master_election.py,20,5.0000,NO,NO,0.00000000,NO,0.01000000,NO_TO_NO,NO
ZOOKEEPER,src/java/main/org/apache/zookeeper/Quotas.java,20,5.0000,NO,NO,0.00000000,NO,0.04000000,NO_TO_NO,NO
ZOOKEEPER,src/java/main/org/apache/jute/CsvOutputArchive.java,20,4.0000,NO,NO,0.00000000,NO,0.09000000,NO_TO_NO,NO
ZOOKEEPER,src/java/main/org/apache/jute/compiler/JFile.java,20,2.0000,NO,NO,0.00000000,NO,0.08000000,NO_TO_NO,NO
ZOOKEEPER,docs/zookeeperStarted.html,20,10.0000,NO,NO,0.00000000,NO,0.00000000,NO_TO_NO,NO
ZOOKEEPER,docs/zookeeperQuotas.html,20,5.0000,NO,NO,0.00000000,NO,0.00000000,NO_TO_NO,NO
ZOOKEEPER,src/java/main/org/apache/zookeeper/cli/CliCommand.java,20,8.0000,YES,YES,0.78000000,NO,0.22000000,YES_TO_NO,YES
ZOOKEEPER,src/contrib/rest/src/python/demo_queue.py,20,6.0000,NO,NO,0.00000000,NO,0.01000000,NO_TO_NO,NO
ZOOKEEPER,src/contrib/monitoring/ganglia/zookeeper_ganglia.py,20,5.0000,NO,NO,0.00000000,NO,0.01000000,NO_TO_NO,NO
ZOOKEEPER,src/contrib/rest/src/java/org/apache/zookeeper/server/jersey/cfg/RestCfg.java,20,2.0000,NO,NO,0.03000000,NO,0.01000000,NO_TO_NO,NO
ZOOKEEPER,src/contrib/loggraph/src/java/org/apache/zookeeper/graph/JsonGenerator.java,20,22.0000,NO,NO,0.00000000,NO,0.04000000,NO_TO_NO,NO
ZOOKEEPER,src/java/main/org/apache/zookeeper/server/auth/IPAuthenticationProvider.java,20,12.0000,YES,YES,0.69000000,NO,0.38000000,YES_TO_NO,YES
ZOOKEEPER,src/java/main/org/apache/zookeeper/jmx/MBeanRegistry.java,20,4.0000,YES,YES,0.96000000,YES,0.82000000,YES_TO_YES,NO
ZOOKEEPER,docs/recipes.html,20,18.0000,NO,NO,0.00000000,NO,0.00000000,NO_TO_NO,NO
ZOOKEEPER,src/java/main/org/apache/zookeeper/server/util/KerberosUtil.java,20,5.0000,YES,YES,0.64000000,NO,0.22000000,YES_TO_NO,YES
ZOOKEEPER,src/contrib/loggraph/src/java/org/apache/zookeeper/graph/LogSkipList.java,20,3.0000,NO,NO,0.00000000,NO,0.04000000,NO_TO_NO,NO
ZOOKEEPER,src/contrib/zooinspector/src/java/org/apache/zookeeper/inspector/gui/nodeviewer/NodeViewerACL.java,20,3.0000,NO,NO,0.00000000,NO,0.07000000,NO_TO_NO,NO
ZOOKEEPER,src/java/main/org/apache/zookeeper/client/ZooKeeperSaslClient.java,20,22.0000,YES,YES,0.87000000,YES,0.84000000,YES_TO_YES,NO
ZOOKEEPER,src/java/main/org/apache/zookeeper/Version.java,20,4.0000,NO,NO,0.00000000,NO,0.06000000,NO_TO_NO,NO
ZOOKEEPER,docs/zookeeperJMX.html,20,9.0000,NO,NO,0.00000000,NO,0.00000000,NO_TO_NO,NO
ZOOKEEPER,src/java/main/org/apache/zookeeper/server/ServerCnxn.java,20,39.0000,NO,NO,0.00000000,NO,0.35000000,NO_TO_NO,NO
ZOOKEEPER,src/contrib/zooinspector/src/java/org/apache/zookeeper/inspector/encryption/DataEncryptionManager.java,20,2.0000,NO,NO,0.00000000,NO,0.00000000,NO_TO_NO,NO
ZOOKEEPER,src/java/main/org/apache/zookeeper/Watcher.java,20,18.0000,NO,NO,0.04000000,NO,0.13000000,NO_TO_NO,NO
ZOOKEEPER,src/java/main/org/apache/zookeeper/server/util/ConfigUtils.java,21,4.0000,YES,YES,0.76000000,YES,0.65000000,YES_TO_YES,NO
ZOOKEEPER,src/java/main/org/apache/jute/compiler/JDouble.java,21,1.0000,NO,NO,0.00000000,NO,0.01000000,NO_TO_NO,NO
ZOOKEEPER,src/java/main/org/apache/zookeeper/server/auth/ProviderRegistry.java,21,3.0000,NO,NO,0.02000000,NO,0.04000000,NO_TO_NO,NO
ZOOKEEPER,src/java/main/org/apache/jute/compiler/CGenerator.java,21,1.0000,NO,NO,0.03000000,NO,0.07000000,NO_TO_NO,NO
ZOOKEEPER,src/java/main/org/apache/zookeeper/server/util/OSMXBean.java,21,9.0000,YES,YES,0.81000000,YES,0.74000000,YES_TO_YES,NO
ZOOKEEPER,src/contrib/zooinspector/src/java/com/nitido/utils/toaster/Toaster.java,21,5.0000,NO,NO,0.01000000,NO,0.15000000,NO_TO_NO,NO
ZOOKEEPER,src/java/main/org/apache/zookeeper/cli/LsCommand.java,21,2.0000,YES,YES,0.84000000,YES,0.65000000,YES_TO_YES,NO
ZOOKEEPER,src/java/main/org/apache/zookeeper/server/NIOServerCnxnFactory.java,21,18.0000,YES,YES,0.91000000,YES,0.88000000,YES_TO_YES,NO
ZOOKEEPER,src/java/main/org/apache/zookeeper/server/quorum/flexible/QuorumMaj.java,21,4.0000,NO,NO,0.05000000,NO,0.09000000,NO_TO_NO,NO
ZOOKEEPER,src/java/main/org/apache/zookeeper/server/PurgeTxnLog.java,21,11.0000,YES,YES,0.89000000,YES,0.65000000,YES_TO_YES,NO
ZOOKEEPER,src/contrib/rest/src/java/org/apache/zookeeper/server/jersey/resources/JAXBContextResolver.java,21,3.0000,NO,NO,0.01000000,NO,0.11000000,NO_TO_NO,NO
ZOOKEEPER,src/recipes/election/src/java/org/apache/zookeeper/recipes/leader/LeaderElectionSupport.java,21,12.0000,NO,NO,0.01000000,NO,0.13000000,NO_TO_NO,NO
ZOOKEEPER,src/contrib/loggraph/src/java/org/apache/zookeeper/graph/RandomAccessFileReader.java,21,28.0000,YES,YES,0.64000000,NO,0.42000000,YES_TO_NO,YES
ZOOKEEPER,src/java/main/org/apache/jute/compiler/JField.java,21,1.0000,NO,NO,0.01000000,NO,0.04000000,NO_TO_NO,NO
ZOOKEEPER,src/java/main/org/apache/zookeeper/server/quorum/LeaderBean.java,21,1.0000,NO,NO,0.02000000,NO,0.03000000,NO_TO_NO,NO
ZOOKEEPER,src/java/main/org/apache/zookeeper/client/ConnectStringParser.java,21,3.0000,NO,NO,0.15000000,NO,0.21000000,NO_TO_NO,NO
ZOOKEEPER,src/java/main/org/apache/zookeeper/cli/DelQuotaCommand.java,21,5.0000,YES,YES,0.75000000,YES,0.54000000,YES_TO_YES,NO
ZOOKEEPER,src/java/main/org/apache/zookeeper/server/quorum/flexible/QuorumHierarchical.java,21,19.0000,YES,YES,0.84000000,YES,0.79000000,YES_TO_YES,NO
ZOOKEEPER,docs/zookeeperInternals.html,21,13.0000,NO,NO,0.00000000,NO,0.00000000,NO_TO_NO,NO
ZOOKEEPER,docs/releasenotes.html,21,11.0000,NO,NO,0.00000000,NO,0.00000000,NO_TO_NO,NO
ZOOKEEPER,src/java/main/org/apache/zookeeper/server/util/ZxidUtils.java,21,5.0000,NO,NO,0.00000000,NO,0.00000000,NO_TO_NO,NO
ZOOKEEPER,docs/bookkeeperConfig.html,21,5.0000,NO,NO,0.00000000,NO,0.00000000,NO_TO_NO,NO
ZOOKEEPER,src/java/main/org/apache/zookeeper/common/StringUtils.java,21,1.0000,NO,NO,0.20000000,NO,0.22000000,NO_TO_NO,NO
ZOOKEEPER,src/java/main/org/apache/zookeeper/server/quorum/Follower.java,21,4.0000,YES,YES,0.92000000,YES,0.92000000,YES_TO_YES,NO
ZOOKEEPER,docs/bookkeeperStarted.html,21,8.0000,NO,NO,0.00000000,NO,0.00000000,NO_TO_NO,NO
ZOOKEEPER,src/java/main/org/apache/zookeeper/common/PathUtils.java,21,4.0000,YES,YES,0.86000000,YES,0.74000000,YES_TO_YES,NO
ZOOKEEPER,src/java/main/org/apache/jute/RecordWriter.java,21,12.0000,NO,NO,0.00000000,NO,0.06000000,NO_TO_NO,NO
ZOOKEEPER,src/java/main/org/apache/zookeeper/server/ServerCnxnFactory.java,21,8.0000,NO,NO,0.27000000,NO,0.28000000,NO_TO_NO,NO
ZOOKEEPER,src/contrib/monitoring/check_zookeeper.py,21,19.0000,NO,NO,0.00000000,NO,0.01000000,NO_TO_NO,NO
ZOOKEEPER,src/contrib/loggraph/src/java/org/apache/zookeeper/graph/servlets/StaticContent.java,21,1.0000,YES,YES,0.54000000,NO,0.37000000,YES_TO_NO,YES
ZOOKEEPER,src/java/main/org/apache/zookeeper/Op.java,21,2.0000,NO,NO,0.32000000,NO,0.31000000,NO_TO_NO,NO
ZOOKEEPER,src/java/main/org/apache/zookeeper/server/persistence/Util.java,21,9.0000,YES,YES,1.00000000,YES,0.87000000,YES_TO_YES,NO
ZOOKEEPER,src/contrib/zooinspector/src/java/org/apache/zookeeper/inspector/gui/Toolbar.java,21,11.0000,NO,NO,0.00000000,NO,0.06000000,NO_TO_NO,NO
ZOOKEEPER,src/java/main/org/apache/zookeeper/ClientCnxn.java,21,42.0000,YES,YES,1.00000000,YES,0.97000000,YES_TO_YES,NO
ZOOKEEPER,src/java/main/org/apache/zookeeper/server/quorum/QuorumPeerConfig.java,21,28.0000,YES,YES,1.00000000,YES,0.99000000,YES_TO_YES,NO
ZOOKEEPER,src/java/main/org/apache/jute/compiler/JRecord.java,21,36.0000,NO,NO,0.08000000,NO,0.36000000,NO_TO_NO,NO
ZOOKEEPER,src/contrib/loggraph/src/java/org/apache/zookeeper/graph/LogEntry.java,21,6.0000,NO,NO,0.01000000,NO,0.19000000,NO_TO_NO,NO
ZOOKEEPER,src/java/main/org/apache/jute/Utils.java,21,15.0000,YES,YES,0.66000000,NO,0.49000000,YES_TO_NO,YES
ZOOKEEPER,src/java/main/org/apache/zookeeper/jmx/CommonNames.java,21,2.0000,NO,NO,0.03333333,NO,0.05666667,NO_TO_NO,NO
ZOOKEEPER,src/contrib/loggraph/src/java/org/apache/zookeeper/graph/LogIterator.java,21,2.0000,NO,NO,0.01000000,NO,0.01000000,NO_TO_NO,NO
ZOOKEEPER,src/contrib/zkpython/src/examples/watch_znode_for_changes.py,21,3.0000,NO,NO,0.00000000,NO,0.01000000,NO_TO_NO,NO
ZOOKEEPER,src/java/main/org/apache/zookeeper/server/ServerStats.java,21,11.0000,YES,YES,0.99000000,YES,0.88000000,YES_TO_YES,NO
ZOOKEEPER,src/java/main/org/apache/zookeeper/server/quorum/Leader.java,21,64.0000,YES,YES,0.99000000,YES,0.97000000,YES_TO_YES,NO
ZOOKEEPER,src/java/main/org/apache/zookeeper/MultiTransactionRecord.java,21,1.0000,YES,YES,0.72000000,YES,0.70000000,YES_TO_YES,NO
ZOOKEEPER,src/java/main/org/apache/zookeeper/server/ZooKeeperServer.java,21,19.0000,YES,YES,1.00000000,YES,0.97000000,YES_TO_YES,NO
ZOOKEEPER,src/java/main/org/apache/zookeeper/server/ExpiryQueue.java,21,3.0000,YES,YES,0.82000000,YES,0.78000000,YES_TO_YES,NO
ZOOKEEPER,src/java/main/org/apache/zookeeper/ZooKeeperMain.java,21,51.0000,YES,YES,1.00000000,YES,0.95000000,YES_TO_YES,NO
ZOOKEEPER,src/java/main/org/apache/zookeeper/ZooKeeper.java,21,38.0000,YES,YES,1.00000000,YES,0.97000000,YES_TO_YES,NO
ZOOKEEPER,src/java/main/org/apache/zookeeper/Environment.java,21,2.0000,NO,NO,0.03000000,NO,0.13000000,NO_TO_NO,NO
ZOOKEEPER,src/contrib/zooinspector/src/java/org/apache/zookeeper/inspector/manager/ZooInspectorManagerImpl.java,21,29.0000,YES,YES,0.89000000,YES,0.86000000,YES_TO_YES,NO
ZOOKEEPER,docs/zookeeperHierarchicalQuorums.html,21,1.0000,NO,NO,0.00000000,NO,0.00000000,NO_TO_NO,NO
ZOOKEEPER,src/java/main/org/apache/zookeeper/server/quorum/QuorumStats.java,21,5.0000,NO,NO,0.03000000,NO,0.07000000,NO_TO_NO,NO
ZOOKEEPER,src/java/main/org/apache/jute/compiler/JMap.java,21,10.0000,NO,NO,0.00000000,NO,0.10000000,NO_TO_NO,NO
ZOOKEEPER,src/java/main/org/apache/zookeeper/MultiResponse.java,21,3.0000,NO,NO,0.13000000,NO,0.23000000,NO_TO_NO,NO
ZOOKEEPER,src/java/main/org/apache/zookeeper/server/TraceFormatter.java,21,4.0000,YES,YES,0.84000000,YES,0.78000000,YES_TO_YES,NO
ZOOKEEPER,src/java/main/org/apache/zookeeper/server/auth/DigestAuthenticationProvider.java,21,14.0000,NO,NO,0.03000000,NO,0.18000000,NO_TO_NO,NO
ZOOKEEPER,docs/zookeeperTutorial.html,21,5.0000,NO,NO,0.00000000,NO,0.00000000,NO_TO_NO,NO
ZOOKEEPER,src/java/main/org/apache/zookeeper/server/auth/SaslServerCallbackHandler.java,21,3.0000,NO,NO,0.00000000,NO,0.07000000,NO_TO_NO,NO
ZOOKEEPER,src/java/main/org/apache/zookeeper/cli/AclParser.java,21,6.0000,NO,NO,0.13000000,NO,0.30000000,NO_TO_NO,NO
ZOOKEEPER,src/java/main/org/apache/zookeeper/server/ZooKeeperServerMain.java,21,4.0000,NO,NO,0.10000000,NO,0.11000000,NO_TO_NO,NO
ZOOKEEPER,docs/bookkeeperStream.html,21,4.0000,NO,NO,0.00000000,NO,0.00000000,NO_TO_NO,NO
ZOOKEEPER,src/java/main/org/apache/zookeeper/server/ZooTrace.java,21,16.0000,NO,NO,0.08000000,NO,0.14000000,NO_TO_NO,NO
ZOOKEEPER,src/java/main/org/apache/zookeeper/server/quorum/QuorumCnxManager.java,21,22.0000,YES,YES,1.00000000,YES,0.98000000,YES_TO_YES,NO
ZOOKEEPER,src/contrib/zooinspector/src/java/org/apache/zookeeper/inspector/logger/LoggerFactory.java,21,1.0000,NO,NO,0.01000000,NO,0.00000000,NO_TO_NO,NO
ZOOKEEPER,src/contrib/loggraph/src/java/org/apache/zookeeper/graph/filterops/NumberArg.java,21,1.0000,NO,NO,0.00000000,NO,0.00000000,NO_TO_NO,NO
ZOOKEEPER,src/java/main/org/apache/zookeeper/jmx/ManagedUtil.java,21,3.0000,YES,YES,0.95000000,YES,0.57000000,YES_TO_YES,NO
ZOOKEEPER,src/contrib/huebrowser/zkui/src/zkui/utils.py,21,1.0000,NO,NO,0.00000000,NO,0.00000000,NO_TO_NO,NO
ZOOKEEPER,src/contrib/huebrowser/zkui/src/zkui/stats.py,21,2.0000,NO,NO,0.00000000,NO,0.01000000,NO_TO_NO,NO
ZOOKEEPER,src/java/main/org/apache/zookeeper/server/LogFormatter.java,21,6.0000,NO,NO,0.03000000,NO,0.10000000,NO_TO_NO,NO
ZOOKEEPER,src/java/main/org/apache/zookeeper/server/quorum/FastLeaderElection.java,21,30.0000,YES,YES,1.00000000,YES,0.99000000,YES_TO_YES,NO
ZOOKEEPER,src/java/main/org/apache/jute/compiler/JType.java,21,8.0000,NO,NO,0.00000000,NO,0.04000000,NO_TO_NO,NO
ZOOKEEPER,src/docs/status.xml,21,1.0000,NO,NO,0.00000000,NO,0.00000000,NO_TO_NO,NO
ZOOKEEPER,src/java/main/org/apache/zookeeper/server/quorum/UpgradeableSessionTracker.java,21,2.0000,NO,NO,0.04000000,NO,0.03000000,NO_TO_NO,NO
ZOOKEEPER,src/java/main/org/apache/zookeeper/common/PathTrie.java,21,3.0000,NO,NO,0.27000000,NO,0.29000000,NO_TO_NO,NO
ZOOKEEPER,src/java/main/org/apache/zookeeper/server/SyncRequestProcessor.java,21,9.0000,YES,YES,0.94000000,YES,0.85000000,YES_TO_YES,NO
ZOOKEEPER,src/java/main/org/apache/zookeeper/server/FinalRequestProcessor.java,21,7.0000,YES,YES,0.99000000,YES,0.97000000,YES_TO_YES,NO
ZOOKEEPER,src/java/main/org/apache/zookeeper/server/quorum/CommitProcessor.java,21,7.0000,YES,YES,0.98000000,YES,0.88000000,YES_TO_YES,NO
ZOOKEEPER,src/contrib/loggraph/src/java/org/apache/zookeeper/graph/servlets/Throughput.java,21,5.0000,NO,NO,0.04000000,NO,0.09000000,NO_TO_NO,NO
ZOOKEEPER,src/java/main/org/apache/zookeeper/server/SessionTrackerImpl.java,21,7.0000,YES,YES,0.96000000,YES,0.87000000,YES_TO_YES,NO
ZOOKEEPER,src/contrib/loggraph/src/java/org/apache/zookeeper/graph/filterops/StringArg.java,21,1.0000,NO,NO,0.00000000,NO,0.00000000,NO_TO_NO,NO
ZOOKEEPER,src/java/main/org/apache/zookeeper/Shell.java,21,13.0000,YES,YES,0.90000000,YES,0.82000000,YES_TO_YES,NO
ZOOKEEPER,src/contrib/zooinspector/src/java/org/apache/zookeeper/inspector/gui/ZooInspectorPanel.java,21,17.0000,NO,NO,0.01000000,NO,0.06000000,NO_TO_NO,NO
ZOOKEEPER,src/java/main/org/apache/jute/BinaryInputArchive.java,21,11.0000,YES,YES,0.74000000,YES,0.58000000,YES_TO_YES,NO
ZOOKEEPER,src/contrib/rest/src/java/org/apache/zookeeper/server/jersey/cfg/HostPortSet.java,21,2.0000,NO,NO,0.01000000,NO,0.02000000,NO_TO_NO,NO
ZOOKEEPER,src/java/main/org/apache/zookeeper/cli/ListQuotaCommand.java,21,1.0000,YES,YES,0.94000000,YES,0.84000000,YES_TO_YES,NO
ZOOKEEPER,src/contrib/monitoring/test.py,21,2.0000,NO,NO,0.00000000,NO,0.01000000,NO_TO_NO,NO
ZOOKEEPER,src/contrib/loggraph/src/java/org/apache/zookeeper/graph/filterops/GreaterThanOp.java,21,3.0000,NO,NO,0.02000000,NO,0.11000000,NO_TO_NO,NO
ZOOKEEPER,src/java/main/org/apache/zookeeper/server/auth/SASLAuthenticationProvider.java,21,3.0000,YES,YES,0.85000000,YES,0.81000000,YES_TO_YES,NO
ZOOKEEPER,src/java/main/org/apache/zookeeper/server/DataNode.java,21,10.0000,NO,NO,0.05000000,NO,0.10000000,NO_TO_NO,NO
ZOOKEEPER,docs/bookkeeperOverview.html,21,12.0000,NO,NO,0.00000000,NO,0.00000000,NO_TO_NO,NO
ZOOKEEPER,src/java/main/org/apache/zookeeper/server/auth/DigestLoginModule.java,21,4.0000,NO,NO,0.01000000,NO,0.13000000,NO_TO_NO,NO
ZOOKEEPER,docs/bookkeeperProgrammer.html,21,9.0000,NO,NO,0.00000000,NO,0.00000000,NO_TO_NO,NO
ZOOKEEPER,src/contrib/rest/src/python/zk_dump_tree.py,21,10.0000,NO,NO,0.00000000,NO,0.01000000,NO_TO_NO,NO
ZOOKEEPER,src/contrib/rest/src/java/org/apache/zookeeper/server/jersey/resources/SessionsResource.java,21,2.0000,NO,NO,0.04000000,NO,0.14000000,NO_TO_NO,NO
ZOOKEEPER,src/java/main/org/apache/jute/BinaryOutputArchive.java,21,7.0000,NO,NO,0.00000000,NO,0.03000000,NO_TO_NO,NO
ZOOKEEPER,src/contrib/loggraph/src/java/org/apache/zookeeper/graph/MeasureThroughput.java,21,11.0000,NO,NO,0.05000000,NO,0.10000000,NO_TO_NO,NO
ZOOKEEPER,src/java/main/org/apache/zookeeper/client/FourLetterWordMain.java,21,3.0000,YES,YES,0.73000000,NO,0.39000000,YES_TO_NO,YES
ZOOKEEPER,src/contrib/huebrowser/zkui/src/zkui/views.py,21,1.0000,NO,NO,0.00000000,NO,0.01000000,NO_TO_NO,NO
ZOOKEEPER,src/java/main/org/apache/zookeeper/server/quorum/FollowerZooKeeperServer.java,21,3.0000,NO,NO,0.10000000,NO,0.18000000,NO_TO_NO,NO
ZOOKEEPER,src/java/main/org/apache/zookeeper/server/WatchManager.java,21,4.0000,NO,NO,0.23000000,NO,0.29000000,NO_TO_NO,NO
ZOOKEEPER,docs/zookeeperProgrammers.html,21,35.0000,NO,NO,0.00000000,NO,0.00000000,NO_TO_NO,NO
ZOOKEEPER,src/contrib/loggraph/src/java/org/apache/zookeeper/graph/servlets/Fs.java,21,2.0000,NO,NO,0.00000000,NO,0.11000000,NO_TO_NO,NO
ZOOKEEPER,src/contrib/rest/src/java/org/apache/zookeeper/server/jersey/resources/ZNodeResource.java,21,3.0000,NO,NO,0.03000000,NO,0.11000000,NO_TO_NO,NO
ZOOKEEPER,src/contrib/zooinspector/src/java/org/apache/zookeeper/retry/ZooKeeperRetry.java,21,5.0000,NO,NO,0.01000000,NO,0.14000000,NO_TO_NO,NO
ZOOKEEPER,src/java/main/org/apache/zookeeper/server/util/SerializeUtils.java,21,4.0000,NO,NO,0.20000000,NO,0.20000000,NO_TO_NO,NO
ZOOKEEPER,src/contrib/loggraph/src/java/org/apache/zookeeper/graph/LogServer.java,21,2.0000,NO,NO,0.02000000,NO,0.17000000,NO_TO_NO,NO
ZOOKEEPER,src/java/main/org/apache/zookeeper/server/quorum/ObserverRequestProcessor.java,21,1.0000,YES,YES,0.82000000,YES,0.81000000,YES_TO_YES,NO
ZOOKEEPER,src/contrib/zooinspector/src/java/org/apache/zookeeper/inspector/gui/nodeviewer/NodeViewerData.java,21,4.0000,YES,YES,0.90000000,YES,0.75000000,YES_TO_YES,NO
ZOOKEEPER,src/contrib/loggraph/src/java/org/apache/zookeeper/graph/servlets/NumEvents.java,21,3.0000,YES,YES,0.64000000,NO,0.21000000,YES_TO_NO,YES
ZOOKEEPER,src/recipes/lock/src/java/org/apache/zookeeper/recipes/lock/WriteLock.java,21,3.0000,NO,NO,0.01000000,NO,0.11000000,NO_TO_NO,NO
ZOOKEEPER,src/java/main/org/apache/zookeeper/cli/GetConfigCommand.java,21,4.0000,YES,YES,0.68000000,YES,0.56000000,YES_TO_YES,NO
ZOOKEEPER,src/java/main/org/apache/zookeeper/ZooDefs.java,21,35.0000,NO,NO,0.11000000,NO,0.16000000,NO_TO_NO,NO
ZOOKEEPER,src/contrib/rest/src/java/org/apache/zookeeper/server/jersey/jaxb/ZChildren.java,21,7.0000,NO,NO,0.02000000,NO,0.27000000,NO_TO_NO,NO
ZOOKEEPER,src/java/main/org/apache/zookeeper/server/quorum/ReadOnlyRequestProcessor.java,21,5.0000,YES,YES,0.88000000,YES,0.86000000,YES_TO_YES,NO
ZOOKEEPER,src/java/main/org/apache/zookeeper/server/quorum/Vote.java,21,5.0000,YES,YES,0.81000000,YES,0.62000000,YES_TO_YES,NO
ZOOKEEPER,src/java/main/org/apache/zookeeper/server/PrepRequestProcessor.java,21,27.0000,YES,YES,1.00000000,YES,0.99000000,YES_TO_YES,NO
ZOOKEEPER,src/java/main/org/apache/jute/RecordReader.java,21,12.0000,NO,NO,0.00000000,NO,0.06000000,NO_TO_NO,NO
ZOOKEEPER,src/java/main/org/apache/zookeeper/server/quorum/LeaderElection.java,21,19.0000,NO,NO,0.02000000,NO,0.36000000,NO_TO_NO,NO
ZOOKEEPER,src/java/main/org/apache/zookeeper/common/IOUtils.java,21,2.0000,NO,NO,0.16000000,NO,0.28000000,NO_TO_NO,NO
ZOOKEEPER,src/java/main/org/apache/zookeeper/server/quorum/Learner.java,21,18.0000,YES,YES,0.98000000,YES,0.92000000,YES_TO_YES,NO
ZOOKEEPER,src/contrib/rest/src/python/zkrest.py,21,1.0000,NO,NO,0.00000000,NO,0.01000000,NO_TO_NO,NO
ZOOKEEPER,src/contrib/rest/src/java/org/apache/zookeeper/server/jersey/ZooKeeperService.java,21,14.0000,NO,NO,0.03000000,NO,0.20000000,NO_TO_NO,NO
ZOOKEEPER,src/java/main/org/apache/zookeeper/server/SnapshotFormatter.java,21,16.0000,YES,YES,0.82000000,YES,0.61000000,YES_TO_YES,NO
ZOOKEEPER,src/java/main/org/apache/zookeeper/server/quorum/AuthFastLeaderElection.java,21,46.0000,YES,YES,0.99000000,YES,0.92000000,YES_TO_YES,NO
ZOOKEEPER,src/java/main/org/apache/zookeeper/server/Request.java,21,6.0000,YES,YES,0.96000000,YES,0.86000000,YES_TO_YES,NO
ZOOKEEPER,src/java/main/org/apache/zookeeper/cli/ReconfigCommand.java,21,4.0000,YES,YES,0.91000000,YES,0.91000000,YES_TO_YES,NO
ZOOKEEPER,src/contrib/loggraph/src/java/org/apache/zookeeper/graph/servlets/JsonServlet.java,21,4.0000,NO,NO,0.00000000,NO,0.14000000,NO_TO_NO,NO
ZOOKEEPER,src/java/main/org/apache/zookeeper/KeeperException.java,21,89.0000,YES,YES,0.99000000,YES,0.88000000,YES_TO_YES,NO
ZOOKEEPER,src/java/main/org/apache/zookeeper/server/ZKDatabase.java,21,10.0000,YES,YES,0.99000000,YES,0.93000000,YES_TO_YES,NO
ZOOKEEPER,src/java/main/org/apache/zookeeper/server/quorum/QuorumPeer.java,21,64.0000,YES,YES,1.00000000,YES,0.98000000,YES_TO_YES,NO
ZOOKEEPER,src/java/main/org/apache/jute/XmlOutputArchive.java,21,8.0000,NO,NO,0.02000000,NO,0.18000000,NO_TO_NO,NO
ZOOKEEPER,src/java/main/org/apache/zookeeper/server/UnimplementedRequestProcessor.java,21,1.0000,NO,NO,0.18000000,NO,0.19000000,NO_TO_NO,NO
ZOOKEEPER,src/recipes/lock/src/java/org/apache/zookeeper/recipes/lock/ProtocolSupport.java,21,2.0000,NO,NO,0.01000000,NO,0.08000000,NO_TO_NO,NO
ZOOKEEPER,src/contrib/rest/src/java/org/apache/zookeeper/server/jersey/jaxb/ZChildrenJSON.java,21,8.0000,NO,NO,0.01000000,NO,0.29000000,NO_TO_NO,NO
ZOOKEEPER,src/java/main/org/apache/zookeeper/server/ByteBufferInputStream.java,21,2.0000,YES,YES,0.68000000,YES,0.53000000,YES_TO_YES,NO
ZOOKEEPER,src/java/main/org/apache/zookeeper/WatchedEvent.java,21,2.0000,NO,NO,0.05000000,NO,0.30000000,NO_TO_NO,NO
ZOOKEEPER,src/contrib/zooinspector/src/java/org/apache/zookeeper/inspector/gui/ZooInspectorNodeViewersPanel.java,21,7.0000,NO,NO,0.01000000,NO,0.13000000,NO_TO_NO,NO
ZOOKEEPER,src/contrib/loggraph/src/java/org/apache/zookeeper/graph/filterops/SymbolArg.java,21,1.0000,NO,NO,0.00000000,NO,0.00000000,NO_TO_NO,NO
ZOOKEEPER,src/java/main/org/apache/jute/compiler/JBuffer.java,21,1.0000,NO,NO,0.01000000,NO,0.03000000,NO_TO_NO,NO
ZOOKEEPER,src/java/main/org/apache/zookeeper/cli/CreateCommand.java,21,1.0000,YES,YES,0.68000000,YES,0.60000000,YES_TO_YES,NO
ZOOKEEPER,src/java/main/org/apache/zookeeper/CreateMode.java,21,1.0000,NO,NO,0.17000000,NO,0.16000000,NO_TO_NO,NO
ZOOKEEPER,src/docs/src/documentation/skinconf.xml,21,6.0000,NO,NO,0.00000000,NO,0.00000000,NO_TO_NO,NO
ZOOKEEPER,src/contrib/rest/src/java/org/apache/zookeeper/server/jersey/jaxb/ZStat.java,21,16.0000,NO,NO,0.00000000,NO,0.12000000,NO_TO_NO,NO
ZOOKEEPER,src/java/main/org/apache/zookeeper/server/quorum/QuorumPeerMain.java,21,4.0000,NO,NO,0.15000000,NO,0.18000000,NO_TO_NO,NO
ZOOKEEPER,src/java/main/org/apache/zookeeper/Transaction.java,21,3.0000,NO,NO,0.25000000,NO,0.29000000,NO_TO_NO,NO
ZOOKEEPER,src/contrib/zooinspector/src/java/org/apache/zookeeper/inspector/gui/IconResource.java,21,1.0000,NO,NO,0.09000000,NO,0.11000000,NO_TO_NO,NO
ZOOKEEPER,src/java/main/org/apache/zookeeper/server/NettyServerCnxn.java,21,15.0000,YES,YES,0.96000000,YES,0.92000000,YES_TO_YES,NO
ZOOKEEPER,src/contrib/loggraph/src/java/org/apache/zookeeper/graph/servlets/FileLoader.java,21,2.0000,NO,NO,0.02000000,NO,0.15000000,NO_TO_NO,NO
ZOOKEEPER,src/java/main/org/apache/zookeeper/server/quorum/ProposalRequestProcessor.java,21,1.0000,NO,NO,0.07000000,NO,0.09000000,NO_TO_NO,NO
ZOOKEEPER,src/java/main/org/apache/zookeeper/cli/GetAclCommand.java,21,2.0000,YES,YES,0.78000000,YES,0.58000000,YES_TO_YES,NO
ZOOKEEPER,src/java/main/org/apache/zookeeper/server/persistence/FileTxnLog.java,21,17.0000,YES,YES,0.97000000,YES,0.91000000,YES_TO_YES,NO
ZOOKEEPER,src/java/main/org/apache/zookeeper/cli/Ls2Command.java,21,1.0000,YES,YES,0.81000000,YES,0.55000000,YES_TO_YES,NO
ZOOKEEPER,src/java/main/org/apache/zookeeper/server/persistence/FileTxnSnapLog.java,21,10.0000,YES,YES,0.99000000,YES,0.93000000,YES_TO_YES,NO
ZOOKEEPER,src/java/main/org/apache/zookeeper/server/RateLogger.java,21,1.0000,YES,YES,0.82000000,YES,0.77000000,YES_TO_YES,NO
ZOOKEEPER,src/java/main/org/apache/zookeeper/cli/DeleteCommand.java,21,1.0000,YES,YES,0.85000000,YES,0.64000000,YES_TO_YES,NO
ZOOKEEPER,docs/zookeeperOver.html,21,23.0000,NO,NO,0.00000000,NO,0.00000000,NO_TO_NO,NO
ZOOKEEPER,src/java/main/org/apache/zookeeper/cli/GetCommand.java,21,3.0000,YES,YES,0.86000000,YES,0.76000000,YES_TO_YES,NO
ZOOKEEPER,src/contrib/zooinspector/src/java/org/apache/zookeeper/inspector/gui/ZooInspectorAboutDialog.java,21,1.0000,NO,NO,0.04000000,NO,0.06000000,NO_TO_NO,NO
ZOOKEEPER,src/java/main/org/apache/zookeeper/ZKUtil.java,21,5.0000,YES,YES,0.79000000,NO,0.39000000,YES_TO_NO,YES
ZOOKEEPER,src/java/main/org/apache/zookeeper/AsyncCallback.java,21,1.0000,NO,NO,0.16000000,NO,0.17000000,NO_TO_NO,NO
ZOOKEEPER,src/contrib/loggraph/src/java/org/apache/zookeeper/graph/FilterException.java,21,1.0000,NO,NO,0.00000000,NO,0.00000000,NO_TO_NO,NO
ZOOKEEPER,src/java/main/org/apache/zookeeper/server/quorum/LearnerZooKeeperServer.java,21,4.0000,NO,NO,0.07000000,NO,0.09000000,NO_TO_NO,NO
ZOOKEEPER,src/java/main/org/apache/zookeeper/server/persistence/FileSnap.java,21,8.0000,NO,NO,0.03000000,NO,0.14000000,NO_TO_NO,NO
ZOOKEEPER,src/contrib/zooinspector/src/java/org/apache/zookeeper/inspector/gui/ZooInspectorNodeViewersDialog.java,21,47.0000,NO,NO,0.02000000,NO,0.13000000,NO_TO_NO,NO
ZOOKEEPER,src/contrib/zooinspector/src/java/org/apache/zookeeper/inspector/ZooInspector.java,21,3.0000,YES,YES,0.76000000,YES,0.70000000,YES_TO_YES,NO
ZOOKEEPER,src/java/main/org/apache/zookeeper/JLineZNodeCompleter.java,21,2.0000,NO,NO,0.16000000,NO,0.13000000,NO_TO_NO,NO
ZOOKEEPER,src/java/main/org/apache/zookeeper/cli/SetQuotaCommand.java,21,5.0000,YES,YES,0.70000000,NO,0.44000000,YES_TO_NO,YES
ZOOKEEPER,src/java/main/org/apache/jute/OutputArchive.java,21,3.0000,NO,NO,0.03000000,NO,0.06000000,NO_TO_NO,NO
ZOOKEEPER,src/java/main/org/apache/zookeeper/server/auth/KerberosName.java,21,6.0000,NO,NO,0.00000000,NO,0.10000000,NO_TO_NO,NO
ZOOKEEPER,src/java/main/org/apache/zookeeper/client/StaticHostProvider.java,21,9.0000,YES,YES,0.89000000,YES,0.81000000,YES_TO_YES,NO
ZOOKEEPER,src/java/main/org/apache/zookeeper/server/ConnectionBean.java,21,1.0000,YES,YES,0.97000000,YES,0.90000000,YES_TO_YES,NO
ZOOKEEPER,src/java/main/org/apache/zookeeper/server/NettyServerCnxnFactory.java,21,6.0000,YES,YES,0.90000000,YES,0.87000000,YES_TO_YES,NO
ZOOKEEPER,src/java/main/org/apache/zookeeper/ClientCnxnSocketNIO.java,21,4.0000,YES,YES,0.94000000,YES,0.90000000,YES_TO_YES,NO
ZOOKEEPER,docs/zookeeperObservers.html,21,4.0000,NO,NO,0.00000000,NO,0.00000000,NO_TO_NO,NO
ZOOKEEPER,src/java/main/org/apache/jute/compiler/JVector.java,21,14.0000,NO,NO,0.03000000,NO,0.10000000,NO_TO_NO,NO
ZOOKEEPER,src/contrib/loggraph/src/java/org/apache/zookeeper/graph/TransactionEntry.java,21,10.0000,NO,NO,0.01000000,NO,0.20000000,NO_TO_NO,NO
ZOOKEEPER,src/contrib/rest/src/java/org/apache/zookeeper/server/jersey/jaxb/ZSession.java,21,2.0000,NO,NO,0.01000000,NO,0.03000000,NO_TO_NO,NO
ZOOKEEPER,src/contrib/loggraph/src/java/org/apache/zookeeper/graph/TxnLogSource.java,21,13.0000,NO,NO,0.05000000,NO,0.15000000,NO_TO_NO,NO
ZOOKEEPER,src/java/main/org/apache/zookeeper/server/quorum/LearnerHandler.java,21,24.0000,YES,YES,0.99000000,YES,0.97000000,YES_TO_YES,NO
ZOOKEEPER,src/java/main/org/apache/jute/compiler/JFloat.java,21,1.0000,NO,NO,0.00000000,NO,0.00000000,NO_TO_NO,NO
ZOOKEEPER,docs/javaExample.html,21,7.0000,NO,NO,0.00000000,NO,0.00000000,NO_TO_NO,NO
ZOOKEEPER,src/java/main/org/apache/zookeeper/server/NIOServerCnxn.java,21,21.0000,YES,YES,1.00000000,YES,0.99000000,YES_TO_YES,NO
ZOOKEEPER,src/java/main/org/apache/jute/CsvInputArchive.java,21,12.0000,NO,NO,0.00000000,NO,0.04000000,NO_TO_NO,NO
ZOOKEEPER,src/java/main/org/apache/zookeeper/ServerAdminClient.java,21,16.0000,NO,NO,0.07000000,NO,0.27000000,NO_TO_NO,NO
ZOOKEEPER,src/java/main/org/apache/zookeeper/cli/SetAclCommand.java,21,1.0000,YES,YES,0.89000000,YES,0.68000000,YES_TO_YES,NO
ZOOKEEPER,src/contrib/loggraph/src/java/org/apache/zookeeper/graph/Log4JEntry.java,21,2.0000,NO,NO,0.01000000,NO,0.04000000,NO_TO_NO,NO
ZOOKEEPER,src/java/main/org/apache/zookeeper/server/quorum/FollowerRequestProcessor.java,21,1.0000,YES,YES,0.82000000,YES,0.80000000,YES_TO_YES,NO
ZOOKEEPER,src/contrib/huebrowser/zkui/src/zkui/rest.py,21,1.0000,NO,NO,0.00000000,NO,0.01000000,NO_TO_NO,NO
ZOOKEEPER,src/contrib/zooinspector/src/java/org/apache/zookeeper/inspector/gui/nodeviewer/NodeViewerMetaData.java,21,3.0000,NO,NO,0.00000000,NO,0.10000000,NO_TO_NO,NO
ZOOKEEPER,src/contrib/rest/src/java/org/apache/zookeeper/server/jersey/RestMain.java,21,6.0000,NO,NO,0.04000000,NO,0.15000000,NO_TO_NO,NO
ZOOKEEPER,src/java/main/org/apache/zookeeper/server/ZooKeeperSaslServer.java,21,11.0000,YES,YES,0.80000000,YES,0.75000000,YES_TO_YES,NO
ZOOKEEPER,src/java/main/org/apache/zookeeper/common/AtomicFileOutputStream.java,21,8.0000,YES,YES,0.74000000,NO,0.45000000,YES_TO_NO,YES
ZOOKEEPER,src/contrib/loggraph/src/java/org/apache/zookeeper/graph/servlets/GraphData.java,21,1.0000,NO,NO,0.12000000,NO,0.11000000,NO_TO_NO,NO
ZOOKEEPER,src/contrib/rest/src/java/org/apache/zookeeper/server/jersey/filters/HTTPBasicAuth.java,21,5.0000,NO,NO,0.00000000,NO,0.13000000,NO_TO_NO,NO
ZOOKEEPER,src/java/main/org/apache/zookeeper/server/quorum/LeaderZooKeeperServer.java,21,1.0000,NO,NO,0.31000000,NO,0.32000000,NO_TO_NO,NO
ZOOKEEPER,src/contrib/loggraph/src/java/org/apache/zookeeper/graph/Log4JSource.java,21,31.0000,YES,YES,0.67000000,NO,0.34000000,YES_TO_NO,YES
ZOOKEEPER,src/java/main/org/apache/zookeeper/server/quorum/ObserverZooKeeperServer.java,21,3.0000,YES,YES,0.83000000,YES,0.79000000,YES_TO_YES,NO
ZOOKEEPER,src/recipes/queue/src/java/org/apache/zookeeper/recipes/queue/DistributedQueue.java,21,10.0000,NO,NO,0.00000000,NO,0.09000000,NO_TO_NO,NO
ZOOKEEPER,docs/zookeeperAdmin.html,21,38.0000,NO,NO,0.00000000,NO,0.00000000,NO_TO_NO,NO
ZOOKEEPER,src/contrib/loggraph/src/java/org/apache/zookeeper/graph/MergedLogSource.java,21,21.0000,NO,NO,0.01000000,NO,0.05000000,NO_TO_NO,NO
ZOOKEEPER,src/contrib/rest/src/python/test.py,21,4.0000,NO,NO,0.00000000,NO,0.01000000,NO_TO_NO,NO
ZOOKEEPER,src/docs/src/documentation/content/xdocs/site.xml,21,1.0000,NO,NO,0.00000000,NO,0.00000000,NO_TO_NO,NO
ZOOKEEPER,src/contrib/zooinspector/src/java/org/apache/zookeeper/inspector/gui/ZooInspectorConnectionPropertiesDialog.java,21,9.0000,NO,NO,0.00000000,NO,0.14000000,NO_TO_NO,NO
ZOOKEEPER,src/java/main/org/apache/zookeeper/server/auth/AuthenticationProvider.java,21,2.0000,NO,NO,0.07000000,NO,0.12000000,NO_TO_NO,NO
ZOOKEEPER,src/java/main/org/apache/jute/compiler/CppGenerator.java,21,1.0000,NO,NO,0.02000000,NO,0.03000000,NO_TO_NO,NO
ZOOKEEPER,src/java/main/org/apache/jute/XmlInputArchive.java,21,17.0000,NO,NO,0.01000000,NO,0.12000000,NO_TO_NO,NO
ZOOKEEPER,src/contrib/rest/src/java/org/apache/zookeeper/server/jersey/jaxb/ZPath.java,21,2.0000,NO,NO,0.00000000,NO,0.04000000,NO_TO_NO,NO
ZOOKEEPER,src/contrib/loggraph/src/java/org/apache/zookeeper/graph/filterops/XorOp.java,21,1.0000,NO,NO,0.03000000,NO,0.01000000,NO_TO_NO,NO
ZOOKEEPER,src/java/main/org/apache/zookeeper/version/util/VerGen.java,21,15.0000,NO,NO,0.21000000,NO,0.26000000,NO_TO_NO,NO
ZOOKEEPER,src/java/main/org/apache/zookeeper/server/WorkerService.java,21,8.0000,YES,YES,0.77000000,YES,0.68000000,YES_TO_YES,NO
ZOOKEEPER,src/contrib/loggraph/src/java/org/apache/zookeeper/graph/filterops/LessThanOp.java,21,2.0000,NO,NO,0.03000000,NO,0.11000000,NO_TO_NO,NO
ZOOKEEPER,src/java/main/org/apache/jute/compiler/JCompType.java,21,1.0000,NO,NO,0.04000000,NO,0.06000000,NO_TO_NO,NO
ZOOKEEPER,src/recipes/lock/src/java/org/apache/zookeeper/recipes/lock/ZNodeName.java,21,4.0000,NO,NO,0.02000000,NO,0.16000000,NO_TO_NO,NO
ZOOKEEPER,src/java/main/org/apache/zookeeper/server/quorum/Observer.java,21,3.0000,YES,YES,0.72000000,YES,0.71000000,YES_TO_YES,NO
ZOOKEEPER,src/java/main/org/apache/zookeeper/cli/SetCommand.java,21,1.0000,YES,YES,0.96000000,YES,0.85000000,YES_TO_YES,NO
ZOOKEEPER,src/java/main/org/apache/zookeeper/server/quorum/LearnerSessionTracker.java,21,7.0000,NO,NO,0.21000000,NO,0.26000000,NO_TO_NO,NO
ZOOKEEPER,src/java/main/org/apache/zookeeper/server/ByteBufferOutputStream.java,21,2.0000,NO,NO,0.00000000,NO,0.08000000,NO_TO_NO,NO
ZOOKEEPER,docs/zookeeperOtherInfo.html,21,3.0000,NO,NO,0.00000000,NO,0.00000000,NO_TO_NO,NO
ZOOKEEPER,src/contrib/fatjar/src/java/org/apache/zookeeper/util/FatJarMain.java,21,10.0000,NO,NO,0.01000000,NO,0.18000000,NO_TO_NO,NO
ZOOKEEPER,src/contrib/loggraph/src/java/org/apache/zookeeper/graph/FilterParser.java,21,5.0000,NO,NO,0.00000000,NO,0.05000000,NO_TO_NO,NO
ZOOKEEPER,src/java/main/org/apache/zookeeper/server/DataTree.java,21,54.0000,YES,YES,1.00000000,YES,0.97000000,YES_TO_YES,NO
ZOOKEEPER,src/java/main/org/apache/jute/compiler/JString.java,21,1.0000,NO,NO,0.00000000,NO,0.02000000,NO_TO_NO,NO
ZOOKEEPER,src/contrib/rest/src/java/org/apache/zookeeper/server/jersey/jaxb/ZError.java,21,2.0000,NO,NO,0.03000000,NO,0.03000000,NO_TO_NO,NO
ZOOKEEPER,src/contrib/zooinspector/src/java/org/apache/zookeeper/inspector/gui/ZooInspectorTreeViewer.java,21,6.0000,NO,NO,0.01000000,NO,0.10000000,NO_TO_NO,NO
ZOOKEEPER,src/java/main/org/apache/zookeeper/Login.java,21,10.0000,YES,YES,0.93000000,YES,0.85000000,YES_TO_YES,NO
ZOOKEEPER,src/contrib/loggraph/src/java/org/apache/zookeeper/graph/FilterOp.java,21,4.0000,NO,NO,0.06000000,NO,0.21000000,NO_TO_NO,NO
ZOOKEEPER,src/contrib/rest/src/python/demo_master_election.py,21,5.0000,NO,NO,0.00000000,NO,0.01000000,NO_TO_NO,NO
ZOOKEEPER,src/java/main/org/apache/zookeeper/Quotas.java,21,5.0000,NO,NO,0.02000000,NO,0.07000000,NO_TO_NO,NO
ZOOKEEPER,src/java/main/org/apache/jute/CsvOutputArchive.java,21,4.0000,NO,NO,0.00000000,NO,0.09000000,NO_TO_NO,NO
ZOOKEEPER,src/java/main/org/apache/jute/compiler/JFile.java,21,2.0000,NO,NO,0.01000000,NO,0.08000000,NO_TO_NO,NO
ZOOKEEPER,docs/zookeeperStarted.html,21,10.0000,NO,NO,0.00000000,NO,0.00000000,NO_TO_NO,NO
ZOOKEEPER,docs/zookeeperQuotas.html,21,5.0000,NO,NO,0.00000000,NO,0.00000000,NO_TO_NO,NO
ZOOKEEPER,src/java/main/org/apache/zookeeper/cli/CliCommand.java,21,8.0000,YES,YES,0.71000000,NO,0.28000000,YES_TO_NO,YES
ZOOKEEPER,src/contrib/rest/src/python/demo_queue.py,21,6.0000,NO,NO,0.00000000,NO,0.01000000,NO_TO_NO,NO
ZOOKEEPER,src/contrib/monitoring/ganglia/zookeeper_ganglia.py,21,6.0000,NO,NO,0.00000000,NO,0.01000000,NO_TO_NO,NO
ZOOKEEPER,src/contrib/rest/src/java/org/apache/zookeeper/server/jersey/cfg/RestCfg.java,21,2.0000,YES,YES,0.58000000,NO,0.31000000,YES_TO_NO,YES
ZOOKEEPER,src/contrib/loggraph/src/java/org/apache/zookeeper/graph/JsonGenerator.java,21,22.0000,NO,NO,0.01000000,NO,0.05000000,NO_TO_NO,NO
ZOOKEEPER,src/java/main/org/apache/zookeeper/server/auth/IPAuthenticationProvider.java,21,12.0000,YES,YES,0.85000000,NO,0.43000000,YES_TO_NO,YES
ZOOKEEPER,src/java/main/org/apache/zookeeper/jmx/MBeanRegistry.java,21,4.0000,YES,YES,0.79000000,YES,0.69000000,YES_TO_YES,NO
ZOOKEEPER,docs/recipes.html,21,18.0000,NO,NO,0.00000000,NO,0.00000000,NO_TO_NO,NO
ZOOKEEPER,src/java/main/org/apache/zookeeper/server/util/KerberosUtil.java,21,5.0000,YES,YES,0.66000000,NO,0.27000000,YES_TO_NO,YES
ZOOKEEPER,src/contrib/loggraph/src/java/org/apache/zookeeper/graph/LogSkipList.java,21,3.0000,NO,NO,0.05000000,NO,0.09000000,NO_TO_NO,NO
ZOOKEEPER,src/contrib/zooinspector/src/java/org/apache/zookeeper/inspector/gui/nodeviewer/NodeViewerACL.java,21,3.0000,NO,NO,0.00000000,NO,0.10000000,NO_TO_NO,NO
ZOOKEEPER,src/java/main/org/apache/zookeeper/client/ZooKeeperSaslClient.java,21,26.0000,YES,YES,0.95000000,YES,0.91000000,YES_TO_YES,NO
ZOOKEEPER,src/java/main/org/apache/zookeeper/Version.java,21,4.0000,NO,NO,0.02000000,NO,0.07000000,NO_TO_NO,NO
ZOOKEEPER,docs/zookeeperJMX.html,21,9.0000,NO,NO,0.00000000,NO,0.00000000,NO_TO_NO,NO
ZOOKEEPER,src/java/main/org/apache/zookeeper/server/ServerCnxn.java,21,41.0000,NO,NO,0.19000000,NO,0.33000000,NO_TO_NO,NO
ZOOKEEPER,src/java/main/org/apache/zookeeper/server/quorum/QuorumZooKeeperServer.java,21,1.0000,NO,NO,0.25000000,NO,0.26000000,NO_TO_NO,NO
ZOOKEEPER,src/contrib/zooinspector/src/java/org/apache/zookeeper/inspector/encryption/DataEncryptionManager.java,21,2.0000,NO,NO,0.00000000,NO,0.00000000,NO_TO_NO,NO
ZOOKEEPER,src/java/main/org/apache/zookeeper/Watcher.java,21,24.0000,NO,NO,0.14000000,NO,0.20000000,NO_TO_NO,NO
