Ticket ID,Commit Hash,Modified Java Files
ZOOKEEPER-4992,bbaaf0b17caac173c319742817a69f3242ce182a,zookeeper-server/src/main/java/org/apache/zookeeper/util/PemReader.java
ZOOKEEPER-5021,6c4fabfd4726d9b576a1b8acba9b273696079339,zookeeper-server/src/main/java/org/apache/zookeeper/ZooKeeperMain.java
ZOOKEEPER-5012,2f0d22bcebf33fba9a45b15454e89f116197f918,zookeeper-server/src/main/java/org/apache/zookeeper/server/quorum/QuorumPeer.java
ZOOKEEPER-4958,a7fe813aa3fee50c1a653b92e7f91e4c67f977ba,zookeeper-server/src/main/java/org/apache/zookeeper/server/auth/KeyAuthenticationProvider.java|zookeeper-server/src/main/java/org/apache/zookeeper/server/auth/X509AuthenticationProvider.java
ZOOKEEPER-4741,3fc7ccc053b1fb21aa553d9f41f263310a86d550,zookeeper-metrics-providers/zookeeper-prometheus-metrics/src/main/java/org/apache/zookeeper/metrics/prometheus/PrometheusMetricsProvider.java|zookeeper-metrics-providers/zookeeper-prometheus-metrics/src/main/java/org/apache/zookeeper/metrics/prometheus/PrometheusRegistryDumper.java
ZOOKEEPER-3100,229721e98d562f1d3a74e9f8212155483dce269f,zookeeper-server/src/main/java/org/apache/zookeeper/ZooKeeper.java|zookeeper-server/src/main/java/org/apache/zookeeper/client/StaticHostProvider.java|zookeeper-server/src/main/java/org/apache/zookeeper/client/ZKClientConfig.java
ZOOKEEPER-4736,e8e141b21f3a07797958c74053762048c7a3a0bf,zookeeper-server/src/main/java/org/apache/zookeeper/ClientCnxn.java|zookeeper-server/src/main/java/org/apache/zookeeper/ClientCnxnSocketNIO.java
ZOOKEEPER-4986,66c4efecdda1302d9cfb3af9eedb122b74452bf3,zookeeper-server/src/main/java/org/apache/zookeeper/common/ClientX509Util.java|zookeeper-server/src/main/java/org/apache/zookeeper/common/X509Util.java|zookeeper-server/src/main/java/org/apache/zookeeper/common/ZKConfig.java|zookeeper-server/src/main/java/org/apache/zookeeper/common/ZKTrustManager.java|zookeeper-server/src/main/java/org/apache/zookeeper/server/auth/X509AuthenticationProvider.java
ZOOKEEPER-4972,d8e5217729bfc7303b15bc36b1a6b7f1ecdd07d4,zookeeper-metrics-providers/zookeeper-prometheus-metrics/src/main/java/org/apache/zookeeper/metrics/prometheus/PrometheusMetricsProvider.java
ZOOKEEPER-4974,63bec256238e47d688638e3a308597a24a734bf0,zookeeper-server/src/main/java/org/apache/zookeeper/server/WorkerService.java|zookeeper-server/src/main/java/org/apache/zookeeper/server/quorum/QuorumCnxManager.java
ZOOKEEPER-4240,641cf0085d0bb84ed8f23214d1c2ce201c8f7f11,zookeeper-server/src/main/java/org/apache/zookeeper/server/auth/IPAuthenticationProvider.java
ZOOKEEPER-4953,bec08dfa0e63ffe7b72bc01a3ea9b0b69a50e3d2,zookeeper-contrib/zookeeper-contrib-zooinspector/src/main/java/org/apache/zookeeper/inspector/manager/ZooInspectorManager.java
ZOOKEEPER-4787,3d6c0d1164dc9ec96a02de383e410b1b0ef64565,zookeeper-server/src/main/java/org/apache/zookeeper/server/quorum/FastLeaderElection.java|zookeeper-server/src/main/java/org/apache/zookeeper/server/quorum/QuorumCnxManager.java
ZOOKEEPER-4940,9d1d25cd75295b4529ce5348ba0cfce9ef4fefd7,zookeeper-server/src/main/java/org/apache/zookeeper/common/ClientX509Util.java
ZOOKEEPER-4921,5b4be58c30d9b4e6bab6e1ae828b324e419e6226,zookeeper-server/src/main/java/org/apache/zookeeper/ClientCnxn.java
ZOOKEEPER-4394,e5dd60bf0512ccc1e090d99410a8da48623219da,zookeeper-server/src/main/java/org/apache/zookeeper/server/Request.java|zookeeper-server/src/main/java/org/apache/zookeeper/server/TxnLogEntry.java|zookeeper-server/src/main/java/org/apache/zookeeper/server/ZKDatabase.java|zookeeper-server/src/main/java/org/apache/zookeeper/server/ZooKeeperServer.java|zookeeper-server/src/main/java/org/apache/zookeeper/server/quorum/Follower.java|zookeeper-server/src/main/java/org/apache/zookeeper/server/quorum/FollowerZooKeeperServer.java|zookeeper-server/src/main/java/org/apache/zookeeper/server/quorum/Learner.java|zookeeper-server/src/main/java/org/apache/zookeeper/server/quorum/Observer.java
ZOOKEEPER-4925,e5dd60bf0512ccc1e090d99410a8da48623219da,zookeeper-server/src/main/java/org/apache/zookeeper/server/Request.java|zookeeper-server/src/main/java/org/apache/zookeeper/server/TxnLogEntry.java|zookeeper-server/src/main/java/org/apache/zookeeper/server/ZKDatabase.java|zookeeper-server/src/main/java/org/apache/zookeeper/server/ZooKeeperServer.java|zookeeper-server/src/main/java/org/apache/zookeeper/server/quorum/Follower.java|zookeeper-server/src/main/java/org/apache/zookeeper/server/quorum/FollowerZooKeeperServer.java|zookeeper-server/src/main/java/org/apache/zookeeper/server/quorum/Learner.java|zookeeper-server/src/main/java/org/apache/zookeeper/server/quorum/Observer.java
ZOOKEEPER-4933,524f1d750c62920f5fafdb3ee5abf9f69ff54e41,zookeeper-server/src/main/java/org/apache/zookeeper/server/BlueThrottle.java
ZOOKEEPER-4886,ac19f22511ad0c1350df57e53044aae8aeb31406,zookeeper-server/src/main/java/org/apache/zookeeper/server/quorum/QuorumCnxManager.java
ZOOKEEPER-4919,db8fe9c241942e2222271acc8bbb9321c7a4957d,zookeeper-server/src/main/java/org/apache/zookeeper/server/ResponseCache.java
ZOOKEEPER-4907,6e4ec270ceff046151c740783e7249d57b98e521,zookeeper-server/src/main/java/org/apache/zookeeper/server/NettyServerCnxn.java
ZOOKEEPER-4909,9cc30438a4d4f8e55042b064edc95eeb1c8ac9a6,zookeeper-server/src/main/java/org/apache/zookeeper/ClientCnxn.java
ZOOKEEPER-4725,10328b3ab538d819b538b0bb09e299dd70b71b81,zookeeper-server/src/main/java/org/apache/zookeeper/audit/AuditHelper.java
ZOOKEEPER-4846,8532163df198466913f26141c0278dc11dbf53ab,zookeeper-server/src/main/java/org/apache/zookeeper/server/DataTree.java
ZOOKEEPER-4858,c0e92411fbb38025d4cd257835cf5e4afeea4956,zookeeper-server/src/main/java/org/apache/zookeeper/server/ZooKeeperServer.java
ZOOKEEPER-4819,75f9781ecc3cde9fa5a032fa8cfa8c79b69ef879,zookeeper-server/src/main/java/org/apache/zookeeper/ClientCnxn.java|zookeeper-server/src/main/java/org/apache/zookeeper/client/FourLetterWordMain.java
ZOOKEEPER-4872,3e02328048a9c753624d44aba51ac70cab60619a,zookeeper-server/src/main/java/org/apache/zookeeper/server/ZooKeeperServer.java|zookeeper-server/src/main/java/org/apache/zookeeper/server/admin/Commands.java
ZOOKEEPER-4889,fe64596e8d58839b98366861a628a3e1d16a7014,zookeeper-server/src/main/java/org/apache/zookeeper/client/ZooKeeperSaslClient.java|zookeeper-server/src/main/java/org/apache/zookeeper/common/X509Util.java|zookeeper-server/src/main/java/org/apache/zookeeper/server/auth/X509AuthenticationProvider.java|zookeeper-server/src/main/java/org/apache/zookeeper/server/quorum/auth/SaslQuorumAuthLearner.java|zookeeper-server/src/main/java/org/apache/zookeeper/util/SecurityUtils.java
ZOOKEEPER-4877,837f86cc713a5e4ce56e1f75eeb335093ca18821,zookeeper-recipes/zookeeper-recipes-election/src/main/java/org/apache/zookeeper/recipes/leader/LeaderElectionSupport.java|zookeeper-server/src/main/java/org/apache/zookeeper/ClientCnxnSocketNetty.java|zookeeper-server/src/main/java/org/apache/zookeeper/metrics/MetricsProviderLifeCycleException.java|zookeeper-server/src/main/java/org/apache/zookeeper/server/DatadirCleanupManager.java|zookeeper-server/src/main/java/org/apache/zookeeper/server/quorum/Leader.java
ZOOKEEPER-4839,5a3c6a98f8714e46d3637b93e63d69632e411ba5,zookeeper-server/src/main/java/org/apache/zookeeper/Login.java|zookeeper-server/src/main/java/org/apache/zookeeper/client/ZooKeeperSaslClient.java|zookeeper-server/src/main/java/org/apache/zookeeper/server/ServerCnxnFactory.java|zookeeper-server/src/main/java/org/apache/zookeeper/server/ZooKeeperSaslServer.java|zookeeper-server/src/main/java/org/apache/zookeeper/server/auth/SaslServerCallbackHandler.java|zookeeper-server/src/main/java/org/apache/zookeeper/server/quorum/auth/SaslQuorumAuthLearner.java|zookeeper-server/src/main/java/org/apache/zookeeper/server/quorum/auth/SaslQuorumAuthServer.java|zookeeper-server/src/main/java/org/apache/zookeeper/server/quorum/auth/SaslQuorumServerCallbackHandler.java
ZOOKEEPER-4508,890061841f7ca1848f28fc77c071ae4233b6303e,zookeeper-server/src/main/java/org/apache/zookeeper/ClientCnxn.java|zookeeper-server/src/main/java/org/apache/zookeeper/ClientCnxnSocket.java
ZOOKEEPER-4712,bc9afbf8ef1bc6156643d3d05c87fcf8411e9d8f,zookeeper-server/src/main/java/org/apache/zookeeper/server/ZKDatabase.java|zookeeper-server/src/main/java/org/apache/zookeeper/server/ZooKeeperServer.java|zookeeper-server/src/main/java/org/apache/zookeeper/server/ZooKeeperServerMain.java|zookeeper-server/src/main/java/org/apache/zookeeper/server/persistence/FileTxnSnapLog.java|zookeeper-server/src/main/java/org/apache/zookeeper/server/quorum/LeaderZooKeeperServer.java|zookeeper-server/src/main/java/org/apache/zookeeper/server/quorum/Learner.java|zookeeper-server/src/main/java/org/apache/zookeeper/server/quorum/LearnerZooKeeperServer.java|zookeeper-server/src/main/java/org/apache/zookeeper/server/quorum/ObserverZooKeeperServer.java|zookeeper-server/src/main/java/org/apache/zookeeper/server/quorum/ReadOnlyZooKeeperServer.java|zookeeper-server/src/main/java/org/apache/zookeeper/server/quorum/SendAckRequestProcessor.java
ZOOKEEPER-4843,dcaf74c369222a82000ea07a1e5953ca91782084,zookeeper-jute/src/main/java/org/apache/jute/BinaryInputArchive.java
ZOOKEEPER-4293,9df310a9df6e03ca24d7671f10e78fff7b618084,zookeeper-server/src/main/java/org/apache/zookeeper/ClientCnxnSocketNetty.java|zookeeper-server/src/main/java/org/apache/zookeeper/server/quorum/UnifiedServerSocket.java
ZOOKEEPER-4394,9fcb805fa1bb37b1f64ceb3bc5d7ccf349971bb7,zookeeper-server/src/main/java/org/apache/zookeeper/server/ZooKeeperServer.java|zookeeper-server/src/main/java/org/apache/zookeeper/server/quorum/FollowerZooKeeperServer.java|zookeeper-server/src/main/java/org/apache/zookeeper/server/quorum/Learner.java
ZOOKEEPER-2332,52f7af54c9f25992f71fc51acd165c01ab6781c5,zookeeper-server/src/main/java/org/apache/zookeeper/server/persistence/FileTxnLog.java
ZOOKEEPER-4708,34c6d9fc1dd7e38d99173d13d22f960f7cf70b7e,zookeeper-server/src/main/java/org/apache/zookeeper/server/quorum/Leader.java|zookeeper-server/src/main/java/org/apache/zookeeper/server/quorum/QuorumPeer.java
ZOOKEEPER-4814,90f8d835e065ea12dddd8ed9ca20872a4412c78a,zookeeper-server/src/main/java/org/apache/zookeeper/compat/ProtocolManager.java|zookeeper-server/src/main/java/org/apache/zookeeper/server/ZooKeeperServer.java
ZOOKEEPER-2623,66f9cc3941f09ca00464760c78e30b97bd7c1faa,zookeeper-server/src/main/java/org/apache/zookeeper/server/FinalRequestProcessor.java|zookeeper-server/src/main/java/org/apache/zookeeper/server/PrepRequestProcessor.java|zookeeper-server/src/main/java/org/apache/zookeeper/server/Request.java|zookeeper-server/src/main/java/org/apache/zookeeper/server/quorum/CommitProcessor.java|zookeeper-server/src/main/java/org/apache/zookeeper/server/quorum/FollowerRequestProcessor.java|zookeeper-server/src/main/java/org/apache/zookeeper/server/quorum/ObserverRequestProcessor.java|zookeeper-server/src/main/java/org/apache/zookeeper/server/quorum/ReadOnlyRequestProcessor.java|zookeeper-server/src/main/java/org/apache/zookeeper/server/util/RequestPathMetricsCollector.java
ZOOKEEPER-4808,bccc654e09d9e85fe3495487b9619173a2c54151,zookeeper-server/src/main/java/org/apache/zookeeper/server/quorum/FastLeaderElection.java
ZOOKEEPER-4409,9b81d1012c283635f97c705e1bdce40b098313e5,zookeeper-server/src/main/java/org/apache/zookeeper/server/quorum/SendAckRequestProcessor.java
ZOOKEEPER-4804,803c485db99134d8f41c2ea90ca9305e6b806d52,zookeeper-server/src/main/java/org/apache/zookeeper/common/NettyUtils.java
ZOOKEEPER-4276,bc1fc6d36435d3fad7b31642b647dc7680d7866e,zookeeper-server/src/main/java/org/apache/zookeeper/client/FourLetterWordMain.java|zookeeper-server/src/main/java/org/apache/zookeeper/server/PrepRequestProcessor.java|zookeeper-server/src/main/java/org/apache/zookeeper/server/quorum/QuorumPeer.java|zookeeper-server/src/main/java/org/apache/zookeeper/server/quorum/QuorumPeerConfig.java|zookeeper-server/src/main/java/org/apache/zookeeper/server/quorum/QuorumPeerMain.java
ZOOKEEPER-4730,72e3d9ce9cf1bdabf306eb53223e0953ee40748a,zookeeper-server/src/main/java/org/apache/zookeeper/server/PurgeTxnLog.java|zookeeper-server/src/main/java/org/apache/zookeeper/server/ZooKeeperServer.java|zookeeper-server/src/main/java/org/apache/zookeeper/server/persistence/FileTxnSnapLog.java
ZOOKEEPER-4703,5f66da130118869a3b73b19dada8c5de628ad189,zookeeper-server/src/main/java/org/apache/zookeeper/server/ZooKeeperServer.java|zookeeper-server/src/main/java/org/apache/zookeeper/server/persistence/FileTxnSnapLog.java
ZOOKEEPER-4236,16abb9cfad03f6b420747a002f0e7de420d474d4,zookeeper-server/src/main/java/org/apache/zookeeper/ClientCnxn.java|zookeeper-server/src/main/java/org/apache/zookeeper/client/ZooKeeperSaslClient.java
ZOOKEEPER-4785,315abde35eb827652f91aed06a4de3dacf9a0f07,zookeeper-server/src/main/java/org/apache/zookeeper/server/quorum/FastLeaderElection.java|zookeeper-server/src/main/java/org/apache/zookeeper/server/quorum/FollowerZooKeeperServer.java|zookeeper-server/src/main/java/org/apache/zookeeper/server/quorum/Learner.java
ZOOKEEPER-2590,ceebda9493bd2e406973e1f4a7f77f9e0121ba16,zookeeper-server/src/main/java/org/apache/zookeeper/server/FinalRequestProcessor.java
ZOOKEEPER-4415,6cae2cded2a6feeeea886a0f31f4f98450353340,zookeeper-server/src/main/java/org/apache/zookeeper/common/SSLContextAndOptions.java|zookeeper-server/src/main/java/org/apache/zookeeper/common/X509Util.java
ZOOKEEPER-2623,b31f776471fef79ab161f416d58367bdffaf37a9,zookeeper-server/src/main/java/org/apache/zookeeper/server/FinalRequestProcessor.java|zookeeper-server/src/main/java/org/apache/zookeeper/server/PrepRequestProcessor.java|zookeeper-server/src/main/java/org/apache/zookeeper/server/Request.java|zookeeper-server/src/main/java/org/apache/zookeeper/server/quorum/CommitProcessor.java|zookeeper-server/src/main/java/org/apache/zookeeper/server/quorum/FollowerRequestProcessor.java|zookeeper-server/src/main/java/org/apache/zookeeper/server/quorum/ObserverRequestProcessor.java|zookeeper-server/src/main/java/org/apache/zookeeper/server/quorum/ReadOnlyRequestProcessor.java|zookeeper-server/src/main/java/org/apache/zookeeper/server/util/RequestPathMetricsCollector.java
ZOOKEEPER-4708,40aed41793e9bc4493d89e7c831d9da3258212fc,zookeeper-server/src/main/java/org/apache/zookeeper/server/quorum/Leader.java
ZOOKEEPER-4607,6e746f8e881bfeb99cf0f74fa50a3d9c9d679229,zookeeper-server/src/main/java/org/apache/zookeeper/server/persistence/TxnLogToolkit.java
ZOOKEEPER-4026,58eed9f5280be1c6a9ccacc47dd6afa65e916ae8,zookeeper-server/src/main/java/org/apache/zookeeper/CreateOptions.java|zookeeper-server/src/main/java/org/apache/zookeeper/MultiOperationRecord.java|zookeeper-server/src/main/java/org/apache/zookeeper/Op.java|zookeeper-server/src/main/java/org/apache/zookeeper/server/DataTree.java
ZOOKEEPER-4393,b3487c525542c44de1c65f2207cb5563afbf644d,zookeeper-server/src/main/java/org/apache/zookeeper/ClientCnxnSocketNetty.java|zookeeper-server/src/main/java/org/apache/zookeeper/client/FourLetterWordMain.java|zookeeper-server/src/main/java/org/apache/zookeeper/common/SSLContextAndOptions.java|zookeeper-server/src/main/java/org/apache/zookeeper/common/X509Util.java|zookeeper-server/src/main/java/org/apache/zookeeper/common/ZKConfig.java|zookeeper-server/src/main/java/org/apache/zookeeper/server/NettyServerCnxnFactory.java|zookeeper-server/src/main/java/org/apache/zookeeper/server/auth/X509AuthenticationProvider.java
ZOOKEEPER-4466,e8b2fbeb101e22378aa47df291cc9ca6e58e1e8d,zookeeper-server/src/main/java/org/apache/zookeeper/Watcher.java|zookeeper-server/src/main/java/org/apache/zookeeper/ZKWatchManager.java|zookeeper-server/src/main/java/org/apache/zookeeper/cli/RemoveWatchesCommand.java|zookeeper-server/src/main/java/org/apache/zookeeper/server/DataTree.java
ZOOKEEPER-4471,b8d458f5c46cb3064d4a56f471d441011a558991,zookeeper-server/src/main/java/org/apache/zookeeper/server/DataTree.java|zookeeper-server/src/main/java/org/apache/zookeeper/server/watch/IWatchManager.java|zookeeper-server/src/main/java/org/apache/zookeeper/server/watch/WatchManager.java
ZOOKEEPER-4466,a64dbf5b06ca1a73dc2ad6c7d31e679e312082aa,zookeeper-server/src/main/java/org/apache/zookeeper/server/DataTree.java|zookeeper-server/src/main/java/org/apache/zookeeper/server/watch/IWatchManager.java|zookeeper-server/src/main/java/org/apache/zookeeper/server/watch/WatchManager.java|zookeeper-server/src/main/java/org/apache/zookeeper/server/watch/WatchStats.java|zookeeper-server/src/main/java/org/apache/zookeeper/server/watch/WatcherMode.java|zookeeper-server/src/main/java/org/apache/zookeeper/server/watch/WatcherModeManager.java
ZOOKEEPER-4296,de8768807fc7a3fcabc9762b033cf59e695cf14b,zookeeper-server/src/main/java/org/apache/zookeeper/ClientCnxnSocketNetty.java
ZOOKEEPER-4475,255b0c9137a75635cf6e2c112672a045c58ce1cf,zookeeper-server/src/main/java/org/apache/zookeeper/ZKWatchManager.java
ZOOKEEPER-4647,2e9c3f3ceda90aeb9380acc87b253bf7661b7794,zookeeper-server/src/main/java/org/apache/zookeeper/common/ZKHostnameVerifier.java|zookeeper-server/src/main/java/org/apache/zookeeper/common/ZKTrustManager.java
ZOOKEEPER-4460,d3879db1ed019892373683694663b05ade0db6fe,zookeeper-server/src/main/java/org/apache/zookeeper/server/admin/Commands.java|zookeeper-server/src/main/java/org/apache/zookeeper/server/quorum/AckRequestProcessor.java|zookeeper-server/src/main/java/org/apache/zookeeper/server/quorum/FastLeaderElection.java|zookeeper-server/src/main/java/org/apache/zookeeper/server/quorum/Leader.java|zookeeper-server/src/main/java/org/apache/zookeeper/server/quorum/LeaderZooKeeperServer.java|zookeeper-server/src/main/java/org/apache/zookeeper/server/quorum/Learner.java|zookeeper-server/src/main/java/org/apache/zookeeper/server/quorum/LearnerZooKeeperServer.java|zookeeper-server/src/main/java/org/apache/zookeeper/server/quorum/LocalPeerBean.java|zookeeper-server/src/main/java/org/apache/zookeeper/server/quorum/QuorumBean.java|zookeeper-server/src/main/java/org/apache/zookeeper/server/quorum/QuorumCnxManager.java|zookeeper-server/src/main/java/org/apache/zookeeper/server/quorum/QuorumPeer.java|zookeeper-server/src/main/java/org/apache/zookeeper/server/quorum/ReadOnlyZooKeeperServer.java
ZOOKEEPER-4565,2cd0c23454071faf0a16c58edb2414591ae5c5c3,zookeeper-server/src/main/java/org/apache/zookeeper/ClientCnxn.java
ZOOKEEPER-4308,794790c9f6cbacf158493867f3058a6de748b54e,zookeeper-server/src/main/java/org/apache/zookeeper/server/ZooKeeperServer.java
ZOOKEEPER-4549,eb725a0d8ab4430c6ea96d1b4fedc41739aeb62b,zookeeper-server/src/main/java/org/apache/zookeeper/server/auth/ProviderRegistry.java
ZOOKEEPER-4549,3fd25d4ebc854328ccc3f8d1c42f6e4c63a84fac,zookeeper-server/src/main/java/org/apache/zookeeper/server/auth/ProviderRegistry.java
ZOOKEEPER-4537,f770467d3b1a3b088208601b14dfc3f375a4dcc0,zookeeper-server/src/main/java/org/apache/zookeeper/server/quorum/CommitProcessor.java
ZOOKEEPER-4515,e5f84f46283d70b618ce00f2df51f4bfe31d9a44,zookeeper-server/src/main/java/org/apache/zookeeper/ClientCnxn.java|zookeeper-server/src/main/java/org/apache/zookeeper/util/ServiceUtils.java
ZOOKEEPER-4514,d5876e88d6bab3cc1cee04f996b9804ff21581cb,zookeeper-server/src/main/java/org/apache/zookeeper/ClientCnxnSocketNetty.java
ZOOKEEPER-4504,54cb5c39a445c63967ec7c3a46724fe87908440b,zookeeper-server/src/main/java/org/apache/zookeeper/ZKUtil.java
ZOOKEEPER-3652,91e0520133b82acb87ab60962fce5eae992d87e8,zookeeper-server/src/main/java/org/apache/zookeeper/ClientCnxn.java
ZOOKEEPER-4473,99cb20e82743ef73db7257a3f9a4c55bc8acf037,zookeeper-contrib/zookeeper-contrib-zooinspector/src/main/java/org/apache/zookeeper/inspector/gui/ZooInspectorTreeView.java|zookeeper-contrib/zookeeper-contrib-zooinspector/src/main/java/org/apache/zookeeper/inspector/manager/ZooInspectorManagerImpl.java
ZOOKEEPER-4477,a5b6c38edd74b263638817f7b65d057c91d5a888,zookeeper-server/src/main/java/org/apache/zookeeper/Login.java
ZOOKEEPER-3988,957f8fc0afbeca638f13f6fb739e49a921da2b9d,zookeeper-server/src/main/java/org/apache/zookeeper/server/NettyServerCnxnFactory.java
ZOOKEEPER-4362,eb63dd9757e7234515e81799d82cc0af4a0ae7f9,zookeeper-server/src/main/java/org/apache/zookeeper/server/ZKDatabase.java
ZOOKEEPER-4377,9f355f5a57f35d3760f8e669696622135c457938,zookeeper-server/src/main/java/org/apache/zookeeper/KeeperException.java
ZOOKEEPER-4372,2dcc64d9411e7b24402222437215ab2fe1e59c2e,zookeeper-recipes/zookeeper-recipes-lock/src/main/java/org/apache/zookeeper/recipes/lock/ZNodeName.java
ZOOKEEPER-4367,d6b50ad739a49226e97ff28d68be605e1fa36fe5,zookeeper-server/src/main/java/org/apache/zookeeper/ClientCnxn.java|zookeeper-server/src/main/java/org/apache/zookeeper/ZooKeeper.java|zookeeper-server/src/main/java/org/apache/zookeeper/client/ZooKeeperSaslClient.java
ZOOKEEPER-4360,4f515673464e540fa8555b7a3ac85c5d1abe41fb,zookeeper-server/src/main/java/org/apache/zookeeper/server/quorum/LeaderZooKeeperServer.java
ZOOKEEPER-4345,5f6ec6cc7fd303702dca31edd2317b33c6e66bd1,zookeeper-server/src/main/java/org/apache/zookeeper/ZooKeeper.java
ZOOKEEPER-4325,2aa17ffe428b9ac8477cedfed293b18f12c2376e,zookeeper-server/src/main/java/org/apache/zookeeper/ZKUtil.java
ZOOKEEPER-4311,65dba9d9ab35cdef751473345af52089abc0da6e,zookeeper-server/src/main/java/org/apache/zookeeper/common/AtomicFileWritingIdiom.java
ZOOKEEPER-4309,78550453204e89a13aee87d86b6d94c458c9dd63,zookeeper-server/src/main/java/org/apache/zookeeper/server/quorum/QuorumCnxManager.java
ZOOKEEPER-4246,766e173e9d51b6354920ebc136b246d221b87ec1,zookeeper-server/src/main/java/org/apache/zookeeper/server/persistence/SnapStream.java
ZOOKEEPER-4007,f5c29aab9adb49d9d3580074d4d1a805579fa20d,zookeeper-server/src/main/java/org/apache/zookeeper/ZKUtil.java
ZOOKEEPER-4275,c583a6e79654359b5daad5093d1730e370d3b75b,zookeeper-server/src/main/java/org/apache/zookeeper/ClientCnxn.java
ZOOKEEPER-4247,ea75e1f63572fc72fb8520ba8c793523047acb49,zookeeper-server/src/main/java/org/apache/zookeeper/server/NettyServerCnxn.java
ZOOKEEPER-4269,cdddda4c55acf29d4e0b2bc8f3de7b5c676e8ffc,zookeeper-server/src/main/java/org/apache/zookeeper/common/AtomicFileOutputStream.java|zookeeper-server/src/main/java/org/apache/zookeeper/server/quorum/QuorumPeer.java
ZOOKEEPER-4194,4edbbea5566925390b32702a97c17f7a76e32de5,zookeeper-contrib/zookeeper-contrib-zooinspector/src/main/java/org/apache/zookeeper/inspector/encryption/BasicDataEncryptionManager.java
ZOOKEEPER-3128,de726d0a824582e482d4a725210fcd6051cb3bd0,zookeeper-server/src/main/java/org/apache/zookeeper/cli/GetCommand.java
ZOOKEEPER-3891,de726d0a824582e482d4a725210fcd6051cb3bd0,zookeeper-server/src/main/java/org/apache/zookeeper/cli/GetCommand.java
ZOOKEEPER-4230,04471b2e117a0cbe08c42b0482f0adca93494e7c,zookeeper-contrib/zookeeper-contrib-rest/src/main/java/org/apache/zookeeper/server/jersey/RestMain.java
ZOOKEEPER-4220,6022e03177b21606575152ac323205af3fbbe9d8,zookeeper-server/src/main/java/org/apache/zookeeper/server/quorum/QuorumCnxManager.java
ZOOKEEPER-3781,1214d3bf611d153ae8c3987523da01d3d6c82686,zookeeper-server/src/main/java/org/apache/zookeeper/server/ZooKeeperServer.java|zookeeper-server/src/main/java/org/apache/zookeeper/server/persistence/FileTxnSnapLog.java|zookeeper-server/src/main/java/org/apache/zookeeper/server/quorum/Learner.java
ZOOKEEPER-3877,425ee189dcf952fd7a2a38df375ec245dcdfbfc6,zookeeper-server/src/main/java/org/apache/zookeeper/server/quorum/RemotePeerBean.java
ZOOKEEPER-4219,eb1569e4fbb55d12fa6211fbd997aa592fcb01af,zookeeper-server/src/main/java/org/apache/zookeeper/server/PrepRequestProcessor.java|zookeeper-server/src/main/java/org/apache/zookeeper/server/ZooKeeperServer.java
ZOOKEEPER-4007,1c92a1f950d5efd2956fe85c6b9c843648b7a6e8,zookeeper-server/src/main/java/org/apache/zookeeper/ZKUtil.java
ZOOKEEPER-4007,4faf507771889c7f6280d41ac4a615467680553f,zookeeper-server/src/main/java/org/apache/zookeeper/ZKUtil.java
ZOOKEEPER-4050,245ff759b0e9fe0a1815e03433306ac805bf5e95,zookeeper-contrib/zookeeper-contrib-zooinspector/src/main/java/org/apache/zookeeper/inspector/manager/ZooInspectorManagerImpl.java
ZOOKEEPER-3642,efbd660e1c4b90a8f538f2cccb5dcb7094cf9a22,zookeeper-server/src/main/java/org/apache/zookeeper/server/ZooKeeperServer.java|zookeeper-server/src/main/java/org/apache/zookeeper/server/quorum/Learner.java
ZOOKEEPER-3994,b2b06dca8ecffcfaa35ba5797d3c8d82045cbe08,zookeeper-server/src/main/java/org/apache/zookeeper/server/ZooKeeperServer.java
ZOOKEEPER-3979,d8561f620fa8611e9a6819d9879b0f18e5a404a9,zookeeper-server/src/main/java/org/apache/zookeeper/audit/AuditHelper.java|zookeeper-server/src/main/java/org/apache/zookeeper/server/Request.java|zookeeper-server/src/main/java/org/apache/zookeeper/server/auth/DigestAuthenticationProvider.java|zookeeper-server/src/main/java/org/apache/zookeeper/server/auth/ProviderRegistry.java|zookeeper-server/src/main/java/org/apache/zookeeper/server/util/AuthUtil.java
ZOOKEEPER-3991,58e0a7741533ec3598c619c526208f8a90f5756c,zookeeper-server/src/main/java/org/apache/zookeeper/server/quorum/QuorumCnxManager.java
ZOOKEEPER-3911,b978dfb949e4ac4d703e956c6ef811415c831bcd,zookeeper-server/src/main/java/org/apache/zookeeper/server/ZooKeeperServer.java|zookeeper-server/src/main/java/org/apache/zookeeper/server/quorum/Learner.java
ZOOKEEPER-3992,c9a1b595f9afd07ce6359810a5ca8e4f4088c5a2,zookeeper-server/src/main/java/org/apache/zookeeper/ZooKeeper.java
ZOOKEEPER-3863,c47ef905e077184bc5b7f555a3e2dfeb6dc046e1,zookeeper-server/src/main/java/org/apache/zookeeper/server/ServerCnxn.java|zookeeper-server/src/main/java/org/apache/zookeeper/server/ZooKeeperServer.java|zookeeper-server/src/main/java/org/apache/zookeeper/server/quorum/ReadOnlyRequestProcessor.java|zookeeper-server/src/main/java/org/apache/zookeeper/server/quorum/ReadOnlyZooKeeperServer.java
ZOOKEEPER-3905,b86899ec9ced35c895f9c0a8a54f2396e94a76c0,zookeeper-server/src/main/java/org/apache/zookeeper/server/NettyServerCnxn.java|zookeeper-server/src/main/java/org/apache/zookeeper/server/auth/ProviderRegistry.java|zookeeper-server/src/main/java/org/apache/zookeeper/server/quorum/QuorumPeerConfig.java
ZOOKEEPER-3895,ce523e01938e26ad92d613bd28b59501e9a853df,zookeeper-server/src/main/java/org/apache/zookeeper/ClientCnxn.java|zookeeper-server/src/main/java/org/apache/zookeeper/ZooKeeper.java
ZOOKEEPER-3891,8a72a6e6c30db7dd66203dc2def1ede54882856b,zookeeper-server/src/main/java/org/apache/zookeeper/cli/CliWrapperException.java
ZOOKEEPER-3112,6a8728d98307f7d52cf6dbadb78149e01b1d0bf5,zookeeper-server/src/main/java/org/apache/zookeeper/ClientCnxnSocketNIO.java
ZOOKEEPER-3878,f362313860401024b7141489e66ee76af442eb76,zookeeper-server/src/main/java/org/apache/zookeeper/client/ConnectStringParser.java|zookeeper-server/src/main/java/org/apache/zookeeper/common/NetUtils.java
ZOOKEEPER-3865,f6c9bac7d39e790171762e522fedb7b3af66d3c7,zookeeper-server/src/main/java/org/apache/zookeeper/server/ZooKeeperServer.java
ZOOKEEPER-3829,f6c9bac7d39e790171762e522fedb7b3af66d3c7,zookeeper-server/src/main/java/org/apache/zookeeper/server/ZooKeeperServer.java
ZOOKEEPER-3829,e91455c1e3c50405666cd8afad71d99dceb7b340,zookeeper-server/src/main/java/org/apache/zookeeper/server/PrepRequestProcessor.java|zookeeper-server/src/main/java/org/apache/zookeeper/server/ZooKeeperServer.java|zookeeper-server/src/main/java/org/apache/zookeeper/server/quorum/Leader.java|zookeeper-server/src/main/java/org/apache/zookeeper/server/quorum/Learner.java|zookeeper-server/src/main/java/org/apache/zookeeper/server/quorum/QuorumCnxManager.java|zookeeper-server/src/main/java/org/apache/zookeeper/server/quorum/QuorumPeer.java|zookeeper-server/src/main/java/org/apache/zookeeper/server/quorum/QuorumPeerMain.java|zookeeper-server/src/main/java/org/apache/zookeeper/server/quorum/QuorumZooKeeperServer.java|zookeeper-server/src/main/java/org/apache/zookeeper/server/quorum/ReadOnlyZooKeeperServer.java
ZOOKEEPER-3832,5820d10d9dc58c8e12d2e25386fdf92acb360359,zookeeper-server/src/main/java/org/apache/zookeeper/common/ZKHostnameVerifier.java
ZOOKEEPER-3772,44de549657a539dcedba58d56e67b8c906c89580,zookeeper-server/src/main/java/org/apache/zookeeper/server/admin/JettyAdminServer.java
ZOOKEEPER-3579,7812399f2c34033d56267d3cd2189abefbf35172,zookeeper-server/src/main/java/org/apache/zookeeper/ClientCnxn.java|zookeeper-server/src/main/java/org/apache/zookeeper/ZooKeeper.java
ZOOKEEPER-3793,4d32f6cf39f76d606b436bd4c04a8d1bc9c60148,zookeeper-server/src/main/java/org/apache/zookeeper/server/ZooKeeperServer.java
ZOOKEEPER-3780,d142e5a86993971a56bb2081020c085ed9ca68d7,zookeeper-server/src/main/java/org/apache/zookeeper/Version.java|zookeeper-server/src/main/java/org/apache/zookeeper/version/util/VerGen.java
ZOOKEEPER-3769,a548253408384d9e943b151c942d795017dca70c,zookeeper-server/src/main/java/org/apache/zookeeper/server/quorum/FastLeaderElection.java
ZOOKEEPER-3760,2581f71dd97cfda2cf6768c3457b81c7a93b9ef7,zookeeper-server/src/main/java/org/apache/zookeeper/ZooKeeperMain.java
ZOOKEEPER-3756,4d8caf9851f63073145996fd4a535278014d01be,zookeeper-server/src/main/java/org/apache/zookeeper/server/quorum/QuorumCnxManager.java
ZOOKEEPER-3739,8148f966947d3ecf3db0b756d93c9ffa88174af9,zookeeper-server/src/main/java/org/apache/zookeeper/common/FileChangeWatcher.java
ZOOKEEPER-3698,b1105ccc47685c64d1cca7ccb0b2bb66c194374a,zookeeper-server/src/main/java/org/apache/zookeeper/server/quorum/Learner.java|zookeeper-server/src/main/java/org/apache/zookeeper/server/quorum/MultipleAddresses.java
ZOOKEEPER-3758,b1105ccc47685c64d1cca7ccb0b2bb66c194374a,zookeeper-server/src/main/java/org/apache/zookeeper/server/quorum/Learner.java|zookeeper-server/src/main/java/org/apache/zookeeper/server/quorum/MultipleAddresses.java
ZOOKEEPER-2164,0287c95726e66aa6723f0f91f8d85f9973dbbb60,zookeeper-server/src/main/java/org/apache/zookeeper/server/quorum/QuorumCnxManager.java
ZOOKEEPER-3706,d3e72c659d20e109b2ba60c1fe277e5d14ba8e6b,zookeeper-server/src/main/java/org/apache/zookeeper/ClientCnxn.java
ZOOKEEPER-3737,5a2332058deba04313ad37fa05cbb1515c83b8e6,zookeeper-server/src/main/java/org/apache/zookeeper/jmx/ManagedUtil.java
ZOOKEEPER-3231,2abdfbc261d4ba2f9d17b51f2b46ab748a7d451f,zookeeper-server/src/main/java/org/apache/zookeeper/server/PurgeTxnLog.java|zookeeper-server/src/main/java/org/apache/zookeeper/server/persistence/FileSnap.java|zookeeper-server/src/main/java/org/apache/zookeeper/server/persistence/FileTxnSnapLog.java
ZOOKEEPER-3701,a4bc9857e19b6fa3832813d7e47f683b582565b8,zookeeper-server/src/main/java/org/apache/zookeeper/server/persistence/FileSnap.java|zookeeper-server/src/main/java/org/apache/zookeeper/server/persistence/FileTxnLog.java|zookeeper-server/src/main/java/org/apache/zookeeper/server/persistence/FileTxnSnapLog.java
ZOOKEEPER-1936,689c8b2c4ed264f1dd75db7cbde1f86fe4408f50,zookeeper-server/src/main/java/org/apache/zookeeper/server/persistence/FileTxnSnapLog.java
ZOOKEEPER-3698,b4c5a7fdd0f97aa5a9bf18a345b1cee5b0da967a,zookeeper-server/src/main/java/org/apache/zookeeper/server/quorum/Learner.java|zookeeper-server/src/main/java/org/apache/zookeeper/server/quorum/MultipleAddresses.java|zookeeper-server/src/main/java/org/apache/zookeeper/server/quorum/QuorumCnxManager.java|zookeeper-server/src/main/java/org/apache/zookeeper/server/quorum/QuorumPeer.java|zookeeper-server/src/main/java/org/apache/zookeeper/server/quorum/QuorumPeerConfig.java|zookeeper-server/src/main/java/org/apache/zookeeper/server/quorum/QuorumPeerMain.java
ZOOKEEPER-3613,dcef1a6f33d8120a93f011da1870a503aafb0312,zookeeper-server/src/main/java/org/apache/zookeeper/common/ZKConfig.java
ZOOKEEPER-3667,49ad75b18bfe26e853050f5add6f10f567399058,zookeeper-server/src/main/java/org/apache/zookeeper/common/ZKConfig.java
ZOOKEEPER-3656,7408ff43777602937a54af7e66913138c8c2a3b4,zookeeper-server/src/main/java/org/apache/zookeeper/server/SyncRequestProcessor.java
ZOOKEEPER-3653,7c9a1e4e9ae9e3a17c4766b34787e39ca1e42794,zookeeper-server/src/main/java/org/apache/zookeeper/audit/AuditHelper.java
ZOOKEEPER-2307,19d85670a3c87565bc63a5f84169e4c6c72e2915,zookeeper-server/src/main/java/org/apache/zookeeper/server/quorum/QuorumPeer.java
ZOOKEEPER-3644,a5d67c8ffcc18289aa89c892d948ad7c75a317b4,zookeeper-server/src/main/java/org/apache/zookeeper/server/persistence/FileTxnSnapLog.java
ZOOKEEPER-3546,b2a671e6a7b7f323a2a5659222429dfcc21e17cd,zookeeper-server/src/main/java/org/apache/zookeeper/server/ContainerManager.java
ZOOKEEPER-3633,01e198aec9ceae52f160ddcf2e45cd234823e505,zookeeper-server/src/main/java/org/apache/zookeeper/server/ZooKeeperServer.java|zookeeper-server/src/main/java/org/apache/zookeeper/server/admin/Commands.java
ZOOKEEPER-3320,815c8f2130b8b43e11abe52b226707f707a93581,zookeeper-server/src/main/java/org/apache/zookeeper/server/ObserverBean.java|zookeeper-server/src/main/java/org/apache/zookeeper/server/admin/Commands.java|zookeeper-server/src/main/java/org/apache/zookeeper/server/quorum/AuthFastLeaderElection.java|zookeeper-server/src/main/java/org/apache/zookeeper/server/quorum/Leader.java|zookeeper-server/src/main/java/org/apache/zookeeper/server/quorum/Learner.java|zookeeper-server/src/main/java/org/apache/zookeeper/server/quorum/LocalPeerBean.java|zookeeper-server/src/main/java/org/apache/zookeeper/server/quorum/MultipleAddresses.java|zookeeper-server/src/main/java/org/apache/zookeeper/server/quorum/ObserverMaster.java|zookeeper-server/src/main/java/org/apache/zookeeper/server/quorum/QuorumCnxManager.java|zookeeper-server/src/main/java/org/apache/zookeeper/server/quorum/QuorumPeer.java|zookeeper-server/src/main/java/org/apache/zookeeper/server/quorum/QuorumZooKeeperServer.java|zookeeper-server/src/main/java/org/apache/zookeeper/server/quorum/ReadOnlyZooKeeperServer.java|zookeeper-server/src/main/java/org/apache/zookeeper/server/quorum/RemotePeerBean.java
ZOOKEEPER-3296,815c8f2130b8b43e11abe52b226707f707a93581,zookeeper-server/src/main/java/org/apache/zookeeper/server/ObserverBean.java|zookeeper-server/src/main/java/org/apache/zookeeper/server/admin/Commands.java|zookeeper-server/src/main/java/org/apache/zookeeper/server/quorum/AuthFastLeaderElection.java|zookeeper-server/src/main/java/org/apache/zookeeper/server/quorum/Leader.java|zookeeper-server/src/main/java/org/apache/zookeeper/server/quorum/Learner.java|zookeeper-server/src/main/java/org/apache/zookeeper/server/quorum/LocalPeerBean.java|zookeeper-server/src/main/java/org/apache/zookeeper/server/quorum/MultipleAddresses.java|zookeeper-server/src/main/java/org/apache/zookeeper/server/quorum/ObserverMaster.java|zookeeper-server/src/main/java/org/apache/zookeeper/server/quorum/QuorumCnxManager.java|zookeeper-server/src/main/java/org/apache/zookeeper/server/quorum/QuorumPeer.java|zookeeper-server/src/main/java/org/apache/zookeeper/server/quorum/QuorumZooKeeperServer.java|zookeeper-server/src/main/java/org/apache/zookeeper/server/quorum/ReadOnlyZooKeeperServer.java|zookeeper-server/src/main/java/org/apache/zookeeper/server/quorum/RemotePeerBean.java
ZOOKEEPER-3546,4132b64b36ea43909888fdaf34268a243f2c7420,zookeeper-server/src/main/java/org/apache/zookeeper/server/ContainerManager.java|zookeeper-server/src/main/java/org/apache/zookeeper/server/ZooKeeperServerMain.java|zookeeper-server/src/main/java/org/apache/zookeeper/server/quorum/LeaderZooKeeperServer.java
ZOOKEEPER-3590,0b9d30faedd27dec9d03220635467fdb23de6b8b,zookeeper-server/src/main/java/org/apache/zookeeper/client/ZKClientConfig.java
ZOOKEEPER-3605,e41cac853de416026e0c2011e0429e858e5823b8,zookeeper-server/src/main/java/org/apache/zookeeper/server/ZooKeeperServer.java
ZOOKEEPER-1295,ef3649f599b4213a918c7a84cfe663d6cb1fa26e,zookeeper-server/src/main/java/org/apache/zookeeper/client/ZKClientConfig.java
ZOOKEEPER-3471,4951a090d7c946f57ac5ab09b5d48a5d7831001d,zookeeper-server/src/main/java/org/apache/zookeeper/server/ZooKeeperServer.java
ZOOKEEPER-3531,f4c7b698bd239bcd15ee380d2ee38814dba432cd,zookeeper-server/src/main/java/org/apache/zookeeper/server/ReferenceCountedACLCache.java
ZOOKEEPER-3496,4279758ead655aff34cdff21c9f2c71d66030d14,zookeeper-jute/src/main/java/org/apache/jute/BinaryInputArchive.java
ZOOKEEPER-3145,42ea26b75105484ef0504396332c276952224158,zookeeper-server/src/main/java/org/apache/zookeeper/server/DataTree.java|zookeeper-server/src/main/java/org/apache/zookeeper/server/PrepRequestProcessor.java|zookeeper-server/src/main/java/org/apache/zookeeper/server/ZooKeeperServer.java|zookeeper-server/src/main/java/org/apache/zookeeper/server/util/SerializeUtils.java
ZOOKEEPER-3540,8460f4ed48c5f9018d882bee2be748de42e965f9,zookeeper-server/src/main/java/org/apache/zookeeper/server/NettyServerCnxnFactory.java
ZOOKEEPER-2325,68c21988d55c57e483370d3ee223c22da2d1bbcf,zookeeper-server/src/main/java/org/apache/zookeeper/server/persistence/FileTxnSnapLog.java
ZOOKEEPER-3056,68c21988d55c57e483370d3ee223c22da2d1bbcf,zookeeper-server/src/main/java/org/apache/zookeeper/server/persistence/FileTxnSnapLog.java
ZOOKEEPER-3320,6692d7a5b4bc3f0dbd36677c06e782ef5240153a,zookeeper-server/src/main/java/org/apache/zookeeper/server/quorum/QuorumCnxManager.java
ZOOKEEPER-3479,3882a0171f91280bf1adbbd4ffaeb17cb5131316,zookeeper-server/src/main/java/org/apache/zookeeper/server/quorum/FastLeaderElection.java|zookeeper-server/src/main/java/org/apache/zookeeper/server/quorum/QuorumPeer.java
ZOOKEEPER-3320,a89c0942e45bb16e5282eee9d3a56ebbddbaae15,zookeeper-server/src/main/java/org/apache/zookeeper/server/quorum/QuorumCnxManager.java
ZOOKEEPER-3320,05ee9413e7a31703395b81fb8d72baf1cb09a46d,zookeeper-server/src/main/java/org/apache/zookeeper/server/quorum/QuorumCnxManager.java
ZOOKEEPER-3356,ce33b7faed60ea0b7c6f2eb1edbf56eec20a8bc2,zookeeper-server/src/main/java/org/apache/zookeeper/server/NettyServerCnxn.java|zookeeper-server/src/main/java/org/apache/zookeeper/server/NettyServerCnxnFactory.java|zookeeper-server/src/main/java/org/apache/zookeeper/server/ServerMetrics.java
ZOOKEEPER-2563,a6c36b69cc72d7d67e392dab5360007d6f737bef,zookeeper-server/src/main/java/org/apache/zookeeper/ZooKeeperMain.java|zookeeper-server/src/main/java/org/apache/zookeeper/cli/SetQuotaCommand.java
ZOOKEEPER-2418,4cadbb1a649b70a2243bc4c1e5f736df4d35c462,zookeeper-server/src/main/java/org/apache/zookeeper/server/quorum/LearnerHandler.java
ZOOKEEPER-3296,5874a0f355417024ce8ebe03ab2f6eaf5b9a228c,zookeeper-server/src/main/java/org/apache/zookeeper/server/quorum/QuorumCnxManager.java|zookeeper-server/src/main/java/org/apache/zookeeper/server/quorum/QuorumPeer.java
ZOOKEEPER-3399,968f5f365e53d0bcbbe0225cc382327badbd8380,zookeeper-server/src/main/java/org/apache/zookeeper/server/quorum/FollowerZooKeeperServer.java|zookeeper-server/src/main/java/org/apache/zookeeper/server/quorum/LeaderZooKeeperServer.java
ZOOKEEPER-2694,e2bb6e80f598415bba975edcff166ff1bd750340,zookeeper-server/src/main/java/org/apache/zookeeper/cli/SyncCommand.java
ZOOKEEPER-3331,c67760523492b8da033c7bc0ea3076ab4acf1a93,zookeeper-server/src/main/java/org/apache/zookeeper/server/NettyServerCnxn.java
ZOOKEEPER-3306,46b2018dbe008e010462e0dc06ddb73981d19d2a,zookeeper-server/src/main/java/org/apache/zookeeper/server/DataTree.java
ZOOKEEPER-2474,c000f96504198d999daee2b0ccb3c4217f16dc97,zookeeper-server/src/main/java/org/apache/zookeeper/ZooKeeper.java
ZOOKEEPER-3253,e10c93a590cc1b73eebad48d18cfcbceb3ec0d4d,zookeeper-server/src/main/java/org/apache/zookeeper/ClientCnxn.java
ZOOKEEPER-1392,af741cb319d4760cfab1cd3b560635adacd8deca,zookeeper-server/src/main/java/org/apache/zookeeper/server/FinalRequestProcessor.java
ZOOKEEPER-3218,0b504dec95b09acb05b40505588f7cda8131fea6,zookeeper-server/src/main/java/org/apache/zookeeper/server/quorum/FastLeaderElection.java
ZOOKEEPER-2284,d149b134049dc8527ba81a9546836942fcabc5b6,zookeeper-server/src/main/java/org/apache/zookeeper/ZKUtil.java|zookeeper-server/src/main/java/org/apache/zookeeper/server/LogFormatter.java|zookeeper-server/src/main/java/org/apache/zookeeper/server/SnapshotFormatter.java
ZOOKEEPER-3125,db53d02869faa7c9819689315daa3933125c89a8,zookeeper-server/src/main/java/org/apache/zookeeper/server/DataTree.java
ZOOKEEPER-2778,6ea3c0b6897ec3a833f5b86fe8612bc9b2ac672c,zookeeper-server/src/main/java/org/apache/zookeeper/server/quorum/QuorumPeer.java
ZOOKEEPER-1818,b7403b790ff8729f817680afcdef38cb98b87720,zookeeper-server/src/main/java/org/apache/zookeeper/server/quorum/FastLeaderElection.java|zookeeper-server/src/main/java/org/apache/zookeeper/server/quorum/QuorumPeer.java|zookeeper-server/src/main/java/org/apache/zookeeper/server/quorum/Vote.java
ZOOKEEPER-2822,91c6cb253c98a5c792314b1c7998ab5b939dddad,zookeeper-server/src/main/java/org/apache/zookeeper/jmx/ManagedUtil.java
ZOOKEEPER-3156,83fd6e298dda420125f8be35fda68cb226b0ee05,zookeeper-server/src/main/java/org/apache/zookeeper/ClientCnxn.java|zookeeper-server/src/main/java/org/apache/zookeeper/SaslServerPrincipal.java|zookeeper-server/src/main/java/org/apache/zookeeper/client/ZKClientConfig.java
ZOOKEEPER-3165,7b679bc9dd98f06ee10bbb0978cfee5dab7b74dc,zookeeper-client/zookeeper-client-java/src/main/java/org/apache/zookeeper/client/FourLetterWordMain.java|zookeeper-common/src/main/java/org/apache/zookeeper/ClientCnxnSocketNetty.java|zookeeper-common/src/main/java/org/apache/zookeeper/ZKHostnameVerifier.java|zookeeper-common/src/main/java/org/apache/zookeeper/ZKTrustManager.java|zookeeper-common/src/main/java/org/apache/zookeeper/common/ClientX509Util.java|zookeeper-common/src/main/java/org/apache/zookeeper/common/QuorumX509Util.java|zookeeper-common/src/main/java/org/apache/zookeeper/common/X509Util.java|zookeeper-common/src/main/java/org/apache/zookeeper/common/ZKConfig.java|zookeeper-server/src/main/java/org/apache/zookeeper/server/NettyServerCnxnFactory.java|zookeeper-server/src/main/java/org/apache/zookeeper/server/auth/X509AuthenticationProvider.java|zookeeper-server/src/main/java/org/apache/zookeeper/server/quorum/Leader.java|zookeeper-server/src/main/java/org/apache/zookeeper/server/quorum/Learner.java|zookeeper-server/src/main/java/org/apache/zookeeper/server/quorum/PrependableSocket.java|zookeeper-server/src/main/java/org/apache/zookeeper/server/quorum/QuorumBean.java|zookeeper-server/src/main/java/org/apache/zookeeper/server/quorum/QuorumCnxManager.java|zookeeper-server/src/main/java/org/apache/zookeeper/server/quorum/QuorumMXBean.java|zookeeper-server/src/main/java/org/apache/zookeeper/server/quorum/QuorumPeer.java|zookeeper-server/src/main/java/org/apache/zookeeper/server/quorum/QuorumPeerConfig.java|zookeeper-server/src/main/java/org/apache/zookeeper/server/quorum/QuorumPeerMain.java|zookeeper-server/src/main/java/org/apache/zookeeper/server/quorum/UnifiedServerSocket.java
ZOOKEEPER-2847,a8cf62678131626b778d0572290d582f70a2cbfc,src/java/main/org/apache/zookeeper/server/quorum/QuorumPeer.java|src/java/main/org/apache/zookeeper/server/quorum/QuorumPeerConfig.java
ZOOKEEPER-2847,e116d32b63039fe9f0677f0af76c0a77fe74c82b,src/java/main/org/apache/zookeeper/server/quorum/QuorumPeerConfig.java
ZOOKEEPER-3144,b58791016424e662c816e2253de96f3771f5d301,src/java/main/org/apache/zookeeper/server/ZooKeeperServer.java
ZOOKEEPER-1823,14870ddd4b87afe3af497ec0569ce439c0488053,src/java/main/org/apache/zookeeper/server/persistence/TxnLogToolkit.java
ZOOKEEPER-3125,6651a126cd85ced8b26786875b81be140ad97c80,src/java/main/org/apache/zookeeper/server/DataTree.java
ZOOKEEPER-2261,4ad2341c18020ecb08e7e26b79cacc3569b9d31e,src/java/main/org/apache/zookeeper/server/ZooKeeperServer.java|src/java/main/org/apache/zookeeper/server/admin/Commands.java
ZOOKEEPER-1990,181de25c0dc703eaff77dd6415b676f09564277a,src/java/main/org/apache/zookeeper/ClientCnxn.java|src/java/main/org/apache/zookeeper/server/SyncRequestProcessor.java
ZOOKEEPER-3131,95557a30edbdfdf4479a1cb142e0d82a4ba6061d,src/java/main/org/apache/zookeeper/server/NettyServerCnxn.java
ZOOKEEPER-3127,e501d9cc67fbaa6e825292fd838711259b6c9789,src/java/main/org/apache/zookeeper/server/DataTree.java|src/java/main/org/apache/zookeeper/server/ZKDatabase.java
ZOOKEEPER-3117,290f1fc4b907c7d51ec81985e87ef46b8528b8f7,src/java/main/org/apache/zookeeper/server/admin/Commands.java|src/java/main/org/apache/zookeeper/server/command/MonitorCommand.java|src/java/main/org/apache/zookeeper/server/quorum/Leader.java|src/java/main/org/apache/zookeeper/server/quorum/LeaderBean.java
ZOOKEEPER-2926,cd209456b67cde5aba771b1a240ebe5607398459,src/java/main/org/apache/zookeeper/server/PrepRequestProcessor.java|src/java/main/org/apache/zookeeper/server/ServerCnxn.java|src/java/main/org/apache/zookeeper/server/SessionTracker.java|src/java/main/org/apache/zookeeper/server/SessionTrackerImpl.java|src/java/main/org/apache/zookeeper/server/ZooKeeperServer.java|src/java/main/org/apache/zookeeper/server/quorum/LeaderSessionTracker.java|src/java/main/org/apache/zookeeper/server/quorum/LearnerSessionTracker.java|src/java/main/org/apache/zookeeper/server/quorum/LocalSessionTracker.java|src/java/main/org/apache/zookeeper/server/quorum/UpgradeableSessionTracker.java
ZOOKEEPER-3104,148c2cd6ba73e66b1879a2e10ecda4ce4e0e2c7b,src/java/main/org/apache/zookeeper/server/quorum/Leader.java|src/java/main/org/apache/zookeeper/server/quorum/LearnerHandler.java
ZOOKEEPER-3082,78e4a1047c701006dd4ec8d09065eda0e7adedb5,src/java/main/org/apache/zookeeper/server/persistence/FileTxnSnapLog.java
ZOOKEEPER-3072,2a372fcdce3c0142c0bb23f06098a2c1a49f807e,src/java/main/org/apache/zookeeper/server/ZooKeeperServer.java
ZOOKEEPER-2251,9f82798415351a20136ceb1640b1781723e51cc1,src/java/main/org/apache/zookeeper/ClientCnxn.java|src/java/main/org/apache/zookeeper/KeeperException.java|src/java/main/org/apache/zookeeper/ZooKeeper.java|src/java/main/org/apache/zookeeper/client/ZKClientConfig.java
ZOOKEEPER-2184,0a311873deb1847703c9b62716c626ce43d4ba48,src/java/main/org/apache/zookeeper/client/HostProvider.java|src/java/main/org/apache/zookeeper/client/StaticHostProvider.java
ZOOKEEPER-2886,b593a8de1cc48534661526685e39d812aa680d36,src/java/main/org/apache/zookeeper/server/FinalRequestProcessor.java
ZOOKEEPER-3059,1fb644662b8e0530dec2c5668a3e49b3f614e9de,src/java/main/org/apache/zookeeper/ClientCnxn.java
ZOOKEEPER-3009,13dd5d0db7a5c4fa926d1e44fc2047c24d5d012c,src/java/main/org/apache/zookeeper/server/NIOServerCnxnFactory.java
ZOOKEEPER-3051,24f093b9c10bcfa5f890f378087e48736ed5bac5,src/java/main/org/apache/zookeeper/server/admin/JsonOutputter.java
ZOOKEEPER-3041,dacd27568c0a20244d40f42ff8ee84b5f917128e,src/java/main/org/apache/zookeeper/common/PathUtils.java
ZOOKEEPER-3039,2fa315b7d0ed65828479fcdcc9e76ca8552fba4a,src/java/main/org/apache/zookeeper/server/persistence/TxnLogToolkit.java
ZOOKEEPER-3038,6e64125f2aafc29253904c43ee44233c907e5fca,src/java/main/org/apache/zookeeper/server/EphemeralType.java|src/java/main/org/apache/zookeeper/server/EphemeralTypeEmulate353.java|src/java/main/org/apache/zookeeper/server/quorum/QuorumPeer.java
ZOOKEEPER-2959,088dfdf188663f6bad79b0e87b710737b318537d,src/java/main/org/apache/zookeeper/server/quorum/Leader.java|src/java/main/org/apache/zookeeper/server/quorum/LearnerHandler.java
ZOOKEEPER-2901,ceaeccd6e310983d37e685a9d5fff3d7e75cf125,src/java/main/org/apache/zookeeper/ZooKeeper.java|src/java/main/org/apache/zookeeper/cli/CreateCommand.java|src/java/main/org/apache/zookeeper/server/ContainerManager.java|src/java/main/org/apache/zookeeper/server/DataTree.java|src/java/main/org/apache/zookeeper/server/EphemeralType.java|src/java/main/org/apache/zookeeper/server/OldEphemeralType.java|src/java/main/org/apache/zookeeper/server/PrepRequestProcessor.java|src/java/main/org/apache/zookeeper/server/SessionTrackerImpl.java|src/java/main/org/apache/zookeeper/server/ZooKeeperServer.java|src/java/main/org/apache/zookeeper/server/quorum/QuorumPeer.java
ZOOKEEPER-2982,b1f6279a8c4708d1df7dd1128dc4fdf41fc7e24a,src/java/main/org/apache/zookeeper/server/quorum/Learner.java
ZOOKEEPER-2988,2022766ec907f63b1b43fc5455e9e7761cd332f6,src/java/main/org/apache/zookeeper/server/quorum/FastLeaderElection.java
ZOOKEEPER-3027,5c96887643b2465caabbfd4763c7ebb3cd1aa024,src/java/main/org/apache/zookeeper/server/persistence/FilePadding.java|src/java/main/org/apache/zookeeper/server/persistence/FileTxnLog.java
ZOOKEEPER-3007,2c0168ad37b529447ac8cb1bf866d014f8a97981,src/java/main/org/apache/zookeeper/server/ReferenceCountedACLCache.java
ZOOKEEPER-3006,fbd21329d32f185d198344f2d394175c92a82f9e,src/java/main/org/apache/zookeeper/server/ZKDatabase.java
ZOOKEEPER-3001,8cfca3add9c7fd705f9114daf4adaac9fc90f040,src/java/main/org/apache/zookeeper/server/ContainerManager.java
ZOOKEEPER-2845,722ba9409a44a35d287aac803813f508cff2420a,src/java/main/org/apache/zookeeper/server/ZKDatabase.java|src/java/main/org/apache/zookeeper/server/ZooKeeperServer.java|src/java/main/org/apache/zookeeper/server/persistence/FileTxnSnapLog.java
ZOOKEEPER-2978,f0b67b6e49acec5f022bee25e08f82a29572c97a,src/java/main/org/apache/zookeeper/ZooKeeper.java
ZOOKEEPER-2949,66554218a557cbc86924354bdb20e20b20ff934f,src/java/main/org/apache/zookeeper/ClientCnxnSocketNetty.java
ZOOKEEPER-1580,d1b07d588e445085eff4abeb42cf730cc7c57e83,src/java/main/org/apache/zookeeper/server/quorum/QuorumPeer.java
ZOOKEEPER-2964,78708a8587841ccdcb3d07f33d3114e0c8cfc380,src/java/main/org/apache/zookeeper/server/ZooKeeperServer.java
ZOOKEEPER-2249,4d629d289fc4b1079fff2244b92a337e4068e240,src/java/main/org/apache/zookeeper/server/persistence/FileTxnLog.java|src/java/main/org/apache/zookeeper/server/persistence/Util.java
ZOOKEEPER-2893,e129e7a0b64d6555460d240be2d79e53aaa1bef9,src/java/main/org/apache/zookeeper/ClientCnxn.java
ZOOKEEPER-2931,f299303add79250ec2181f6c03b15e3754825284,src/recipes/lock/src/java/org/apache/zookeeper/recipes/lock/ZNodeName.java
ZOOKEEPER-2923,0fe7a09ab57c73c3a5c91e68a889f600c0739136,src/java/main/org/apache/zookeeper/server/quorum/CommitProcessor.java
ZOOKEEPER-2684,1392a8b3d8ac3d042a51dac18e33e144674b1b5b,src/java/main/org/apache/zookeeper/server/quorum/CommitProcessor.java
ZOOKEEPER-2914,fb10c2b54698c8aab4477670bb0d6f7fe99c5c43,src/java/main/org/apache/zookeeper/jmx/ManagedUtil.java|src/java/main/org/apache/zookeeper/server/NIOServerCnxn.java|src/java/main/org/apache/zookeeper/server/ServerCnxnFactory.java|src/java/main/org/apache/zookeeper/server/auth/ProviderRegistry.java
ZOOKEEPER-2581,ef8b751c491bbc57b628ea9685a774fe40ba43dc,src/java/main/org/apache/zookeeper/server/auth/X509AuthenticationProvider.java
ZOOKEEPER-2836,52aff3eca439bba70f2b4d175ce331754dcd03db,src/java/main/org/apache/zookeeper/server/quorum/QuorumCnxManager.java
ZOOKEEPER-2804,d7c192c1829cc657d3312f47ecb5b97519d1b30d,src/java/main/org/apache/zookeeper/ZooKeeper.java|src/java/main/org/apache/zookeeper/server/PrepRequestProcessor.java
ZOOKEEPER-2872,0706b40afad079f19fe9f76c99bbb7ec69780dbd,src/java/main/org/apache/zookeeper/server/ZooKeeperServer.java|src/java/main/org/apache/zookeeper/server/persistence/FileSnap.java|src/java/main/org/apache/zookeeper/server/persistence/FileTxnSnapLog.java|src/java/main/org/apache/zookeeper/server/persistence/SnapShot.java|src/java/main/org/apache/zookeeper/server/quorum/Learner.java
ZOOKEEPER-2786,e104175bb47baeb800354078c015e78bfcb7c953,src/java/main/org/apache/zookeeper/server/NettyServerCnxn.java
ZOOKEEPER-2853,5c4e44332e55bbf21ca59583f3e8ca97fc4bb266,src/java/main/org/apache/zookeeper/server/persistence/FileTxnLog.java
ZOOKEEPER-2862,69c8cbea1dcc95bb1b4eb01cbfd667a1bfba1f5d,src/java/main/org/apache/zookeeper/client/StaticHostProvider.java
ZOOKEEPER-2852,3f7e4133f3abc17df5eb4f0145d0833417bfdb33,src/java/main/org/apache/zookeeper/server/ZKDatabase.java|src/java/main/org/apache/zookeeper/server/quorum/LearnerHandler.java
ZOOKEEPER-2819,ddf0364903bf7ac7cd25b2e1927f0d9d3c7203c4,src/java/main/org/apache/zookeeper/server/quorum/Learner.java|src/java/main/org/apache/zookeeper/server/quorum/QuorumPeer.java|src/java/main/org/apache/zookeeper/server/quorum/QuorumPeerConfig.java
ZOOKEEPER-2818,7db83eb9dcbd26b79f852e93520db821dabff047,src/contrib/zooinspector/src/java/org/apache/zookeeper/retry/ZooKeeperRetry.java|src/java/main/org/apache/zookeeper/ZooKeeper.java
ZOOKEEPER-2355,69710181042a8c1f0461c1739b96171d88f2b126,src/java/main/org/apache/zookeeper/server/quorum/Learner.java
ZOOKEEPER-1782,fb267672d219c73c0cf2527fafebc1a0b17d3bee,src/java/main/org/apache/zookeeper/server/ZooKeeperServer.java|src/java/main/org/apache/zookeeper/server/auth/SASLAuthenticationProvider.java
ZOOKEEPER-2808,111ae5a5b67999925f1921736a14fcfbdb1b7348,src/java/main/org/apache/zookeeper/server/DataTree.java|src/java/main/org/apache/zookeeper/server/ZKDatabase.java
ZOOKEEPER-2775,fa1dc109d4c1bb7913fee43170ed6131e3dc1b1f,src/java/main/org/apache/zookeeper/ClientCnxn.java
ZOOKEEPER-2797,3824da0b649c6a6a698cfe6c79ca3d44a9e94f29,src/java/main/org/apache/zookeeper/server/PrepRequestProcessor.java
ZOOKEEPER-2757,b0b194533c08c8a111497e853668f751b28ae4e9,src/java/main/org/apache/zookeeper/cli/CreateCommand.java|src/java/main/org/apache/zookeeper/cli/DelQuotaCommand.java|src/java/main/org/apache/zookeeper/cli/DeleteAllCommand.java|src/java/main/org/apache/zookeeper/cli/DeleteCommand.java|src/java/main/org/apache/zookeeper/cli/GetAclCommand.java|src/java/main/org/apache/zookeeper/cli/GetCommand.java|src/java/main/org/apache/zookeeper/cli/ListQuotaCommand.java|src/java/main/org/apache/zookeeper/cli/Ls2Command.java|src/java/main/org/apache/zookeeper/cli/LsCommand.java|src/java/main/org/apache/zookeeper/cli/MalformedPathException.java|src/java/main/org/apache/zookeeper/cli/RemoveWatchesCommand.java|src/java/main/org/apache/zookeeper/cli/SetAclCommand.java|src/java/main/org/apache/zookeeper/cli/SetCommand.java|src/java/main/org/apache/zookeeper/cli/SetQuotaCommand.java|src/java/main/org/apache/zookeeper/cli/StatCommand.java|src/java/main/org/apache/zookeeper/cli/SyncCommand.java
ZOOKEEPER-2785,0a3e2d1d4bdbb96f41da7111db3913ef08068722,src/java/main/org/apache/zookeeper/server/ZooKeeperServer.java
ZOOKEEPER-1932,a680655a3569bfc546712cb85eeaea8c9b7de3ad,src/java/main/org/apache/zookeeper/server/quorum/LeaderElection.java|src/java/main/org/apache/zookeeper/server/quorum/QuorumPeer.java|src/java/main/org/apache/zookeeper/server/quorum/QuorumPeerConfig.java
ZOOKEEPER-2316,f7281f30467bfecb679f3e3d436337dfd16c810a,src/java/main/org/apache/zookeeper/server/quorum/Leader.java
ZOOKEEPER-2747,6e91424b220ccbefc8456e1b8a5e0ba0e5130f9a,src/java/main/org/apache/zookeeper/admin/ZooKeeperAdmin.java
ZOOKEEPER-2743,b3ef40bffe49c1e42aee23a600a775194f36bca0,src/java/main/org/apache/zookeeper/server/NettyServerCnxn.java
ZOOKEEPER-2737,d8adc547f9856747905b7d46450f13fa98df147f,src/java/main/org/apache/zookeeper/server/NettyServerCnxnFactory.java
ZOOKEEPER-2725,63577ba52a829391ded3ae11c62c0e996865b5c7,src/java/main/org/apache/zookeeper/server/quorum/QuorumZooKeeperServer.java
ZOOKEEPER-2726,0313a0e0b6c47b316271533165e5830d1ca04478,src/java/main/org/apache/zookeeper/server/command/FourLetterCommands.java
ZOOKEEPER-2693,0313a0e0b6c47b316271533165e5830d1ca04478,src/java/main/org/apache/zookeeper/server/command/FourLetterCommands.java
ZOOKEEPER-2693,5fe68506f217246c7ebd96803f9c78e13ec2f11a,src/java/main/org/apache/zookeeper/server/NIOServerCnxn.java|src/java/main/org/apache/zookeeper/server/NettyServerCnxn.java|src/java/main/org/apache/zookeeper/server/command/FourLetterCommands.java|src/java/main/org/apache/zookeeper/server/command/NopCommand.java
ZOOKEEPER-2687,fd211a5275b6231e668268fb9df2820e07f5f33c,src/java/main/org/apache/zookeeper/server/quorum/Leader.java
ZOOKEEPER-2380,fd211a5275b6231e668268fb9df2820e07f5f33c,src/java/main/org/apache/zookeeper/server/quorum/Leader.java
ZOOKEEPER-2617,15e3f7fccc770783786e8097f7a6618509bfee0f,src/contrib/zooinspector/src/java/org/apache/zookeeper/inspector/manager/ZooInspectorManagerImpl.java|src/java/main/org/apache/zookeeper/server/DatadirCleanupManager.java|src/java/main/org/apache/zookeeper/server/ZooKeeperThread.java
ZOOKEEPER-2683,201cac20e1a66e7d4180a6c7e18834c0ca6094dc,src/java/main/org/apache/zookeeper/server/quorum/QuorumPeerMain.java
ZOOKEEPER-2642,c5df1c9acec07036da225b1251cb30be60301224,src/java/main/org/apache/zookeeper/admin/ZooKeeperAdmin.java|src/java/main/org/apache/zookeeper/cli/ReconfigCommand.java
ZOOKEEPER-2678,bbfd0169417c316bbdd22ff7a38176845aa0efc6,src/java/main/org/apache/zookeeper/server/ZooKeeperServer.java|src/java/main/org/apache/zookeeper/server/ZooKeeperServerMain.java|src/java/main/org/apache/zookeeper/server/quorum/Learner.java
ZOOKEEPER-2680,26aee2228451257f3b0b5093bc0c101822e06bc8,src/java/main/org/apache/zookeeper/server/ContainerManager.java|src/java/main/org/apache/zookeeper/server/DataNode.java|src/java/main/org/apache/zookeeper/server/DataTree.java|src/java/main/org/apache/zookeeper/server/PrepRequestProcessor.java|src/java/main/org/apache/zookeeper/server/SnapshotFormatter.java
ZOOKEEPER-2622,edf75b5e31f0d9e2fbfadbd95bae9d1d6c4737f6,src/java/main/org/apache/zookeeper/server/ZooTrace.java
ZOOKEEPER-2573,8771ffdaacb87126a485ae740558f6a288ab980b,src/java/main/org/apache/zookeeper/Version.java|src/java/main/org/apache/zookeeper/version/util/VerGen.java
ZOOKEEPER-2574,762f4af65bb1056a582a6f36183a9e28fe0ccab8,src/java/main/org/apache/zookeeper/server/PurgeTxnLog.java|src/java/main/org/apache/zookeeper/server/persistence/FileSnap.java|src/java/main/org/apache/zookeeper/server/persistence/FileTxnSnapLog.java
ZOOKEEPER-2325,7c51b01e89acb38165553366f7e3b2a46c00aa27,src/java/main/org/apache/zookeeper/server/persistence/FileTxnSnapLog.java
ZOOKEEPER-2517,de5c0e9abeb87721f4157662210dfcd38a7c15ea,src/java/main/org/apache/zookeeper/ClientCnxnSocket.java|src/java/main/org/apache/zookeeper/ClientCnxnSocketNetty.java|src/java/main/org/apache/zookeeper/common/ZKConfig.java
ZOOKEEPER-2470,ef0a8ae686c100f1dc71d7526af962c635696466,src/java/main/org/apache/zookeeper/server/ServerConfig.java
ZOOKEEPER-2383,eac693cc76a34f96b9116ef33d1e92af7129416d,src/java/main/org/apache/zookeeper/server/NIOServerCnxn.java|src/java/main/org/apache/zookeeper/server/NettyServerCnxn.java|src/java/main/org/apache/zookeeper/server/admin/Commands.java|src/java/main/org/apache/zookeeper/server/command/AbstractFourLetterCommand.java|src/java/main/org/apache/zookeeper/server/command/CnxnStatResetCommand.java|src/java/main/org/apache/zookeeper/server/command/ConfCommand.java|src/java/main/org/apache/zookeeper/server/command/ConsCommand.java|src/java/main/org/apache/zookeeper/server/command/DirsCommand.java|src/java/main/org/apache/zookeeper/server/command/DumpCommand.java|src/java/main/org/apache/zookeeper/server/command/IsroCommand.java|src/java/main/org/apache/zookeeper/server/command/MonitorCommand.java|src/java/main/org/apache/zookeeper/server/command/StatCommand.java|src/java/main/org/apache/zookeeper/server/command/StatResetCommand.java|src/java/main/org/apache/zookeeper/server/command/WatchCommand.java
ZOOKEEPER-2636,d72f27279a13986ee0c011e1e5b34edf3a310da9,src/java/main/org/apache/jute/compiler/JRecord.java
ZOOKEEPER-2628,b9beabf5cfbb8e447f67a8050486ca2821132f61,src/java/main/org/apache/jute/compiler/CGenerator.java|src/java/main/org/apache/jute/compiler/CppGenerator.java|src/java/main/org/apache/jute/compiler/JRecord.java|src/java/main/org/apache/zookeeper/ZooKeeperMain.java|src/java/main/org/apache/zookeeper/cli/DeleteCommand.java|src/java/main/org/apache/zookeeper/server/DataTree.java|src/java/main/org/apache/zookeeper/server/NIOServerCnxn.java|src/java/main/org/apache/zookeeper/server/NettyServerCnxn.java|src/java/main/org/apache/zookeeper/server/PurgeTxnLog.java|src/java/main/org/apache/zookeeper/server/ZooKeeperServer.java|src/java/main/org/apache/zookeeper/server/command/FourLetterCommands.java|src/java/main/org/apache/zookeeper/server/quorum/flexible/QuorumHierarchical.java|src/java/main/org/apache/zookeeper/version/util/VerGen.java
ZOOKEEPER-2014,73e102a58d01b27bc6208bbfbde2d12f0deba1f4,src/java/main/org/apache/zookeeper/ClientCnxn.java|src/java/main/org/apache/zookeeper/KeeperException.java|src/java/main/org/apache/zookeeper/ZooKeeper.java|src/java/main/org/apache/zookeeper/ZooKeeperMain.java|src/java/main/org/apache/zookeeper/admin/ZooKeeperAdmin.java|src/java/main/org/apache/zookeeper/cli/CliCommand.java|src/java/main/org/apache/zookeeper/cli/ReconfigCommand.java|src/java/main/org/apache/zookeeper/server/DataTree.java|src/java/main/org/apache/zookeeper/server/PrepRequestProcessor.java|src/java/main/org/apache/zookeeper/server/ZooKeeperServer.java|src/java/main/org/apache/zookeeper/server/ZooKeeperServerMain.java|src/java/main/org/apache/zookeeper/server/quorum/QuorumPeerConfig.java|src/java/main/org/apache/zookeeper/server/quorum/QuorumPeerMain.java
ZOOKEEPER-2556,bcb07a09b06c91243ed244f04a71b8daf629e286,src/java/main/org/apache/zookeeper/server/quorum/QuorumPeerConfig.java
ZOOKEEPER-2606,cef5978969bedfe066f903834a9ea4af6d508844,src/java/main/org/apache/zookeeper/server/auth/SaslServerCallbackHandler.java
ZOOKEEPER-2467,422058c222a8a31ec7cfd4113fbdc036181f751d,src/java/main/org/apache/zookeeper/ZooKeeperMain.java
ZOOKEEPER-2579,ec20c5434cc8a334b3fd25e27d26dccf4793c8f3,src/java/main/org/apache/zookeeper/server/persistence/FileTxnSnapLog.java
ZOOKEEPER-2172,c38787f355b6dcd612fc57db0202fc68a01108f7,src/java/main/org/apache/zookeeper/server/quorum/Learner.java
ZOOKEEPER-2539,d8c783d6def783b3208c73a83a09febbb719eefc,src/java/main/org/apache/zookeeper/server/util/ConfigUtils.java
ZOOKEEPER-2247,a9a0624823d0704b766e5208079c232dce8f25ea,src/java/main/org/apache/zookeeper/server/ZooKeeperServer.java|src/java/main/org/apache/zookeeper/server/ZooKeeperServerListenerImpl.java|src/java/main/org/apache/zookeeper/server/ZooKeeperServerMain.java|src/java/main/org/apache/zookeeper/server/ZooKeeperServerShutdownHandler.java|src/java/main/org/apache/zookeeper/server/quorum/Follower.java|src/java/main/org/apache/zookeeper/server/quorum/Leader.java|src/java/main/org/apache/zookeeper/server/quorum/Learner.java|src/java/main/org/apache/zookeeper/server/quorum/LearnerZooKeeperServer.java|src/java/main/org/apache/zookeeper/server/quorum/Observer.java|src/java/main/org/apache/zookeeper/server/quorum/ObserverZooKeeperServer.java|src/java/main/org/apache/zookeeper/server/quorum/QuorumZooKeeperServer.java|src/java/main/org/apache/zookeeper/server/quorum/ReadOnlyZooKeeperServer.java
ZOOKEEPER-2074,c0a5d8ba561cf8f9ad8fece964f5cf8894c154ee,src/java/main/org/apache/zookeeper/cli/CliException.java
ZOOKEEPER-2500,257c47c5e5e825a452d7e54b35803bfb5da3ef5d,src/java/main/org/apache/zookeeper/cli/CliException.java|src/java/main/org/apache/zookeeper/cli/CliParseException.java|src/java/main/org/apache/zookeeper/cli/CliWrapperException.java|src/java/main/org/apache/zookeeper/cli/CommandNotFoundException.java|src/java/main/org/apache/zookeeper/cli/MalformedCommandException.java
ZOOKEEPER-1898,fade262a8a4fa744bd768dc7569d8f4c9d84f275,src/java/main/org/apache/zookeeper/ZooKeeperMain.java|src/java/main/org/apache/zookeeper/cli/AddAuthCommand.java|src/java/main/org/apache/zookeeper/cli/CliCommand.java|src/java/main/org/apache/zookeeper/cli/CliException.java|src/java/main/org/apache/zookeeper/cli/CliParseException.java|src/java/main/org/apache/zookeeper/cli/CliWrapperException.java|src/java/main/org/apache/zookeeper/cli/CloseCommand.java|src/java/main/org/apache/zookeeper/cli/CommandNotFoundException.java|src/java/main/org/apache/zookeeper/cli/CreateCommand.java|src/java/main/org/apache/zookeeper/cli/DelQuotaCommand.java|src/java/main/org/apache/zookeeper/cli/DeleteAllCommand.java|src/java/main/org/apache/zookeeper/cli/DeleteCommand.java|src/java/main/org/apache/zookeeper/cli/GetAclCommand.java|src/java/main/org/apache/zookeeper/cli/GetCommand.java|src/java/main/org/apache/zookeeper/cli/GetConfigCommand.java|src/java/main/org/apache/zookeeper/cli/ListQuotaCommand.java|src/java/main/org/apache/zookeeper/cli/Ls2Command.java|src/java/main/org/apache/zookeeper/cli/LsCommand.java|src/java/main/org/apache/zookeeper/cli/MalformedCommandException.java|src/java/main/org/apache/zookeeper/cli/ReconfigCommand.java|src/java/main/org/apache/zookeeper/cli/RemoveWatchesCommand.java|src/java/main/org/apache/zookeeper/cli/SetAclCommand.java|src/java/main/org/apache/zookeeper/cli/SetCommand.java|src/java/main/org/apache/zookeeper/cli/SetQuotaCommand.java|src/java/main/org/apache/zookeeper/cli/StatCommand.java|src/java/main/org/apache/zookeeper/cli/SyncCommand.java
ZOOKEEPER-2366,01aea04fe49e0e218e06a898780758c1bb0f2600,src/java/main/org/apache/zookeeper/server/NIOServerCnxnFactory.java|src/java/main/org/apache/zookeeper/server/NettyServerCnxnFactory.java|src/java/main/org/apache/zookeeper/server/quorum/Leader.java|src/java/main/org/apache/zookeeper/server/quorum/QuorumPeer.java
ZOOKEEPER-2380,2cea41e38e7597a1d5901381f2fc72fce8625b7e,src/java/main/org/apache/zookeeper/server/quorum/Leader.java|src/java/main/org/apache/zookeeper/server/quorum/QuorumPeer.java
ZOOKEEPER-2297,aa4a217ca85966ee135adb27804992e97ec18cbc,src/java/main/org/apache/zookeeper/server/auth/ProviderRegistry.java|src/java/main/org/apache/zookeeper/server/quorum/QuorumPeerConfig.java
ZOOKEEPER-2442,0c4b4483338d9c71f313f66d3d5bd7912a8ea30a,src/java/main/org/apache/zookeeper/server/quorum/QuorumCnxManager.java
ZOOKEEPER-2405,bba49d85fc715a568bc6ee7bf9caf42ccb7e410b,src/java/main/org/apache/zookeeper/Login.java
ZOOKEEPER-2413,21ae2cf7dfbfd12e8160503c43b5f379fd049d79,src/java/main/org/apache/zookeeper/server/ContainerManager.java
ZOOKEEPER-2141,6380270281f9bb79b7ccfff6cfedbce22f734ca4,src/java/main/org/apache/zookeeper/server/ReferenceCountedACLCache.java
ZOOKEEPER-2141,a3d24843bcc298fa635cf447d35f901116b06cda,src/java/main/org/apache/zookeeper/server/DataTree.java|src/java/main/org/apache/zookeeper/server/FinalRequestProcessor.java|src/java/main/org/apache/zookeeper/server/PrepRequestProcessor.java|src/java/main/org/apache/zookeeper/server/ReferenceCountedACLCache.java|src/java/main/org/apache/zookeeper/server/ZKDatabase.java
ZOOKEEPER-2195,7e889d125f4a19f710dc9276402061ba6900e8a4,src/java/main/org/apache/zookeeper/server/persistence/FileTxnLog.java
ZOOKEEPER-2379,47da0276906c6fc27a482eb7568bcabc9721cdba,src/java/main/org/apache/zookeeper/client/ZooKeeperSaslClient.java
ZOOKEEPER-2375,153a7e64068644a56e69e29ff4a3a277af862bcb,src/java/main/org/apache/zookeeper/client/ZooKeeperSaslClient.java
ZOOKEEPER-2297,94e26732af2c3a2bf51c2e4e5bb4f86fbc9ca0fc,src/java/main/org/apache/zookeeper/server/auth/ProviderRegistry.java
ZOOKEEPER-2297,b286cccd5a56aed88a7d74cffff87a09790ac97d,src/java/main/org/apache/zookeeper/server/auth/ProviderRegistry.java
ZOOKEEPER-2295,54480f6ab72cafb68231695a1f41064e24ebf65d,src/java/main/org/apache/zookeeper/Login.java
ZOOKEEPER-2299,8d11ef90f71733a59b28828ee84e9955f297d1e2,src/java/main/org/apache/zookeeper/server/quorum/LocalPeerBean.java
ZOOKEEPER-2301,5bcdb84bda57b06d0d4a38ce587ab91cd010e9a2,src/java/main/org/apache/zookeeper/server/quorum/QuorumPeer.java
ZOOKEEPER-2304,0a3f9d123af076341022ae81697257c5ff8a9428,src/java/main/org/apache/zookeeper/server/ZooKeeperServerBean.java
ZOOKEEPER-2335,9bb9b1d7016433ce98cd33be904ee1e77d484ffd,src/java/main/org/apache/zookeeper/ClientCnxn.java
ZOOKEEPER-2330,8d52816fbd5e7457eef97b65771b6242cdc0fbc1,src/java/main/org/apache/zookeeper/ClientCnxn.java|src/java/main/org/apache/zookeeper/client/ZooKeeperSaslClient.java
ZOOKEEPER-2329,0dc51fc123a8a67380890d4dadc0a2f15d50381b,src/java/main/org/apache/zookeeper/ZooKeeperMain.java|src/java/main/org/apache/zookeeper/server/PurgeTxnLog.java|src/java/main/org/apache/zookeeper/server/admin/AdminServer.java|src/java/main/org/apache/zookeeper/server/admin/JettyAdminServer.java|src/java/main/org/apache/zookeeper/server/util/KerberosUtil.java|src/java/main/org/apache/zookeeper/server/util/OSMXBean.java
ZOOKEEPER-1371,31b61db08a87b5939ea3fce5328d7ce69df536e6,src/java/main/org/apache/zookeeper/Login.java|src/java/main/org/apache/zookeeper/Shell.java|src/java/main/org/apache/zookeeper/client/FourLetterWordMain.java|src/java/main/org/apache/zookeeper/jmx/ManagedUtil.java
ZOOKEEPER-1853,df7e637a4d073c75270c32b107b7c1ceab29d148,src/java/main/org/apache/zookeeper/ZooKeeperMain.java
ZOOKEEPER-2227,80803034aabb68229730b9d7429525bd460c3183,src/java/main/org/apache/zookeeper/server/NIOServerCnxn.java|src/java/main/org/apache/zookeeper/server/NettyServerCnxn.java
ZOOKEEPER-2211,ee0daa7a8223dad09071893ef2e2c3a1aeb8eec9,src/java/main/org/apache/zookeeper/server/PurgeTxnLog.java
ZOOKEEPER-2142,495f7f99d46a4baf4896adac8afe5b9eba158db1,src/java/main/org/apache/zookeeper/server/ObserverBean.java
ZOOKEEPER-1460,08cc9187d9eb327b2a71bc9a8c62636815dfe9e5,src/java/main/org/apache/zookeeper/server/quorum/QuorumPeer.java
ZOOKEEPER-2244,b2f66fae04438602ee9b0092ac0c6657177e10e1,src/java/main/org/apache/zookeeper/server/quorum/QuorumPeerConfig.java
ZOOKEEPER-2279,1ea6879ba784aacc1cd0b4a91967f64f51d7aae9,src/java/main/org/apache/zookeeper/server/quorum/QuorumPeer.java
ZOOKEEPER-2269,239556e2344f75626b5c6c3f656508e797093011,src/java/main/org/apache/zookeeper/server/quorum/RemotePeerBean.java
ZOOKEEPER-2264,cfc9f24934f920ad45b8c522f0bd05220e5aaf74,src/java/main/org/apache/zookeeper/server/quorum/QuorumPeerConfig.java
ZOOKEEPER-2239,d95b521be0d275fcf3495ae31ebff94a469bb26d,src/java/main/org/apache/zookeeper/server/quorum/LocalPeerBean.java
ZOOKEEPER-2224,9a9d587861606884cca5b4a532078f925b50e40c,src/java/main/org/apache/zookeeper/client/FourLetterWordMain.java
ZOOKEEPER-2221,a61b4e1b528cb4c70627e9f9295b34bb05a79303,src/java/main/org/apache/zookeeper/server/admin/JettyAdminServer.java
ZOOKEEPER-2193,c520e1e826d88955db7637a33cd4f20c20c0bd7a,src/java/main/org/apache/zookeeper/server/PrepRequestProcessor.java|src/java/main/org/apache/zookeeper/server/quorum/QuorumPeer.java
ZOOKEEPER-2212,6a2f5e3e76f85e7aeba72f94397315bec96ea4f1,src/java/main/org/apache/zookeeper/server/quorum/FastLeaderElection.java
ZOOKEEPER-706,2d94a794d33a27567b37b772c08316277ee4e547,src/java/main/org/apache/zookeeper/ClientCnxn.java
ZOOKEEPER-2213,9bee4674c015a71785daeb7a6da93676a3450699,src/java/main/org/apache/zookeeper/server/PrepRequestProcessor.java
ZOOKEEPER-2201,71dd96a232cb590e90601fde4bfafcd4eef1f82a,src/java/main/org/apache/zookeeper/server/DataTree.java
ZOOKEEPER-2187,3a7a240ef7381edf15925045e9f94408177e51cd,src/java/main/org/apache/zookeeper/MultiTransactionRecord.java|src/java/main/org/apache/zookeeper/ZooKeeper.java|src/java/main/org/apache/zookeeper/server/PrepRequestProcessor.java
ZOOKEEPER-2186,692bfe67ad63fb7cf2e1b901f06f1787c74e5f8d,src/java/main/org/apache/zookeeper/server/quorum/QuorumCnxManager.java
ZOOKEEPER-2171,bd2a1bc422f1a555bb8a4af23cf07bf67ae0459b,src/java/main/org/apache/zookeeper/ClientCnxn.java|src/java/main/org/apache/zookeeper/client/StaticHostProvider.java|src/java/main/org/apache/zookeeper/common/HostNameUtils.java|src/java/main/org/apache/zookeeper/server/quorum/LocalPeerBean.java|src/java/main/org/apache/zookeeper/server/quorum/QuorumCnxManager.java|src/java/main/org/apache/zookeeper/server/quorum/QuorumPeer.java|src/java/main/org/apache/zookeeper/server/quorum/RemotePeerBean.java|src/java/main/org/apache/zookeeper/server/util/ConfigUtils.java
ZOOKEEPER-2029,62ec21999b721516d86afbcda0ae49509ec82fd0,src/java/main/org/apache/zookeeper/server/quorum/Leader.java
ZOOKEEPER-2146,75928cb8af4dfda71d99e35e232a2075f3c7b923,src/java/main/org/apache/jute/BinaryInputArchive.java
ZOOKEEPER-2074,015f6708c95cbd9c956012a73a7874d799deccb9,src/java/main/org/apache/zookeeper/ZooKeeperMain.java
ZOOKEEPER-2074,6edc5a35b403072d14b898229fff098fad479f3e,src/java/main/org/apache/zookeeper/ZooKeeperMain.java
ZOOKEEPER-1366,2789d1df02e697ea511867546dc569ff6b405ece,src/java/main/org/apache/zookeeper/ClientCnxn.java|src/java/main/org/apache/zookeeper/ClientCnxnSocket.java|src/java/main/org/apache/zookeeper/Login.java|src/java/main/org/apache/zookeeper/Shell.java|src/java/main/org/apache/zookeeper/ZKUtil.java|src/java/main/org/apache/zookeeper/common/Time.java|src/java/main/org/apache/zookeeper/server/ConnectionBean.java|src/java/main/org/apache/zookeeper/server/ExpiryQueue.java|src/java/main/org/apache/zookeeper/server/FinalRequestProcessor.java|src/java/main/org/apache/zookeeper/server/PrepRequestProcessor.java|src/java/main/org/apache/zookeeper/server/RateLogger.java|src/java/main/org/apache/zookeeper/server/Request.java|src/java/main/org/apache/zookeeper/server/ServerStats.java|src/java/main/org/apache/zookeeper/server/SessionTrackerImpl.java|src/java/main/org/apache/zookeeper/server/WorkerService.java|src/java/main/org/apache/zookeeper/server/ZKDatabase.java|src/java/main/org/apache/zookeeper/server/ZooKeeperServer.java|src/java/main/org/apache/zookeeper/server/quorum/AuthFastLeaderElection.java|src/java/main/org/apache/zookeeper/server/quorum/FastLeaderElection.java|src/java/main/org/apache/zookeeper/server/quorum/Follower.java|src/java/main/org/apache/zookeeper/server/quorum/Leader.java|src/java/main/org/apache/zookeeper/server/quorum/LearnerSnapshotThrottler.java|src/java/main/org/apache/zookeeper/server/quorum/QuorumPeer.java
ZOOKEEPER-2111,ffb584be6c5cf020136208e3d93d880b3f141773,src/java/main/org/apache/zookeeper/ClientCnxn.java
ZOOKEEPER-2072,a95add82db688000a7dc2ceb15464c368e7702fb,src/java/main/org/apache/zookeeper/server/NettyServerCnxnFactory.java
ZOOKEEPER-1784,967437328de3b7b8794c8b9a80e0fdaa41a00570,src/java/main/org/apache/zookeeper/server/quorum/Learner.java
ZOOKEEPER-2064,6aec8db7185cfc17022d90279f83f01ff237346a,src/contrib/loggraph/src/java/org/apache/zookeeper/graph/Log4JSource.java|src/contrib/loggraph/src/java/org/apache/zookeeper/graph/RandomAccessFileReader.java|src/contrib/loggraph/src/java/org/apache/zookeeper/graph/servlets/NumEvents.java|src/contrib/loggraph/src/java/org/apache/zookeeper/graph/servlets/StaticContent.java|src/contrib/rest/src/java/org/apache/zookeeper/server/jersey/cfg/RestCfg.java
ZOOKEEPER-2060,576cee6a81f83fec5ab203cc89be47e2c7fc2d7f,src/java/main/org/apache/zookeeper/server/NettyServerCnxnFactory.java
ZOOKEEPER-2052,783382d89c58561a9ac8b3d886b4b564a7b211c9,src/java/main/org/apache/zookeeper/server/PrepRequestProcessor.java
ZOOKEEPER-2026,3a3014ad265095bea004bcccea0f28dd960d2234,src/java/main/org/apache/zookeeper/server/NIOServerCnxnFactory.java|src/java/main/org/apache/zookeeper/server/NettyServerCnxnFactory.java
ZOOKEEPER-2039,375d298996e01ffabedaecb3dd62eb2b35070e1b,src/java/main/org/apache/jute/Utils.java
ZOOKEEPER-2030,7af77531b0dd0e641e10bac1b25482df6b335b89,src/java/main/org/apache/zookeeper/server/quorum/QuorumPeerConfig.java
ZOOKEEPER-2006,0b585528c8d8c36715b3489900e77c9198301102,src/java/main/org/apache/zookeeper/server/quorum/QuorumPeerConfig.java
ZOOKEEPER-1992,bad9ede36559615bb7eafe8e4d333f2c7c353faa,src/java/main/org/apache/zookeeper/server/quorum/QuorumPeer.java|src/java/main/org/apache/zookeeper/server/quorum/QuorumPeerConfig.java
ZOOKEEPER-1877,693f81bd103d14c80c38609bbc6cddb356310b3d,src/java/main/org/apache/zookeeper/server/PrepRequestProcessor.java
ZOOKEEPER-1789,892e10f6a45cca0464dae4089265511b7d0b9a38,src/java/main/org/apache/zookeeper/server/quorum/QuorumCnxManager.java
ZOOKEEPER-1973,83a012880184b88834a45ad28d5f659c426e69f4,src/java/main/org/apache/zookeeper/server/admin/Commands.java
ZOOKEEPER-1807,0214cfcdde243e0adf2e81c94bb3d48e25308f2b,src/java/main/org/apache/zookeeper/server/quorum/FastLeaderElection.java|src/java/main/org/apache/zookeeper/server/quorum/QuorumPeer.java
ZOOKEEPER-1851,bcf09c846cc68c85479659cb1b7c1a076af068cb,src/java/main/org/apache/zookeeper/server/TraceFormatter.java|src/java/main/org/apache/zookeeper/server/quorum/CommitProcessor.java|src/java/main/org/apache/zookeeper/server/quorum/FollowerRequestProcessor.java|src/java/main/org/apache/zookeeper/server/quorum/ObserverRequestProcessor.java
ZOOKEEPER-1683,9a97169a433b6eff5c58ff563bbb783c17248fb5,src/java/main/org/apache/zookeeper/ClientCnxnSocketNIO.java|src/java/main/org/apache/zookeeper/client/StaticHostProvider.java
ZOOKEEPER-1863,fc71a77591007be0053a6314eca3ebc22602dc3f,src/java/main/org/apache/zookeeper/server/quorum/CommitProcessor.java
ZOOKEEPER-1222,194be4b88e22c017e5649204afa5296128bfbcb5,src/java/main/org/apache/zookeeper/ZooKeeper.java
ZOOKEEPER-1810,5a6535bf410ed223aac075241045ccd807b17b81,src/java/main/org/apache/zookeeper/server/quorum/FastLeaderElection.java|src/java/main/org/apache/zookeeper/server/quorum/QuorumCnxManager.java|src/java/main/org/apache/zookeeper/server/quorum/QuorumPeer.java|src/java/main/org/apache/zookeeper/server/quorum/Vote.java
ZOOKEEPER-1835,02bec21a44c022ec6f065c5ced17864e58fa1ae8,src/java/main/org/apache/zookeeper/common/AtomicFileOutputStream.java|src/java/main/org/apache/zookeeper/common/AtomicFileWritingIdiom.java|src/java/main/org/apache/zookeeper/server/quorum/QuorumPeer.java|src/java/main/org/apache/zookeeper/server/quorum/QuorumPeerConfig.java
ZOOKEEPER-1900,6abd85938f450587ec1c8973176261fb60a6838b,src/java/main/org/apache/zookeeper/server/persistence/FileTxnLog.java|src/java/main/org/apache/zookeeper/server/quorum/Observer.java
ZOOKEEPER-1576,8cfb9a0efa5c8934eb3c95ca69566c718a37d9ca,src/java/main/org/apache/zookeeper/client/HostProvider.java|src/java/main/org/apache/zookeeper/client/StaticHostProvider.java
ZOOKEEPER-1870,7e262c717d4b99972278ee1e112bdd81dd171c02,src/java/main/org/apache/zookeeper/server/quorum/FastLeaderElection.java|src/java/main/org/apache/zookeeper/server/quorum/QuorumCnxManager.java|src/java/main/org/apache/zookeeper/server/quorum/QuorumPeer.java
ZOOKEEPER-1659,7a929407de4704f6ed27958075caddc6cb3f6508,src/java/main/org/apache/zookeeper/server/quorum/LocalPeerBean.java|src/java/main/org/apache/zookeeper/server/quorum/LocalPeerMXBean.java|src/java/main/org/apache/zookeeper/server/quorum/QuorumPeer.java|src/java/main/org/apache/zookeeper/server/quorum/RemotePeerBean.java|src/java/main/org/apache/zookeeper/server/quorum/RemotePeerMXBean.java
ZOOKEEPER-1699,2e72f47750f3b97e9441fdb30b82dd3914a04ac5,src/java/main/org/apache/zookeeper/server/quorum/SyncedLearnerTracker.java
ZOOKEEPER-1699,a8e0d7ba7d9797be3aa021fe23d5aef52ef39b91,src/java/main/org/apache/zookeeper/server/quorum/Leader.java
ZOOKEEPER-1214,903ce8dff71fb53de27ba2c16563e4ed43bf504e,src/java/main/org/apache/zookeeper/jmx/MBeanRegistry.java|src/java/main/org/apache/zookeeper/server/quorum/QuorumPeer.java
ZOOKEEPER-1797,3f8cc1b8a6c754b992aec568b8e71b84f956ecdf,src/java/main/org/apache/zookeeper/server/PurgeTxnLog.java
ZOOKEEPER-1864,0252993977bb42940aae2088f29a5e4898bcf3da,src/java/main/org/apache/zookeeper/server/quorum/QuorumPeerConfig.java
ZOOKEEPER-1891,85aac3dd0b1d925c20bacecc72c3da9940b296c7,src/java/main/org/apache/zookeeper/client/StaticHostProvider.java
ZOOKEEPER-1695,6b77e2eff3c9f7958a6eeb79ea1654433b274e0e,src/java/main/org/apache/zookeeper/KeeperException.java
ZOOKEEPER-1910,a1cd9204d298ca9b5b30c2f272d55b306c393271,src/java/main/org/apache/zookeeper/ZooDefs.java|src/java/main/org/apache/zookeeper/ZooKeeper.java|src/java/main/org/apache/zookeeper/cli/RemoveWatchesCommand.java|src/java/main/org/apache/zookeeper/server/DataTree.java|src/java/main/org/apache/zookeeper/server/FinalRequestProcessor.java|src/java/main/org/apache/zookeeper/server/PrepRequestProcessor.java|src/java/main/org/apache/zookeeper/server/Request.java|src/java/main/org/apache/zookeeper/server/WatchManager.java|src/java/main/org/apache/zookeeper/server/ZKDatabase.java
ZOOKEEPER-1843,a6bc130294da3c7473b3d215699b98fac1f2cd7f,src/java/main/org/apache/zookeeper/server/ByteBufferInputStream.java
ZOOKEEPER-1673,686dc0204c46081ddcc64d93c20b46803df56d84,src/java/main/org/apache/zookeeper/server/auth/IPAuthenticationProvider.java
ZOOKEEPER-1909,5a882c303de74370c7e57a516b68d07260be9bc3,src/java/main/org/apache/zookeeper/ZooKeeper.java|src/java/main/org/apache/zookeeper/server/DataTree.java|src/java/main/org/apache/zookeeper/server/FinalRequestProcessor.java|src/java/main/org/apache/zookeeper/server/WatchManager.java|src/java/main/org/apache/zookeeper/server/ZKDatabase.java
ZOOKEEPER-1840,dcffe61b804ecf6bb007f475fa8d6447ee2bb0f6,src/java/main/org/apache/zookeeper/server/quorum/QuorumPeer.java
ZOOKEEPER-1897,4d7af83cbc0156cae23b145e85b60f270c241462,src/java/main/org/apache/zookeeper/ZooKeeperMain.java
ZOOKEEPER-1725,256f95f52cd94b6b2e0b24bf69799d79b9011ffa,src/java/main/org/apache/zookeeper/server/quorum/QuorumPeer.java
ZOOKEEPER-1894,bf399b1cbc94f6d90258be699a3c92525cecfa65,src/java/main/org/apache/zookeeper/common/HostNameUtils.java|src/java/main/org/apache/zookeeper/server/quorum/QuorumPeer.java
ZOOKEEPER-602,a6e8a13a2da6df08f4426cc4f623ec5c76078ba9,src/java/main/org/apache/zookeeper/ClientCnxn.java|src/java/main/org/apache/zookeeper/server/NIOServerCnxnFactory.java|src/java/main/org/apache/zookeeper/server/PrepRequestProcessor.java|src/java/main/org/apache/zookeeper/server/SessionTrackerImpl.java|src/java/main/org/apache/zookeeper/server/SyncRequestProcessor.java|src/java/main/org/apache/zookeeper/server/WorkerService.java|src/java/main/org/apache/zookeeper/server/ZooKeeperCriticalThread.java|src/java/main/org/apache/zookeeper/server/ZooKeeperThread.java|src/java/main/org/apache/zookeeper/server/quorum/AuthFastLeaderElection.java|src/java/main/org/apache/zookeeper/server/quorum/CommitProcessor.java|src/java/main/org/apache/zookeeper/server/quorum/FastLeaderElection.java|src/java/main/org/apache/zookeeper/server/quorum/FollowerRequestProcessor.java|src/java/main/org/apache/zookeeper/server/quorum/Leader.java|src/java/main/org/apache/zookeeper/server/quorum/LearnerHandler.java|src/java/main/org/apache/zookeeper/server/quorum/ObserverRequestProcessor.java|src/java/main/org/apache/zookeeper/server/quorum/QuorumCnxManager.java|src/java/main/org/apache/zookeeper/server/quorum/QuorumPeer.java|src/java/main/org/apache/zookeeper/server/quorum/ReadOnlyRequestProcessor.java
ZOOKEEPER-1440,7799dea8f39a0696fd2871f56764f21f0d43b8cb,src/java/main/org/apache/zookeeper/server/quorum/QuorumCnxManager.java
ZOOKEEPER-1755,6aaa3b23f708fbbd1c04f58646ba27cb70831e27,src/java/main/org/apache/zookeeper/server/DataTree.java
ZOOKEEPER-1861,d88a04ffdfa37cb80f4a8adf2d205d9a36b27840,src/java/main/org/apache/zookeeper/server/quorum/QuorumCnxManager.java
ZOOKEEPER-1844,5d00c83b2a94bf40477651d9b0176e2d7d07012a,src/java/main/org/apache/zookeeper/server/TxnLogProposalIterator.java|src/java/main/org/apache/zookeeper/server/ZKDatabase.java|src/java/main/org/apache/zookeeper/server/persistence/FileTxnLog.java|src/java/main/org/apache/zookeeper/server/persistence/FileTxnSnapLog.java|src/java/main/org/apache/zookeeper/server/quorum/LearnerHandler.java
ZOOKEEPER-1811,2c7fbbecd7122815aa6072096be7c5737d04a670,src/java/main/org/apache/zookeeper/ClientCnxn.java
ZOOKEEPER-1573,523a776780c0af1d15e60667ac3e2532c3779380,src/java/main/org/apache/zookeeper/server/persistence/FileTxnSnapLog.java
ZOOKEEPER-1860,f7c7765b6c4e2b9f69af9d80b63bee5daf2df90f,src/java/main/org/apache/zookeeper/ZooKeeper.java
ZOOKEEPER-1179,310f890ff8c4e4977204fb0dd8443bbe6ba3c7a1,src/java/main/org/apache/zookeeper/server/NettyServerCnxn.java
ZOOKEEPER-1388,59ecde5ed38f0c6701d818841446793214cf702e,src/java/main/org/apache/zookeeper/CreateMode.java|src/java/main/org/apache/zookeeper/Op.java|src/java/main/org/apache/zookeeper/ZooKeeper.java
ZOOKEEPER-1622,f271dac9f994770ef3ae389484f2d1519cc9f259,src/java/main/org/apache/zookeeper/server/SessionTrackerImpl.java
ZOOKEEPER-1839,32d900b1d439f1ef52c69185e5bc6f73d272ed0b,src/java/main/org/apache/zookeeper/server/NettyServerCnxn.java|src/java/main/org/apache/zookeeper/server/NettyServerCnxnFactory.java
ZOOKEEPER-1382,cdee4002b4b7d14413a5ed447dbbd146c5a99eee,src/java/main/org/apache/zookeeper/server/NIOServerCnxn.java|src/java/main/org/apache/zookeeper/server/ZooKeeperServer.java
ZOOKEEPER-1798,dd31b9d9c5fdc608e269dd2f9b38d12afbecbef0,src/java/main/org/apache/zookeeper/server/quorum/ObserverZooKeeperServer.java
ZOOKEEPER-1812,6ce15c7bcf685a111fcd049953382409898ec0c9,src/contrib/zooinspector/src/java/org/apache/zookeeper/inspector/manager/ZooInspectorManagerImpl.java
ZOOKEEPER-1783,c56db03e686ab805821896486717123ed84e38a1,src/java/main/org/apache/zookeeper/server/quorum/FastLeaderElection.java|src/java/main/org/apache/zookeeper/server/quorum/Leader.java|src/java/main/org/apache/zookeeper/server/quorum/QuorumPeer.java
ZOOKEEPER-1798,293386c3be43fcd98754ac476385e399b426c02b,src/java/main/org/apache/zookeeper/server/SyncRequestProcessor.java
ZOOKEEPER-1499,4fe97763c2e765c5140071906f7f70d0727abb5d,src/java/main/org/apache/zookeeper/server/quorum/QuorumPeer.java
ZOOKEEPER-1667,ec36884c2d49e4256f1d439efce3347c0a92800c,src/java/main/org/apache/zookeeper/server/DataTree.java
ZOOKEEPER-1732,c6ee0139d58250ac07ddfa3692c9adec488339bf,src/java/main/org/apache/zookeeper/server/quorum/FastLeaderElection.java|src/java/main/org/apache/zookeeper/server/quorum/Leader.java|src/java/main/org/apache/zookeeper/server/quorum/Learner.java|src/java/main/org/apache/zookeeper/server/quorum/QuorumPeer.java
ZOOKEEPER-1610,2cfb6cc4a2f78c35d6cd9d840c7b28d31f4ff80a,src/java/main/org/apache/zookeeper/client/ZooKeeperSaslClient.java|src/java/main/org/apache/zookeeper/server/quorum/flexible/QuorumHierarchical.java
ZOOKEEPER-1624,51cd9ed37bea20aeb10c8c80ad3279bbca6f5582,src/java/main/org/apache/zookeeper/server/PrepRequestProcessor.java
ZOOKEEPER-1781,28246a44ef4653515708937fc2a9c5d51baa0937,src/java/main/org/apache/zookeeper/server/ZooKeeperServer.java
ZOOKEEPER-1551,adedc7a421c723f1427cd0034953e1826587d9bb,src/java/main/org/apache/zookeeper/server/quorum/Leader.java|src/java/main/org/apache/zookeeper/server/quorum/Learner.java|src/java/main/org/apache/zookeeper/server/quorum/QuorumPeer.java
ZOOKEEPER-1770,7033e577a54e1df2a766e1cd59836c7c837e6e74,src/java/main/org/apache/zookeeper/server/SnapshotFormatter.java
ZOOKEEPER-1769,4e82aebecc6338b5668742c87ebd0d913c08410c,src/contrib/zooinspector/src/java/org/apache/zookeeper/inspector/ZooInspector.java|src/contrib/zooinspector/src/java/org/apache/zookeeper/inspector/gui/nodeviewer/NodeViewerData.java|src/contrib/zooinspector/src/java/org/apache/zookeeper/inspector/manager/ZooInspectorManagerImpl.java
ZOOKEEPER-1696,85a22cac6e5059896d2ad7d273198621fed33174,src/java/main/org/apache/zookeeper/client/ZooKeeperSaslClient.java
ZOOKEEPER-1696,625b53c1ca89daf2aeb914eb66ed009bd2b994af,src/java/main/org/apache/zookeeper/client/ZooKeeperSaslClient.java
ZOOKEEPER-87,eb1cb72922b1e974eadb8936df965d630261bd47,src/java/main/org/apache/zookeeper/server/quorum/LearnerHandler.java
ZOOKEEPER-1696,8e29703235388d3e46de1c0c0517c94e929b7c6c,src/java/main/org/apache/zookeeper/client/ZooKeeperSaslClient.java
ZOOKEEPER-1753,000b7dfa2fd3339af95870b95c1e12acc8313cf6,src/java/main/org/apache/zookeeper/ClientCnxn.java
ZOOKEEPER-1657,885bac190a4e2cb34949fc9f3182200e95fa8d62,src/java/main/org/apache/zookeeper/ClientCnxn.java|src/java/main/org/apache/zookeeper/client/ZooKeeperSaslClient.java
ZOOKEEPER-1751,a00d174d986386b19b0bf285918b06f2fcf55a2f,src/java/main/org/apache/zookeeper/ClientCnxn.java
ZOOKEEPER-1754,67dd6fc9df3d33e40570095b52cd6858621c3ae0,src/java/main/org/apache/zookeeper/server/quorum/ReadOnlyRequestProcessor.java
ZOOKEEPER-1664,46cbf07c4e6da3d9897ecc2373f9a0996ed730d2,src/java/main/org/apache/zookeeper/client/ZooKeeperSaslClient.java|src/java/main/org/apache/zookeeper/server/ZooKeeperSaslServer.java
ZOOKEEPER-1750,12878387483a4084c5a3beafbfae0172a44e5dcf,src/java/main/org/apache/zookeeper/server/NIOServerCnxn.java
ZOOKEEPER-1448,62dcea67c7a3d12bdb5fa014936f465fadb1e3df,src/java/main/org/apache/zookeeper/common/PathTrie.java|src/java/main/org/apache/zookeeper/server/DataTree.java
ZOOKEEPER-1379,15c32d197968fe41d194ef11f665508ff39ed5d7,src/java/main/org/apache/zookeeper/ZooKeeperMain.java
ZOOKEEPER-1702,b40bb0b4622bb4e1eca6331b2b3b4fc271742dc9,src/java/main/org/apache/zookeeper/ClientCnxnSocketNIO.java
ZOOKEEPER-1642,d9ad361538f52ca8122b9aad8a8378892572a87e,src/java/main/org/apache/zookeeper/server/ZooKeeperServer.java
ZOOKEEPER-1697,e1574fad8afabd0df5ff9433c5d968679c3d6f1d,src/java/main/org/apache/zookeeper/server/quorum/LearnerHandler.java|src/java/main/org/apache/zookeeper/server/quorum/QuorumPeer.java
ZOOKEEPER-1672,0312b95b80af898d20c1d77b254832fb32d109f0,src/java/main/org/apache/zookeeper/cli/ReconfigCommand.java
ZOOKEEPER-1628,d9dae9ae9d46ef2a29c3457651a71e40969f7256,src/java/main/org/apache/zookeeper/common/PathUtils.java
ZOOKEEPER-1620,620c7766fc99230460a248ba1aa1e17b772c418a,src/java/main/org/apache/zookeeper/server/NIOServerCnxnFactory.java
ZOOKEEPER-1495,bb857582bab316abea48588375df98de51df9115,src/java/main/org/apache/zookeeper/server/UnimplementedRequestProcessor.java|src/java/main/org/apache/zookeeper/server/ZooKeeperServer.java
ZOOKEEPER-1535,28c93eba0a198b34075d9aabd94aa73b0651aa76,src/java/main/org/apache/zookeeper/ZooKeeperMain.java
ZOOKEEPER-1603,dbde0aea20707b945b8852e91a69fe3ff116859f,src/java/main/org/apache/zookeeper/client/StaticHostProvider.java
ZOOKEEPER-1602,ebc9340426143caf9b9452be4b93aae227abe5fc,src/java/main/org/apache/zookeeper/server/quorum/QuorumPeerConfig.java
ZOOKEEPER-1387,c84f7ef14542dc1d3291e932932e6b6faf536944,src/java/main/org/apache/zookeeper/server/quorum/QuorumPeer.java
ZOOKEEPER-1513,df984c4c438971f1fea05d9d1cb00742c0eb64e7,src/java/main/org/apache/jute/BinaryInputArchive.java
ZOOKEEPER-1474,395b5effc712bb8d960ab0f2c2ee6f6fdb47140c,src/java/main/org/apache/zookeeper/server/NIOServerCnxn.java|src/java/main/org/apache/zookeeper/server/NettyServerCnxn.java|src/java/main/org/apache/zookeeper/server/util/OSMXBean.java
ZOOKEEPER-1560,6e5a25670346ddf5e4bc3b1598f8ec5e52699c09,src/java/main/org/apache/zookeeper/ClientCnxnSocketNIO.java
ZOOKEEPER-1550,8c6155afb6df604ff59fa4e4148a809c0740d3b6,src/java/main/org/apache/zookeeper/Login.java|src/java/main/org/apache/zookeeper/ZooKeeper.java|src/java/main/org/apache/zookeeper/client/ZooKeeperSaslClient.java
ZOOKEEPER-1540,0b62693cc5f86fc64ecbecebc419f2dd5fc37fdb,src/java/main/org/apache/zookeeper/server/quorum/QuorumPeerConfig.java
ZOOKEEPER-1238,0aefdaa7b7d70dc3b1dbf69a0ce2a660d7f362e8,src/java/main/org/apache/zookeeper/server/NettyServerCnxnFactory.java
ZOOKEEPER-1496,139d1d9c4b78424708b01f239211ed83e9279fc6,src/java/main/org/apache/zookeeper/server/SessionTrackerImpl.java
ZOOKEEPER-1437,987635edac8aa374a04ea130dfd81a03a635bf0d,src/java/main/org/apache/zookeeper/ClientCnxn.java|src/java/main/org/apache/zookeeper/ClientCnxnSocket.java|src/java/main/org/apache/zookeeper/ClientCnxnSocketNIO.java|src/java/main/org/apache/zookeeper/client/ZooKeeperSaslClient.java
ZOOKEEPER-1514,6b79710224533848b99c2a0297591d29c06583a0,src/java/main/org/apache/zookeeper/server/quorum/FastLeaderElection.java
ZOOKEEPER-1521,319190660ccc69544de1f36ade16be9c38b8d3e2,src/java/main/org/apache/zookeeper/server/quorum/Leader.java|src/java/main/org/apache/zookeeper/server/quorum/LearnerHandler.java
ZOOKEEPER-1489,43eedab16b074f7b87da98ac0af60092bb0c52fd,src/java/main/org/apache/zookeeper/server/ZKDatabase.java|src/java/main/org/apache/zookeeper/server/persistence/FileTxnSnapLog.java
ZOOKEEPER-1427,e2ad1053563537bd815dad63482b61bd34d5143d,src/java/main/org/apache/zookeeper/common/AtomicFileOutputStream.java|src/java/main/org/apache/zookeeper/common/IOUtils.java|src/java/main/org/apache/zookeeper/server/quorum/QuorumPeer.java
ZOOKEEPER-1465,72d9f30dca729058f645dc027b16c767abc0f479,src/java/main/org/apache/zookeeper/server/quorum/Leader.java|src/java/main/org/apache/zookeeper/server/quorum/LearnerHandler.java
ZOOKEEPER-1471,79bc813ef687b9e05d85fa597d9b59303c7f7ded,src/java/main/org/apache/jute/compiler/JRecord.java
ZOOKEEPER-1236,a17ca1544fabfa9fa93ba7d7da7efa7ce3b96efc,src/java/main/org/apache/zookeeper/server/auth/KerberosName.java|src/java/main/org/apache/zookeeper/server/util/KerberosUtil.java
ZOOKEEPER-1466,51aba88122c95aa295beed3d23d57871c0567291,src/java/main/org/apache/zookeeper/server/quorum/QuorumCnxManager.java
ZOOKEEPER-1440,21c9ae268fb11a0c7380e520e1eebe115fba7387,src/java/main/org/apache/zookeeper/server/quorum/QuorumCnxManager.java
ZOOKEEPER-1419,e5a51ead53813843ad8b9448845fd2332757c757,src/java/main/org/apache/zookeeper/server/quorum/FastLeaderElection.java
ZOOKEEPER-1307,9ab32ca0dfe9ba49a26c08560d39d444fd775e4a,src/java/main/org/apache/zookeeper/ZooKeeper.java|src/java/main/org/apache/zookeeper/ZooKeeperMain.java
ZOOKEEPER-1344,cbe58afeeccca6acd532968ddb32833ed65021b8,src/java/main/org/apache/zookeeper/Op.java|src/java/main/org/apache/zookeeper/Transaction.java|src/java/main/org/apache/zookeeper/ZooKeeper.java
ZOOKEEPER-1412,655b2e3f0a047d6b6db9e4cdb581a84a54f5366c,src/java/main/org/apache/zookeeper/ClientCnxn.java|src/java/main/org/apache/zookeeper/server/FinalRequestProcessor.java
ZOOKEEPER-1277,297517b5e1461400039aa7c4fdbbd246183a133f,src/java/main/org/apache/zookeeper/server/PrepRequestProcessor.java|src/java/main/org/apache/zookeeper/server/RequestProcessor.java|src/java/main/org/apache/zookeeper/server/SyncRequestProcessor.java|src/java/main/org/apache/zookeeper/server/ZooKeeperServer.java|src/java/main/org/apache/zookeeper/server/quorum/Leader.java|src/java/main/org/apache/zookeeper/server/quorum/ProposalRequestProcessor.java|src/java/main/org/apache/zookeeper/server/quorum/ReadOnlyRequestProcessor.java
ZOOKEEPER-1361,257a00aa97cd21c967ad620c3119a86295f1b794,src/java/main/org/apache/zookeeper/server/NIOServerCnxn.java|src/java/main/org/apache/zookeeper/server/NettyServerCnxn.java|src/java/main/org/apache/zookeeper/server/quorum/Leader.java|src/java/main/org/apache/zookeeper/server/quorum/LeaderBean.java|src/java/main/org/apache/zookeeper/server/quorum/QuorumPeer.java
ZOOKEEPER-1338,e657907115bc2bb53c72e7c696ff949e1db21a02,src/java/main/org/apache/zookeeper/OpResult.java
ZOOKEEPER-1340,477ebb005617d6bd9862aea59e84e85c5b4fbacf,src/java/main/org/apache/zookeeper/server/DataTree.java|src/java/main/org/apache/zookeeper/server/PrepRequestProcessor.java
ZOOKEEPER-1327,6465986efec9588492f55081778c6b7b09a114f4,src/java/main/org/apache/zookeeper/server/auth/KerberosName.java
ZOOKEEPER-1336,60ff341b8b2080c6ffae5be887a3897ca201aafb,src/java/main/org/apache/zookeeper/KeeperException.java|src/java/main/org/apache/zookeeper/Transaction.java|src/java/main/org/apache/zookeeper/ZooKeeper.java
ZOOKEEPER-1373,f910c936e37505a31ed8c140daa5bbee448c444f,src/java/main/org/apache/zookeeper/ClientCnxn.java|src/java/main/org/apache/zookeeper/Login.java|src/java/main/org/apache/zookeeper/client/ZooKeeperSaslClient.java
ZOOKEEPER-1367,73af50a8a91cee9d3d95a373df7ecb12825f5545,src/java/main/org/apache/zookeeper/server/FinalRequestProcessor.java|src/java/main/org/apache/zookeeper/server/ZooKeeperServer.java|src/java/main/org/apache/zookeeper/server/quorum/LeaderZooKeeperServer.java|src/java/main/org/apache/zookeeper/server/quorum/Learner.java|src/java/main/org/apache/zookeeper/server/quorum/LearnerZooKeeperServer.java
ZOOKEEPER-973,568940921eb9c79e7f99d096970521c96cdf5588,src/java/main/org/apache/zookeeper/server/quorum/Leader.java
ZOOKEEPER-1294,06f28609b0c6b206d3b5dcb48895aad98607ddce,src/java/main/org/apache/zookeeper/server/quorum/Leader.java
ZOOKEEPER-1343,1a556bd13b9a1e250ec2279fb3ba92dc9ba2d69c,src/java/main/org/apache/zookeeper/server/quorum/Leader.java
ZOOKEEPER-1089,00a6861f922b55cbfeec3eb928be2b57ddf99780,src/java/main/org/apache/zookeeper/client/FourLetterWordMain.java
ZOOKEEPER-1333,c85f61aee240e03fdebb31ce094f5b7c07619e34,src/java/main/org/apache/zookeeper/server/DataTree.java|src/java/main/org/apache/zookeeper/server/persistence/FileTxnSnapLog.java
ZOOKEEPER-1269,e44601d1249ea70b5bfa514082c714640c6217dd,src/java/main/org/apache/zookeeper/server/DataTree.java|src/java/main/org/apache/zookeeper/server/persistence/FileTxnSnapLog.java
ZOOKEEPER-1319,22e2d238cdae7ff77ae69bcad3876d2f0fd3dd84,src/java/main/org/apache/zookeeper/server/quorum/Leader.java
ZOOKEEPER-1208,fa9e821e91d5c007593f830dcc4553a3f05b1038,src/java/main/org/apache/zookeeper/server/PrepRequestProcessor.java|src/java/main/org/apache/zookeeper/server/SessionTracker.java|src/java/main/org/apache/zookeeper/server/SessionTrackerImpl.java|src/java/main/org/apache/zookeeper/server/quorum/LearnerSessionTracker.java
ZOOKEEPER-1264,f8f15de5fe447409a2987262b8e878be224dab25,src/java/main/org/apache/zookeeper/server/quorum/Leader.java|src/java/main/org/apache/zookeeper/server/quorum/Learner.java
ZOOKEEPER-1270,73674f77cc30b9b0ed36f0032193362363c54bdd,src/java/main/org/apache/zookeeper/server/quorum/Leader.java
ZOOKEEPER-1271,736e27df12ffab4139aec95207c7fef1ca114509,src/java/main/org/apache/zookeeper/ClientCnxnSocketNIO.java
ZOOKEEPER-1268,aa786021bc3939ee79f8fde0a3fbcfbdeff69272,src/java/main/org/apache/zookeeper/server/quorum/QuorumPeer.java
ZOOKEEPER-1265,4ae2225de1a170f00d0ea961baa36e783a9f3741,src/java/main/org/apache/zookeeper/server/quorum/CommitProcessor.java|src/java/main/org/apache/zookeeper/server/quorum/FollowerRequestProcessor.java|src/java/main/org/apache/zookeeper/server/quorum/ObserverRequestProcessor.java|src/java/main/org/apache/zookeeper/server/quorum/ReadOnlyRequestProcessor.java
ZOOKEEPER-1220,2504f4fb30c84af2b46f033f72e51c1eee86caee,src/java/main/org/apache/zookeeper/ZooKeeperMain.java
ZOOKEEPER-1181,a89d9b66ceba10bfb96787b59ef3e172bea0e1c6,src/java/main/org/apache/zookeeper/Login.java
ZOOKEEPER-1206,7307c9825187d3f3debf3b252ad5590965d9b56d,src/java/main/org/apache/zookeeper/server/PrepRequestProcessor.java
ZOOKEEPER-1174,12f70403c6fdc4a94e6bfa0a66ddabe7f81c3afc,src/java/main/org/apache/zookeeper/ClientCnxn.java|src/java/main/org/apache/zookeeper/ClientCnxnSocketNIO.java|src/java/main/org/apache/zookeeper/server/DataTree.java
ZOOKEEPER-786,9598a30a6620cc336f860cee56916022f7985890,src/java/main/org/apache/zookeeper/ClientCnxnSocketNIO.java
ZOOKEEPER-1185,7e64875f9d18cb043adbddc53c73e563886942ea,src/java/main/org/apache/zookeeper/ClientCnxn.java|src/java/main/org/apache/zookeeper/client/ZooKeeperSaslClient.java
ZOOKEEPER-1189,05287a9c14db8d145f61ea09ec2c61f4f0221cc6,src/java/main/org/apache/zookeeper/server/persistence/Util.java
ZOOKEEPER-1192,b182dd4d765e36cacc6128c417ea392285815b84,src/java/main/org/apache/zookeeper/server/quorum/Leader.java
ZOOKEEPER-961,4f7b7bfa1dfc39e498d65dd7ba8c4d33aaf66bbb,src/java/main/org/apache/zookeeper/ClientCnxn.java
ZOOKEEPER-786,de7289d3a1018fb18ca1818b4a2aee09ec2e0562,src/java/main/org/apache/zookeeper/ClientCnxnSocketNIO.java
ZOOKEEPER-1136,43776e4fa233eeda2bdbbb3ca4db5030d2a51a9d,src/java/main/org/apache/zookeeper/server/ByteBufferInputStream.java|src/java/main/org/apache/zookeeper/server/ByteBufferOutputStream.java|src/java/main/org/apache/zookeeper/server/DataTree.java|src/java/main/org/apache/zookeeper/server/FinalRequestProcessor.java|src/java/main/org/apache/zookeeper/server/PrepRequestProcessor.java|src/java/main/org/apache/zookeeper/server/ZooKeeperServer.java|src/java/main/org/apache/zookeeper/server/quorum/Leader.java|src/java/main/org/apache/zookeeper/server/quorum/Learner.java|src/java/main/org/apache/zookeeper/server/quorum/LearnerHandler.java
ZOOKEEPER-961,d84dc077d576b7cdfbfd003e3425fab85ca29a44,src/java/main/org/apache/zookeeper/ClientCnxn.java
ZOOKEEPER-1108,a7bcf047f577949e96396588d23fde0107ff3b19,src/java/main/org/apache/zookeeper/ClientCnxn.java|src/java/main/org/apache/zookeeper/ZooKeeper.java
ZOOKEEPER-731,1d6325605f1c6344c045839c043d239a6612d18a,src/java/main/org/apache/zookeeper/ZooKeeper.java
ZOOKEEPER-731,634243cc4bb695e1679584dc80af8e33172309ad,src/java/main/org/apache/zookeeper/ZooKeeper.java
ZOOKEEPER-1156,27d045af5c6b382fc5c787a5125f63ea730dc9bd,src/java/main/org/apache/zookeeper/server/persistence/FileTxnLog.java|src/java/main/org/apache/zookeeper/server/quorum/LearnerHandler.java
ZOOKEEPER-1154,27d045af5c6b382fc5c787a5125f63ea730dc9bd,src/java/main/org/apache/zookeeper/server/persistence/FileTxnLog.java|src/java/main/org/apache/zookeeper/server/quorum/LearnerHandler.java
ZOOKEEPER-1168,ff433f1652339b331f0388ac34648f22e57ebf89,src/java/main/org/apache/zookeeper/jmx/MBeanRegistry.java|src/java/main/org/apache/zookeeper/jmx/ManagedUtil.java
ZOOKEEPER-1140,611e0364c198c39ab0445c35da04820bd8a0c3f2,src/java/main/org/apache/zookeeper/server/quorum/LearnerHandler.java|src/java/main/org/apache/zookeeper/server/quorum/QuorumPeer.java|src/java/main/org/apache/zookeeper/server/quorum/ReadOnlyZooKeeperServer.java
ZOOKEEPER-1152,c17d3501c94d43aaf430216f8a6ea714890eac78,src/java/main/org/apache/zookeeper/server/ZooKeeperServer.java
ZOOKEEPER-1055,1d1bac2a715aa13cda6d14d0544bae7f7e00f3e2,src/java/main/org/apache/zookeeper/server/PrepRequestProcessor.java|src/java/main/org/apache/zookeeper/server/ServerCnxn.java
ZOOKEEPER-1144,41a2f0ac9df73a06386539350732ee7f14904f80,src/java/main/org/apache/zookeeper/server/quorum/Leader.java
ZOOKEEPER-1142,8eeefcf274c2628633ba6d67f383996afcf5712c,src/java/main/org/apache/zookeeper/server/NIOServerCnxn.java|src/java/main/org/apache/zookeeper/server/NettyServerCnxn.java|src/java/main/org/apache/zookeeper/server/ServerCnxn.java
ZOOKEEPER-1139,977c21435abdf6bd04eb030d85edd532d9768b3b,src/java/main/org/apache/zookeeper/ClientWatchManager.java|src/java/main/org/apache/zookeeper/Op.java
ZOOKEEPER-1090,6f07f77e16bb3dd48146b9df2b8a5ca429f075b3,src/java/main/org/apache/zookeeper/server/DataTree.java
ZOOKEEPER-1134,a2cd570a3afce6be2822e30b7c99493e1a86577b,src/java/main/org/apache/zookeeper/ClientCnxnSocket.java|src/java/main/org/apache/zookeeper/server/NIOServerCnxn.java|src/java/main/org/apache/zookeeper/server/NettyServerCnxn.java|src/java/main/org/apache/zookeeper/server/WatchManager.java|src/java/main/org/apache/zookeeper/server/quorum/LeaderElection.java
ZOOKEEPER-1109,f08e26fc1dec101f5b3da37ed7fb756937941542,src/java/main/org/apache/zookeeper/server/SyncRequestProcessor.java
ZOOKEEPER-1124,839ecef3ba74e2119dbd177795214d3ae1045bb2,src/java/main/org/apache/zookeeper/server/quorum/FollowerRequestProcessor.java|src/java/main/org/apache/zookeeper/server/quorum/ObserverRequestProcessor.java
ZOOKEEPER-1063,1dbffb9eca80268e7ebb611dac5afd058fd0f9a6,src/java/main/org/apache/zookeeper/ClientCnxnSocketNIO.java|src/java/main/org/apache/zookeeper/ZooKeeper.java
ZOOKEEPER-1046,aee36f4d55c093f263547486b1579cba8668eb2a,src/java/main/org/apache/zookeeper/server/DataTree.java|src/java/main/org/apache/zookeeper/server/persistence/FileTxnSnapLog.java
ZOOKEEPER-1097,80fac0914a891ae495ec79bd32f5606f12365403,src/java/main/org/apache/zookeeper/server/DataTree.java
ZOOKEEPER-1046,eb51de49f723542a17e722fa817d81605a04c74c,src/contrib/loggraph/src/java/org/apache/zookeeper/graph/TxnLogSource.java|src/java/main/org/apache/zookeeper/server/DataNode.java|src/java/main/org/apache/zookeeper/server/DataTree.java|src/java/main/org/apache/zookeeper/server/LogFormatter.java|src/java/main/org/apache/zookeeper/server/PrepRequestProcessor.java|src/java/main/org/apache/zookeeper/server/persistence/FileTxnLog.java|src/java/main/org/apache/zookeeper/server/persistence/FileTxnSnapLog.java|src/java/main/org/apache/zookeeper/server/quorum/Follower.java|src/java/main/org/apache/zookeeper/server/quorum/Learner.java|src/java/main/org/apache/zookeeper/server/quorum/LearnerHandler.java|src/java/main/org/apache/zookeeper/server/quorum/Observer.java|src/java/main/org/apache/zookeeper/server/upgrade/UpgradeSnapShotV1.java|src/java/main/org/apache/zookeeper/server/util/SerializeUtils.java
ZOOKEEPER-1087,d5036dad6041cc0d12d3e2d1d1c49a29c4f731e0,src/java/main/org/apache/zookeeper/server/persistence/FileTxnLog.java
ZOOKEEPER-1060,68a133174bfffa25940a0289d49bd272f7b4498d,src/java/main/org/apache/zookeeper/server/quorum/QuorumPeer.java
ZOOKEEPER-335,776db7808e27624aa125f1314b7fbb2196837507,src/java/main/org/apache/zookeeper/server/ZooKeeperServer.java|src/java/main/org/apache/zookeeper/server/quorum/FastLeaderElection.java|src/java/main/org/apache/zookeeper/server/quorum/Follower.java|src/java/main/org/apache/zookeeper/server/quorum/Leader.java|src/java/main/org/apache/zookeeper/server/quorum/Learner.java|src/java/main/org/apache/zookeeper/server/quorum/LearnerHandler.java|src/java/main/org/apache/zookeeper/server/quorum/QuorumPeer.java|src/java/main/org/apache/zookeeper/server/quorum/StateSummary.java|src/java/main/org/apache/zookeeper/server/quorum/Vote.java|src/java/main/org/apache/zookeeper/server/util/ZxidUtils.java
ZOOKEEPER-1069,b916b3bbb643d6de07b962452685b8c5929f84b6,src/java/main/org/apache/zookeeper/server/persistence/FileTxnLog.java
ZOOKEEPER-1046,a4414196b310dbe62ee9e6e7e0c2a91fcd85c465,src/java/main/org/apache/zookeeper/server/DataTree.java|src/java/main/org/apache/zookeeper/server/persistence/FileTxnSnapLog.java
ZOOKEEPER-1058,1fdcaaf4113114dbc27e1687f12efa14442a8d42,src/java/main/org/apache/zookeeper/server/Request.java
ZOOKEEPER-1059,7f64942ba8e5ce00948f6e7b23271de0556b668f,src/java/main/org/apache/zookeeper/ZooKeeperMain.java
ZOOKEEPER-1049,9a01fadeb3f25ae6ae500c173f6923fecad9b5ae,src/java/main/org/apache/zookeeper/server/NIOServerCnxn.java
ZOOKEEPER-1052,db0f374ce739ab561c6ed7fbcaaf314aec0841ec,src/java/main/org/apache/zookeeper/server/quorum/QuorumPeer.java
ZOOKEEPER-975,2be6b4dc25b55d86d15a68519a8b19630feaa4de,src/java/main/org/apache/zookeeper/server/quorum/FastLeaderElection.java|src/java/main/org/apache/zookeeper/server/quorum/Follower.java|src/java/main/org/apache/zookeeper/server/quorum/Leader.java|src/java/main/org/apache/zookeeper/server/quorum/QuorumCnxManager.java|src/java/main/org/apache/zookeeper/server/quorum/QuorumPeer.java
ZOOKEEPER-874,b5116d920d3a5bac42b1ba08aa5cef4a31801ebf,src/java/main/org/apache/zookeeper/server/persistence/FileTxnSnapLog.java
ZOOKEEPER-880,858e308a70a831bcd6e131bae7d72449ec8ee7f8,src/java/main/org/apache/zookeeper/server/quorum/QuorumCnxManager.java|src/java/main/org/apache/zookeeper/server/quorum/QuorumPeer.java
ZOOKEEPER-985,575c53253bf9f548f342c3371d05bc00d2c2363d,src/contrib/bookkeeper/src/java/org/apache/bookkeeper/bookie/Bookie.java|src/contrib/bookkeeper/src/java/org/apache/bookkeeper/proto/BookieServer.java|src/contrib/bookkeeper/src/java/org/apache/bookkeeper/proto/NIOServerFactory.java
ZOOKEEPER-902,4bbdfaf41ee86b55eb19073d1ec848eda1377290,src/java/main/org/apache/zookeeper/server/quorum/AuthFastLeaderElection.java|src/java/main/org/apache/zookeeper/server/quorum/Follower.java|src/java/main/org/apache/zookeeper/server/quorum/Learner.java|src/java/main/org/apache/zookeeper/server/quorum/Observer.java|src/java/main/org/apache/zookeeper/server/quorum/QuorumCnxManager.java
ZOOKEEPER-962,2bf093ec150923624dd7a042d8d9459d589b1ef3,src/java/main/org/apache/zookeeper/server/ZKDatabase.java|src/java/main/org/apache/zookeeper/server/quorum/CommitProcessor.java|src/java/main/org/apache/zookeeper/server/quorum/Follower.java|src/java/main/org/apache/zookeeper/server/quorum/Learner.java|src/java/main/org/apache/zookeeper/server/quorum/LearnerHandler.java|src/java/main/org/apache/zookeeper/server/quorum/Observer.java
ZOOKEEPER-882,2a6f177a50c84b7998fa831db1ee54a2f6e2349a,src/java/main/org/apache/zookeeper/server/persistence/FileTxnLog.java|src/java/main/org/apache/zookeeper/server/persistence/FileTxnSnapLog.java
ZOOKEEPER-913,0e604b1006d0edc079004639e63477a800f2f9f5,src/java/main/org/apache/zookeeper/Version.java|src/java/main/org/apache/zookeeper/version/util/VerGen.java
ZOOKEEPER-907,dad9d5791ba9f8db74e9c94ae9a063a7919cf8ef,src/contrib/hedwig/server/src/main/java/org/apache/hedwig/server/common/ServerConfiguration.java|src/contrib/hedwig/server/src/main/java/org/apache/hedwig/server/persistence/BookkeeperPersistenceManager.java|src/java/main/org/apache/zookeeper/ZooKeeperMain.java|src/java/main/org/apache/zookeeper/server/quorum/LearnerHandler.java
ZOOKEEPER-904,8030fe25eaa4a8dc50c28f464c448575da4f9ad4,src/java/main/org/apache/zookeeper/server/PrepRequestProcessor.java
ZOOKEEPER-794,d43038a0c8b8881fb4624ef20a7b30b8511e6b24,src/java/main/org/apache/zookeeper/ClientCnxn.java
ZOOKEEPER-893,51dd9c039f70da96b4a5755f372ffcdc8009824b,src/java/main/org/apache/zookeeper/server/quorum/QuorumCnxManager.java
ZOOKEEPER-881,06834b9a48c4753701917cb890829241939ad9c6,src/java/main/org/apache/zookeeper/server/ZooKeeperServer.java
ZOOKEEPER-886,fe2f2ced4efd1ce615f1f5efc007d6463278ae7b,src/contrib/hedwig/server/src/main/java/org/apache/hedwig/server/topics/ZkTopicManager.java
ZOOKEEPER-822,472048297814559b81251dcca98ee662ea09f14d,src/java/main/org/apache/zookeeper/server/quorum/QuorumCnxManager.java
ZOOKEEPER-844,b6c3c7a94bbe873afcf7e25f98344d5dcb25b2d0,src/java/main/org/apache/zookeeper/ClientCnxn.java|src/java/main/org/apache/zookeeper/Watcher.java
ZOOKEEPER-846,f9f2f0f5242f007e866b65e9624ce0affe6960d7,src/java/main/org/apache/zookeeper/ClientCnxn.java
ZOOKEEPER-831,e1109ed7d6353fae077e81d2cdb010b570677ee3,src/contrib/bookkeeper/src/java/org/apache/bookkeeper/client/LedgerHandle.java|src/contrib/bookkeeper/src/java/org/apache/bookkeeper/client/PendingReadOp.java
ZOOKEEPER-785,46c1493fac179d12acd5ac33aadae6549a0dd2fd,src/java/main/org/apache/zookeeper/server/quorum/QuorumPeerConfig.java
ZOOKEEPER-854,a4f6dc7cbc951b9520347a773c09d60721b1cab0,src/contrib/bookkeeper/src/java/org/apache/bookkeeper/util/LocalBookKeeper.java
ZOOKEEPER-795,b95f1ca96a76ec848519cd9d58b9ea35f8d75a25,src/java/main/org/apache/zookeeper/ClientCnxn.java
ZOOKEEPER-790,2678baf5c1e0789d3acead9e91ac7f64e70d7e48,src/java/main/org/apache/zookeeper/server/NIOServerCnxn.java|src/java/main/org/apache/zookeeper/server/ZooKeeperServer.java|src/java/main/org/apache/zookeeper/server/quorum/Leader.java|src/java/main/org/apache/zookeeper/server/quorum/LearnerHandler.java
ZOOKEEPER-783,2ae181498d46d0b5393157a63f3a9fcf71c667bd,src/java/main/org/apache/zookeeper/server/ZKDatabase.java
ZOOKEEPER-790,debd8a0368f8c81af33691c9d402990bb0976fd5,src/java/main/org/apache/zookeeper/server/persistence/FileTxnLog.java|src/java/main/org/apache/zookeeper/server/quorum/Leader.java|src/java/main/org/apache/zookeeper/server/quorum/Learner.java
ZOOKEEPER-719,8953aabcb954bcd8f6827d450f70b77e2a6e81ca,src/contrib/bookkeeper/src/java/org/apache/bookkeeper/client/BKException.java|src/contrib/bookkeeper/src/java/org/apache/bookkeeper/client/LedgerCreateOp.java|src/contrib/bookkeeper/src/java/org/apache/bookkeeper/client/LedgerHandle.java|src/contrib/bookkeeper/src/java/org/apache/bookkeeper/client/LedgerOpenOp.java|src/contrib/bookkeeper/src/java/org/apache/bookkeeper/client/LedgerRecoveryOp.java|src/contrib/bookkeeper/src/java/org/apache/bookkeeper/client/PendingAddOp.java|src/contrib/bookkeeper/src/java/org/apache/bookkeeper/client/PendingReadOp.java|src/contrib/bookkeeper/src/java/org/apache/bookkeeper/proto/PerChannelBookieClient.java
ZOOKEEPER-769,44e2475ed44024f45ed06b9095c832d7750cfff7,src/java/main/org/apache/zookeeper/server/quorum/QuorumPeerConfig.java
ZOOKEEPER-764,472c93adc6e4dfc7dbb7b5a95d211dce09cc154f,src/java/main/org/apache/zookeeper/server/quorum/FastLeaderElection.java|src/java/main/org/apache/zookeeper/server/quorum/LeaderElection.java|src/java/main/org/apache/zookeeper/server/quorum/QuorumPeer.java|src/java/main/org/apache/zookeeper/server/quorum/QuorumPeerMain.java|src/java/main/org/apache/zookeeper/server/quorum/QuorumZooKeeperServer.java
ZOOKEEPER-737,2470b06a967ad18d8ba0b0c6dc52b5fd0965a385,src/java/main/org/apache/zookeeper/server/NIOServerCnxn.java
ZOOKEEPER-738,73719a1081b542fa7557513a0535fcb9c503ab64,src/java/main/org/apache/jute/compiler/JRecord.java
ZOOKEEPER-746,22e330464a7c33f96137b8482e44f8ec8f86b78c,src/java/main/org/apache/zookeeper/server/quorum/Learner.java
ZOOKEEPER-741,6ad91e3ff0b8f6b956c4d5cac596562c46947c96,src/contrib/rest/src/java/org/apache/zookeeper/server/jersey/resources/RuntimeExceptionMapper.java|src/contrib/rest/src/java/org/apache/zookeeper/server/jersey/resources/ZNodeResource.java
ZOOKEEPER-710,b1c614b2ca982b2e029d11605717846af790870f,src/java/main/org/apache/zookeeper/server/FinalRequestProcessor.java
ZOOKEEPER-121,5749256a08bb3d9cc584a285938bdf14a36dec66,src/java/main/org/apache/zookeeper/server/quorum/QuorumPeer.java
ZOOKEEPER-121,f4138613a151f0383bf55ea0608708acbe070cc5,src/java/main/org/apache/zookeeper/server/SyncRequestProcessor.java|src/java/main/org/apache/zookeeper/server/persistence/FileTxnLog.java|src/java/main/org/apache/zookeeper/server/quorum/QuorumPeer.java
ZOOKEEPER-121,037d07cb711b54558593b56d5d25ddfa24a6084d,src/java/main/org/apache/zookeeper/server/SyncRequestProcessor.java
ZOOKEEPER-698,e419600dff67353429353aef419d856e3935af8b,src/java/main/org/apache/zookeeper/server/quorum/FastLeaderElection.java|src/java/main/org/apache/zookeeper/server/quorum/QuorumPeerMain.java
ZOOKEEPER-121,f9413133fdc674bb7b9de43cdd652df416f4a9f0,src/java/main/org/apache/zookeeper/server/SyncRequestProcessor.java|src/java/main/org/apache/zookeeper/server/ZKDatabase.java|src/java/main/org/apache/zookeeper/server/persistence/FileSnap.java|src/java/main/org/apache/zookeeper/server/persistence/FileTxnLog.java|src/java/main/org/apache/zookeeper/server/persistence/FileTxnSnapLog.java|src/java/main/org/apache/zookeeper/server/persistence/SnapShot.java|src/java/main/org/apache/zookeeper/server/persistence/TxnLog.java
ZOOKEEPER-511,42e23d3a7d70964d177e9c10cae736912aff5521,src/java/main/org/apache/zookeeper/server/quorum/LearnerHandler.java
ZOOKEEPER-696,df20416c08fa0079d96f6327d10c6f102ebabd85,src/java/main/org/apache/zookeeper/server/ConnectionBean.java|src/java/main/org/apache/zookeeper/server/NIOServerCnxn.java|src/java/main/org/apache/zookeeper/server/quorum/Leader.java
ZOOKEEPER-693,892c491e49f8f2333308f10a6fb4367772625b07,src/java/main/org/apache/zookeeper/server/quorum/AuthFastLeaderElection.java|src/java/main/org/apache/zookeeper/server/quorum/Election.java|src/java/main/org/apache/zookeeper/server/quorum/LeaderElection.java|src/java/main/org/apache/zookeeper/server/quorum/QuorumPeer.java
ZOOKEEPER-684,f0da09751b34ad6969656df34bea7201632ef0ba,src/java/main/org/apache/zookeeper/server/quorum/Follower.java|src/java/main/org/apache/zookeeper/server/quorum/LeaderElection.java|src/java/main/org/apache/zookeeper/server/quorum/Observer.java|src/java/main/org/apache/zookeeper/server/quorum/QuorumPeer.java
ZOOKEEPER-691,618b01886c3fc18fdca9cbe36eacc3615d72563a,src/contrib/bookkeeper/src/java/org/apache/bookkeeper/util/LocalBookKeeper.java
ZOOKEEPER-59,ab5aa8c07299b04cccf3d2ca8b5c59db4f69af56,src/java/main/org/apache/zookeeper/server/NIOServerCnxn.java
ZOOKEEPER-693,0051cd26087492fe393932d9fdac1f7bff8b7ac4,src/java/main/org/apache/zookeeper/server/persistence/FileTxnLog.java|src/java/main/org/apache/zookeeper/server/persistence/FileTxnSnapLog.java
ZOOKEEPER-682,691dfa44b48240a8917883f3065e3b25e633a58c,src/java/main/org/apache/zookeeper/ClientCnxn.java
ZOOKEEPER-683,90dd37368463c49c1415564896d4141cdb674a6b,src/java/main/org/apache/zookeeper/server/LogFormatter.java|src/java/main/org/apache/zookeeper/server/persistence/FileTxnLog.java
ZOOKEEPER-669,6d3844bf7716e379e4974df39ca524fab886e149,src/java/main/org/apache/zookeeper/WatchedEvent.java
ZOOKEEPER-569,b8ccc0c5708c11021a647dc4c1508499bc79cca2,src/java/main/org/apache/zookeeper/server/quorum/LeaderElection.java|src/java/main/org/apache/zookeeper/server/quorum/QuorumPeer.java
ZOOKEEPER-668,75abbb34e2d10b0c5fc955f76ffd17286922f14a,src/contrib/bookkeeper/src/java/org/apache/bookkeeper/streaming/LedgerInputStream.java
ZOOKEEPER-593,f0fad0f10e324b64bfafe0981732eecf38dbb3a3,src/java/main/org/apache/zookeeper/ClientCnxn.java|src/java/main/org/apache/zookeeper/ZooKeeper.java
ZOOKEEPER-626,b4e31ff98c2c2bce326999361a27e89c4f79998c,src/java/main/org/apache/zookeeper/ZooKeeperMain.java
ZOOKEEPER-647,773ed4078caf8d9b85330dc7d3aa91b330690e60,src/java/main/org/apache/zookeeper/server/quorum/QuorumCnxManager.java
ZOOKEEPER-596,3ba0a5450cb5340a39154f872d920a580648de3c,src/java/main/org/apache/zookeeper/server/ConnectionBean.java|src/java/main/org/apache/zookeeper/server/FinalRequestProcessor.java|src/java/main/org/apache/zookeeper/server/NIOServerCnxn.java|src/java/main/org/apache/zookeeper/server/PrepRequestProcessor.java|src/java/main/org/apache/zookeeper/server/SyncRequestProcessor.java|src/java/main/org/apache/zookeeper/server/ZKDatabase.java|src/java/main/org/apache/zookeeper/server/ZooKeeperServer.java|src/java/main/org/apache/zookeeper/server/persistence/FileSnap.java|src/java/main/org/apache/zookeeper/server/quorum/FollowerZooKeeperServer.java|src/java/main/org/apache/zookeeper/server/quorum/Leader.java|src/java/main/org/apache/zookeeper/server/quorum/LeaderZooKeeperServer.java|src/java/main/org/apache/zookeeper/server/quorum/Learner.java|src/java/main/org/apache/zookeeper/server/quorum/LearnerHandler.java|src/java/main/org/apache/zookeeper/server/quorum/LearnerZooKeeperServer.java|src/java/main/org/apache/zookeeper/server/quorum/ObserverZooKeeperServer.java|src/java/main/org/apache/zookeeper/server/quorum/QuorumPeer.java|src/java/main/org/apache/zookeeper/server/quorum/QuorumPeerMain.java
ZOOKEEPER-623,75277a873629db46a61847c3b073d8ad0dbdce2a,src/contrib/bookkeeper/src/java/org/apache/bookkeeper/util/ClientBase.java|src/contrib/bookkeeper/src/java/org/apache/bookkeeper/util/LocalBookKeeper.java
ZOOKEEPER-614,2ed6485e9d503e68c8f9ab3d5655be88ab1e0851,src/java/main/org/apache/zookeeper/server/NIOServerCnxn.java
ZOOKEEPER-587,47356252a1371452afc3bf371f569cb815d71e29,src/java/main/org/apache/zookeeper/ClientCnxn.java|src/java/main/org/apache/zookeeper/server/NIOServerCnxn.java
ZOOKEEPER-588,c22c30d7c8c2ace2ad5f6675ccc6331310c0c144,src/java/main/org/apache/zookeeper/KeeperException.java|src/java/main/org/apache/zookeeper/server/PrepRequestProcessor.java|src/java/main/org/apache/zookeeper/server/Request.java
ZOOKEEPER-615,6b85723d2db06b94af82b9e10d4c742838b2222e,src/java/main/org/apache/zookeeper/ZooKeeper.java
ZOOKEEPER-611,9ecca8210ec1b065193984c1ff507ae5505ecbe1,src/java/main/org/apache/zookeeper/server/NIOServerCnxn.java
ZOOKEEPER-611,9722b84b52b08e27a9f3170fc60f66e721128014,src/java/main/org/apache/zookeeper/server/NIOServerCnxn.java
ZOOKEEPER-597,6b9c7c225e6f6d4a763ea8cc4e1ccac7aa265915,src/java/main/org/apache/zookeeper/server/NIOServerCnxn.java
ZOOKEEPER-597,5ac3e719264a917674ded90490d5554c9a4da76c,src/java/main/org/apache/zookeeper/server/NIOServerCnxn.java
ZOOKEEPER-597,1feeef99596f3db72ef731705deda47debf008bf,src/java/main/org/apache/zookeeper/server/quorum/CommitProcessor.java
ZOOKEEPER-597,154647fa5d8cbb8e03dcace62707e1ce8f678fd6,src/java/main/org/apache/zookeeper/server/NIOServerCnxn.java
ZOOKEEPER-598,8de689292a6664dcfa1c0f0bff087b1d172537cc,src/java/main/org/apache/zookeeper/server/quorum/LearnerHandler.java
ZOOKEEPER-582,a62d0245c91f3ed70f0ee0833e3ec3799a24e377,src/java/main/org/apache/zookeeper/server/quorum/Follower.java|src/java/main/org/apache/zookeeper/server/quorum/QuorumPeer.java
ZOOKEEPER-3,921710c6f184120e275d68351117fbcd4a209fb3,src/java/main/org/apache/zookeeper/server/quorum/QuorumPeer.java
ZOOKEEPER-519,989144a47532f26543291229e026efb11d4b5c48,src/java/main/org/apache/zookeeper/server/quorum/LearnerHandler.java
ZOOKEEPER-547,72f258cbdd2b5b59a35df8b45e6da6364cd8c915,src/java/main/org/apache/zookeeper/server/quorum/QuorumCnxManager.java
ZOOKEEPER-567,41bd0e5f7f05694d7a22a72eceafad8907f57cfc,src/java/main/org/apache/zookeeper/ZooKeeper.java
ZOOKEEPER-566,47c4bdb0c3c40d756ec0ced91a39c771351e826a,src/java/main/org/apache/zookeeper/server/ConnectionBean.java|src/java/main/org/apache/zookeeper/server/ConnectionMXBean.java|src/java/main/org/apache/zookeeper/server/FinalRequestProcessor.java|src/java/main/org/apache/zookeeper/server/NIOServerCnxn.java|src/java/main/org/apache/zookeeper/server/ServerCnxn.java|src/java/main/org/apache/zookeeper/server/SessionTrackerImpl.java
ZOOKEEPER-551,b1b3bd11865ddd74b0977e977aedabdaf5603a1e,src/java/main/org/apache/zookeeper/ClientCnxn.java
ZOOKEEPER-568,2a23a2599b31dcbc971ddd68b05a13b9570247cc,src/java/main/org/apache/zookeeper/server/SyncRequestProcessor.java|src/java/main/org/apache/zookeeper/server/persistence/FileTxnLog.java|src/java/main/org/apache/zookeeper/server/persistence/FileTxnSnapLog.java|src/java/main/org/apache/zookeeper/server/persistence/TxnLog.java
ZOOKEEPER-558,e3b97366f8064a6d65a3eb1c44e1191e5e73a5c3,src/java/main/org/apache/zookeeper/ClientCnxn.java|src/java/main/org/apache/zookeeper/ZooKeeper.java|src/java/main/org/apache/zookeeper/server/ConnectionBean.java|src/java/main/org/apache/zookeeper/server/FinalRequestProcessor.java|src/java/main/org/apache/zookeeper/server/NIOServerCnxn.java|src/java/main/org/apache/zookeeper/server/PrepRequestProcessor.java|src/java/main/org/apache/zookeeper/server/ServerCnxn.java|src/java/main/org/apache/zookeeper/server/SessionTracker.java|src/java/main/org/apache/zookeeper/server/SessionTrackerImpl.java|src/java/main/org/apache/zookeeper/server/ZooKeeperServer.java
ZOOKEEPER-512,c472d685e02ced4448054b3d8a83a1b669dee58e,src/java/main/org/apache/zookeeper/server/quorum/QuorumCnxManager.java
ZOOKEEPER-508,0a7c3b05744008862e1875dd6a651aa2a36d8cef,src/java/main/org/apache/zookeeper/server/persistence/FileTxnLog.java|src/java/main/org/apache/zookeeper/server/quorum/Follower.java|src/java/main/org/apache/zookeeper/server/quorum/FollowerHandler.java|src/java/main/org/apache/zookeeper/server/quorum/Leader.java|src/java/main/org/apache/zookeeper/server/quorum/SendAckRequestProcessor.java
ZOOKEEPER-498,8b22eb1e4b8bfe4be08a766a98f636149e62fb28,src/java/main/org/apache/zookeeper/server/quorum/FastLeaderElection.java|src/java/main/org/apache/zookeeper/server/quorum/QuorumCnxManager.java|src/java/main/org/apache/zookeeper/server/quorum/flexible/QuorumHierarchical.java
ZOOKEEPER-483,a45c0e1b11ef8791778512ea23eebe21211f393d,src/java/main/org/apache/zookeeper/server/quorum/SendAckRequestProcessor.java
ZOOKEEPER-483,b12aad6381345396ad68be2c4c9df778883bd203,src/java/main/org/apache/zookeeper/server/quorum/SendAckRequestProcessor.java
ZOOKEEPER-499,d26abefde17d4e168a32146238036e5515267655,src/java/main/org/apache/zookeeper/server/quorum/QuorumCnxManager.java|src/java/main/org/apache/zookeeper/server/quorum/QuorumPeerConfig.java
ZOOKEEPER-501,30fe838bb0d0a728eb99f962094dcc115c9990d4,src/java/main/org/apache/zookeeper/server/quorum/QuorumCnxManager.java
ZOOKEEPER-490,8d14195dd1c20e5ed8d648eee6ab5702a7a8e86a,src/java/main/org/apache/zookeeper/ZooKeeper.java
ZOOKEEPER-484,9107bbaf5f94ea0c70bcaae458538c95aeb61454,src/java/main/org/apache/zookeeper/server/NIOServerCnxn.java|src/java/main/org/apache/zookeeper/server/PrepRequestProcessor.java|src/java/main/org/apache/zookeeper/server/ServerCnxn.java|src/java/main/org/apache/zookeeper/server/ZooKeeperServer.java|src/java/main/org/apache/zookeeper/server/quorum/FollowerHandler.java|src/java/main/org/apache/zookeeper/server/quorum/LeaderZooKeeperServer.java
ZOOKEEPER-493,c11645f17c5266d7577ea58cb244a3d6eaaff0e0,src/java/main/org/apache/zookeeper/ZooKeeperMain.java
ZOOKEEPER-491,358f5122485b7ffa9dcc2e46e0751e88711f2ad9,src/java/main/org/apache/zookeeper/server/quorum/FastLeaderElection.java
ZOOKEEPER-480,930380c9407184ba159181c0d8cd08d21ce90766,src/java/main/org/apache/zookeeper/server/quorum/FastLeaderElection.java
ZOOKEEPER-479,a92959ed01dc7425cc4fad14950dc1604934f6e2,src/java/main/org/apache/zookeeper/server/quorum/flexible/QuorumHierarchical.java|src/java/main/org/apache/zookeeper/server/quorum/flexible/QuorumMaj.java|src/java/main/org/apache/zookeeper/server/quorum/flexible/QuorumVerifier.java
ZOOKEEPER-481,1bc05ce6a3363206fbcf0a4bc6c9bbdee1d361f0,src/java/main/org/apache/zookeeper/server/quorum/QuorumCnxManager.java
ZOOKEEPER-457,0a1f589b1ce96c09eb71b5492ece6bc99bfeec13,src/java/main/org/apache/zookeeper/ZooKeeperMain.java
ZOOKEEPER-487,f884f500b035946775edb18baff564eaf5a69fad,src/java/main/org/apache/zookeeper/common/PathTrie.java
ZOOKEEPER-467,4a59fd30d40d1cf2ef4b3c62e1d64047f246dba3,src/contrib/bookkeeper/src/java/org/apache/bookkeeper/client/BookieHandle.java
ZOOKEEPER-454,ac0a3bea3c75c074eb5e96a1393845d74c1b1022,src/java/main/org/apache/zookeeper/server/SessionTrackerImpl.java
ZOOKEEPER-453,8d2ae28491342663d9290114b8ecb182d6aa903e,src/java/main/org/apache/zookeeper/server/quorum/FastLeaderElection.java|src/java/main/org/apache/zookeeper/server/quorum/Follower.java|src/java/main/org/apache/zookeeper/server/quorum/QuorumCnxManager.java
ZOOKEEPER-450,b37b8d6713c630901e46f0191b205061c0273133,src/java/main/org/apache/zookeeper/server/PrepRequestProcessor.java
ZOOKEEPER-449,ed6a4639e787c8a68f8f4cbca740693927498ebb,src/java/main/org/apache/zookeeper/KeeperException.java
ZOOKEEPER-417,0057dcb78313be28ae16b7e84c873191471dceee,src/java/main/org/apache/zookeeper/KeeperException.java|src/java/main/org/apache/zookeeper/server/FinalRequestProcessor.java|src/java/main/org/apache/zookeeper/server/NIOServerCnxn.java|src/java/main/org/apache/zookeeper/server/PrepRequestProcessor.java|src/java/main/org/apache/zookeeper/server/Request.java|src/java/main/org/apache/zookeeper/server/SessionTracker.java|src/java/main/org/apache/zookeeper/server/SessionTrackerImpl.java|src/java/main/org/apache/zookeeper/server/ZooKeeperServer.java|src/java/main/org/apache/zookeeper/server/quorum/FollowerHandler.java|src/java/main/org/apache/zookeeper/server/quorum/FollowerSessionTracker.java|src/java/main/org/apache/zookeeper/server/quorum/LeaderZooKeeperServer.java
ZOOKEEPER-438,32b76dabd04b8ee71148dce562919f74b7addfeb,src/java/main/org/apache/zookeeper/ClientCnxn.java
ZOOKEEPER-446,cbd8be492393d9409ac0ee8c2dbb7c1bbad3cab3,src/java/main/org/apache/zookeeper/server/NIOServerCnxn.java|src/java/main/org/apache/zookeeper/server/auth/HostAuthenticationProvider.java|src/java/main/org/apache/zookeeper/server/auth/ProviderRegistry.java
ZOOKEEPER-427,d41b671bd683600267b68df69beec38f681a189e,src/java/main/org/apache/zookeeper/server/quorum/QuorumCnxManager.java
ZOOKEEPER-433,360fc24572f0ba75362253450fea50dd48d2ea13,src/java/main/org/apache/zookeeper/server/DataTree.java|src/java/main/org/apache/zookeeper/server/PrepRequestProcessor.java
ZOOKEEPER-444,094dda343f05b354ac2cf4ede057afd363253a32,src/java/main/org/apache/zookeeper/ZooDefs.java
ZOOKEEPER-435,601320c3379194eb90a3b57a5f27e703727aa690,src/java/main/org/apache/zookeeper/server/auth/DigestAuthenticationProvider.java
ZOOKEEPER-192,32b1f3d03daec38f9c5b29fb003fffe75b02e51c,src/java/main/org/apache/zookeeper/server/quorum/QuorumPeerConfig.java
ZOOKEEPER-405,c611de04703c9f6d27b3349b0d06a297dfc46fc1,src/java/main/org/apache/zookeeper/ZooKeeperMain.java
ZOOKEEPER-400,0566dc00b3fe9af48ea856a587ceee56fcc24cd8,src/contrib/bookkeeper/src/java/org/apache/bookkeeper/client/ClientCBWorker.java|src/contrib/bookkeeper/src/java/org/apache/bookkeeper/client/LedgerHandle.java|src/contrib/bookkeeper/src/java/org/apache/bookkeeper/client/LedgerRecoveryMonitor.java
ZOOKEEPER-391,79de509219862735d0db1ff966aacb67430e0c89,src/contrib/bookkeeper/src/java/org/apache/bookkeeper/bookie/Bookie.java|src/contrib/bookkeeper/src/java/org/apache/bookkeeper/client/BookieHandle.java|src/contrib/bookkeeper/src/java/org/apache/bookkeeper/proto/BookieClient.java|src/contrib/bookkeeper/src/java/org/apache/bookkeeper/proto/NIOServerFactory.java|src/contrib/bookkeeper/src/java/org/apache/bookkeeper/util/LocalBookKeeper.java
ZOOKEEPER-384,b4510d2b69db980525be0fcb6e11b692c690ac24,src/java/main/org/apache/zookeeper/ZooKeeper.java
ZOOKEEPER-365,7955dea8215faeeedd347654e9b126cae30a1fa8,src/contrib/bookkeeper/src/java/org/apache/bookkeeper/client/LedgerHandle.java|src/contrib/bookkeeper/src/java/org/apache/bookkeeper/client/LedgerRecoveryMonitor.java
ZOOKEEPER-346,4a5a9673545474d3d69efc6803005140cdde089e,src/java/main/org/apache/zookeeper/server/NIOServerCnxn.java|src/java/main/org/apache/zookeeper/server/ServerCnxn.java
ZOOKEEPER-367,1e1ccdcfb19a60e50b9393feac7c0322048e20e1,src/java/main/org/apache/jute/BinaryInputArchive.java|src/java/main/org/apache/zookeeper/server/persistence/FileSnap.java|src/java/main/org/apache/zookeeper/server/util/SerializeUtils.java
ZOOKEEPER-355,6b4e7aa40b250afc66fc5f26b75d8bc1e79569cb,src/java/main/org/apache/zookeeper/common/PathUtils.java
ZOOKEEPER-355,764e34ca913283f1059de2055b0aa313c0514c2a,src/java/main/org/apache/zookeeper/ZooKeeper.java|src/java/main/org/apache/zookeeper/server/PrepRequestProcessor.java
ZOOKEEPER-370,47b16b9612ece90d959f1966f387b91ee4d9b7ed,src/java/main/org/apache/zookeeper/server/quorum/LeaderElection.java|src/java/main/org/apache/zookeeper/server/quorum/QuorumCnxManager.java
ZOOKEEPER-363,06d451ad0c982c098458f7a40463b5034708bcfc,src/contrib/bookkeeper/src/java/org/apache/bookkeeper/client/LedgerRecoveryMonitor.java
ZOOKEEPER-362,c9e8662617ac5d99cc08f858c21dc9c4ba175881,src/java/main/org/apache/zookeeper/server/quorum/FastLeaderElection.java|src/java/main/org/apache/zookeeper/server/quorum/QuorumCnxManager.java
ZOOKEEPER-360,1b91bfd187f1a718fc4f596099ca08af15a17971,src/contrib/bookkeeper/src/java/org/apache/bookkeeper/bookie/Bookie.java|src/contrib/bookkeeper/src/java/org/apache/bookkeeper/bookie/LedgerDescriptor.java
ZOOKEEPER-341,534631b066865b1968e2b89cc02adf14c3d2f0de,src/java/main/org/apache/zookeeper/server/quorum/QuorumPeerConfig.java
ZOOKEEPER-330,63e2697d430ce1f7c5b60ddc3ce8f2c65ef861fb,src/java/main/org/apache/zookeeper/server/ServerConfig.java|src/java/main/org/apache/zookeeper/server/ZooKeeperServer.java|src/java/main/org/apache/zookeeper/server/ZooKeeperServerMain.java|src/java/main/org/apache/zookeeper/server/quorum/QuorumPeerConfig.java
ZOOKEEPER-326,f36e174ebe11ec7b3da2cfd5b4226d61e1d3f642,src/java/main/org/apache/zookeeper/server/ZooKeeperServerMain.java
ZOOKEEPER-302,c5d28b03b72253f2ca6d9142a17487b253317ec6,src/java/main/org/apache/zookeeper/jmx/MBeanRegistry.java|src/java/main/org/apache/zookeeper/server/ConnectionBean.java|src/java/main/org/apache/zookeeper/server/NIOServerCnxn.java|src/java/main/org/apache/zookeeper/server/ZooKeeperServer.java|src/java/main/org/apache/zookeeper/server/ZooKeeperServerBean.java|src/java/main/org/apache/zookeeper/server/quorum/FollowerZooKeeperServer.java|src/java/main/org/apache/zookeeper/server/quorum/LeaderZooKeeperServer.java|src/java/main/org/apache/zookeeper/server/quorum/QuorumPeer.java
ZOOKEEPER-291,2890f77b0ea58176e14780d99c4dc3cc0dfa88fd,src/java/main/org/apache/zookeeper/KeeperException.java
ZOOKEEPER-252,bdcdc82e97512d6094ea25775a8d77c1597e1223,src/java/main/org/apache/zookeeper/server/PurgeTxnLog.java|src/java/main/org/apache/zookeeper/server/persistence/FileSnap.java|src/java/main/org/apache/zookeeper/server/persistence/FileTxnSnapLog.java
ZOOKEEPER-16,85fc47a95dc4cd72a5ea79bcb3ab87613fa8535b,src/java/main/org/apache/zookeeper/ZooKeeper.java|src/java/main/org/apache/zookeeper/server/PrepRequestProcessor.java
ZOOKEEPER-272,bd67906b1daa622e2c78032f453c0cc2e777b8cb,src/java/main/org/apache/zookeeper/ClientCnxn.java
ZOOKEEPER-275,7d8d199a4662ab710c8f3a12745b86dbdb4c7520,src/java/main/org/apache/zookeeper/server/quorum/FastLeaderElection.java|src/java/main/org/apache/zookeeper/server/quorum/QuorumCnxManager.java|src/java/main/org/apache/zookeeper/server/quorum/QuorumPeer.java
ZOOKEEPER-267,e5b90d600c69107da88d1758c1e66eba7cc1abad,src/java/main/org/apache/zookeeper/ClientCnxn.java|src/java/main/org/apache/zookeeper/server/DataTree.java|src/java/main/org/apache/zookeeper/server/quorum/CommitProcessor.java
ZOOKEEPER-268,f340e569fe7c33985298397d31b89638a397bf19,src/java/main/org/apache/jute/Utils.java
ZOOKEEPER-250,2e135ab9287f8babeeeddcfb7cd362f4d2b4278f,src/java/main/org/apache/zookeeper/server/persistence/FileSnap.java|src/java/main/org/apache/zookeeper/server/persistence/Util.java|src/java/main/org/apache/zookeeper/server/upgrade/UpgradeSnapShotV1.java
ZOOKEEPER-251,9f7759d73f44901226873cdf2da685877fa06f62,src/java/main/org/apache/zookeeper/server/persistence/FileTxnLog.java|src/java/main/org/apache/zookeeper/server/persistence/FileTxnSnapLog.java
ZOOKEEPER-241,4ee7c1d3a904d164ff6f12c862043a03d98101bd,src/java/main/org/apache/zookeeper/version/util/VerGen.java
ZOOKEEPER-249,4e482a0e8c2e79ea39ac98a422b604d5bd861250,src/java/main/org/apache/zookeeper/server/quorum/QuorumPeer.java
ZOOKEEPER-204,3fcc62dae5f63a64f68b5d36f8d22e3ecf751a78,src/java/main/org/apache/zookeeper/ClientCnxn.java|src/java/main/org/apache/zookeeper/ZooKeeper.java
ZOOKEEPER-226,1b7dbc1c523d4105899340b064f169e88a727081,src/java/main/org/apache/zookeeper/server/DataNode.java
ZOOKEEPER-212,f7673ae440408e4107c3a7874caf3e4df91b078c,src/java/main/org/apache/zookeeper/server/SyncRequestProcessor.java
ZOOKEEPER-201,a79aaf38e4842f419269bdebf3bd1409bac81f7e,src/java/main/org/apache/zookeeper/server/persistence/FileSnap.java|src/java/main/org/apache/zookeeper/server/persistence/FileTxnLog.java
ZOOKEEPER-200,4a1154ac082506a3269e47e51ff2f600b6d28d07,src/java/main/org/apache/zookeeper/server/persistence/FileSnap.java|src/java/main/org/apache/zookeeper/server/persistence/FileTxnLog.java
ZOOKEEPER-199,c6acf2c2e3504b057195e434791dc5a60a80f5fe,src/java/main/org/apache/zookeeper/server/persistence/FileTxnLog.java|src/java/main/org/apache/zookeeper/server/persistence/FileTxnSnapLog.java
ZOOKEEPER-198,60808e0a7312525e2d3dfb82c5535582d1de391b,src/java/main/org/apache/zookeeper/server/quorum/FollowerSyncRequest.java
ZOOKEEPER-178,d768ace716fcf01e9f699355ec8e6876d0a2a9bf,src/java/main/org/apache/zookeeper/server/quorum/FastLeaderElection.java
ZOOKEEPER-159,109a15859be9184ab677c8db371084535e412212,src/java/main/org/apache/zookeeper/server/quorum/FastLeaderElection.java|src/java/main/org/apache/zookeeper/server/quorum/Vote.java
ZOOKEEPER-8,ff98502017f564c14008f5e55ba536bef7d60b78,src/java/main/org/apache/zookeeper/server/DataNode.java|src/java/main/org/apache/zookeeper/server/DataTree.java|src/java/main/org/apache/zookeeper/server/PrepRequestProcessor.java|src/java/main/org/apache/zookeeper/server/ZooKeeperServer.java
ZOOKEEPER-157,3fd36ef74684e63eb69b10ac51e2970a1f0cdc02,src/java/main/org/apache/zookeeper/server/quorum/FastLeaderElection.java
ZOOKEEPER-136,ea54ef0825c6670cc6714e749d391f477420b118,src/java/main/org/apache/jute/CsvOutputArchive.java|src/java/main/org/apache/zookeeper/ClientCnxn.java|src/java/main/org/apache/zookeeper/server/FinalRequestProcessor.java|src/java/main/org/apache/zookeeper/server/NIOServerCnxn.java|src/java/main/org/apache/zookeeper/server/PrepRequestProcessor.java|src/java/main/org/apache/zookeeper/server/Request.java|src/java/main/org/apache/zookeeper/server/SyncRequestProcessor.java|src/java/main/org/apache/zookeeper/server/ZooKeeperServer.java|src/java/main/org/apache/zookeeper/server/auth/ProviderRegistry.java|src/java/main/org/apache/zookeeper/server/quorum/CommitProcessor.java|src/java/main/org/apache/zookeeper/server/quorum/FollowerHandler.java|src/java/main/org/apache/zookeeper/server/quorum/FollowerRequestProcessor.java|src/java/main/org/apache/zookeeper/server/quorum/FollowerSyncRequest.java|src/java/main/org/apache/zookeeper/server/quorum/FollowerZooKeeperServer.java|src/java/main/org/apache/zookeeper/server/quorum/Leader.java|src/java/main/org/apache/zookeeper/server/quorum/LeaderZooKeeperServer.java|src/java/main/org/apache/zookeeper/server/quorum/ProposalRequestProcessor.java|src/java/main/org/apache/zookeeper/server/quorum/QuorumPeer.java
ZOOKEEPER-150,67c4e4533d0762ebb4cb77976df12304705fecb1,src/java/main/org/apache/zookeeper/server/persistence/Util.java
ZOOKEEPER-127,0c6294e6cab2befc330b8a5c05ceeb156550c2fe,src/java/jmx/org/apache/zookeeper/server/quorum/ManagedQuorumPeer.java|src/java/jmx/org/apache/zookeeper/server/quorum/ManagedQuorumPeerMain.java|src/java/jmx/org/apache/zookeeper/server/quorum/ObservableQuorumPeer.java|src/java/main/org/apache/zookeeper/server/quorum/AuthFastLeaderElection.java|src/java/main/org/apache/zookeeper/server/quorum/Election.java|src/java/main/org/apache/zookeeper/server/quorum/FastLeaderElection.java|src/java/main/org/apache/zookeeper/server/quorum/Follower.java|src/java/main/org/apache/zookeeper/server/quorum/LeaderElection.java|src/java/main/org/apache/zookeeper/server/quorum/QuorumCnxManager.java|src/java/main/org/apache/zookeeper/server/quorum/QuorumPeer.java|src/java/main/org/apache/zookeeper/server/quorum/QuorumPeerConfig.java|src/java/main/org/apache/zookeeper/server/quorum/QuorumPeerMain.java
ZOOKEEPER-21,ad482ad24cc864686f268b71896606091d92a00f,src/java/main/org/apache/zookeeper/ClientCnxn.java|src/java/main/org/apache/zookeeper/ClientWatchManager.java|src/java/main/org/apache/zookeeper/Watcher.java|src/java/main/org/apache/zookeeper/ZooKeeper.java|src/java/main/org/apache/zookeeper/ZooKeeperMain.java
ZOOKEEPER-117,d284d6fdae9c826bea44414a4f8f7b811eb0657f,src/java/main/org/apache/zookeeper/server/quorum/Leader.java
ZOOKEEPER-137,ad90e3700bd147bcec1691e51d40a09b43a82f8a,src/java/main/org/apache/zookeeper/ClientWatchManager.java
ZOOKEEPER-137,d1fa7aa702b4c9474ecbed78da9f8ca0638b6d04,src/java/main/org/apache/zookeeper/ClientCnxn.java|src/java/main/org/apache/zookeeper/ZooKeeper.java
ZOOKEEPER-131,3553137b9a7e8d804fdb378be23196a74afaf731,src/java/main/org/apache/zookeeper/server/quorum/LeaderElection.java|src/java/main/org/apache/zookeeper/server/quorum/QuorumPeer.java|src/java/main/org/apache/zookeeper/server/quorum/Vote.java
ZOOKEEPER-118,1ff83d62d0464a0c21a711b2cadd549119c716ab,src/java/main/org/apache/zookeeper/server/quorum/FollowerRequestProcessor.java
ZOOKEEPER-112,a6078d424766ba7ca60821ae802f3acb9e2c7758,src/java/main/org/apache/zookeeper/ClientCnxn.java|src/java/main/org/apache/zookeeper/ZooKeeper.java
ZOOKEEPER-63,e3e0db789177a2e77882545dbdd9eed9a23eb392,src/java/main/org/apache/zookeeper/ClientCnxn.java|src/java/main/org/apache/zookeeper/ZooKeeper.java
ZOOKEEPER-2,3a6a4ba7fc538f066d7b691777320fb9b92a5f93,src/java/main/org/apache/zookeeper/server/quorum/AuthFastLeaderElection.java|src/java/main/org/apache/zookeeper/server/quorum/FastLeaderElection.java|src/java/main/org/apache/zookeeper/server/quorum/Follower.java|src/java/main/org/apache/zookeeper/server/quorum/LeaderElection.java|src/java/main/org/apache/zookeeper/server/quorum/QuorumCnxManager.java|src/java/main/org/apache/zookeeper/server/quorum/QuorumPeer.java
ZOOKEEPER-123,92c538d4d830d61fcaa4346c356e63d8f23bd2f3,src/java/main/org/apache/zookeeper/ClientCnxn.java
ZOOKEEPER-122,a07a03d70b56ab26f4a790ef1e9941a06b478b84,src/java/main/org/apache/jute/Utils.java
ZOOKEEPER-108,8a22ee2a08d3d00a2085459c5f1941648a12ec98,src/java/main/org/apache/zookeeper/server/FinalRequestProcessor.java|src/java/main/org/apache/zookeeper/server/quorum/CommitProcessor.java|src/java/main/org/apache/zookeeper/server/quorum/FollowerRequestProcessor.java|src/java/main/org/apache/zookeeper/server/quorum/FollowerZooKeeperServer.java|src/java/main/org/apache/zookeeper/server/quorum/Leader.java|src/java/main/org/apache/zookeeper/server/quorum/ProposalRequestProcessor.java
ZOOKEEPER-48,3740b7c730e6e4ccccd78c35694689292bca4ddb,src/java/main/org/apache/zookeeper/server/NIOServerCnxn.java|src/java/main/org/apache/zookeeper/server/PrepRequestProcessor.java
ZOOKEEPER-105,774bda809bf4c17941eacddccf6298d57f1737a9,src/java/main/org/apache/zookeeper/ZooKeeper.java
ZOOKEEPER-75,31d99a300ad9b0c66905333c7775321a58345ed6,src/java/main/org/apache/zookeeper/server/quorum/Election.java
ZOOKEEPER-68,0da7e6a3a699284df263484496fa16ca0f67e32a,src/java/main/org/apache/zookeeper/ZooKeeper.java
