Release Index,File Name,Bug Ticket,IV,OV,FV,Bugginess
26,src/java/main/org/apache/zookeeper/Version.java,ZOOKEEPER-2573,26,28,29,YES
27,src/java/main/org/apache/zookeeper/Version.java,ZOOKEEPER-2573,26,28,29,YES
28,src/java/main/org/apache/zookeeper/Version.java,ZOOKEEPER-2573,26,28,29,YES
26,src/java/main/org/apache/zookeeper/version/util/VerGen.java,ZOOKEEPER-2573,26,28,29,YES
27,src/java/main/org/apache/zookeeper/version/util/VerGen.java,ZOOKEEPER-2573,26,28,29,YES
28,src/java/main/org/apache/zookeeper/version/util/VerGen.java,ZOOKEEPER-2573,26,28,29,YES
22,src/java/main/org/apache/zookeeper/server/PurgeTxnLog.java,ZOOKEEPER-2574,22,28,29,YES
23,src/java/main/org/apache/zookeeper/server/PurgeTxnLog.java,ZOOKEEPER-2574,22,28,29,YES
24,src/java/main/org/apache/zookeeper/server/PurgeTxnLog.java,ZOOKEEPER-2574,22,28,29,YES
25,src/java/main/org/apache/zookeeper/server/PurgeTxnLog.java,ZOOKEEPER-2574,22,28,29,YES
26,src/java/main/org/apache/zookeeper/server/PurgeTxnLog.java,ZOOKEEPER-2574,22,28,29,YES
27,src/java/main/org/apache/zookeeper/server/PurgeTxnLog.java,ZOOKEEPER-2574,22,28,29,YES
28,src/java/main/org/apache/zookeeper/server/PurgeTxnLog.java,ZOOKEEPER-2574,22,28,29,YES
22,src/java/main/org/apache/zookeeper/server/persistence/FileSnap.java,ZOOKEEPER-2574,22,28,29,YES
23,src/java/main/org/apache/zookeeper/server/persistence/FileSnap.java,ZOOKEEPER-2574,22,28,29,YES
24,src/java/main/org/apache/zookeeper/server/persistence/FileSnap.java,ZOOKEEPER-2574,22,28,29,YES
25,src/java/main/org/apache/zookeeper/server/persistence/FileSnap.java,ZOOKEEPER-2574,22,28,29,YES
26,src/java/main/org/apache/zookeeper/server/persistence/FileSnap.java,ZOOKEEPER-2574,22,28,29,YES
27,src/java/main/org/apache/zookeeper/server/persistence/FileSnap.java,ZOOKEEPER-2574,22,28,29,YES
28,src/java/main/org/apache/zookeeper/server/persistence/FileSnap.java,ZOOKEEPER-2574,22,28,29,YES
22,src/java/main/org/apache/zookeeper/server/persistence/FileTxnSnapLog.java,ZOOKEEPER-2574,22,28,29,YES
23,src/java/main/org/apache/zookeeper/server/persistence/FileTxnSnapLog.java,ZOOKEEPER-2574,22,28,29,YES
24,src/java/main/org/apache/zookeeper/server/persistence/FileTxnSnapLog.java,ZOOKEEPER-2574,22,28,29,YES
25,src/java/main/org/apache/zookeeper/server/persistence/FileTxnSnapLog.java,ZOOKEEPER-2574,22,28,29,YES
26,src/java/main/org/apache/zookeeper/server/persistence/FileTxnSnapLog.java,ZOOKEEPER-2574,22,28,29,YES
27,src/java/main/org/apache/zookeeper/server/persistence/FileTxnSnapLog.java,ZOOKEEPER-2574,22,28,29,YES
28,src/java/main/org/apache/zookeeper/server/persistence/FileTxnSnapLog.java,ZOOKEEPER-2574,22,28,29,YES
21,zookeeper-server/src/main/java/org/apache/zookeeper/server/persistence/FileTxnLog.java,ZOOKEEPER-2332,21,24,57,YES
22,zookeeper-server/src/main/java/org/apache/zookeeper/server/persistence/FileTxnLog.java,ZOOKEEPER-2332,21,24,57,YES
23,zookeeper-server/src/main/java/org/apache/zookeeper/server/persistence/FileTxnLog.java,ZOOKEEPER-2332,21,24,57,YES
24,zookeeper-server/src/main/java/org/apache/zookeeper/server/persistence/FileTxnLog.java,ZOOKEEPER-2332,21,24,57,YES
25,zookeeper-server/src/main/java/org/apache/zookeeper/server/persistence/FileTxnLog.java,ZOOKEEPER-2332,21,24,57,YES
26,zookeeper-server/src/main/java/org/apache/zookeeper/server/persistence/FileTxnLog.java,ZOOKEEPER-2332,21,24,57,YES
27,zookeeper-server/src/main/java/org/apache/zookeeper/server/persistence/FileTxnLog.java,ZOOKEEPER-2332,21,24,57,YES
28,zookeeper-server/src/main/java/org/apache/zookeeper/server/persistence/FileTxnLog.java,ZOOKEEPER-2332,21,24,57,YES
29,zookeeper-server/src/main/java/org/apache/zookeeper/server/persistence/FileTxnLog.java,ZOOKEEPER-2332,21,24,57,YES
30,zookeeper-server/src/main/java/org/apache/zookeeper/server/persistence/FileTxnLog.java,ZOOKEEPER-2332,21,24,57,YES
31,zookeeper-server/src/main/java/org/apache/zookeeper/server/persistence/FileTxnLog.java,ZOOKEEPER-2332,21,24,57,YES
32,zookeeper-server/src/main/java/org/apache/zookeeper/server/persistence/FileTxnLog.java,ZOOKEEPER-2332,21,24,57,YES
33,zookeeper-server/src/main/java/org/apache/zookeeper/server/persistence/FileTxnLog.java,ZOOKEEPER-2332,21,24,57,YES
34,zookeeper-server/src/main/java/org/apache/zookeeper/server/persistence/FileTxnLog.java,ZOOKEEPER-2332,21,24,57,YES
35,zookeeper-server/src/main/java/org/apache/zookeeper/server/persistence/FileTxnLog.java,ZOOKEEPER-2332,21,24,57,YES
36,zookeeper-server/src/main/java/org/apache/zookeeper/server/persistence/FileTxnLog.java,ZOOKEEPER-2332,21,24,57,YES
37,zookeeper-server/src/main/java/org/apache/zookeeper/server/persistence/FileTxnLog.java,ZOOKEEPER-2332,21,24,57,YES
38,zookeeper-server/src/main/java/org/apache/zookeeper/server/persistence/FileTxnLog.java,ZOOKEEPER-2332,21,24,57,YES
39,zookeeper-server/src/main/java/org/apache/zookeeper/server/persistence/FileTxnLog.java,ZOOKEEPER-2332,21,24,57,YES
40,zookeeper-server/src/main/java/org/apache/zookeeper/server/persistence/FileTxnLog.java,ZOOKEEPER-2332,21,24,57,YES
41,zookeeper-server/src/main/java/org/apache/zookeeper/server/persistence/FileTxnLog.java,ZOOKEEPER-2332,21,24,57,YES
42,zookeeper-server/src/main/java/org/apache/zookeeper/server/persistence/FileTxnLog.java,ZOOKEEPER-2332,21,24,57,YES
43,zookeeper-server/src/main/java/org/apache/zookeeper/server/persistence/FileTxnLog.java,ZOOKEEPER-2332,21,24,57,YES
44,zookeeper-server/src/main/java/org/apache/zookeeper/server/persistence/FileTxnLog.java,ZOOKEEPER-2332,21,24,57,YES
45,zookeeper-server/src/main/java/org/apache/zookeeper/server/persistence/FileTxnLog.java,ZOOKEEPER-2332,21,24,57,YES
46,zookeeper-server/src/main/java/org/apache/zookeeper/server/persistence/FileTxnLog.java,ZOOKEEPER-2332,21,24,57,YES
47,zookeeper-server/src/main/java/org/apache/zookeeper/server/persistence/FileTxnLog.java,ZOOKEEPER-2332,21,24,57,YES
48,zookeeper-server/src/main/java/org/apache/zookeeper/server/persistence/FileTxnLog.java,ZOOKEEPER-2332,21,24,57,YES
49,zookeeper-server/src/main/java/org/apache/zookeeper/server/persistence/FileTxnLog.java,ZOOKEEPER-2332,21,24,57,YES
50,zookeeper-server/src/main/java/org/apache/zookeeper/server/persistence/FileTxnLog.java,ZOOKEEPER-2332,21,24,57,YES
51,zookeeper-server/src/main/java/org/apache/zookeeper/server/persistence/FileTxnLog.java,ZOOKEEPER-2332,21,24,57,YES
52,zookeeper-server/src/main/java/org/apache/zookeeper/server/persistence/FileTxnLog.java,ZOOKEEPER-2332,21,24,57,YES
53,zookeeper-server/src/main/java/org/apache/zookeeper/server/persistence/FileTxnLog.java,ZOOKEEPER-2332,21,24,57,YES
54,zookeeper-server/src/main/java/org/apache/zookeeper/server/persistence/FileTxnLog.java,ZOOKEEPER-2332,21,24,57,YES
55,zookeeper-server/src/main/java/org/apache/zookeeper/server/persistence/FileTxnLog.java,ZOOKEEPER-2332,21,24,57,YES
56,zookeeper-server/src/main/java/org/apache/zookeeper/server/persistence/FileTxnLog.java,ZOOKEEPER-2332,21,24,57,YES
26,src/java/main/org/apache/zookeeper/server/persistence/FileTxnSnapLog.java,ZOOKEEPER-2579,26,28,29,YES
27,src/java/main/org/apache/zookeeper/server/persistence/FileTxnSnapLog.java,ZOOKEEPER-2579,26,28,29,YES
28,src/java/main/org/apache/zookeeper/server/persistence/FileTxnSnapLog.java,ZOOKEEPER-2579,26,28,29,YES
44,zookeeper-server/src/main/java/org/apache/zookeeper/ClientCnxn.java,ZOOKEEPER-4515,44,46,47,YES
45,zookeeper-server/src/main/java/org/apache/zookeeper/ClientCnxn.java,ZOOKEEPER-4515,44,46,47,YES
46,zookeeper-server/src/main/java/org/apache/zookeeper/ClientCnxn.java,ZOOKEEPER-4515,44,46,47,YES
44,zookeeper-server/src/main/java/org/apache/zookeeper/util/ServiceUtils.java,ZOOKEEPER-4515,44,46,47,YES
45,zookeeper-server/src/main/java/org/apache/zookeeper/util/ServiceUtils.java,ZOOKEEPER-4515,44,46,47,YES
46,zookeeper-server/src/main/java/org/apache/zookeeper/util/ServiceUtils.java,ZOOKEEPER-4515,44,46,47,YES
44,zookeeper-server/src/main/java/org/apache/zookeeper/ClientCnxnSocketNetty.java,ZOOKEEPER-4514,44,46,47,YES
45,zookeeper-server/src/main/java/org/apache/zookeeper/ClientCnxnSocketNetty.java,ZOOKEEPER-4514,44,46,47,YES
46,zookeeper-server/src/main/java/org/apache/zookeeper/ClientCnxnSocketNetty.java,ZOOKEEPER-4514,44,46,47,YES
36,zookeeper-server/src/main/java/org/apache/zookeeper/common/ZKConfig.java,ZOOKEEPER-3667,36,37,38,YES
37,zookeeper-server/src/main/java/org/apache/zookeeper/common/ZKConfig.java,ZOOKEEPER-3667,36,37,38,YES
21,src/java/main/org/apache/zookeeper/ClientCnxn.java,ZOOKEEPER-2335,21,25,26,YES
22,src/java/main/org/apache/zookeeper/ClientCnxn.java,ZOOKEEPER-2335,21,25,26,YES
23,src/java/main/org/apache/zookeeper/ClientCnxn.java,ZOOKEEPER-2335,21,25,26,YES
24,src/java/main/org/apache/zookeeper/ClientCnxn.java,ZOOKEEPER-2335,21,25,26,YES
25,src/java/main/org/apache/zookeeper/ClientCnxn.java,ZOOKEEPER-2335,21,25,26,YES
16,src/java/main/org/apache/zookeeper/server/ZKDatabase.java,ZOOKEEPER-1489,16,18,19,YES
17,src/java/main/org/apache/zookeeper/server/ZKDatabase.java,ZOOKEEPER-1489,16,18,19,YES
18,src/java/main/org/apache/zookeeper/server/ZKDatabase.java,ZOOKEEPER-1489,16,18,19,YES
16,src/java/main/org/apache/zookeeper/server/persistence/FileTxnSnapLog.java,ZOOKEEPER-1489,16,18,19,YES
17,src/java/main/org/apache/zookeeper/server/persistence/FileTxnSnapLog.java,ZOOKEEPER-1489,16,18,19,YES
18,src/java/main/org/apache/zookeeper/server/persistence/FileTxnSnapLog.java,ZOOKEEPER-1489,16,18,19,YES
9,src/contrib/bookkeeper/src/java/org/apache/bookkeeper/client/LedgerHandle.java,ZOOKEEPER-831,9,10,11,YES
10,src/contrib/bookkeeper/src/java/org/apache/bookkeeper/client/LedgerHandle.java,ZOOKEEPER-831,9,10,11,YES
9,src/contrib/bookkeeper/src/java/org/apache/bookkeeper/client/PendingReadOp.java,ZOOKEEPER-831,9,10,11,YES
10,src/contrib/bookkeeper/src/java/org/apache/bookkeeper/client/PendingReadOp.java,ZOOKEEPER-831,9,10,11,YES
23,src/java/main/org/apache/zookeeper/server/auth/X509AuthenticationProvider.java,ZOOKEEPER-2581,23,28,30,YES
24,src/java/main/org/apache/zookeeper/server/auth/X509AuthenticationProvider.java,ZOOKEEPER-2581,23,28,30,YES
25,src/java/main/org/apache/zookeeper/server/auth/X509AuthenticationProvider.java,ZOOKEEPER-2581,23,28,30,YES
26,src/java/main/org/apache/zookeeper/server/auth/X509AuthenticationProvider.java,ZOOKEEPER-2581,23,28,30,YES
27,src/java/main/org/apache/zookeeper/server/auth/X509AuthenticationProvider.java,ZOOKEEPER-2581,23,28,30,YES
28,src/java/main/org/apache/zookeeper/server/auth/X509AuthenticationProvider.java,ZOOKEEPER-2581,23,28,30,YES
29,src/java/main/org/apache/zookeeper/server/auth/X509AuthenticationProvider.java,ZOOKEEPER-2581,23,28,30,YES
39,zookeeper-server/src/main/java/org/apache/zookeeper/ClientCnxn.java,ZOOKEEPER-3895,39,41,42,YES
40,zookeeper-server/src/main/java/org/apache/zookeeper/ClientCnxn.java,ZOOKEEPER-3895,39,41,42,YES
41,zookeeper-server/src/main/java/org/apache/zookeeper/ClientCnxn.java,ZOOKEEPER-3895,39,41,42,YES
39,zookeeper-server/src/main/java/org/apache/zookeeper/ZooKeeper.java,ZOOKEEPER-3895,39,41,42,YES
40,zookeeper-server/src/main/java/org/apache/zookeeper/ZooKeeper.java,ZOOKEEPER-3895,39,41,42,YES
41,zookeeper-server/src/main/java/org/apache/zookeeper/ZooKeeper.java,ZOOKEEPER-3895,39,41,42,YES
33,zookeeper-server/src/main/java/org/apache/zookeeper/audit/AuditHelper.java,ZOOKEEPER-3653,33,37,38,YES
34,zookeeper-server/src/main/java/org/apache/zookeeper/audit/AuditHelper.java,ZOOKEEPER-3653,33,37,38,YES
35,zookeeper-server/src/main/java/org/apache/zookeeper/audit/AuditHelper.java,ZOOKEEPER-3653,33,37,38,YES
36,zookeeper-server/src/main/java/org/apache/zookeeper/audit/AuditHelper.java,ZOOKEEPER-3653,33,37,38,YES
37,zookeeper-server/src/main/java/org/apache/zookeeper/audit/AuditHelper.java,ZOOKEEPER-3653,33,37,38,YES
38,zookeeper-metrics-providers/zookeeper-prometheus-metrics/src/main/java/org/apache/zookeeper/metrics/prometheus/PrometheusMetricsProvider.java,ZOOKEEPER-4741,38,52,60,YES
39,zookeeper-metrics-providers/zookeeper-prometheus-metrics/src/main/java/org/apache/zookeeper/metrics/prometheus/PrometheusMetricsProvider.java,ZOOKEEPER-4741,38,52,60,YES
40,zookeeper-metrics-providers/zookeeper-prometheus-metrics/src/main/java/org/apache/zookeeper/metrics/prometheus/PrometheusMetricsProvider.java,ZOOKEEPER-4741,38,52,60,YES
41,zookeeper-metrics-providers/zookeeper-prometheus-metrics/src/main/java/org/apache/zookeeper/metrics/prometheus/PrometheusMetricsProvider.java,ZOOKEEPER-4741,38,52,60,YES
42,zookeeper-metrics-providers/zookeeper-prometheus-metrics/src/main/java/org/apache/zookeeper/metrics/prometheus/PrometheusMetricsProvider.java,ZOOKEEPER-4741,38,52,60,YES
43,zookeeper-metrics-providers/zookeeper-prometheus-metrics/src/main/java/org/apache/zookeeper/metrics/prometheus/PrometheusMetricsProvider.java,ZOOKEEPER-4741,38,52,60,YES
44,zookeeper-metrics-providers/zookeeper-prometheus-metrics/src/main/java/org/apache/zookeeper/metrics/prometheus/PrometheusMetricsProvider.java,ZOOKEEPER-4741,38,52,60,YES
45,zookeeper-metrics-providers/zookeeper-prometheus-metrics/src/main/java/org/apache/zookeeper/metrics/prometheus/PrometheusMetricsProvider.java,ZOOKEEPER-4741,38,52,60,YES
46,zookeeper-metrics-providers/zookeeper-prometheus-metrics/src/main/java/org/apache/zookeeper/metrics/prometheus/PrometheusMetricsProvider.java,ZOOKEEPER-4741,38,52,60,YES
47,zookeeper-metrics-providers/zookeeper-prometheus-metrics/src/main/java/org/apache/zookeeper/metrics/prometheus/PrometheusMetricsProvider.java,ZOOKEEPER-4741,38,52,60,YES
48,zookeeper-metrics-providers/zookeeper-prometheus-metrics/src/main/java/org/apache/zookeeper/metrics/prometheus/PrometheusMetricsProvider.java,ZOOKEEPER-4741,38,52,60,YES
49,zookeeper-metrics-providers/zookeeper-prometheus-metrics/src/main/java/org/apache/zookeeper/metrics/prometheus/PrometheusMetricsProvider.java,ZOOKEEPER-4741,38,52,60,YES
50,zookeeper-metrics-providers/zookeeper-prometheus-metrics/src/main/java/org/apache/zookeeper/metrics/prometheus/PrometheusMetricsProvider.java,ZOOKEEPER-4741,38,52,60,YES
51,zookeeper-metrics-providers/zookeeper-prometheus-metrics/src/main/java/org/apache/zookeeper/metrics/prometheus/PrometheusMetricsProvider.java,ZOOKEEPER-4741,38,52,60,YES
52,zookeeper-metrics-providers/zookeeper-prometheus-metrics/src/main/java/org/apache/zookeeper/metrics/prometheus/PrometheusMetricsProvider.java,ZOOKEEPER-4741,38,52,60,YES
53,zookeeper-metrics-providers/zookeeper-prometheus-metrics/src/main/java/org/apache/zookeeper/metrics/prometheus/PrometheusMetricsProvider.java,ZOOKEEPER-4741,38,52,60,YES
54,zookeeper-metrics-providers/zookeeper-prometheus-metrics/src/main/java/org/apache/zookeeper/metrics/prometheus/PrometheusMetricsProvider.java,ZOOKEEPER-4741,38,52,60,YES
55,zookeeper-metrics-providers/zookeeper-prometheus-metrics/src/main/java/org/apache/zookeeper/metrics/prometheus/PrometheusMetricsProvider.java,ZOOKEEPER-4741,38,52,60,YES
56,zookeeper-metrics-providers/zookeeper-prometheus-metrics/src/main/java/org/apache/zookeeper/metrics/prometheus/PrometheusMetricsProvider.java,ZOOKEEPER-4741,38,52,60,YES
57,zookeeper-metrics-providers/zookeeper-prometheus-metrics/src/main/java/org/apache/zookeeper/metrics/prometheus/PrometheusMetricsProvider.java,ZOOKEEPER-4741,38,52,60,YES
58,zookeeper-metrics-providers/zookeeper-prometheus-metrics/src/main/java/org/apache/zookeeper/metrics/prometheus/PrometheusMetricsProvider.java,ZOOKEEPER-4741,38,52,60,YES
59,zookeeper-metrics-providers/zookeeper-prometheus-metrics/src/main/java/org/apache/zookeeper/metrics/prometheus/PrometheusMetricsProvider.java,ZOOKEEPER-4741,38,52,60,YES
38,zookeeper-metrics-providers/zookeeper-prometheus-metrics/src/main/java/org/apache/zookeeper/metrics/prometheus/PrometheusRegistryDumper.java,ZOOKEEPER-4741,38,52,60,YES
39,zookeeper-metrics-providers/zookeeper-prometheus-metrics/src/main/java/org/apache/zookeeper/metrics/prometheus/PrometheusRegistryDumper.java,ZOOKEEPER-4741,38,52,60,YES
40,zookeeper-metrics-providers/zookeeper-prometheus-metrics/src/main/java/org/apache/zookeeper/metrics/prometheus/PrometheusRegistryDumper.java,ZOOKEEPER-4741,38,52,60,YES
41,zookeeper-metrics-providers/zookeeper-prometheus-metrics/src/main/java/org/apache/zookeeper/metrics/prometheus/PrometheusRegistryDumper.java,ZOOKEEPER-4741,38,52,60,YES
42,zookeeper-metrics-providers/zookeeper-prometheus-metrics/src/main/java/org/apache/zookeeper/metrics/prometheus/PrometheusRegistryDumper.java,ZOOKEEPER-4741,38,52,60,YES
43,zookeeper-metrics-providers/zookeeper-prometheus-metrics/src/main/java/org/apache/zookeeper/metrics/prometheus/PrometheusRegistryDumper.java,ZOOKEEPER-4741,38,52,60,YES
44,zookeeper-metrics-providers/zookeeper-prometheus-metrics/src/main/java/org/apache/zookeeper/metrics/prometheus/PrometheusRegistryDumper.java,ZOOKEEPER-4741,38,52,60,YES
45,zookeeper-metrics-providers/zookeeper-prometheus-metrics/src/main/java/org/apache/zookeeper/metrics/prometheus/PrometheusRegistryDumper.java,ZOOKEEPER-4741,38,52,60,YES
46,zookeeper-metrics-providers/zookeeper-prometheus-metrics/src/main/java/org/apache/zookeeper/metrics/prometheus/PrometheusRegistryDumper.java,ZOOKEEPER-4741,38,52,60,YES
47,zookeeper-metrics-providers/zookeeper-prometheus-metrics/src/main/java/org/apache/zookeeper/metrics/prometheus/PrometheusRegistryDumper.java,ZOOKEEPER-4741,38,52,60,YES
48,zookeeper-metrics-providers/zookeeper-prometheus-metrics/src/main/java/org/apache/zookeeper/metrics/prometheus/PrometheusRegistryDumper.java,ZOOKEEPER-4741,38,52,60,YES
49,zookeeper-metrics-providers/zookeeper-prometheus-metrics/src/main/java/org/apache/zookeeper/metrics/prometheus/PrometheusRegistryDumper.java,ZOOKEEPER-4741,38,52,60,YES
50,zookeeper-metrics-providers/zookeeper-prometheus-metrics/src/main/java/org/apache/zookeeper/metrics/prometheus/PrometheusRegistryDumper.java,ZOOKEEPER-4741,38,52,60,YES
51,zookeeper-metrics-providers/zookeeper-prometheus-metrics/src/main/java/org/apache/zookeeper/metrics/prometheus/PrometheusRegistryDumper.java,ZOOKEEPER-4741,38,52,60,YES
52,zookeeper-metrics-providers/zookeeper-prometheus-metrics/src/main/java/org/apache/zookeeper/metrics/prometheus/PrometheusRegistryDumper.java,ZOOKEEPER-4741,38,52,60,YES
53,zookeeper-metrics-providers/zookeeper-prometheus-metrics/src/main/java/org/apache/zookeeper/metrics/prometheus/PrometheusRegistryDumper.java,ZOOKEEPER-4741,38,52,60,YES
54,zookeeper-metrics-providers/zookeeper-prometheus-metrics/src/main/java/org/apache/zookeeper/metrics/prometheus/PrometheusRegistryDumper.java,ZOOKEEPER-4741,38,52,60,YES
55,zookeeper-metrics-providers/zookeeper-prometheus-metrics/src/main/java/org/apache/zookeeper/metrics/prometheus/PrometheusRegistryDumper.java,ZOOKEEPER-4741,38,52,60,YES
56,zookeeper-metrics-providers/zookeeper-prometheus-metrics/src/main/java/org/apache/zookeeper/metrics/prometheus/PrometheusRegistryDumper.java,ZOOKEEPER-4741,38,52,60,YES
57,zookeeper-metrics-providers/zookeeper-prometheus-metrics/src/main/java/org/apache/zookeeper/metrics/prometheus/PrometheusRegistryDumper.java,ZOOKEEPER-4741,38,52,60,YES
58,zookeeper-metrics-providers/zookeeper-prometheus-metrics/src/main/java/org/apache/zookeeper/metrics/prometheus/PrometheusRegistryDumper.java,ZOOKEEPER-4741,38,52,60,YES
59,zookeeper-metrics-providers/zookeeper-prometheus-metrics/src/main/java/org/apache/zookeeper/metrics/prometheus/PrometheusRegistryDumper.java,ZOOKEEPER-4741,38,52,60,YES
36,zookeeper-server/src/main/java/org/apache/zookeeper/ClientCnxn.java,ZOOKEEPER-3652,36,37,46,YES
37,zookeeper-server/src/main/java/org/apache/zookeeper/ClientCnxn.java,ZOOKEEPER-3652,36,37,46,YES
38,zookeeper-server/src/main/java/org/apache/zookeeper/ClientCnxn.java,ZOOKEEPER-3652,36,37,46,YES
39,zookeeper-server/src/main/java/org/apache/zookeeper/ClientCnxn.java,ZOOKEEPER-3652,36,37,46,YES
40,zookeeper-server/src/main/java/org/apache/zookeeper/ClientCnxn.java,ZOOKEEPER-3652,36,37,46,YES
41,zookeeper-server/src/main/java/org/apache/zookeeper/ClientCnxn.java,ZOOKEEPER-3652,36,37,46,YES
42,zookeeper-server/src/main/java/org/apache/zookeeper/ClientCnxn.java,ZOOKEEPER-3652,36,37,46,YES
43,zookeeper-server/src/main/java/org/apache/zookeeper/ClientCnxn.java,ZOOKEEPER-3652,36,37,46,YES
44,zookeeper-server/src/main/java/org/apache/zookeeper/ClientCnxn.java,ZOOKEEPER-3652,36,37,46,YES
45,zookeeper-server/src/main/java/org/apache/zookeeper/ClientCnxn.java,ZOOKEEPER-3652,36,37,46,YES
23,zookeeper-server/src/main/java/org/apache/zookeeper/ZooKeeperMain.java,ZOOKEEPER-2563,23,28,36,YES
24,zookeeper-server/src/main/java/org/apache/zookeeper/ZooKeeperMain.java,ZOOKEEPER-2563,23,28,36,YES
25,zookeeper-server/src/main/java/org/apache/zookeeper/ZooKeeperMain.java,ZOOKEEPER-2563,23,28,36,YES
26,zookeeper-server/src/main/java/org/apache/zookeeper/ZooKeeperMain.java,ZOOKEEPER-2563,23,28,36,YES
27,zookeeper-server/src/main/java/org/apache/zookeeper/ZooKeeperMain.java,ZOOKEEPER-2563,23,28,36,YES
28,zookeeper-server/src/main/java/org/apache/zookeeper/ZooKeeperMain.java,ZOOKEEPER-2563,23,28,36,YES
29,zookeeper-server/src/main/java/org/apache/zookeeper/ZooKeeperMain.java,ZOOKEEPER-2563,23,28,36,YES
30,zookeeper-server/src/main/java/org/apache/zookeeper/ZooKeeperMain.java,ZOOKEEPER-2563,23,28,36,YES
31,zookeeper-server/src/main/java/org/apache/zookeeper/ZooKeeperMain.java,ZOOKEEPER-2563,23,28,36,YES
32,zookeeper-server/src/main/java/org/apache/zookeeper/ZooKeeperMain.java,ZOOKEEPER-2563,23,28,36,YES
33,zookeeper-server/src/main/java/org/apache/zookeeper/ZooKeeperMain.java,ZOOKEEPER-2563,23,28,36,YES
34,zookeeper-server/src/main/java/org/apache/zookeeper/ZooKeeperMain.java,ZOOKEEPER-2563,23,28,36,YES
35,zookeeper-server/src/main/java/org/apache/zookeeper/ZooKeeperMain.java,ZOOKEEPER-2563,23,28,36,YES
23,zookeeper-server/src/main/java/org/apache/zookeeper/cli/SetQuotaCommand.java,ZOOKEEPER-2563,23,28,36,YES
24,zookeeper-server/src/main/java/org/apache/zookeeper/cli/SetQuotaCommand.java,ZOOKEEPER-2563,23,28,36,YES
25,zookeeper-server/src/main/java/org/apache/zookeeper/cli/SetQuotaCommand.java,ZOOKEEPER-2563,23,28,36,YES
26,zookeeper-server/src/main/java/org/apache/zookeeper/cli/SetQuotaCommand.java,ZOOKEEPER-2563,23,28,36,YES
27,zookeeper-server/src/main/java/org/apache/zookeeper/cli/SetQuotaCommand.java,ZOOKEEPER-2563,23,28,36,YES
28,zookeeper-server/src/main/java/org/apache/zookeeper/cli/SetQuotaCommand.java,ZOOKEEPER-2563,23,28,36,YES
29,zookeeper-server/src/main/java/org/apache/zookeeper/cli/SetQuotaCommand.java,ZOOKEEPER-2563,23,28,36,YES
30,zookeeper-server/src/main/java/org/apache/zookeeper/cli/SetQuotaCommand.java,ZOOKEEPER-2563,23,28,36,YES
31,zookeeper-server/src/main/java/org/apache/zookeeper/cli/SetQuotaCommand.java,ZOOKEEPER-2563,23,28,36,YES
32,zookeeper-server/src/main/java/org/apache/zookeeper/cli/SetQuotaCommand.java,ZOOKEEPER-2563,23,28,36,YES
33,zookeeper-server/src/main/java/org/apache/zookeeper/cli/SetQuotaCommand.java,ZOOKEEPER-2563,23,28,36,YES
34,zookeeper-server/src/main/java/org/apache/zookeeper/cli/SetQuotaCommand.java,ZOOKEEPER-2563,23,28,36,YES
35,zookeeper-server/src/main/java/org/apache/zookeeper/cli/SetQuotaCommand.java,ZOOKEEPER-2563,23,28,36,YES
12,src/java/main/org/apache/zookeeper/server/NIOServerCnxn.java,ZOOKEEPER-1474,12,18,21,YES
13,src/java/main/org/apache/zookeeper/server/NIOServerCnxn.java,ZOOKEEPER-1474,12,18,21,YES
14,src/java/main/org/apache/zookeeper/server/NIOServerCnxn.java,ZOOKEEPER-1474,12,18,21,YES
15,src/java/main/org/apache/zookeeper/server/NIOServerCnxn.java,ZOOKEEPER-1474,12,18,21,YES
16,src/java/main/org/apache/zookeeper/server/NIOServerCnxn.java,ZOOKEEPER-1474,12,18,21,YES
17,src/java/main/org/apache/zookeeper/server/NIOServerCnxn.java,ZOOKEEPER-1474,12,18,21,YES
18,src/java/main/org/apache/zookeeper/server/NIOServerCnxn.java,ZOOKEEPER-1474,12,18,21,YES
19,src/java/main/org/apache/zookeeper/server/NIOServerCnxn.java,ZOOKEEPER-1474,12,18,21,YES
20,src/java/main/org/apache/zookeeper/server/NIOServerCnxn.java,ZOOKEEPER-1474,12,18,21,YES
12,src/java/main/org/apache/zookeeper/server/NettyServerCnxn.java,ZOOKEEPER-1474,12,18,21,YES
13,src/java/main/org/apache/zookeeper/server/NettyServerCnxn.java,ZOOKEEPER-1474,12,18,21,YES
14,src/java/main/org/apache/zookeeper/server/NettyServerCnxn.java,ZOOKEEPER-1474,12,18,21,YES
15,src/java/main/org/apache/zookeeper/server/NettyServerCnxn.java,ZOOKEEPER-1474,12,18,21,YES
16,src/java/main/org/apache/zookeeper/server/NettyServerCnxn.java,ZOOKEEPER-1474,12,18,21,YES
17,src/java/main/org/apache/zookeeper/server/NettyServerCnxn.java,ZOOKEEPER-1474,12,18,21,YES
18,src/java/main/org/apache/zookeeper/server/NettyServerCnxn.java,ZOOKEEPER-1474,12,18,21,YES
19,src/java/main/org/apache/zookeeper/server/NettyServerCnxn.java,ZOOKEEPER-1474,12,18,21,YES
20,src/java/main/org/apache/zookeeper/server/NettyServerCnxn.java,ZOOKEEPER-1474,12,18,21,YES
12,src/java/main/org/apache/zookeeper/server/util/OSMXBean.java,ZOOKEEPER-1474,12,18,21,YES
13,src/java/main/org/apache/zookeeper/server/util/OSMXBean.java,ZOOKEEPER-1474,12,18,21,YES
14,src/java/main/org/apache/zookeeper/server/util/OSMXBean.java,ZOOKEEPER-1474,12,18,21,YES
15,src/java/main/org/apache/zookeeper/server/util/OSMXBean.java,ZOOKEEPER-1474,12,18,21,YES
16,src/java/main/org/apache/zookeeper/server/util/OSMXBean.java,ZOOKEEPER-1474,12,18,21,YES
17,src/java/main/org/apache/zookeeper/server/util/OSMXBean.java,ZOOKEEPER-1474,12,18,21,YES
18,src/java/main/org/apache/zookeeper/server/util/OSMXBean.java,ZOOKEEPER-1474,12,18,21,YES
19,src/java/main/org/apache/zookeeper/server/util/OSMXBean.java,ZOOKEEPER-1474,12,18,21,YES
20,src/java/main/org/apache/zookeeper/server/util/OSMXBean.java,ZOOKEEPER-1474,12,18,21,YES
44,zookeeper-server/src/main/java/org/apache/zookeeper/ZKUtil.java,ZOOKEEPER-4504,44,46,47,YES
45,zookeeper-server/src/main/java/org/apache/zookeeper/ZKUtil.java,ZOOKEEPER-4504,44,46,47,YES
46,zookeeper-server/src/main/java/org/apache/zookeeper/ZKUtil.java,ZOOKEEPER-4504,44,46,47,YES
12,src/java/main/org/apache/zookeeper/server/NettyServerCnxnFactory.java,ZOOKEEPER-1238,12,12,21,YES
13,src/java/main/org/apache/zookeeper/server/NettyServerCnxnFactory.java,ZOOKEEPER-1238,12,12,21,YES
14,src/java/main/org/apache/zookeeper/server/NettyServerCnxnFactory.java,ZOOKEEPER-1238,12,12,21,YES
15,src/java/main/org/apache/zookeeper/server/NettyServerCnxnFactory.java,ZOOKEEPER-1238,12,12,21,YES
16,src/java/main/org/apache/zookeeper/server/NettyServerCnxnFactory.java,ZOOKEEPER-1238,12,12,21,YES
17,src/java/main/org/apache/zookeeper/server/NettyServerCnxnFactory.java,ZOOKEEPER-1238,12,12,21,YES
18,src/java/main/org/apache/zookeeper/server/NettyServerCnxnFactory.java,ZOOKEEPER-1238,12,12,21,YES
19,src/java/main/org/apache/zookeeper/server/NettyServerCnxnFactory.java,ZOOKEEPER-1238,12,12,21,YES
20,src/java/main/org/apache/zookeeper/server/NettyServerCnxnFactory.java,ZOOKEEPER-1238,12,12,21,YES
33,zookeeper-server/src/main/java/org/apache/zookeeper/server/SyncRequestProcessor.java,ZOOKEEPER-3656,33,37,38,YES
34,zookeeper-server/src/main/java/org/apache/zookeeper/server/SyncRequestProcessor.java,ZOOKEEPER-3656,33,37,38,YES
35,zookeeper-server/src/main/java/org/apache/zookeeper/server/SyncRequestProcessor.java,ZOOKEEPER-3656,33,37,38,YES
36,zookeeper-server/src/main/java/org/apache/zookeeper/server/SyncRequestProcessor.java,ZOOKEEPER-3656,33,37,38,YES
37,zookeeper-server/src/main/java/org/apache/zookeeper/server/SyncRequestProcessor.java,ZOOKEEPER-3656,33,37,38,YES
58,zookeeper-server/src/main/java/org/apache/zookeeper/common/ClientX509Util.java,ZOOKEEPER-4986,58,60,61,YES
59,zookeeper-server/src/main/java/org/apache/zookeeper/common/ClientX509Util.java,ZOOKEEPER-4986,58,60,61,YES
60,zookeeper-server/src/main/java/org/apache/zookeeper/common/ClientX509Util.java,ZOOKEEPER-4986,58,60,61,YES
58,zookeeper-server/src/main/java/org/apache/zookeeper/common/X509Util.java,ZOOKEEPER-4986,58,60,61,YES
59,zookeeper-server/src/main/java/org/apache/zookeeper/common/X509Util.java,ZOOKEEPER-4986,58,60,61,YES
60,zookeeper-server/src/main/java/org/apache/zookeeper/common/X509Util.java,ZOOKEEPER-4986,58,60,61,YES
58,zookeeper-server/src/main/java/org/apache/zookeeper/common/ZKConfig.java,ZOOKEEPER-4986,58,60,61,YES
59,zookeeper-server/src/main/java/org/apache/zookeeper/common/ZKConfig.java,ZOOKEEPER-4986,58,60,61,YES
60,zookeeper-server/src/main/java/org/apache/zookeeper/common/ZKConfig.java,ZOOKEEPER-4986,58,60,61,YES
58,zookeeper-server/src/main/java/org/apache/zookeeper/common/ZKTrustManager.java,ZOOKEEPER-4986,58,60,61,YES
59,zookeeper-server/src/main/java/org/apache/zookeeper/common/ZKTrustManager.java,ZOOKEEPER-4986,58,60,61,YES
60,zookeeper-server/src/main/java/org/apache/zookeeper/common/ZKTrustManager.java,ZOOKEEPER-4986,58,60,61,YES
58,zookeeper-server/src/main/java/org/apache/zookeeper/server/auth/X509AuthenticationProvider.java,ZOOKEEPER-4986,58,60,61,YES
59,zookeeper-server/src/main/java/org/apache/zookeeper/server/auth/X509AuthenticationProvider.java,ZOOKEEPER-4986,58,60,61,YES
60,zookeeper-server/src/main/java/org/apache/zookeeper/server/auth/X509AuthenticationProvider.java,ZOOKEEPER-4986,58,60,61,YES
21,zookeeper-server/src/main/java/org/apache/zookeeper/server/persistence/FileTxnSnapLog.java,ZOOKEEPER-2325,21,24,34,YES
22,zookeeper-server/src/main/java/org/apache/zookeeper/server/persistence/FileTxnSnapLog.java,ZOOKEEPER-2325,21,24,34,YES
23,zookeeper-server/src/main/java/org/apache/zookeeper/server/persistence/FileTxnSnapLog.java,ZOOKEEPER-2325,21,24,34,YES
24,zookeeper-server/src/main/java/org/apache/zookeeper/server/persistence/FileTxnSnapLog.java,ZOOKEEPER-2325,21,24,34,YES
25,zookeeper-server/src/main/java/org/apache/zookeeper/server/persistence/FileTxnSnapLog.java,ZOOKEEPER-2325,21,24,34,YES
26,zookeeper-server/src/main/java/org/apache/zookeeper/server/persistence/FileTxnSnapLog.java,ZOOKEEPER-2325,21,24,34,YES
27,zookeeper-server/src/main/java/org/apache/zookeeper/server/persistence/FileTxnSnapLog.java,ZOOKEEPER-2325,21,24,34,YES
28,zookeeper-server/src/main/java/org/apache/zookeeper/server/persistence/FileTxnSnapLog.java,ZOOKEEPER-2325,21,24,34,YES
29,zookeeper-server/src/main/java/org/apache/zookeeper/server/persistence/FileTxnSnapLog.java,ZOOKEEPER-2325,21,24,34,YES
30,zookeeper-server/src/main/java/org/apache/zookeeper/server/persistence/FileTxnSnapLog.java,ZOOKEEPER-2325,21,24,34,YES
31,zookeeper-server/src/main/java/org/apache/zookeeper/server/persistence/FileTxnSnapLog.java,ZOOKEEPER-2325,21,24,34,YES
32,zookeeper-server/src/main/java/org/apache/zookeeper/server/persistence/FileTxnSnapLog.java,ZOOKEEPER-2325,21,24,34,YES
33,zookeeper-server/src/main/java/org/apache/zookeeper/server/persistence/FileTxnSnapLog.java,ZOOKEEPER-2325,21,24,34,YES
21,src/java/main/org/apache/zookeeper/server/persistence/FileTxnSnapLog.java,ZOOKEEPER-2325,21,24,34,YES
22,src/java/main/org/apache/zookeeper/server/persistence/FileTxnSnapLog.java,ZOOKEEPER-2325,21,24,34,YES
23,src/java/main/org/apache/zookeeper/server/persistence/FileTxnSnapLog.java,ZOOKEEPER-2325,21,24,34,YES
24,src/java/main/org/apache/zookeeper/server/persistence/FileTxnSnapLog.java,ZOOKEEPER-2325,21,24,34,YES
25,src/java/main/org/apache/zookeeper/server/persistence/FileTxnSnapLog.java,ZOOKEEPER-2325,21,24,34,YES
26,src/java/main/org/apache/zookeeper/server/persistence/FileTxnSnapLog.java,ZOOKEEPER-2325,21,24,34,YES
27,src/java/main/org/apache/zookeeper/server/persistence/FileTxnSnapLog.java,ZOOKEEPER-2325,21,24,34,YES
28,src/java/main/org/apache/zookeeper/server/persistence/FileTxnSnapLog.java,ZOOKEEPER-2325,21,24,34,YES
29,src/java/main/org/apache/zookeeper/server/persistence/FileTxnSnapLog.java,ZOOKEEPER-2325,21,24,34,YES
30,src/java/main/org/apache/zookeeper/server/persistence/FileTxnSnapLog.java,ZOOKEEPER-2325,21,24,34,YES
31,src/java/main/org/apache/zookeeper/server/persistence/FileTxnSnapLog.java,ZOOKEEPER-2325,21,24,34,YES
32,src/java/main/org/apache/zookeeper/server/persistence/FileTxnSnapLog.java,ZOOKEEPER-2325,21,24,34,YES
33,src/java/main/org/apache/zookeeper/server/persistence/FileTxnSnapLog.java,ZOOKEEPER-2325,21,24,34,YES
12,src/java/main/org/apache/zookeeper/server/auth/KerberosName.java,ZOOKEEPER-1236,12,12,18,YES
13,src/java/main/org/apache/zookeeper/server/auth/KerberosName.java,ZOOKEEPER-1236,12,12,18,YES
14,src/java/main/org/apache/zookeeper/server/auth/KerberosName.java,ZOOKEEPER-1236,12,12,18,YES
15,src/java/main/org/apache/zookeeper/server/auth/KerberosName.java,ZOOKEEPER-1236,12,12,18,YES
16,src/java/main/org/apache/zookeeper/server/auth/KerberosName.java,ZOOKEEPER-1236,12,12,18,YES
17,src/java/main/org/apache/zookeeper/server/auth/KerberosName.java,ZOOKEEPER-1236,12,12,18,YES
12,src/java/main/org/apache/zookeeper/server/util/KerberosUtil.java,ZOOKEEPER-1236,12,12,18,YES
13,src/java/main/org/apache/zookeeper/server/util/KerberosUtil.java,ZOOKEEPER-1236,12,12,18,YES
14,src/java/main/org/apache/zookeeper/server/util/KerberosUtil.java,ZOOKEEPER-1236,12,12,18,YES
15,src/java/main/org/apache/zookeeper/server/util/KerberosUtil.java,ZOOKEEPER-1236,12,12,18,YES
16,src/java/main/org/apache/zookeeper/server/util/KerberosUtil.java,ZOOKEEPER-1236,12,12,18,YES
17,src/java/main/org/apache/zookeeper/server/util/KerberosUtil.java,ZOOKEEPER-1236,12,12,18,YES
43,zookeeper-server/src/main/java/org/apache/zookeeper/ClientCnxn.java,ZOOKEEPER-4508,43,46,57,YES
44,zookeeper-server/src/main/java/org/apache/zookeeper/ClientCnxn.java,ZOOKEEPER-4508,43,46,57,YES
45,zookeeper-server/src/main/java/org/apache/zookeeper/ClientCnxn.java,ZOOKEEPER-4508,43,46,57,YES
46,zookeeper-server/src/main/java/org/apache/zookeeper/ClientCnxn.java,ZOOKEEPER-4508,43,46,57,YES
47,zookeeper-server/src/main/java/org/apache/zookeeper/ClientCnxn.java,ZOOKEEPER-4508,43,46,57,YES
48,zookeeper-server/src/main/java/org/apache/zookeeper/ClientCnxn.java,ZOOKEEPER-4508,43,46,57,YES
49,zookeeper-server/src/main/java/org/apache/zookeeper/ClientCnxn.java,ZOOKEEPER-4508,43,46,57,YES
50,zookeeper-server/src/main/java/org/apache/zookeeper/ClientCnxn.java,ZOOKEEPER-4508,43,46,57,YES
51,zookeeper-server/src/main/java/org/apache/zookeeper/ClientCnxn.java,ZOOKEEPER-4508,43,46,57,YES
52,zookeeper-server/src/main/java/org/apache/zookeeper/ClientCnxn.java,ZOOKEEPER-4508,43,46,57,YES
53,zookeeper-server/src/main/java/org/apache/zookeeper/ClientCnxn.java,ZOOKEEPER-4508,43,46,57,YES
54,zookeeper-server/src/main/java/org/apache/zookeeper/ClientCnxn.java,ZOOKEEPER-4508,43,46,57,YES
55,zookeeper-server/src/main/java/org/apache/zookeeper/ClientCnxn.java,ZOOKEEPER-4508,43,46,57,YES
56,zookeeper-server/src/main/java/org/apache/zookeeper/ClientCnxn.java,ZOOKEEPER-4508,43,46,57,YES
43,zookeeper-server/src/main/java/org/apache/zookeeper/ClientCnxnSocket.java,ZOOKEEPER-4508,43,46,57,YES
44,zookeeper-server/src/main/java/org/apache/zookeeper/ClientCnxnSocket.java,ZOOKEEPER-4508,43,46,57,YES
45,zookeeper-server/src/main/java/org/apache/zookeeper/ClientCnxnSocket.java,ZOOKEEPER-4508,43,46,57,YES
46,zookeeper-server/src/main/java/org/apache/zookeeper/ClientCnxnSocket.java,ZOOKEEPER-4508,43,46,57,YES
47,zookeeper-server/src/main/java/org/apache/zookeeper/ClientCnxnSocket.java,ZOOKEEPER-4508,43,46,57,YES
48,zookeeper-server/src/main/java/org/apache/zookeeper/ClientCnxnSocket.java,ZOOKEEPER-4508,43,46,57,YES
49,zookeeper-server/src/main/java/org/apache/zookeeper/ClientCnxnSocket.java,ZOOKEEPER-4508,43,46,57,YES
50,zookeeper-server/src/main/java/org/apache/zookeeper/ClientCnxnSocket.java,ZOOKEEPER-4508,43,46,57,YES
51,zookeeper-server/src/main/java/org/apache/zookeeper/ClientCnxnSocket.java,ZOOKEEPER-4508,43,46,57,YES
52,zookeeper-server/src/main/java/org/apache/zookeeper/ClientCnxnSocket.java,ZOOKEEPER-4508,43,46,57,YES
53,zookeeper-server/src/main/java/org/apache/zookeeper/ClientCnxnSocket.java,ZOOKEEPER-4508,43,46,57,YES
54,zookeeper-server/src/main/java/org/apache/zookeeper/ClientCnxnSocket.java,ZOOKEEPER-4508,43,46,57,YES
55,zookeeper-server/src/main/java/org/apache/zookeeper/ClientCnxnSocket.java,ZOOKEEPER-4508,43,46,57,YES
56,zookeeper-server/src/main/java/org/apache/zookeeper/ClientCnxnSocket.java,ZOOKEEPER-4508,43,46,57,YES
20,src/java/main/org/apache/zookeeper/ZooKeeperMain.java,ZOOKEEPER-2329,20,24,25,YES
21,src/java/main/org/apache/zookeeper/ZooKeeperMain.java,ZOOKEEPER-2329,20,24,25,YES
22,src/java/main/org/apache/zookeeper/ZooKeeperMain.java,ZOOKEEPER-2329,20,24,25,YES
23,src/java/main/org/apache/zookeeper/ZooKeeperMain.java,ZOOKEEPER-2329,20,24,25,YES
24,src/java/main/org/apache/zookeeper/ZooKeeperMain.java,ZOOKEEPER-2329,20,24,25,YES
20,src/java/main/org/apache/zookeeper/server/PurgeTxnLog.java,ZOOKEEPER-2329,20,24,25,YES
21,src/java/main/org/apache/zookeeper/server/PurgeTxnLog.java,ZOOKEEPER-2329,20,24,25,YES
22,src/java/main/org/apache/zookeeper/server/PurgeTxnLog.java,ZOOKEEPER-2329,20,24,25,YES
23,src/java/main/org/apache/zookeeper/server/PurgeTxnLog.java,ZOOKEEPER-2329,20,24,25,YES
24,src/java/main/org/apache/zookeeper/server/PurgeTxnLog.java,ZOOKEEPER-2329,20,24,25,YES
20,src/java/main/org/apache/zookeeper/server/admin/AdminServer.java,ZOOKEEPER-2329,20,24,25,YES
21,src/java/main/org/apache/zookeeper/server/admin/AdminServer.java,ZOOKEEPER-2329,20,24,25,YES
22,src/java/main/org/apache/zookeeper/server/admin/AdminServer.java,ZOOKEEPER-2329,20,24,25,YES
23,src/java/main/org/apache/zookeeper/server/admin/AdminServer.java,ZOOKEEPER-2329,20,24,25,YES
24,src/java/main/org/apache/zookeeper/server/admin/AdminServer.java,ZOOKEEPER-2329,20,24,25,YES
20,src/java/main/org/apache/zookeeper/server/admin/JettyAdminServer.java,ZOOKEEPER-2329,20,24,25,YES
21,src/java/main/org/apache/zookeeper/server/admin/JettyAdminServer.java,ZOOKEEPER-2329,20,24,25,YES
22,src/java/main/org/apache/zookeeper/server/admin/JettyAdminServer.java,ZOOKEEPER-2329,20,24,25,YES
23,src/java/main/org/apache/zookeeper/server/admin/JettyAdminServer.java,ZOOKEEPER-2329,20,24,25,YES
24,src/java/main/org/apache/zookeeper/server/admin/JettyAdminServer.java,ZOOKEEPER-2329,20,24,25,YES
20,src/java/main/org/apache/zookeeper/server/util/KerberosUtil.java,ZOOKEEPER-2329,20,24,25,YES
21,src/java/main/org/apache/zookeeper/server/util/KerberosUtil.java,ZOOKEEPER-2329,20,24,25,YES
22,src/java/main/org/apache/zookeeper/server/util/KerberosUtil.java,ZOOKEEPER-2329,20,24,25,YES
23,src/java/main/org/apache/zookeeper/server/util/KerberosUtil.java,ZOOKEEPER-2329,20,24,25,YES
24,src/java/main/org/apache/zookeeper/server/util/KerberosUtil.java,ZOOKEEPER-2329,20,24,25,YES
20,src/java/main/org/apache/zookeeper/server/util/OSMXBean.java,ZOOKEEPER-2329,20,24,25,YES
21,src/java/main/org/apache/zookeeper/server/util/OSMXBean.java,ZOOKEEPER-2329,20,24,25,YES
22,src/java/main/org/apache/zookeeper/server/util/OSMXBean.java,ZOOKEEPER-2329,20,24,25,YES
23,src/java/main/org/apache/zookeeper/server/util/OSMXBean.java,ZOOKEEPER-2329,20,24,25,YES
24,src/java/main/org/apache/zookeeper/server/util/OSMXBean.java,ZOOKEEPER-2329,20,24,25,YES
8,src/java/main/org/apache/zookeeper/server/quorum/QuorumCnxManager.java,ZOOKEEPER-822,8,10,11,YES
9,src/java/main/org/apache/zookeeper/server/quorum/QuorumCnxManager.java,ZOOKEEPER-822,8,10,11,YES
10,src/java/main/org/apache/zookeeper/server/quorum/QuorumCnxManager.java,ZOOKEEPER-822,8,10,11,YES
58,zookeeper-server/src/main/java/org/apache/zookeeper/util/PemReader.java,ZOOKEEPER-4992,58,60,61,YES
59,zookeeper-server/src/main/java/org/apache/zookeeper/util/PemReader.java,ZOOKEEPER-4992,58,60,61,YES
60,zookeeper-server/src/main/java/org/apache/zookeeper/util/PemReader.java,ZOOKEEPER-4992,58,60,61,YES
22,src/java/main/org/apache/zookeeper/ClientCnxn.java,ZOOKEEPER-2330,22,24,26,YES
23,src/java/main/org/apache/zookeeper/ClientCnxn.java,ZOOKEEPER-2330,22,24,26,YES
24,src/java/main/org/apache/zookeeper/ClientCnxn.java,ZOOKEEPER-2330,22,24,26,YES
25,src/java/main/org/apache/zookeeper/ClientCnxn.java,ZOOKEEPER-2330,22,24,26,YES
22,src/java/main/org/apache/zookeeper/client/ZooKeeperSaslClient.java,ZOOKEEPER-2330,22,24,26,YES
23,src/java/main/org/apache/zookeeper/client/ZooKeeperSaslClient.java,ZOOKEEPER-2330,22,24,26,YES
24,src/java/main/org/apache/zookeeper/client/ZooKeeperSaslClient.java,ZOOKEEPER-2330,22,24,26,YES
25,src/java/main/org/apache/zookeeper/client/ZooKeeperSaslClient.java,ZOOKEEPER-2330,22,24,26,YES
58,zookeeper-server/src/main/java/org/apache/zookeeper/server/WorkerService.java,ZOOKEEPER-4974,58,59,60,YES
59,zookeeper-server/src/main/java/org/apache/zookeeper/server/WorkerService.java,ZOOKEEPER-4974,58,59,60,YES
58,zookeeper-server/src/main/java/org/apache/zookeeper/server/quorum/QuorumCnxManager.java,ZOOKEEPER-4974,58,59,60,YES
59,zookeeper-server/src/main/java/org/apache/zookeeper/server/quorum/QuorumCnxManager.java,ZOOKEEPER-4974,58,59,60,YES
11,src/java/main/org/apache/zookeeper/ZooKeeper.java,ZOOKEEPER-1222,11,12,22,YES
12,src/java/main/org/apache/zookeeper/ZooKeeper.java,ZOOKEEPER-1222,11,12,22,YES
13,src/java/main/org/apache/zookeeper/ZooKeeper.java,ZOOKEEPER-1222,11,12,22,YES
14,src/java/main/org/apache/zookeeper/ZooKeeper.java,ZOOKEEPER-1222,11,12,22,YES
15,src/java/main/org/apache/zookeeper/ZooKeeper.java,ZOOKEEPER-1222,11,12,22,YES
16,src/java/main/org/apache/zookeeper/ZooKeeper.java,ZOOKEEPER-1222,11,12,22,YES
17,src/java/main/org/apache/zookeeper/ZooKeeper.java,ZOOKEEPER-1222,11,12,22,YES
18,src/java/main/org/apache/zookeeper/ZooKeeper.java,ZOOKEEPER-1222,11,12,22,YES
19,src/java/main/org/apache/zookeeper/ZooKeeper.java,ZOOKEEPER-1222,11,12,22,YES
20,src/java/main/org/apache/zookeeper/ZooKeeper.java,ZOOKEEPER-1222,11,12,22,YES
21,src/java/main/org/apache/zookeeper/ZooKeeper.java,ZOOKEEPER-1222,11,12,22,YES
35,zookeeper-server/src/main/java/org/apache/zookeeper/server/ZooKeeperServer.java,ZOOKEEPER-3642,35,37,42,YES
36,zookeeper-server/src/main/java/org/apache/zookeeper/server/ZooKeeperServer.java,ZOOKEEPER-3642,35,37,42,YES
37,zookeeper-server/src/main/java/org/apache/zookeeper/server/ZooKeeperServer.java,ZOOKEEPER-3642,35,37,42,YES
38,zookeeper-server/src/main/java/org/apache/zookeeper/server/ZooKeeperServer.java,ZOOKEEPER-3642,35,37,42,YES
39,zookeeper-server/src/main/java/org/apache/zookeeper/server/ZooKeeperServer.java,ZOOKEEPER-3642,35,37,42,YES
40,zookeeper-server/src/main/java/org/apache/zookeeper/server/ZooKeeperServer.java,ZOOKEEPER-3642,35,37,42,YES
41,zookeeper-server/src/main/java/org/apache/zookeeper/server/ZooKeeperServer.java,ZOOKEEPER-3642,35,37,42,YES
35,zookeeper-server/src/main/java/org/apache/zookeeper/server/quorum/Learner.java,ZOOKEEPER-3642,35,37,42,YES
36,zookeeper-server/src/main/java/org/apache/zookeeper/server/quorum/Learner.java,ZOOKEEPER-3642,35,37,42,YES
37,zookeeper-server/src/main/java/org/apache/zookeeper/server/quorum/Learner.java,ZOOKEEPER-3642,35,37,42,YES
38,zookeeper-server/src/main/java/org/apache/zookeeper/server/quorum/Learner.java,ZOOKEEPER-3642,35,37,42,YES
39,zookeeper-server/src/main/java/org/apache/zookeeper/server/quorum/Learner.java,ZOOKEEPER-3642,35,37,42,YES
40,zookeeper-server/src/main/java/org/apache/zookeeper/server/quorum/Learner.java,ZOOKEEPER-3642,35,37,42,YES
41,zookeeper-server/src/main/java/org/apache/zookeeper/server/quorum/Learner.java,ZOOKEEPER-3642,35,37,42,YES
16,src/java/main/org/apache/zookeeper/server/quorum/Leader.java,ZOOKEEPER-1465,16,18,19,YES
17,src/java/main/org/apache/zookeeper/server/quorum/Leader.java,ZOOKEEPER-1465,16,18,19,YES
18,src/java/main/org/apache/zookeeper/server/quorum/Leader.java,ZOOKEEPER-1465,16,18,19,YES
16,src/java/main/org/apache/zookeeper/server/quorum/LearnerHandler.java,ZOOKEEPER-1465,16,18,19,YES
17,src/java/main/org/apache/zookeeper/server/quorum/LearnerHandler.java,ZOOKEEPER-1465,16,18,19,YES
18,src/java/main/org/apache/zookeeper/server/quorum/LearnerHandler.java,ZOOKEEPER-1465,16,18,19,YES
56,zookeeper-metrics-providers/zookeeper-prometheus-metrics/src/main/java/org/apache/zookeeper/metrics/prometheus/PrometheusMetricsProvider.java,ZOOKEEPER-4972,56,58,60,YES
57,zookeeper-metrics-providers/zookeeper-prometheus-metrics/src/main/java/org/apache/zookeeper/metrics/prometheus/PrometheusMetricsProvider.java,ZOOKEEPER-4972,56,58,60,YES
58,zookeeper-metrics-providers/zookeeper-prometheus-metrics/src/main/java/org/apache/zookeeper/metrics/prometheus/PrometheusMetricsProvider.java,ZOOKEEPER-4972,56,58,60,YES
59,zookeeper-metrics-providers/zookeeper-prometheus-metrics/src/main/java/org/apache/zookeeper/metrics/prometheus/PrometheusMetricsProvider.java,ZOOKEEPER-4972,56,58,60,YES
48,zookeeper-server/src/main/java/org/apache/zookeeper/server/PurgeTxnLog.java,ZOOKEEPER-4730,48,51,55,YES
49,zookeeper-server/src/main/java/org/apache/zookeeper/server/PurgeTxnLog.java,ZOOKEEPER-4730,48,51,55,YES
50,zookeeper-server/src/main/java/org/apache/zookeeper/server/PurgeTxnLog.java,ZOOKEEPER-4730,48,51,55,YES
51,zookeeper-server/src/main/java/org/apache/zookeeper/server/PurgeTxnLog.java,ZOOKEEPER-4730,48,51,55,YES
52,zookeeper-server/src/main/java/org/apache/zookeeper/server/PurgeTxnLog.java,ZOOKEEPER-4730,48,51,55,YES
53,zookeeper-server/src/main/java/org/apache/zookeeper/server/PurgeTxnLog.java,ZOOKEEPER-4730,48,51,55,YES
54,zookeeper-server/src/main/java/org/apache/zookeeper/server/PurgeTxnLog.java,ZOOKEEPER-4730,48,51,55,YES
48,zookeeper-server/src/main/java/org/apache/zookeeper/server/ZooKeeperServer.java,ZOOKEEPER-4730,48,51,55,YES
49,zookeeper-server/src/main/java/org/apache/zookeeper/server/ZooKeeperServer.java,ZOOKEEPER-4730,48,51,55,YES
50,zookeeper-server/src/main/java/org/apache/zookeeper/server/ZooKeeperServer.java,ZOOKEEPER-4730,48,51,55,YES
51,zookeeper-server/src/main/java/org/apache/zookeeper/server/ZooKeeperServer.java,ZOOKEEPER-4730,48,51,55,YES
52,zookeeper-server/src/main/java/org/apache/zookeeper/server/ZooKeeperServer.java,ZOOKEEPER-4730,48,51,55,YES
53,zookeeper-server/src/main/java/org/apache/zookeeper/server/ZooKeeperServer.java,ZOOKEEPER-4730,48,51,55,YES
54,zookeeper-server/src/main/java/org/apache/zookeeper/server/ZooKeeperServer.java,ZOOKEEPER-4730,48,51,55,YES
48,zookeeper-server/src/main/java/org/apache/zookeeper/server/persistence/FileTxnSnapLog.java,ZOOKEEPER-4730,48,51,55,YES
49,zookeeper-server/src/main/java/org/apache/zookeeper/server/persistence/FileTxnSnapLog.java,ZOOKEEPER-4730,48,51,55,YES
50,zookeeper-server/src/main/java/org/apache/zookeeper/server/persistence/FileTxnSnapLog.java,ZOOKEEPER-4730,48,51,55,YES
51,zookeeper-server/src/main/java/org/apache/zookeeper/server/persistence/FileTxnSnapLog.java,ZOOKEEPER-4730,48,51,55,YES
52,zookeeper-server/src/main/java/org/apache/zookeeper/server/persistence/FileTxnSnapLog.java,ZOOKEEPER-4730,48,51,55,YES
53,zookeeper-server/src/main/java/org/apache/zookeeper/server/persistence/FileTxnSnapLog.java,ZOOKEEPER-4730,48,51,55,YES
54,zookeeper-server/src/main/java/org/apache/zookeeper/server/persistence/FileTxnSnapLog.java,ZOOKEEPER-4730,48,51,55,YES
11,src/java/main/org/apache/zookeeper/ZooKeeperMain.java,ZOOKEEPER-1220,11,12,14,YES
12,src/java/main/org/apache/zookeeper/ZooKeeperMain.java,ZOOKEEPER-1220,11,12,14,YES
13,src/java/main/org/apache/zookeeper/ZooKeeperMain.java,ZOOKEEPER-1220,11,12,14,YES
43,zookeeper-server/src/main/java/org/apache/zookeeper/ClientCnxn.java,ZOOKEEPER-4736,43,52,60,YES
44,zookeeper-server/src/main/java/org/apache/zookeeper/ClientCnxn.java,ZOOKEEPER-4736,43,52,60,YES
45,zookeeper-server/src/main/java/org/apache/zookeeper/ClientCnxn.java,ZOOKEEPER-4736,43,52,60,YES
46,zookeeper-server/src/main/java/org/apache/zookeeper/ClientCnxn.java,ZOOKEEPER-4736,43,52,60,YES
47,zookeeper-server/src/main/java/org/apache/zookeeper/ClientCnxn.java,ZOOKEEPER-4736,43,52,60,YES
48,zookeeper-server/src/main/java/org/apache/zookeeper/ClientCnxn.java,ZOOKEEPER-4736,43,52,60,YES
49,zookeeper-server/src/main/java/org/apache/zookeeper/ClientCnxn.java,ZOOKEEPER-4736,43,52,60,YES
50,zookeeper-server/src/main/java/org/apache/zookeeper/ClientCnxn.java,ZOOKEEPER-4736,43,52,60,YES
51,zookeeper-server/src/main/java/org/apache/zookeeper/ClientCnxn.java,ZOOKEEPER-4736,43,52,60,YES
52,zookeeper-server/src/main/java/org/apache/zookeeper/ClientCnxn.java,ZOOKEEPER-4736,43,52,60,YES
53,zookeeper-server/src/main/java/org/apache/zookeeper/ClientCnxn.java,ZOOKEEPER-4736,43,52,60,YES
54,zookeeper-server/src/main/java/org/apache/zookeeper/ClientCnxn.java,ZOOKEEPER-4736,43,52,60,YES
55,zookeeper-server/src/main/java/org/apache/zookeeper/ClientCnxn.java,ZOOKEEPER-4736,43,52,60,YES
56,zookeeper-server/src/main/java/org/apache/zookeeper/ClientCnxn.java,ZOOKEEPER-4736,43,52,60,YES
57,zookeeper-server/src/main/java/org/apache/zookeeper/ClientCnxn.java,ZOOKEEPER-4736,43,52,60,YES
58,zookeeper-server/src/main/java/org/apache/zookeeper/ClientCnxn.java,ZOOKEEPER-4736,43,52,60,YES
59,zookeeper-server/src/main/java/org/apache/zookeeper/ClientCnxn.java,ZOOKEEPER-4736,43,52,60,YES
43,zookeeper-server/src/main/java/org/apache/zookeeper/ClientCnxnSocketNIO.java,ZOOKEEPER-4736,43,52,60,YES
44,zookeeper-server/src/main/java/org/apache/zookeeper/ClientCnxnSocketNIO.java,ZOOKEEPER-4736,43,52,60,YES
45,zookeeper-server/src/main/java/org/apache/zookeeper/ClientCnxnSocketNIO.java,ZOOKEEPER-4736,43,52,60,YES
46,zookeeper-server/src/main/java/org/apache/zookeeper/ClientCnxnSocketNIO.java,ZOOKEEPER-4736,43,52,60,YES
47,zookeeper-server/src/main/java/org/apache/zookeeper/ClientCnxnSocketNIO.java,ZOOKEEPER-4736,43,52,60,YES
48,zookeeper-server/src/main/java/org/apache/zookeeper/ClientCnxnSocketNIO.java,ZOOKEEPER-4736,43,52,60,YES
49,zookeeper-server/src/main/java/org/apache/zookeeper/ClientCnxnSocketNIO.java,ZOOKEEPER-4736,43,52,60,YES
50,zookeeper-server/src/main/java/org/apache/zookeeper/ClientCnxnSocketNIO.java,ZOOKEEPER-4736,43,52,60,YES
51,zookeeper-server/src/main/java/org/apache/zookeeper/ClientCnxnSocketNIO.java,ZOOKEEPER-4736,43,52,60,YES
52,zookeeper-server/src/main/java/org/apache/zookeeper/ClientCnxnSocketNIO.java,ZOOKEEPER-4736,43,52,60,YES
53,zookeeper-server/src/main/java/org/apache/zookeeper/ClientCnxnSocketNIO.java,ZOOKEEPER-4736,43,52,60,YES
54,zookeeper-server/src/main/java/org/apache/zookeeper/ClientCnxnSocketNIO.java,ZOOKEEPER-4736,43,52,60,YES
55,zookeeper-server/src/main/java/org/apache/zookeeper/ClientCnxnSocketNIO.java,ZOOKEEPER-4736,43,52,60,YES
56,zookeeper-server/src/main/java/org/apache/zookeeper/ClientCnxnSocketNIO.java,ZOOKEEPER-4736,43,52,60,YES
57,zookeeper-server/src/main/java/org/apache/zookeeper/ClientCnxnSocketNIO.java,ZOOKEEPER-4736,43,52,60,YES
58,zookeeper-server/src/main/java/org/apache/zookeeper/ClientCnxnSocketNIO.java,ZOOKEEPER-4736,43,52,60,YES
59,zookeeper-server/src/main/java/org/apache/zookeeper/ClientCnxnSocketNIO.java,ZOOKEEPER-4736,43,52,60,YES
23,src/java/main/org/apache/zookeeper/server/quorum/Leader.java,ZOOKEEPER-2316,23,24,30,YES
24,src/java/main/org/apache/zookeeper/server/quorum/Leader.java,ZOOKEEPER-2316,23,24,30,YES
25,src/java/main/org/apache/zookeeper/server/quorum/Leader.java,ZOOKEEPER-2316,23,24,30,YES
26,src/java/main/org/apache/zookeeper/server/quorum/Leader.java,ZOOKEEPER-2316,23,24,30,YES
27,src/java/main/org/apache/zookeeper/server/quorum/Leader.java,ZOOKEEPER-2316,23,24,30,YES
28,src/java/main/org/apache/zookeeper/server/quorum/Leader.java,ZOOKEEPER-2316,23,24,30,YES
29,src/java/main/org/apache/zookeeper/server/quorum/Leader.java,ZOOKEEPER-2316,23,24,30,YES
29,src/java/main/org/apache/zookeeper/server/PrepRequestProcessor.java,ZOOKEEPER-2797,29,30,31,YES
30,src/java/main/org/apache/zookeeper/server/PrepRequestProcessor.java,ZOOKEEPER-2797,29,30,31,YES
12,src/java/main/org/apache/zookeeper/server/quorum/QuorumCnxManager.java,ZOOKEEPER-1466,12,18,19,YES
13,src/java/main/org/apache/zookeeper/server/quorum/QuorumCnxManager.java,ZOOKEEPER-1466,12,18,19,YES
14,src/java/main/org/apache/zookeeper/server/quorum/QuorumCnxManager.java,ZOOKEEPER-1466,12,18,19,YES
15,src/java/main/org/apache/zookeeper/server/quorum/QuorumCnxManager.java,ZOOKEEPER-1466,12,18,19,YES
16,src/java/main/org/apache/zookeeper/server/quorum/QuorumCnxManager.java,ZOOKEEPER-1466,12,18,19,YES
17,src/java/main/org/apache/zookeeper/server/quorum/QuorumCnxManager.java,ZOOKEEPER-1466,12,18,19,YES
18,src/java/main/org/apache/zookeeper/server/quorum/QuorumCnxManager.java,ZOOKEEPER-1466,12,18,19,YES
36,zookeeper-server/src/main/java/org/apache/zookeeper/server/persistence/FileTxnSnapLog.java,ZOOKEEPER-3644,36,37,38,YES
37,zookeeper-server/src/main/java/org/apache/zookeeper/server/persistence/FileTxnSnapLog.java,ZOOKEEPER-3644,36,37,38,YES
23,src/java/main/org/apache/zookeeper/server/quorum/QuorumPeerConfig.java,ZOOKEEPER-2556,23,28,29,YES
24,src/java/main/org/apache/zookeeper/server/quorum/QuorumPeerConfig.java,ZOOKEEPER-2556,23,28,29,YES
25,src/java/main/org/apache/zookeeper/server/quorum/QuorumPeerConfig.java,ZOOKEEPER-2556,23,28,29,YES
26,src/java/main/org/apache/zookeeper/server/quorum/QuorumPeerConfig.java,ZOOKEEPER-2556,23,28,29,YES
27,src/java/main/org/apache/zookeeper/server/quorum/QuorumPeerConfig.java,ZOOKEEPER-2556,23,28,29,YES
28,src/java/main/org/apache/zookeeper/server/quorum/QuorumPeerConfig.java,ZOOKEEPER-2556,23,28,29,YES
16,src/java/main/org/apache/jute/compiler/JRecord.java,ZOOKEEPER-1471,16,18,19,YES
17,src/java/main/org/apache/jute/compiler/JRecord.java,ZOOKEEPER-1471,16,18,19,YES
18,src/java/main/org/apache/jute/compiler/JRecord.java,ZOOKEEPER-1471,16,18,19,YES
40,zookeeper-server/src/main/java/org/apache/zookeeper/cli/GetCommand.java,ZOOKEEPER-3891,40,41,42,YES
41,zookeeper-server/src/main/java/org/apache/zookeeper/cli/GetCommand.java,ZOOKEEPER-3891,40,41,42,YES
40,zookeeper-server/src/main/java/org/apache/zookeeper/cli/CliWrapperException.java,ZOOKEEPER-3891,40,41,42,YES
41,zookeeper-server/src/main/java/org/apache/zookeeper/cli/CliWrapperException.java,ZOOKEEPER-3891,40,41,42,YES
21,src/java/main/org/apache/zookeeper/KeeperException.java,ZOOKEEPER-1695,21,21,22,YES
28,src/java/main/org/apache/zookeeper/server/ZooKeeperServer.java,ZOOKEEPER-2785,28,30,31,YES
29,src/java/main/org/apache/zookeeper/server/ZooKeeperServer.java,ZOOKEEPER-2785,28,30,31,YES
30,src/java/main/org/apache/zookeeper/server/ZooKeeperServer.java,ZOOKEEPER-2785,28,30,31,YES
20,src/java/main/org/apache/zookeeper/server/quorum/QuorumPeer.java,ZOOKEEPER-2301,20,24,25,YES
21,src/java/main/org/apache/zookeeper/server/quorum/QuorumPeer.java,ZOOKEEPER-2301,20,24,25,YES
22,src/java/main/org/apache/zookeeper/server/quorum/QuorumPeer.java,ZOOKEEPER-2301,20,24,25,YES
23,src/java/main/org/apache/zookeeper/server/quorum/QuorumPeer.java,ZOOKEEPER-2301,20,24,25,YES
24,src/java/main/org/apache/zookeeper/server/quorum/QuorumPeer.java,ZOOKEEPER-2301,20,24,25,YES
20,src/java/main/org/apache/zookeeper/client/ZooKeeperSaslClient.java,ZOOKEEPER-1696,20,21,22,YES
21,src/java/main/org/apache/zookeeper/client/ZooKeeperSaslClient.java,ZOOKEEPER-1696,20,21,22,YES
20,src/java/main/org/apache/zookeeper/client/ZooKeeperSaslClient.java,ZOOKEEPER-1696,20,21,22,YES
21,src/java/main/org/apache/zookeeper/client/ZooKeeperSaslClient.java,ZOOKEEPER-1696,20,21,22,YES
20,src/java/main/org/apache/zookeeper/client/ZooKeeperSaslClient.java,ZOOKEEPER-1696,20,21,22,YES
21,src/java/main/org/apache/zookeeper/client/ZooKeeperSaslClient.java,ZOOKEEPER-1696,20,21,22,YES
50,zookeeper-server/src/main/java/org/apache/zookeeper/audit/AuditHelper.java,ZOOKEEPER-4725,50,51,58,YES
51,zookeeper-server/src/main/java/org/apache/zookeeper/audit/AuditHelper.java,ZOOKEEPER-4725,50,51,58,YES
52,zookeeper-server/src/main/java/org/apache/zookeeper/audit/AuditHelper.java,ZOOKEEPER-4725,50,51,58,YES
53,zookeeper-server/src/main/java/org/apache/zookeeper/audit/AuditHelper.java,ZOOKEEPER-4725,50,51,58,YES
54,zookeeper-server/src/main/java/org/apache/zookeeper/audit/AuditHelper.java,ZOOKEEPER-4725,50,51,58,YES
55,zookeeper-server/src/main/java/org/apache/zookeeper/audit/AuditHelper.java,ZOOKEEPER-4725,50,51,58,YES
56,zookeeper-server/src/main/java/org/apache/zookeeper/audit/AuditHelper.java,ZOOKEEPER-4725,50,51,58,YES
57,zookeeper-server/src/main/java/org/apache/zookeeper/audit/AuditHelper.java,ZOOKEEPER-4725,50,51,58,YES
40,zookeeper-server/src/main/java/org/apache/zookeeper/client/ConnectStringParser.java,ZOOKEEPER-3878,40,41,42,YES
41,zookeeper-server/src/main/java/org/apache/zookeeper/client/ConnectStringParser.java,ZOOKEEPER-3878,40,41,42,YES
40,zookeeper-server/src/main/java/org/apache/zookeeper/common/NetUtils.java,ZOOKEEPER-3878,40,41,42,YES
41,zookeeper-server/src/main/java/org/apache/zookeeper/common/NetUtils.java,ZOOKEEPER-3878,40,41,42,YES
20,src/java/main/org/apache/zookeeper/server/ZooKeeperServerBean.java,ZOOKEEPER-2304,20,24,25,YES
21,src/java/main/org/apache/zookeeper/server/ZooKeeperServerBean.java,ZOOKEEPER-2304,20,24,25,YES
22,src/java/main/org/apache/zookeeper/server/ZooKeeperServerBean.java,ZOOKEEPER-2304,20,24,25,YES
23,src/java/main/org/apache/zookeeper/server/ZooKeeperServerBean.java,ZOOKEEPER-2304,20,24,25,YES
24,src/java/main/org/apache/zookeeper/server/ZooKeeperServerBean.java,ZOOKEEPER-2304,20,24,25,YES
20,src/java/main/org/apache/zookeeper/server/quorum/SyncedLearnerTracker.java,ZOOKEEPER-1699,20,21,22,YES
21,src/java/main/org/apache/zookeeper/server/quorum/SyncedLearnerTracker.java,ZOOKEEPER-1699,20,21,22,YES
20,src/java/main/org/apache/zookeeper/server/quorum/Leader.java,ZOOKEEPER-1699,20,21,22,YES
21,src/java/main/org/apache/zookeeper/server/quorum/Leader.java,ZOOKEEPER-1699,20,21,22,YES
36,zookeeper-server/src/main/java/org/apache/zookeeper/server/quorum/RemotePeerBean.java,ZOOKEEPER-3877,36,41,43,YES
37,zookeeper-server/src/main/java/org/apache/zookeeper/server/quorum/RemotePeerBean.java,ZOOKEEPER-3877,36,41,43,YES
38,zookeeper-server/src/main/java/org/apache/zookeeper/server/quorum/RemotePeerBean.java,ZOOKEEPER-3877,36,41,43,YES
39,zookeeper-server/src/main/java/org/apache/zookeeper/server/quorum/RemotePeerBean.java,ZOOKEEPER-3877,36,41,43,YES
40,zookeeper-server/src/main/java/org/apache/zookeeper/server/quorum/RemotePeerBean.java,ZOOKEEPER-3877,36,41,43,YES
41,zookeeper-server/src/main/java/org/apache/zookeeper/server/quorum/RemotePeerBean.java,ZOOKEEPER-3877,36,41,43,YES
42,zookeeper-server/src/main/java/org/apache/zookeeper/server/quorum/RemotePeerBean.java,ZOOKEEPER-3877,36,41,43,YES
28,src/java/main/org/apache/zookeeper/server/NettyServerCnxn.java,ZOOKEEPER-2786,28,30,31,YES
29,src/java/main/org/apache/zookeeper/server/NettyServerCnxn.java,ZOOKEEPER-2786,28,30,31,YES
30,src/java/main/org/apache/zookeeper/server/NettyServerCnxn.java,ZOOKEEPER-2786,28,30,31,YES
16,src/java/main/org/apache/zookeeper/server/quorum/LearnerHandler.java,ZOOKEEPER-1697,16,21,22,YES
17,src/java/main/org/apache/zookeeper/server/quorum/LearnerHandler.java,ZOOKEEPER-1697,16,21,22,YES
18,src/java/main/org/apache/zookeeper/server/quorum/LearnerHandler.java,ZOOKEEPER-1697,16,21,22,YES
19,src/java/main/org/apache/zookeeper/server/quorum/LearnerHandler.java,ZOOKEEPER-1697,16,21,22,YES
20,src/java/main/org/apache/zookeeper/server/quorum/LearnerHandler.java,ZOOKEEPER-1697,16,21,22,YES
21,src/java/main/org/apache/zookeeper/server/quorum/LearnerHandler.java,ZOOKEEPER-1697,16,21,22,YES
16,src/java/main/org/apache/zookeeper/server/quorum/QuorumPeer.java,ZOOKEEPER-1697,16,21,22,YES
17,src/java/main/org/apache/zookeeper/server/quorum/QuorumPeer.java,ZOOKEEPER-1697,16,21,22,YES
18,src/java/main/org/apache/zookeeper/server/quorum/QuorumPeer.java,ZOOKEEPER-1697,16,21,22,YES
19,src/java/main/org/apache/zookeeper/server/quorum/QuorumPeer.java,ZOOKEEPER-1697,16,21,22,YES
20,src/java/main/org/apache/zookeeper/server/quorum/QuorumPeer.java,ZOOKEEPER-1697,16,21,22,YES
21,src/java/main/org/apache/zookeeper/server/quorum/QuorumPeer.java,ZOOKEEPER-1697,16,21,22,YES
35,zookeeper-server/src/main/java/org/apache/zookeeper/server/ZooKeeperServer.java,ZOOKEEPER-3633,35,37,38,YES
36,zookeeper-server/src/main/java/org/apache/zookeeper/server/ZooKeeperServer.java,ZOOKEEPER-3633,35,37,38,YES
37,zookeeper-server/src/main/java/org/apache/zookeeper/server/ZooKeeperServer.java,ZOOKEEPER-3633,35,37,38,YES
35,zookeeper-server/src/main/java/org/apache/zookeeper/server/admin/Commands.java,ZOOKEEPER-3633,35,37,38,YES
36,zookeeper-server/src/main/java/org/apache/zookeeper/server/admin/Commands.java,ZOOKEEPER-3633,35,37,38,YES
37,zookeeper-server/src/main/java/org/apache/zookeeper/server/admin/Commands.java,ZOOKEEPER-3633,35,37,38,YES
6,src/java/main/org/apache/zookeeper/jmx/MBeanRegistry.java,ZOOKEEPER-1214,6,12,22,YES
7,src/java/main/org/apache/zookeeper/jmx/MBeanRegistry.java,ZOOKEEPER-1214,6,12,22,YES
8,src/java/main/org/apache/zookeeper/jmx/MBeanRegistry.java,ZOOKEEPER-1214,6,12,22,YES
9,src/java/main/org/apache/zookeeper/jmx/MBeanRegistry.java,ZOOKEEPER-1214,6,12,22,YES
10,src/java/main/org/apache/zookeeper/jmx/MBeanRegistry.java,ZOOKEEPER-1214,6,12,22,YES
11,src/java/main/org/apache/zookeeper/jmx/MBeanRegistry.java,ZOOKEEPER-1214,6,12,22,YES
12,src/java/main/org/apache/zookeeper/jmx/MBeanRegistry.java,ZOOKEEPER-1214,6,12,22,YES
13,src/java/main/org/apache/zookeeper/jmx/MBeanRegistry.java,ZOOKEEPER-1214,6,12,22,YES
14,src/java/main/org/apache/zookeeper/jmx/MBeanRegistry.java,ZOOKEEPER-1214,6,12,22,YES
15,src/java/main/org/apache/zookeeper/jmx/MBeanRegistry.java,ZOOKEEPER-1214,6,12,22,YES
16,src/java/main/org/apache/zookeeper/jmx/MBeanRegistry.java,ZOOKEEPER-1214,6,12,22,YES
17,src/java/main/org/apache/zookeeper/jmx/MBeanRegistry.java,ZOOKEEPER-1214,6,12,22,YES
18,src/java/main/org/apache/zookeeper/jmx/MBeanRegistry.java,ZOOKEEPER-1214,6,12,22,YES
19,src/java/main/org/apache/zookeeper/jmx/MBeanRegistry.java,ZOOKEEPER-1214,6,12,22,YES
20,src/java/main/org/apache/zookeeper/jmx/MBeanRegistry.java,ZOOKEEPER-1214,6,12,22,YES
21,src/java/main/org/apache/zookeeper/jmx/MBeanRegistry.java,ZOOKEEPER-1214,6,12,22,YES
6,src/java/main/org/apache/zookeeper/server/quorum/QuorumPeer.java,ZOOKEEPER-1214,6,12,22,YES
7,src/java/main/org/apache/zookeeper/server/quorum/QuorumPeer.java,ZOOKEEPER-1214,6,12,22,YES
8,src/java/main/org/apache/zookeeper/server/quorum/QuorumPeer.java,ZOOKEEPER-1214,6,12,22,YES
9,src/java/main/org/apache/zookeeper/server/quorum/QuorumPeer.java,ZOOKEEPER-1214,6,12,22,YES
10,src/java/main/org/apache/zookeeper/server/quorum/QuorumPeer.java,ZOOKEEPER-1214,6,12,22,YES
11,src/java/main/org/apache/zookeeper/server/quorum/QuorumPeer.java,ZOOKEEPER-1214,6,12,22,YES
12,src/java/main/org/apache/zookeeper/server/quorum/QuorumPeer.java,ZOOKEEPER-1214,6,12,22,YES
13,src/java/main/org/apache/zookeeper/server/quorum/QuorumPeer.java,ZOOKEEPER-1214,6,12,22,YES
14,src/java/main/org/apache/zookeeper/server/quorum/QuorumPeer.java,ZOOKEEPER-1214,6,12,22,YES
15,src/java/main/org/apache/zookeeper/server/quorum/QuorumPeer.java,ZOOKEEPER-1214,6,12,22,YES
16,src/java/main/org/apache/zookeeper/server/quorum/QuorumPeer.java,ZOOKEEPER-1214,6,12,22,YES
17,src/java/main/org/apache/zookeeper/server/quorum/QuorumPeer.java,ZOOKEEPER-1214,6,12,22,YES
18,src/java/main/org/apache/zookeeper/server/quorum/QuorumPeer.java,ZOOKEEPER-1214,6,12,22,YES
19,src/java/main/org/apache/zookeeper/server/quorum/QuorumPeer.java,ZOOKEEPER-1214,6,12,22,YES
20,src/java/main/org/apache/zookeeper/server/quorum/QuorumPeer.java,ZOOKEEPER-1214,6,12,22,YES
21,src/java/main/org/apache/zookeeper/server/quorum/QuorumPeer.java,ZOOKEEPER-1214,6,12,22,YES
1,zookeeper-server/src/main/java/org/apache/zookeeper/server/quorum/QuorumPeer.java,ZOOKEEPER-2307,1,24,37,YES
2,zookeeper-server/src/main/java/org/apache/zookeeper/server/quorum/QuorumPeer.java,ZOOKEEPER-2307,1,24,37,YES
3,zookeeper-server/src/main/java/org/apache/zookeeper/server/quorum/QuorumPeer.java,ZOOKEEPER-2307,1,24,37,YES
4,zookeeper-server/src/main/java/org/apache/zookeeper/server/quorum/QuorumPeer.java,ZOOKEEPER-2307,1,24,37,YES
5,zookeeper-server/src/main/java/org/apache/zookeeper/server/quorum/QuorumPeer.java,ZOOKEEPER-2307,1,24,37,YES
6,zookeeper-server/src/main/java/org/apache/zookeeper/server/quorum/QuorumPeer.java,ZOOKEEPER-2307,1,24,37,YES
7,zookeeper-server/src/main/java/org/apache/zookeeper/server/quorum/QuorumPeer.java,ZOOKEEPER-2307,1,24,37,YES
8,zookeeper-server/src/main/java/org/apache/zookeeper/server/quorum/QuorumPeer.java,ZOOKEEPER-2307,1,24,37,YES
9,zookeeper-server/src/main/java/org/apache/zookeeper/server/quorum/QuorumPeer.java,ZOOKEEPER-2307,1,24,37,YES
10,zookeeper-server/src/main/java/org/apache/zookeeper/server/quorum/QuorumPeer.java,ZOOKEEPER-2307,1,24,37,YES
11,zookeeper-server/src/main/java/org/apache/zookeeper/server/quorum/QuorumPeer.java,ZOOKEEPER-2307,1,24,37,YES
12,zookeeper-server/src/main/java/org/apache/zookeeper/server/quorum/QuorumPeer.java,ZOOKEEPER-2307,1,24,37,YES
13,zookeeper-server/src/main/java/org/apache/zookeeper/server/quorum/QuorumPeer.java,ZOOKEEPER-2307,1,24,37,YES
14,zookeeper-server/src/main/java/org/apache/zookeeper/server/quorum/QuorumPeer.java,ZOOKEEPER-2307,1,24,37,YES
15,zookeeper-server/src/main/java/org/apache/zookeeper/server/quorum/QuorumPeer.java,ZOOKEEPER-2307,1,24,37,YES
16,zookeeper-server/src/main/java/org/apache/zookeeper/server/quorum/QuorumPeer.java,ZOOKEEPER-2307,1,24,37,YES
17,zookeeper-server/src/main/java/org/apache/zookeeper/server/quorum/QuorumPeer.java,ZOOKEEPER-2307,1,24,37,YES
18,zookeeper-server/src/main/java/org/apache/zookeeper/server/quorum/QuorumPeer.java,ZOOKEEPER-2307,1,24,37,YES
19,zookeeper-server/src/main/java/org/apache/zookeeper/server/quorum/QuorumPeer.java,ZOOKEEPER-2307,1,24,37,YES
20,zookeeper-server/src/main/java/org/apache/zookeeper/server/quorum/QuorumPeer.java,ZOOKEEPER-2307,1,24,37,YES
21,zookeeper-server/src/main/java/org/apache/zookeeper/server/quorum/QuorumPeer.java,ZOOKEEPER-2307,1,24,37,YES
22,zookeeper-server/src/main/java/org/apache/zookeeper/server/quorum/QuorumPeer.java,ZOOKEEPER-2307,1,24,37,YES
23,zookeeper-server/src/main/java/org/apache/zookeeper/server/quorum/QuorumPeer.java,ZOOKEEPER-2307,1,24,37,YES
24,zookeeper-server/src/main/java/org/apache/zookeeper/server/quorum/QuorumPeer.java,ZOOKEEPER-2307,1,24,37,YES
25,zookeeper-server/src/main/java/org/apache/zookeeper/server/quorum/QuorumPeer.java,ZOOKEEPER-2307,1,24,37,YES
26,zookeeper-server/src/main/java/org/apache/zookeeper/server/quorum/QuorumPeer.java,ZOOKEEPER-2307,1,24,37,YES
27,zookeeper-server/src/main/java/org/apache/zookeeper/server/quorum/QuorumPeer.java,ZOOKEEPER-2307,1,24,37,YES
28,zookeeper-server/src/main/java/org/apache/zookeeper/server/quorum/QuorumPeer.java,ZOOKEEPER-2307,1,24,37,YES
29,zookeeper-server/src/main/java/org/apache/zookeeper/server/quorum/QuorumPeer.java,ZOOKEEPER-2307,1,24,37,YES
30,zookeeper-server/src/main/java/org/apache/zookeeper/server/quorum/QuorumPeer.java,ZOOKEEPER-2307,1,24,37,YES
31,zookeeper-server/src/main/java/org/apache/zookeeper/server/quorum/QuorumPeer.java,ZOOKEEPER-2307,1,24,37,YES
32,zookeeper-server/src/main/java/org/apache/zookeeper/server/quorum/QuorumPeer.java,ZOOKEEPER-2307,1,24,37,YES
33,zookeeper-server/src/main/java/org/apache/zookeeper/server/quorum/QuorumPeer.java,ZOOKEEPER-2307,1,24,37,YES
34,zookeeper-server/src/main/java/org/apache/zookeeper/server/quorum/QuorumPeer.java,ZOOKEEPER-2307,1,24,37,YES
35,zookeeper-server/src/main/java/org/apache/zookeeper/server/quorum/QuorumPeer.java,ZOOKEEPER-2307,1,24,37,YES
36,zookeeper-server/src/main/java/org/apache/zookeeper/server/quorum/QuorumPeer.java,ZOOKEEPER-2307,1,24,37,YES
16,src/java/main/org/apache/zookeeper/server/quorum/QuorumPeer.java,ZOOKEEPER-1460,16,18,26,YES
17,src/java/main/org/apache/zookeeper/server/quorum/QuorumPeer.java,ZOOKEEPER-1460,16,18,26,YES
18,src/java/main/org/apache/zookeeper/server/quorum/QuorumPeer.java,ZOOKEEPER-1460,16,18,26,YES
19,src/java/main/org/apache/zookeeper/server/quorum/QuorumPeer.java,ZOOKEEPER-1460,16,18,26,YES
20,src/java/main/org/apache/zookeeper/server/quorum/QuorumPeer.java,ZOOKEEPER-1460,16,18,26,YES
21,src/java/main/org/apache/zookeeper/server/quorum/QuorumPeer.java,ZOOKEEPER-1460,16,18,26,YES
22,src/java/main/org/apache/zookeeper/server/quorum/QuorumPeer.java,ZOOKEEPER-1460,16,18,26,YES
23,src/java/main/org/apache/zookeeper/server/quorum/QuorumPeer.java,ZOOKEEPER-1460,16,18,26,YES
24,src/java/main/org/apache/zookeeper/server/quorum/QuorumPeer.java,ZOOKEEPER-1460,16,18,26,YES
25,src/java/main/org/apache/zookeeper/server/quorum/QuorumPeer.java,ZOOKEEPER-1460,16,18,26,YES
10,src/java/main/org/apache/zookeeper/server/DataTree.java,ZOOKEEPER-1046,10,12,13,YES
11,src/java/main/org/apache/zookeeper/server/DataTree.java,ZOOKEEPER-1046,10,12,13,YES
12,src/java/main/org/apache/zookeeper/server/DataTree.java,ZOOKEEPER-1046,10,12,13,YES
10,src/java/main/org/apache/zookeeper/server/persistence/FileTxnSnapLog.java,ZOOKEEPER-1046,10,12,13,YES
11,src/java/main/org/apache/zookeeper/server/persistence/FileTxnSnapLog.java,ZOOKEEPER-1046,10,12,13,YES
12,src/java/main/org/apache/zookeeper/server/persistence/FileTxnSnapLog.java,ZOOKEEPER-1046,10,12,13,YES
10,src/contrib/loggraph/src/java/org/apache/zookeeper/graph/TxnLogSource.java,ZOOKEEPER-1046,10,12,13,YES
11,src/contrib/loggraph/src/java/org/apache/zookeeper/graph/TxnLogSource.java,ZOOKEEPER-1046,10,12,13,YES
12,src/contrib/loggraph/src/java/org/apache/zookeeper/graph/TxnLogSource.java,ZOOKEEPER-1046,10,12,13,YES
10,src/java/main/org/apache/zookeeper/server/DataNode.java,ZOOKEEPER-1046,10,12,13,YES
11,src/java/main/org/apache/zookeeper/server/DataNode.java,ZOOKEEPER-1046,10,12,13,YES
12,src/java/main/org/apache/zookeeper/server/DataNode.java,ZOOKEEPER-1046,10,12,13,YES
10,src/java/main/org/apache/zookeeper/server/DataTree.java,ZOOKEEPER-1046,10,12,13,YES
11,src/java/main/org/apache/zookeeper/server/DataTree.java,ZOOKEEPER-1046,10,12,13,YES
12,src/java/main/org/apache/zookeeper/server/DataTree.java,ZOOKEEPER-1046,10,12,13,YES
10,src/java/main/org/apache/zookeeper/server/LogFormatter.java,ZOOKEEPER-1046,10,12,13,YES
11,src/java/main/org/apache/zookeeper/server/LogFormatter.java,ZOOKEEPER-1046,10,12,13,YES
12,src/java/main/org/apache/zookeeper/server/LogFormatter.java,ZOOKEEPER-1046,10,12,13,YES
10,src/java/main/org/apache/zookeeper/server/PrepRequestProcessor.java,ZOOKEEPER-1046,10,12,13,YES
11,src/java/main/org/apache/zookeeper/server/PrepRequestProcessor.java,ZOOKEEPER-1046,10,12,13,YES
12,src/java/main/org/apache/zookeeper/server/PrepRequestProcessor.java,ZOOKEEPER-1046,10,12,13,YES
10,src/java/main/org/apache/zookeeper/server/persistence/FileTxnLog.java,ZOOKEEPER-1046,10,12,13,YES
11,src/java/main/org/apache/zookeeper/server/persistence/FileTxnLog.java,ZOOKEEPER-1046,10,12,13,YES
12,src/java/main/org/apache/zookeeper/server/persistence/FileTxnLog.java,ZOOKEEPER-1046,10,12,13,YES
10,src/java/main/org/apache/zookeeper/server/persistence/FileTxnSnapLog.java,ZOOKEEPER-1046,10,12,13,YES
11,src/java/main/org/apache/zookeeper/server/persistence/FileTxnSnapLog.java,ZOOKEEPER-1046,10,12,13,YES
12,src/java/main/org/apache/zookeeper/server/persistence/FileTxnSnapLog.java,ZOOKEEPER-1046,10,12,13,YES
10,src/java/main/org/apache/zookeeper/server/quorum/Follower.java,ZOOKEEPER-1046,10,12,13,YES
11,src/java/main/org/apache/zookeeper/server/quorum/Follower.java,ZOOKEEPER-1046,10,12,13,YES
12,src/java/main/org/apache/zookeeper/server/quorum/Follower.java,ZOOKEEPER-1046,10,12,13,YES
10,src/java/main/org/apache/zookeeper/server/quorum/Learner.java,ZOOKEEPER-1046,10,12,13,YES
11,src/java/main/org/apache/zookeeper/server/quorum/Learner.java,ZOOKEEPER-1046,10,12,13,YES
12,src/java/main/org/apache/zookeeper/server/quorum/Learner.java,ZOOKEEPER-1046,10,12,13,YES
10,src/java/main/org/apache/zookeeper/server/quorum/LearnerHandler.java,ZOOKEEPER-1046,10,12,13,YES
11,src/java/main/org/apache/zookeeper/server/quorum/LearnerHandler.java,ZOOKEEPER-1046,10,12,13,YES
12,src/java/main/org/apache/zookeeper/server/quorum/LearnerHandler.java,ZOOKEEPER-1046,10,12,13,YES
10,src/java/main/org/apache/zookeeper/server/quorum/Observer.java,ZOOKEEPER-1046,10,12,13,YES
11,src/java/main/org/apache/zookeeper/server/quorum/Observer.java,ZOOKEEPER-1046,10,12,13,YES
12,src/java/main/org/apache/zookeeper/server/quorum/Observer.java,ZOOKEEPER-1046,10,12,13,YES
10,src/java/main/org/apache/zookeeper/server/upgrade/UpgradeSnapShotV1.java,ZOOKEEPER-1046,10,12,13,YES
11,src/java/main/org/apache/zookeeper/server/upgrade/UpgradeSnapShotV1.java,ZOOKEEPER-1046,10,12,13,YES
12,src/java/main/org/apache/zookeeper/server/upgrade/UpgradeSnapShotV1.java,ZOOKEEPER-1046,10,12,13,YES
10,src/java/main/org/apache/zookeeper/server/util/SerializeUtils.java,ZOOKEEPER-1046,10,12,13,YES
11,src/java/main/org/apache/zookeeper/server/util/SerializeUtils.java,ZOOKEEPER-1046,10,12,13,YES
12,src/java/main/org/apache/zookeeper/server/util/SerializeUtils.java,ZOOKEEPER-1046,10,12,13,YES
10,src/java/main/org/apache/zookeeper/server/DataTree.java,ZOOKEEPER-1046,10,12,13,YES
11,src/java/main/org/apache/zookeeper/server/DataTree.java,ZOOKEEPER-1046,10,12,13,YES
12,src/java/main/org/apache/zookeeper/server/DataTree.java,ZOOKEEPER-1046,10,12,13,YES
10,src/java/main/org/apache/zookeeper/server/persistence/FileTxnSnapLog.java,ZOOKEEPER-1046,10,12,13,YES
11,src/java/main/org/apache/zookeeper/server/persistence/FileTxnSnapLog.java,ZOOKEEPER-1046,10,12,13,YES
12,src/java/main/org/apache/zookeeper/server/persistence/FileTxnSnapLog.java,ZOOKEEPER-1046,10,12,13,YES
21,src/java/main/org/apache/zookeeper/client/ZooKeeperSaslClient.java,ZOOKEEPER-2375,21,26,27,YES
22,src/java/main/org/apache/zookeeper/client/ZooKeeperSaslClient.java,ZOOKEEPER-2375,21,26,27,YES
23,src/java/main/org/apache/zookeeper/client/ZooKeeperSaslClient.java,ZOOKEEPER-2375,21,26,27,YES
24,src/java/main/org/apache/zookeeper/client/ZooKeeperSaslClient.java,ZOOKEEPER-2375,21,26,27,YES
25,src/java/main/org/apache/zookeeper/client/ZooKeeperSaslClient.java,ZOOKEEPER-2375,21,26,27,YES
26,src/java/main/org/apache/zookeeper/client/ZooKeeperSaslClient.java,ZOOKEEPER-2375,21,26,27,YES
44,zookeeper-server/src/main/java/org/apache/zookeeper/common/AtomicFileWritingIdiom.java,ZOOKEEPER-4311,44,45,46,YES
45,zookeeper-server/src/main/java/org/apache/zookeeper/common/AtomicFileWritingIdiom.java,ZOOKEEPER-4311,44,45,46,YES
26,src/java/main/org/apache/zookeeper/client/ZooKeeperSaslClient.java,ZOOKEEPER-2379,26,26,27,YES
10,src/java/main/org/apache/zookeeper/server/NIOServerCnxn.java,ZOOKEEPER-1049,10,12,13,YES
11,src/java/main/org/apache/zookeeper/server/NIOServerCnxn.java,ZOOKEEPER-1049,10,12,13,YES
12,src/java/main/org/apache/zookeeper/server/NIOServerCnxn.java,ZOOKEEPER-1049,10,12,13,YES
9,src/java/main/org/apache/zookeeper/server/persistence/FileTxnSnapLog.java,ZOOKEEPER-874,9,10,12,YES
10,src/java/main/org/apache/zookeeper/server/persistence/FileTxnSnapLog.java,ZOOKEEPER-874,9,10,12,YES
11,src/java/main/org/apache/zookeeper/server/persistence/FileTxnSnapLog.java,ZOOKEEPER-874,9,10,12,YES
24,src/java/main/org/apache/zookeeper/server/quorum/Leader.java,ZOOKEEPER-2380,24,26,27,YES
25,src/java/main/org/apache/zookeeper/server/quorum/Leader.java,ZOOKEEPER-2380,24,26,27,YES
26,src/java/main/org/apache/zookeeper/server/quorum/Leader.java,ZOOKEEPER-2380,24,26,27,YES
24,src/java/main/org/apache/zookeeper/server/quorum/Leader.java,ZOOKEEPER-2380,24,26,27,YES
25,src/java/main/org/apache/zookeeper/server/quorum/Leader.java,ZOOKEEPER-2380,24,26,27,YES
26,src/java/main/org/apache/zookeeper/server/quorum/Leader.java,ZOOKEEPER-2380,24,26,27,YES
24,src/java/main/org/apache/zookeeper/server/quorum/QuorumPeer.java,ZOOKEEPER-2380,24,26,27,YES
25,src/java/main/org/apache/zookeeper/server/quorum/QuorumPeer.java,ZOOKEEPER-2380,24,26,27,YES
26,src/java/main/org/apache/zookeeper/server/quorum/QuorumPeer.java,ZOOKEEPER-2380,24,26,27,YES
21,src/java/main/org/apache/zookeeper/server/ObserverBean.java,ZOOKEEPER-2142,21,23,24,YES
22,src/java/main/org/apache/zookeeper/server/ObserverBean.java,ZOOKEEPER-2142,21,23,24,YES
23,src/java/main/org/apache/zookeeper/server/ObserverBean.java,ZOOKEEPER-2142,21,23,24,YES
1,zookeeper-server/src/main/java/org/apache/zookeeper/client/ZKClientConfig.java,ZOOKEEPER-1295,1,12,26,YES
2,zookeeper-server/src/main/java/org/apache/zookeeper/client/ZKClientConfig.java,ZOOKEEPER-1295,1,12,26,YES
3,zookeeper-server/src/main/java/org/apache/zookeeper/client/ZKClientConfig.java,ZOOKEEPER-1295,1,12,26,YES
4,zookeeper-server/src/main/java/org/apache/zookeeper/client/ZKClientConfig.java,ZOOKEEPER-1295,1,12,26,YES
5,zookeeper-server/src/main/java/org/apache/zookeeper/client/ZKClientConfig.java,ZOOKEEPER-1295,1,12,26,YES
6,zookeeper-server/src/main/java/org/apache/zookeeper/client/ZKClientConfig.java,ZOOKEEPER-1295,1,12,26,YES
7,zookeeper-server/src/main/java/org/apache/zookeeper/client/ZKClientConfig.java,ZOOKEEPER-1295,1,12,26,YES
8,zookeeper-server/src/main/java/org/apache/zookeeper/client/ZKClientConfig.java,ZOOKEEPER-1295,1,12,26,YES
9,zookeeper-server/src/main/java/org/apache/zookeeper/client/ZKClientConfig.java,ZOOKEEPER-1295,1,12,26,YES
10,zookeeper-server/src/main/java/org/apache/zookeeper/client/ZKClientConfig.java,ZOOKEEPER-1295,1,12,26,YES
11,zookeeper-server/src/main/java/org/apache/zookeeper/client/ZKClientConfig.java,ZOOKEEPER-1295,1,12,26,YES
12,zookeeper-server/src/main/java/org/apache/zookeeper/client/ZKClientConfig.java,ZOOKEEPER-1295,1,12,26,YES
13,zookeeper-server/src/main/java/org/apache/zookeeper/client/ZKClientConfig.java,ZOOKEEPER-1295,1,12,26,YES
14,zookeeper-server/src/main/java/org/apache/zookeeper/client/ZKClientConfig.java,ZOOKEEPER-1295,1,12,26,YES
15,zookeeper-server/src/main/java/org/apache/zookeeper/client/ZKClientConfig.java,ZOOKEEPER-1295,1,12,26,YES
16,zookeeper-server/src/main/java/org/apache/zookeeper/client/ZKClientConfig.java,ZOOKEEPER-1295,1,12,26,YES
17,zookeeper-server/src/main/java/org/apache/zookeeper/client/ZKClientConfig.java,ZOOKEEPER-1295,1,12,26,YES
18,zookeeper-server/src/main/java/org/apache/zookeeper/client/ZKClientConfig.java,ZOOKEEPER-1295,1,12,26,YES
19,zookeeper-server/src/main/java/org/apache/zookeeper/client/ZKClientConfig.java,ZOOKEEPER-1295,1,12,26,YES
20,zookeeper-server/src/main/java/org/apache/zookeeper/client/ZKClientConfig.java,ZOOKEEPER-1295,1,12,26,YES
21,zookeeper-server/src/main/java/org/apache/zookeeper/client/ZKClientConfig.java,ZOOKEEPER-1295,1,12,26,YES
22,zookeeper-server/src/main/java/org/apache/zookeeper/client/ZKClientConfig.java,ZOOKEEPER-1295,1,12,26,YES
23,zookeeper-server/src/main/java/org/apache/zookeeper/client/ZKClientConfig.java,ZOOKEEPER-1295,1,12,26,YES
24,zookeeper-server/src/main/java/org/apache/zookeeper/client/ZKClientConfig.java,ZOOKEEPER-1295,1,12,26,YES
25,zookeeper-server/src/main/java/org/apache/zookeeper/client/ZKClientConfig.java,ZOOKEEPER-1295,1,12,26,YES
32,zookeeper-server/src/main/java/org/apache/zookeeper/server/PurgeTxnLog.java,ZOOKEEPER-3231,32,34,45,YES
33,zookeeper-server/src/main/java/org/apache/zookeeper/server/PurgeTxnLog.java,ZOOKEEPER-3231,32,34,45,YES
34,zookeeper-server/src/main/java/org/apache/zookeeper/server/PurgeTxnLog.java,ZOOKEEPER-3231,32,34,45,YES
35,zookeeper-server/src/main/java/org/apache/zookeeper/server/PurgeTxnLog.java,ZOOKEEPER-3231,32,34,45,YES
36,zookeeper-server/src/main/java/org/apache/zookeeper/server/PurgeTxnLog.java,ZOOKEEPER-3231,32,34,45,YES
37,zookeeper-server/src/main/java/org/apache/zookeeper/server/PurgeTxnLog.java,ZOOKEEPER-3231,32,34,45,YES
38,zookeeper-server/src/main/java/org/apache/zookeeper/server/PurgeTxnLog.java,ZOOKEEPER-3231,32,34,45,YES
39,zookeeper-server/src/main/java/org/apache/zookeeper/server/PurgeTxnLog.java,ZOOKEEPER-3231,32,34,45,YES
40,zookeeper-server/src/main/java/org/apache/zookeeper/server/PurgeTxnLog.java,ZOOKEEPER-3231,32,34,45,YES
41,zookeeper-server/src/main/java/org/apache/zookeeper/server/PurgeTxnLog.java,ZOOKEEPER-3231,32,34,45,YES
42,zookeeper-server/src/main/java/org/apache/zookeeper/server/PurgeTxnLog.java,ZOOKEEPER-3231,32,34,45,YES
43,zookeeper-server/src/main/java/org/apache/zookeeper/server/PurgeTxnLog.java,ZOOKEEPER-3231,32,34,45,YES
44,zookeeper-server/src/main/java/org/apache/zookeeper/server/PurgeTxnLog.java,ZOOKEEPER-3231,32,34,45,YES
32,zookeeper-server/src/main/java/org/apache/zookeeper/server/persistence/FileSnap.java,ZOOKEEPER-3231,32,34,45,YES
33,zookeeper-server/src/main/java/org/apache/zookeeper/server/persistence/FileSnap.java,ZOOKEEPER-3231,32,34,45,YES
34,zookeeper-server/src/main/java/org/apache/zookeeper/server/persistence/FileSnap.java,ZOOKEEPER-3231,32,34,45,YES
35,zookeeper-server/src/main/java/org/apache/zookeeper/server/persistence/FileSnap.java,ZOOKEEPER-3231,32,34,45,YES
36,zookeeper-server/src/main/java/org/apache/zookeeper/server/persistence/FileSnap.java,ZOOKEEPER-3231,32,34,45,YES
37,zookeeper-server/src/main/java/org/apache/zookeeper/server/persistence/FileSnap.java,ZOOKEEPER-3231,32,34,45,YES
38,zookeeper-server/src/main/java/org/apache/zookeeper/server/persistence/FileSnap.java,ZOOKEEPER-3231,32,34,45,YES
39,zookeeper-server/src/main/java/org/apache/zookeeper/server/persistence/FileSnap.java,ZOOKEEPER-3231,32,34,45,YES
40,zookeeper-server/src/main/java/org/apache/zookeeper/server/persistence/FileSnap.java,ZOOKEEPER-3231,32,34,45,YES
41,zookeeper-server/src/main/java/org/apache/zookeeper/server/persistence/FileSnap.java,ZOOKEEPER-3231,32,34,45,YES
42,zookeeper-server/src/main/java/org/apache/zookeeper/server/persistence/FileSnap.java,ZOOKEEPER-3231,32,34,45,YES
43,zookeeper-server/src/main/java/org/apache/zookeeper/server/persistence/FileSnap.java,ZOOKEEPER-3231,32,34,45,YES
44,zookeeper-server/src/main/java/org/apache/zookeeper/server/persistence/FileSnap.java,ZOOKEEPER-3231,32,34,45,YES
32,zookeeper-server/src/main/java/org/apache/zookeeper/server/persistence/FileTxnSnapLog.java,ZOOKEEPER-3231,32,34,45,YES
33,zookeeper-server/src/main/java/org/apache/zookeeper/server/persistence/FileTxnSnapLog.java,ZOOKEEPER-3231,32,34,45,YES
34,zookeeper-server/src/main/java/org/apache/zookeeper/server/persistence/FileTxnSnapLog.java,ZOOKEEPER-3231,32,34,45,YES
35,zookeeper-server/src/main/java/org/apache/zookeeper/server/persistence/FileTxnSnapLog.java,ZOOKEEPER-3231,32,34,45,YES
36,zookeeper-server/src/main/java/org/apache/zookeeper/server/persistence/FileTxnSnapLog.java,ZOOKEEPER-3231,32,34,45,YES
37,zookeeper-server/src/main/java/org/apache/zookeeper/server/persistence/FileTxnSnapLog.java,ZOOKEEPER-3231,32,34,45,YES
38,zookeeper-server/src/main/java/org/apache/zookeeper/server/persistence/FileTxnSnapLog.java,ZOOKEEPER-3231,32,34,45,YES
39,zookeeper-server/src/main/java/org/apache/zookeeper/server/persistence/FileTxnSnapLog.java,ZOOKEEPER-3231,32,34,45,YES
40,zookeeper-server/src/main/java/org/apache/zookeeper/server/persistence/FileTxnSnapLog.java,ZOOKEEPER-3231,32,34,45,YES
41,zookeeper-server/src/main/java/org/apache/zookeeper/server/persistence/FileTxnSnapLog.java,ZOOKEEPER-3231,32,34,45,YES
42,zookeeper-server/src/main/java/org/apache/zookeeper/server/persistence/FileTxnSnapLog.java,ZOOKEEPER-3231,32,34,45,YES
43,zookeeper-server/src/main/java/org/apache/zookeeper/server/persistence/FileTxnSnapLog.java,ZOOKEEPER-3231,32,34,45,YES
44,zookeeper-server/src/main/java/org/apache/zookeeper/server/persistence/FileTxnSnapLog.java,ZOOKEEPER-3231,32,34,45,YES
33,zookeeper-server/src/main/java/org/apache/zookeeper/server/ZooKeeperServer.java,ZOOKEEPER-3471,33,36,37,YES
34,zookeeper-server/src/main/java/org/apache/zookeeper/server/ZooKeeperServer.java,ZOOKEEPER-3471,33,36,37,YES
35,zookeeper-server/src/main/java/org/apache/zookeeper/server/ZooKeeperServer.java,ZOOKEEPER-3471,33,36,37,YES
36,zookeeper-server/src/main/java/org/apache/zookeeper/server/ZooKeeperServer.java,ZOOKEEPER-3471,33,36,37,YES
25,src/java/main/org/apache/zookeeper/server/NIOServerCnxn.java,ZOOKEEPER-2383,25,26,28,YES
26,src/java/main/org/apache/zookeeper/server/NIOServerCnxn.java,ZOOKEEPER-2383,25,26,28,YES
27,src/java/main/org/apache/zookeeper/server/NIOServerCnxn.java,ZOOKEEPER-2383,25,26,28,YES
25,src/java/main/org/apache/zookeeper/server/NettyServerCnxn.java,ZOOKEEPER-2383,25,26,28,YES
26,src/java/main/org/apache/zookeeper/server/NettyServerCnxn.java,ZOOKEEPER-2383,25,26,28,YES
27,src/java/main/org/apache/zookeeper/server/NettyServerCnxn.java,ZOOKEEPER-2383,25,26,28,YES
25,src/java/main/org/apache/zookeeper/server/admin/Commands.java,ZOOKEEPER-2383,25,26,28,YES
26,src/java/main/org/apache/zookeeper/server/admin/Commands.java,ZOOKEEPER-2383,25,26,28,YES
27,src/java/main/org/apache/zookeeper/server/admin/Commands.java,ZOOKEEPER-2383,25,26,28,YES
25,src/java/main/org/apache/zookeeper/server/command/AbstractFourLetterCommand.java,ZOOKEEPER-2383,25,26,28,YES
26,src/java/main/org/apache/zookeeper/server/command/AbstractFourLetterCommand.java,ZOOKEEPER-2383,25,26,28,YES
27,src/java/main/org/apache/zookeeper/server/command/AbstractFourLetterCommand.java,ZOOKEEPER-2383,25,26,28,YES
25,src/java/main/org/apache/zookeeper/server/command/CnxnStatResetCommand.java,ZOOKEEPER-2383,25,26,28,YES
26,src/java/main/org/apache/zookeeper/server/command/CnxnStatResetCommand.java,ZOOKEEPER-2383,25,26,28,YES
27,src/java/main/org/apache/zookeeper/server/command/CnxnStatResetCommand.java,ZOOKEEPER-2383,25,26,28,YES
25,src/java/main/org/apache/zookeeper/server/command/ConfCommand.java,ZOOKEEPER-2383,25,26,28,YES
26,src/java/main/org/apache/zookeeper/server/command/ConfCommand.java,ZOOKEEPER-2383,25,26,28,YES
27,src/java/main/org/apache/zookeeper/server/command/ConfCommand.java,ZOOKEEPER-2383,25,26,28,YES
25,src/java/main/org/apache/zookeeper/server/command/ConsCommand.java,ZOOKEEPER-2383,25,26,28,YES
26,src/java/main/org/apache/zookeeper/server/command/ConsCommand.java,ZOOKEEPER-2383,25,26,28,YES
27,src/java/main/org/apache/zookeeper/server/command/ConsCommand.java,ZOOKEEPER-2383,25,26,28,YES
25,src/java/main/org/apache/zookeeper/server/command/DirsCommand.java,ZOOKEEPER-2383,25,26,28,YES
26,src/java/main/org/apache/zookeeper/server/command/DirsCommand.java,ZOOKEEPER-2383,25,26,28,YES
27,src/java/main/org/apache/zookeeper/server/command/DirsCommand.java,ZOOKEEPER-2383,25,26,28,YES
25,src/java/main/org/apache/zookeeper/server/command/DumpCommand.java,ZOOKEEPER-2383,25,26,28,YES
26,src/java/main/org/apache/zookeeper/server/command/DumpCommand.java,ZOOKEEPER-2383,25,26,28,YES
27,src/java/main/org/apache/zookeeper/server/command/DumpCommand.java,ZOOKEEPER-2383,25,26,28,YES
25,src/java/main/org/apache/zookeeper/server/command/IsroCommand.java,ZOOKEEPER-2383,25,26,28,YES
26,src/java/main/org/apache/zookeeper/server/command/IsroCommand.java,ZOOKEEPER-2383,25,26,28,YES
27,src/java/main/org/apache/zookeeper/server/command/IsroCommand.java,ZOOKEEPER-2383,25,26,28,YES
25,src/java/main/org/apache/zookeeper/server/command/MonitorCommand.java,ZOOKEEPER-2383,25,26,28,YES
26,src/java/main/org/apache/zookeeper/server/command/MonitorCommand.java,ZOOKEEPER-2383,25,26,28,YES
27,src/java/main/org/apache/zookeeper/server/command/MonitorCommand.java,ZOOKEEPER-2383,25,26,28,YES
25,src/java/main/org/apache/zookeeper/server/command/StatCommand.java,ZOOKEEPER-2383,25,26,28,YES
26,src/java/main/org/apache/zookeeper/server/command/StatCommand.java,ZOOKEEPER-2383,25,26,28,YES
27,src/java/main/org/apache/zookeeper/server/command/StatCommand.java,ZOOKEEPER-2383,25,26,28,YES
25,src/java/main/org/apache/zookeeper/server/command/StatResetCommand.java,ZOOKEEPER-2383,25,26,28,YES
26,src/java/main/org/apache/zookeeper/server/command/StatResetCommand.java,ZOOKEEPER-2383,25,26,28,YES
27,src/java/main/org/apache/zookeeper/server/command/StatResetCommand.java,ZOOKEEPER-2383,25,26,28,YES
25,src/java/main/org/apache/zookeeper/server/command/WatchCommand.java,ZOOKEEPER-2383,25,26,28,YES
26,src/java/main/org/apache/zookeeper/server/command/WatchCommand.java,ZOOKEEPER-2383,25,26,28,YES
27,src/java/main/org/apache/zookeeper/server/command/WatchCommand.java,ZOOKEEPER-2383,25,26,28,YES
21,src/java/main/org/apache/zookeeper/server/ReferenceCountedACLCache.java,ZOOKEEPER-2141,21,23,26,YES
22,src/java/main/org/apache/zookeeper/server/ReferenceCountedACLCache.java,ZOOKEEPER-2141,21,23,26,YES
23,src/java/main/org/apache/zookeeper/server/ReferenceCountedACLCache.java,ZOOKEEPER-2141,21,23,26,YES
24,src/java/main/org/apache/zookeeper/server/ReferenceCountedACLCache.java,ZOOKEEPER-2141,21,23,26,YES
25,src/java/main/org/apache/zookeeper/server/ReferenceCountedACLCache.java,ZOOKEEPER-2141,21,23,26,YES
21,src/java/main/org/apache/zookeeper/server/DataTree.java,ZOOKEEPER-2141,21,23,26,YES
22,src/java/main/org/apache/zookeeper/server/DataTree.java,ZOOKEEPER-2141,21,23,26,YES
23,src/java/main/org/apache/zookeeper/server/DataTree.java,ZOOKEEPER-2141,21,23,26,YES
24,src/java/main/org/apache/zookeeper/server/DataTree.java,ZOOKEEPER-2141,21,23,26,YES
25,src/java/main/org/apache/zookeeper/server/DataTree.java,ZOOKEEPER-2141,21,23,26,YES
21,src/java/main/org/apache/zookeeper/server/FinalRequestProcessor.java,ZOOKEEPER-2141,21,23,26,YES
22,src/java/main/org/apache/zookeeper/server/FinalRequestProcessor.java,ZOOKEEPER-2141,21,23,26,YES
23,src/java/main/org/apache/zookeeper/server/FinalRequestProcessor.java,ZOOKEEPER-2141,21,23,26,YES
24,src/java/main/org/apache/zookeeper/server/FinalRequestProcessor.java,ZOOKEEPER-2141,21,23,26,YES
25,src/java/main/org/apache/zookeeper/server/FinalRequestProcessor.java,ZOOKEEPER-2141,21,23,26,YES
21,src/java/main/org/apache/zookeeper/server/PrepRequestProcessor.java,ZOOKEEPER-2141,21,23,26,YES
22,src/java/main/org/apache/zookeeper/server/PrepRequestProcessor.java,ZOOKEEPER-2141,21,23,26,YES
23,src/java/main/org/apache/zookeeper/server/PrepRequestProcessor.java,ZOOKEEPER-2141,21,23,26,YES
24,src/java/main/org/apache/zookeeper/server/PrepRequestProcessor.java,ZOOKEEPER-2141,21,23,26,YES
25,src/java/main/org/apache/zookeeper/server/PrepRequestProcessor.java,ZOOKEEPER-2141,21,23,26,YES
21,src/java/main/org/apache/zookeeper/server/ReferenceCountedACLCache.java,ZOOKEEPER-2141,21,23,26,YES
22,src/java/main/org/apache/zookeeper/server/ReferenceCountedACLCache.java,ZOOKEEPER-2141,21,23,26,YES
23,src/java/main/org/apache/zookeeper/server/ReferenceCountedACLCache.java,ZOOKEEPER-2141,21,23,26,YES
24,src/java/main/org/apache/zookeeper/server/ReferenceCountedACLCache.java,ZOOKEEPER-2141,21,23,26,YES
25,src/java/main/org/apache/zookeeper/server/ReferenceCountedACLCache.java,ZOOKEEPER-2141,21,23,26,YES
21,src/java/main/org/apache/zookeeper/server/ZKDatabase.java,ZOOKEEPER-2141,21,23,26,YES
22,src/java/main/org/apache/zookeeper/server/ZKDatabase.java,ZOOKEEPER-2141,21,23,26,YES
23,src/java/main/org/apache/zookeeper/server/ZKDatabase.java,ZOOKEEPER-2141,21,23,26,YES
24,src/java/main/org/apache/zookeeper/server/ZKDatabase.java,ZOOKEEPER-2141,21,23,26,YES
25,src/java/main/org/apache/zookeeper/server/ZKDatabase.java,ZOOKEEPER-2141,21,23,26,YES
5,src/java/main/org/apache/zookeeper/server/quorum/Leader.java,ZOOKEEPER-1294,5,12,16,YES
6,src/java/main/org/apache/zookeeper/server/quorum/Leader.java,ZOOKEEPER-1294,5,12,16,YES
7,src/java/main/org/apache/zookeeper/server/quorum/Leader.java,ZOOKEEPER-1294,5,12,16,YES
8,src/java/main/org/apache/zookeeper/server/quorum/Leader.java,ZOOKEEPER-1294,5,12,16,YES
9,src/java/main/org/apache/zookeeper/server/quorum/Leader.java,ZOOKEEPER-1294,5,12,16,YES
10,src/java/main/org/apache/zookeeper/server/quorum/Leader.java,ZOOKEEPER-1294,5,12,16,YES
11,src/java/main/org/apache/zookeeper/server/quorum/Leader.java,ZOOKEEPER-1294,5,12,16,YES
12,src/java/main/org/apache/zookeeper/server/quorum/Leader.java,ZOOKEEPER-1294,5,12,16,YES
13,src/java/main/org/apache/zookeeper/server/quorum/Leader.java,ZOOKEEPER-1294,5,12,16,YES
14,src/java/main/org/apache/zookeeper/server/quorum/Leader.java,ZOOKEEPER-1294,5,12,16,YES
15,src/java/main/org/apache/zookeeper/server/quorum/Leader.java,ZOOKEEPER-1294,5,12,16,YES
10,src/java/main/org/apache/zookeeper/server/quorum/QuorumPeer.java,ZOOKEEPER-1052,10,12,13,YES
11,src/java/main/org/apache/zookeeper/server/quorum/QuorumPeer.java,ZOOKEEPER-1052,10,12,13,YES
12,src/java/main/org/apache/zookeeper/server/quorum/QuorumPeer.java,ZOOKEEPER-1052,10,12,13,YES
52,zookeeper-server/src/main/java/org/apache/zookeeper/server/quorum/FastLeaderElection.java,ZOOKEEPER-4787,52,55,58,YES
53,zookeeper-server/src/main/java/org/apache/zookeeper/server/quorum/FastLeaderElection.java,ZOOKEEPER-4787,52,55,58,YES
54,zookeeper-server/src/main/java/org/apache/zookeeper/server/quorum/FastLeaderElection.java,ZOOKEEPER-4787,52,55,58,YES
55,zookeeper-server/src/main/java/org/apache/zookeeper/server/quorum/FastLeaderElection.java,ZOOKEEPER-4787,52,55,58,YES
56,zookeeper-server/src/main/java/org/apache/zookeeper/server/quorum/FastLeaderElection.java,ZOOKEEPER-4787,52,55,58,YES
57,zookeeper-server/src/main/java/org/apache/zookeeper/server/quorum/FastLeaderElection.java,ZOOKEEPER-4787,52,55,58,YES
52,zookeeper-server/src/main/java/org/apache/zookeeper/server/quorum/QuorumCnxManager.java,ZOOKEEPER-4787,52,55,58,YES
53,zookeeper-server/src/main/java/org/apache/zookeeper/server/quorum/QuorumCnxManager.java,ZOOKEEPER-4787,52,55,58,YES
54,zookeeper-server/src/main/java/org/apache/zookeeper/server/quorum/QuorumCnxManager.java,ZOOKEEPER-4787,52,55,58,YES
55,zookeeper-server/src/main/java/org/apache/zookeeper/server/quorum/QuorumCnxManager.java,ZOOKEEPER-4787,52,55,58,YES
56,zookeeper-server/src/main/java/org/apache/zookeeper/server/quorum/QuorumCnxManager.java,ZOOKEEPER-4787,52,55,58,YES
57,zookeeper-server/src/main/java/org/apache/zookeeper/server/quorum/QuorumCnxManager.java,ZOOKEEPER-4787,52,55,58,YES
36,zookeeper-server/src/main/java/org/apache/zookeeper/server/quorum/Learner.java,ZOOKEEPER-3698,36,37,38,YES
37,zookeeper-server/src/main/java/org/apache/zookeeper/server/quorum/Learner.java,ZOOKEEPER-3698,36,37,38,YES
36,zookeeper-server/src/main/java/org/apache/zookeeper/server/quorum/MultipleAddresses.java,ZOOKEEPER-3698,36,37,38,YES
37,zookeeper-server/src/main/java/org/apache/zookeeper/server/quorum/MultipleAddresses.java,ZOOKEEPER-3698,36,37,38,YES
36,zookeeper-server/src/main/java/org/apache/zookeeper/server/quorum/Learner.java,ZOOKEEPER-3698,36,37,38,YES
37,zookeeper-server/src/main/java/org/apache/zookeeper/server/quorum/Learner.java,ZOOKEEPER-3698,36,37,38,YES
36,zookeeper-server/src/main/java/org/apache/zookeeper/server/quorum/MultipleAddresses.java,ZOOKEEPER-3698,36,37,38,YES
37,zookeeper-server/src/main/java/org/apache/zookeeper/server/quorum/MultipleAddresses.java,ZOOKEEPER-3698,36,37,38,YES
36,zookeeper-server/src/main/java/org/apache/zookeeper/server/quorum/QuorumCnxManager.java,ZOOKEEPER-3698,36,37,38,YES
37,zookeeper-server/src/main/java/org/apache/zookeeper/server/quorum/QuorumCnxManager.java,ZOOKEEPER-3698,36,37,38,YES
36,zookeeper-server/src/main/java/org/apache/zookeeper/server/quorum/QuorumPeer.java,ZOOKEEPER-3698,36,37,38,YES
37,zookeeper-server/src/main/java/org/apache/zookeeper/server/quorum/QuorumPeer.java,ZOOKEEPER-3698,36,37,38,YES
36,zookeeper-server/src/main/java/org/apache/zookeeper/server/quorum/QuorumPeerConfig.java,ZOOKEEPER-3698,36,37,38,YES
37,zookeeper-server/src/main/java/org/apache/zookeeper/server/quorum/QuorumPeerConfig.java,ZOOKEEPER-3698,36,37,38,YES
36,zookeeper-server/src/main/java/org/apache/zookeeper/server/quorum/QuorumPeerMain.java,ZOOKEEPER-3698,36,37,38,YES
37,zookeeper-server/src/main/java/org/apache/zookeeper/server/quorum/QuorumPeerMain.java,ZOOKEEPER-3698,36,37,38,YES
22,src/java/main/org/apache/zookeeper/server/NIOServerCnxnFactory.java,ZOOKEEPER-2366,22,25,26,YES
23,src/java/main/org/apache/zookeeper/server/NIOServerCnxnFactory.java,ZOOKEEPER-2366,22,25,26,YES
24,src/java/main/org/apache/zookeeper/server/NIOServerCnxnFactory.java,ZOOKEEPER-2366,22,25,26,YES
25,src/java/main/org/apache/zookeeper/server/NIOServerCnxnFactory.java,ZOOKEEPER-2366,22,25,26,YES
22,src/java/main/org/apache/zookeeper/server/NettyServerCnxnFactory.java,ZOOKEEPER-2366,22,25,26,YES
23,src/java/main/org/apache/zookeeper/server/NettyServerCnxnFactory.java,ZOOKEEPER-2366,22,25,26,YES
24,src/java/main/org/apache/zookeeper/server/NettyServerCnxnFactory.java,ZOOKEEPER-2366,22,25,26,YES
25,src/java/main/org/apache/zookeeper/server/NettyServerCnxnFactory.java,ZOOKEEPER-2366,22,25,26,YES
22,src/java/main/org/apache/zookeeper/server/quorum/Leader.java,ZOOKEEPER-2366,22,25,26,YES
23,src/java/main/org/apache/zookeeper/server/quorum/Leader.java,ZOOKEEPER-2366,22,25,26,YES
24,src/java/main/org/apache/zookeeper/server/quorum/Leader.java,ZOOKEEPER-2366,22,25,26,YES
25,src/java/main/org/apache/zookeeper/server/quorum/Leader.java,ZOOKEEPER-2366,22,25,26,YES
22,src/java/main/org/apache/zookeeper/server/quorum/QuorumPeer.java,ZOOKEEPER-2366,22,25,26,YES
23,src/java/main/org/apache/zookeeper/server/quorum/QuorumPeer.java,ZOOKEEPER-2366,22,25,26,YES
24,src/java/main/org/apache/zookeeper/server/quorum/QuorumPeer.java,ZOOKEEPER-2366,22,25,26,YES
25,src/java/main/org/apache/zookeeper/server/quorum/QuorumPeer.java,ZOOKEEPER-2366,22,25,26,YES
11,src/java/main/org/apache/zookeeper/server/PrepRequestProcessor.java,ZOOKEEPER-1277,11,12,17,YES
12,src/java/main/org/apache/zookeeper/server/PrepRequestProcessor.java,ZOOKEEPER-1277,11,12,17,YES
13,src/java/main/org/apache/zookeeper/server/PrepRequestProcessor.java,ZOOKEEPER-1277,11,12,17,YES
14,src/java/main/org/apache/zookeeper/server/PrepRequestProcessor.java,ZOOKEEPER-1277,11,12,17,YES
15,src/java/main/org/apache/zookeeper/server/PrepRequestProcessor.java,ZOOKEEPER-1277,11,12,17,YES
16,src/java/main/org/apache/zookeeper/server/PrepRequestProcessor.java,ZOOKEEPER-1277,11,12,17,YES
11,src/java/main/org/apache/zookeeper/server/RequestProcessor.java,ZOOKEEPER-1277,11,12,17,YES
12,src/java/main/org/apache/zookeeper/server/RequestProcessor.java,ZOOKEEPER-1277,11,12,17,YES
13,src/java/main/org/apache/zookeeper/server/RequestProcessor.java,ZOOKEEPER-1277,11,12,17,YES
14,src/java/main/org/apache/zookeeper/server/RequestProcessor.java,ZOOKEEPER-1277,11,12,17,YES
15,src/java/main/org/apache/zookeeper/server/RequestProcessor.java,ZOOKEEPER-1277,11,12,17,YES
16,src/java/main/org/apache/zookeeper/server/RequestProcessor.java,ZOOKEEPER-1277,11,12,17,YES
11,src/java/main/org/apache/zookeeper/server/SyncRequestProcessor.java,ZOOKEEPER-1277,11,12,17,YES
12,src/java/main/org/apache/zookeeper/server/SyncRequestProcessor.java,ZOOKEEPER-1277,11,12,17,YES
13,src/java/main/org/apache/zookeeper/server/SyncRequestProcessor.java,ZOOKEEPER-1277,11,12,17,YES
14,src/java/main/org/apache/zookeeper/server/SyncRequestProcessor.java,ZOOKEEPER-1277,11,12,17,YES
15,src/java/main/org/apache/zookeeper/server/SyncRequestProcessor.java,ZOOKEEPER-1277,11,12,17,YES
16,src/java/main/org/apache/zookeeper/server/SyncRequestProcessor.java,ZOOKEEPER-1277,11,12,17,YES
11,src/java/main/org/apache/zookeeper/server/ZooKeeperServer.java,ZOOKEEPER-1277,11,12,17,YES
12,src/java/main/org/apache/zookeeper/server/ZooKeeperServer.java,ZOOKEEPER-1277,11,12,17,YES
13,src/java/main/org/apache/zookeeper/server/ZooKeeperServer.java,ZOOKEEPER-1277,11,12,17,YES
14,src/java/main/org/apache/zookeeper/server/ZooKeeperServer.java,ZOOKEEPER-1277,11,12,17,YES
15,src/java/main/org/apache/zookeeper/server/ZooKeeperServer.java,ZOOKEEPER-1277,11,12,17,YES
16,src/java/main/org/apache/zookeeper/server/ZooKeeperServer.java,ZOOKEEPER-1277,11,12,17,YES
11,src/java/main/org/apache/zookeeper/server/quorum/Leader.java,ZOOKEEPER-1277,11,12,17,YES
12,src/java/main/org/apache/zookeeper/server/quorum/Leader.java,ZOOKEEPER-1277,11,12,17,YES
13,src/java/main/org/apache/zookeeper/server/quorum/Leader.java,ZOOKEEPER-1277,11,12,17,YES
14,src/java/main/org/apache/zookeeper/server/quorum/Leader.java,ZOOKEEPER-1277,11,12,17,YES
15,src/java/main/org/apache/zookeeper/server/quorum/Leader.java,ZOOKEEPER-1277,11,12,17,YES
16,src/java/main/org/apache/zookeeper/server/quorum/Leader.java,ZOOKEEPER-1277,11,12,17,YES
11,src/java/main/org/apache/zookeeper/server/quorum/ProposalRequestProcessor.java,ZOOKEEPER-1277,11,12,17,YES
12,src/java/main/org/apache/zookeeper/server/quorum/ProposalRequestProcessor.java,ZOOKEEPER-1277,11,12,17,YES
13,src/java/main/org/apache/zookeeper/server/quorum/ProposalRequestProcessor.java,ZOOKEEPER-1277,11,12,17,YES
14,src/java/main/org/apache/zookeeper/server/quorum/ProposalRequestProcessor.java,ZOOKEEPER-1277,11,12,17,YES
15,src/java/main/org/apache/zookeeper/server/quorum/ProposalRequestProcessor.java,ZOOKEEPER-1277,11,12,17,YES
16,src/java/main/org/apache/zookeeper/server/quorum/ProposalRequestProcessor.java,ZOOKEEPER-1277,11,12,17,YES
11,src/java/main/org/apache/zookeeper/server/quorum/ReadOnlyRequestProcessor.java,ZOOKEEPER-1277,11,12,17,YES
12,src/java/main/org/apache/zookeeper/server/quorum/ReadOnlyRequestProcessor.java,ZOOKEEPER-1277,11,12,17,YES
13,src/java/main/org/apache/zookeeper/server/quorum/ReadOnlyRequestProcessor.java,ZOOKEEPER-1277,11,12,17,YES
14,src/java/main/org/apache/zookeeper/server/quorum/ReadOnlyRequestProcessor.java,ZOOKEEPER-1277,11,12,17,YES
15,src/java/main/org/apache/zookeeper/server/quorum/ReadOnlyRequestProcessor.java,ZOOKEEPER-1277,11,12,17,YES
16,src/java/main/org/apache/zookeeper/server/quorum/ReadOnlyRequestProcessor.java,ZOOKEEPER-1277,11,12,17,YES
45,zookeeper-server/src/main/java/org/apache/zookeeper/server/quorum/FastLeaderElection.java,ZOOKEEPER-4785,45,55,57,YES
46,zookeeper-server/src/main/java/org/apache/zookeeper/server/quorum/FastLeaderElection.java,ZOOKEEPER-4785,45,55,57,YES
47,zookeeper-server/src/main/java/org/apache/zookeeper/server/quorum/FastLeaderElection.java,ZOOKEEPER-4785,45,55,57,YES
48,zookeeper-server/src/main/java/org/apache/zookeeper/server/quorum/FastLeaderElection.java,ZOOKEEPER-4785,45,55,57,YES
49,zookeeper-server/src/main/java/org/apache/zookeeper/server/quorum/FastLeaderElection.java,ZOOKEEPER-4785,45,55,57,YES
50,zookeeper-server/src/main/java/org/apache/zookeeper/server/quorum/FastLeaderElection.java,ZOOKEEPER-4785,45,55,57,YES
51,zookeeper-server/src/main/java/org/apache/zookeeper/server/quorum/FastLeaderElection.java,ZOOKEEPER-4785,45,55,57,YES
52,zookeeper-server/src/main/java/org/apache/zookeeper/server/quorum/FastLeaderElection.java,ZOOKEEPER-4785,45,55,57,YES
53,zookeeper-server/src/main/java/org/apache/zookeeper/server/quorum/FastLeaderElection.java,ZOOKEEPER-4785,45,55,57,YES
54,zookeeper-server/src/main/java/org/apache/zookeeper/server/quorum/FastLeaderElection.java,ZOOKEEPER-4785,45,55,57,YES
55,zookeeper-server/src/main/java/org/apache/zookeeper/server/quorum/FastLeaderElection.java,ZOOKEEPER-4785,45,55,57,YES
56,zookeeper-server/src/main/java/org/apache/zookeeper/server/quorum/FastLeaderElection.java,ZOOKEEPER-4785,45,55,57,YES
45,zookeeper-server/src/main/java/org/apache/zookeeper/server/quorum/FollowerZooKeeperServer.java,ZOOKEEPER-4785,45,55,57,YES
46,zookeeper-server/src/main/java/org/apache/zookeeper/server/quorum/FollowerZooKeeperServer.java,ZOOKEEPER-4785,45,55,57,YES
47,zookeeper-server/src/main/java/org/apache/zookeeper/server/quorum/FollowerZooKeeperServer.java,ZOOKEEPER-4785,45,55,57,YES
48,zookeeper-server/src/main/java/org/apache/zookeeper/server/quorum/FollowerZooKeeperServer.java,ZOOKEEPER-4785,45,55,57,YES
49,zookeeper-server/src/main/java/org/apache/zookeeper/server/quorum/FollowerZooKeeperServer.java,ZOOKEEPER-4785,45,55,57,YES
50,zookeeper-server/src/main/java/org/apache/zookeeper/server/quorum/FollowerZooKeeperServer.java,ZOOKEEPER-4785,45,55,57,YES
51,zookeeper-server/src/main/java/org/apache/zookeeper/server/quorum/FollowerZooKeeperServer.java,ZOOKEEPER-4785,45,55,57,YES
52,zookeeper-server/src/main/java/org/apache/zookeeper/server/quorum/FollowerZooKeeperServer.java,ZOOKEEPER-4785,45,55,57,YES
53,zookeeper-server/src/main/java/org/apache/zookeeper/server/quorum/FollowerZooKeeperServer.java,ZOOKEEPER-4785,45,55,57,YES
54,zookeeper-server/src/main/java/org/apache/zookeeper/server/quorum/FollowerZooKeeperServer.java,ZOOKEEPER-4785,45,55,57,YES
55,zookeeper-server/src/main/java/org/apache/zookeeper/server/quorum/FollowerZooKeeperServer.java,ZOOKEEPER-4785,45,55,57,YES
56,zookeeper-server/src/main/java/org/apache/zookeeper/server/quorum/FollowerZooKeeperServer.java,ZOOKEEPER-4785,45,55,57,YES
45,zookeeper-server/src/main/java/org/apache/zookeeper/server/quorum/Learner.java,ZOOKEEPER-4785,45,55,57,YES
46,zookeeper-server/src/main/java/org/apache/zookeeper/server/quorum/Learner.java,ZOOKEEPER-4785,45,55,57,YES
47,zookeeper-server/src/main/java/org/apache/zookeeper/server/quorum/Learner.java,ZOOKEEPER-4785,45,55,57,YES
48,zookeeper-server/src/main/java/org/apache/zookeeper/server/quorum/Learner.java,ZOOKEEPER-4785,45,55,57,YES
49,zookeeper-server/src/main/java/org/apache/zookeeper/server/quorum/Learner.java,ZOOKEEPER-4785,45,55,57,YES
50,zookeeper-server/src/main/java/org/apache/zookeeper/server/quorum/Learner.java,ZOOKEEPER-4785,45,55,57,YES
51,zookeeper-server/src/main/java/org/apache/zookeeper/server/quorum/Learner.java,ZOOKEEPER-4785,45,55,57,YES
52,zookeeper-server/src/main/java/org/apache/zookeeper/server/quorum/Learner.java,ZOOKEEPER-4785,45,55,57,YES
53,zookeeper-server/src/main/java/org/apache/zookeeper/server/quorum/Learner.java,ZOOKEEPER-4785,45,55,57,YES
54,zookeeper-server/src/main/java/org/apache/zookeeper/server/quorum/Learner.java,ZOOKEEPER-4785,45,55,57,YES
55,zookeeper-server/src/main/java/org/apache/zookeeper/server/quorum/Learner.java,ZOOKEEPER-4785,45,55,57,YES
56,zookeeper-server/src/main/java/org/apache/zookeeper/server/quorum/Learner.java,ZOOKEEPER-4785,45,55,57,YES
45,zookeeper-server/src/main/java/org/apache/zookeeper/server/auth/ProviderRegistry.java,ZOOKEEPER-4549,45,47,48,YES
46,zookeeper-server/src/main/java/org/apache/zookeeper/server/auth/ProviderRegistry.java,ZOOKEEPER-4549,45,47,48,YES
47,zookeeper-server/src/main/java/org/apache/zookeeper/server/auth/ProviderRegistry.java,ZOOKEEPER-4549,45,47,48,YES
45,zookeeper-server/src/main/java/org/apache/zookeeper/server/auth/ProviderRegistry.java,ZOOKEEPER-4549,45,47,48,YES
46,zookeeper-server/src/main/java/org/apache/zookeeper/server/auth/ProviderRegistry.java,ZOOKEEPER-4549,45,47,48,YES
47,zookeeper-server/src/main/java/org/apache/zookeeper/server/auth/ProviderRegistry.java,ZOOKEEPER-4549,45,47,48,YES
34,zookeeper-server/src/main/java/org/apache/zookeeper/server/quorum/FastLeaderElection.java,ZOOKEEPER-3218,34,34,35,YES
43,zookeeper-server/src/main/java/org/apache/zookeeper/server/quorum/QuorumCnxManager.java,ZOOKEEPER-4309,43,45,46,YES
44,zookeeper-server/src/main/java/org/apache/zookeeper/server/quorum/QuorumCnxManager.java,ZOOKEEPER-4309,43,45,46,YES
45,zookeeper-server/src/main/java/org/apache/zookeeper/server/quorum/QuorumCnxManager.java,ZOOKEEPER-4309,43,45,46,YES
45,zookeeper-server/src/main/java/org/apache/zookeeper/server/ZooKeeperServer.java,ZOOKEEPER-4308,45,45,48,YES
46,zookeeper-server/src/main/java/org/apache/zookeeper/server/ZooKeeperServer.java,ZOOKEEPER-4308,45,45,48,YES
47,zookeeper-server/src/main/java/org/apache/zookeeper/server/ZooKeeperServer.java,ZOOKEEPER-4308,45,45,48,YES
6,src/contrib/bookkeeper/src/java/org/apache/bookkeeper/util/ClientBase.java,ZOOKEEPER-623,6,7,8,YES
7,src/contrib/bookkeeper/src/java/org/apache/bookkeeper/util/ClientBase.java,ZOOKEEPER-623,6,7,8,YES
6,src/contrib/bookkeeper/src/java/org/apache/bookkeeper/util/LocalBookKeeper.java,ZOOKEEPER-623,6,7,8,YES
7,src/contrib/bookkeeper/src/java/org/apache/bookkeeper/util/LocalBookKeeper.java,ZOOKEEPER-623,6,7,8,YES
6,src/java/main/org/apache/zookeeper/ZooKeeperMain.java,ZOOKEEPER-626,6,8,9,YES
7,src/java/main/org/apache/zookeeper/ZooKeeperMain.java,ZOOKEEPER-626,6,8,9,YES
8,src/java/main/org/apache/zookeeper/ZooKeeperMain.java,ZOOKEEPER-626,6,8,9,YES
23,src/java/main/org/apache/zookeeper/server/quorum/Learner.java,ZOOKEEPER-2355,23,25,30,YES
24,src/java/main/org/apache/zookeeper/server/quorum/Learner.java,ZOOKEEPER-2355,23,25,30,YES
25,src/java/main/org/apache/zookeeper/server/quorum/Learner.java,ZOOKEEPER-2355,23,25,30,YES
26,src/java/main/org/apache/zookeeper/server/quorum/Learner.java,ZOOKEEPER-2355,23,25,30,YES
27,src/java/main/org/apache/zookeeper/server/quorum/Learner.java,ZOOKEEPER-2355,23,25,30,YES
28,src/java/main/org/apache/zookeeper/server/quorum/Learner.java,ZOOKEEPER-2355,23,25,30,YES
29,src/java/main/org/apache/zookeeper/server/quorum/Learner.java,ZOOKEEPER-2355,23,25,30,YES
21,src/java/main/org/apache/zookeeper/ClientCnxn.java,ZOOKEEPER-2111,21,23,24,YES
22,src/java/main/org/apache/zookeeper/ClientCnxn.java,ZOOKEEPER-2111,21,23,24,YES
23,src/java/main/org/apache/zookeeper/ClientCnxn.java,ZOOKEEPER-2111,21,23,24,YES
11,src/java/main/org/apache/zookeeper/server/quorum/Leader.java,ZOOKEEPER-1264,11,12,13,YES
12,src/java/main/org/apache/zookeeper/server/quorum/Leader.java,ZOOKEEPER-1264,11,12,13,YES
11,src/java/main/org/apache/zookeeper/server/quorum/Learner.java,ZOOKEEPER-1264,11,12,13,YES
12,src/java/main/org/apache/zookeeper/server/quorum/Learner.java,ZOOKEEPER-1264,11,12,13,YES
12,src/java/main/org/apache/zookeeper/server/quorum/CommitProcessor.java,ZOOKEEPER-1265,12,12,13,YES
12,src/java/main/org/apache/zookeeper/server/quorum/FollowerRequestProcessor.java,ZOOKEEPER-1265,12,12,13,YES
12,src/java/main/org/apache/zookeeper/server/quorum/ObserverRequestProcessor.java,ZOOKEEPER-1265,12,12,13,YES
12,src/java/main/org/apache/zookeeper/server/quorum/ReadOnlyRequestProcessor.java,ZOOKEEPER-1265,12,12,13,YES
44,zookeeper-server/src/main/java/org/apache/zookeeper/server/quorum/CommitProcessor.java,ZOOKEEPER-4537,44,46,47,YES
45,zookeeper-server/src/main/java/org/apache/zookeeper/server/quorum/CommitProcessor.java,ZOOKEEPER-4537,44,46,47,YES
46,zookeeper-server/src/main/java/org/apache/zookeeper/server/quorum/CommitProcessor.java,ZOOKEEPER-4537,44,46,47,YES
12,src/java/main/org/apache/zookeeper/server/quorum/QuorumPeer.java,ZOOKEEPER-1268,12,12,13,YES
12,src/java/main/org/apache/zookeeper/server/DataTree.java,ZOOKEEPER-1269,12,12,14,YES
13,src/java/main/org/apache/zookeeper/server/DataTree.java,ZOOKEEPER-1269,12,12,14,YES
12,src/java/main/org/apache/zookeeper/server/persistence/FileTxnSnapLog.java,ZOOKEEPER-1269,12,12,14,YES
13,src/java/main/org/apache/zookeeper/server/persistence/FileTxnSnapLog.java,ZOOKEEPER-1269,12,12,14,YES
9,src/contrib/bookkeeper/src/java/org/apache/bookkeeper/util/LocalBookKeeper.java,ZOOKEEPER-854,9,10,11,YES
10,src/contrib/bookkeeper/src/java/org/apache/bookkeeper/util/LocalBookKeeper.java,ZOOKEEPER-854,9,10,11,YES
4,src/java/main/org/apache/zookeeper/server/NIOServerCnxn.java,ZOOKEEPER-611,4,7,8,YES
5,src/java/main/org/apache/zookeeper/server/NIOServerCnxn.java,ZOOKEEPER-611,4,7,8,YES
6,src/java/main/org/apache/zookeeper/server/NIOServerCnxn.java,ZOOKEEPER-611,4,7,8,YES
7,src/java/main/org/apache/zookeeper/server/NIOServerCnxn.java,ZOOKEEPER-611,4,7,8,YES
4,src/java/main/org/apache/zookeeper/server/NIOServerCnxn.java,ZOOKEEPER-611,4,7,8,YES
5,src/java/main/org/apache/zookeeper/server/NIOServerCnxn.java,ZOOKEEPER-611,4,7,8,YES
6,src/java/main/org/apache/zookeeper/server/NIOServerCnxn.java,ZOOKEEPER-611,4,7,8,YES
7,src/java/main/org/apache/zookeeper/server/NIOServerCnxn.java,ZOOKEEPER-611,4,7,8,YES
12,src/java/main/org/apache/zookeeper/server/quorum/Leader.java,ZOOKEEPER-1270,12,12,13,YES
12,src/java/main/org/apache/zookeeper/ClientCnxnSocketNIO.java,ZOOKEEPER-1271,12,12,13,YES
6,src/java/main/org/apache/zookeeper/server/NIOServerCnxn.java,ZOOKEEPER-614,6,7,8,YES
7,src/java/main/org/apache/zookeeper/server/NIOServerCnxn.java,ZOOKEEPER-614,6,7,8,YES
5,src/java/main/org/apache/zookeeper/ZooKeeper.java,ZOOKEEPER-615,5,7,8,YES
6,src/java/main/org/apache/zookeeper/ZooKeeper.java,ZOOKEEPER-615,5,7,8,YES
7,src/java/main/org/apache/zookeeper/ZooKeeper.java,ZOOKEEPER-615,5,7,8,YES
15,src/java/main/org/apache/zookeeper/server/UnimplementedRequestProcessor.java,ZOOKEEPER-1495,15,18,21,YES
16,src/java/main/org/apache/zookeeper/server/UnimplementedRequestProcessor.java,ZOOKEEPER-1495,15,18,21,YES
17,src/java/main/org/apache/zookeeper/server/UnimplementedRequestProcessor.java,ZOOKEEPER-1495,15,18,21,YES
18,src/java/main/org/apache/zookeeper/server/UnimplementedRequestProcessor.java,ZOOKEEPER-1495,15,18,21,YES
19,src/java/main/org/apache/zookeeper/server/UnimplementedRequestProcessor.java,ZOOKEEPER-1495,15,18,21,YES
20,src/java/main/org/apache/zookeeper/server/UnimplementedRequestProcessor.java,ZOOKEEPER-1495,15,18,21,YES
15,src/java/main/org/apache/zookeeper/server/ZooKeeperServer.java,ZOOKEEPER-1495,15,18,21,YES
16,src/java/main/org/apache/zookeeper/server/ZooKeeperServer.java,ZOOKEEPER-1495,15,18,21,YES
17,src/java/main/org/apache/zookeeper/server/ZooKeeperServer.java,ZOOKEEPER-1495,15,18,21,YES
18,src/java/main/org/apache/zookeeper/server/ZooKeeperServer.java,ZOOKEEPER-1495,15,18,21,YES
19,src/java/main/org/apache/zookeeper/server/ZooKeeperServer.java,ZOOKEEPER-1495,15,18,21,YES
20,src/java/main/org/apache/zookeeper/server/ZooKeeperServer.java,ZOOKEEPER-1495,15,18,21,YES
16,src/java/main/org/apache/zookeeper/server/SessionTrackerImpl.java,ZOOKEEPER-1496,16,18,19,YES
17,src/java/main/org/apache/zookeeper/server/SessionTrackerImpl.java,ZOOKEEPER-1496,16,18,19,YES
18,src/java/main/org/apache/zookeeper/server/SessionTrackerImpl.java,ZOOKEEPER-1496,16,18,19,YES
12,src/java/main/org/apache/zookeeper/server/quorum/QuorumPeer.java,ZOOKEEPER-1499,12,18,21,YES
13,src/java/main/org/apache/zookeeper/server/quorum/QuorumPeer.java,ZOOKEEPER-1499,12,18,21,YES
14,src/java/main/org/apache/zookeeper/server/quorum/QuorumPeer.java,ZOOKEEPER-1499,12,18,21,YES
15,src/java/main/org/apache/zookeeper/server/quorum/QuorumPeer.java,ZOOKEEPER-1499,12,18,21,YES
16,src/java/main/org/apache/zookeeper/server/quorum/QuorumPeer.java,ZOOKEEPER-1499,12,18,21,YES
17,src/java/main/org/apache/zookeeper/server/quorum/QuorumPeer.java,ZOOKEEPER-1499,12,18,21,YES
18,src/java/main/org/apache/zookeeper/server/quorum/QuorumPeer.java,ZOOKEEPER-1499,12,18,21,YES
19,src/java/main/org/apache/zookeeper/server/quorum/QuorumPeer.java,ZOOKEEPER-1499,12,18,21,YES
20,src/java/main/org/apache/zookeeper/server/quorum/QuorumPeer.java,ZOOKEEPER-1499,12,18,21,YES
9,src/java/main/org/apache/zookeeper/ClientCnxn.java,ZOOKEEPER-844,9,10,11,YES
10,src/java/main/org/apache/zookeeper/ClientCnxn.java,ZOOKEEPER-844,9,10,11,YES
9,src/java/main/org/apache/zookeeper/Watcher.java,ZOOKEEPER-844,9,10,11,YES
10,src/java/main/org/apache/zookeeper/Watcher.java,ZOOKEEPER-844,9,10,11,YES
6,src/java/main/org/apache/zookeeper/ClientCnxn.java,ZOOKEEPER-602,6,7,23,YES
7,src/java/main/org/apache/zookeeper/ClientCnxn.java,ZOOKEEPER-602,6,7,23,YES
8,src/java/main/org/apache/zookeeper/ClientCnxn.java,ZOOKEEPER-602,6,7,23,YES
9,src/java/main/org/apache/zookeeper/ClientCnxn.java,ZOOKEEPER-602,6,7,23,YES
10,src/java/main/org/apache/zookeeper/ClientCnxn.java,ZOOKEEPER-602,6,7,23,YES
11,src/java/main/org/apache/zookeeper/ClientCnxn.java,ZOOKEEPER-602,6,7,23,YES
12,src/java/main/org/apache/zookeeper/ClientCnxn.java,ZOOKEEPER-602,6,7,23,YES
13,src/java/main/org/apache/zookeeper/ClientCnxn.java,ZOOKEEPER-602,6,7,23,YES
14,src/java/main/org/apache/zookeeper/ClientCnxn.java,ZOOKEEPER-602,6,7,23,YES
15,src/java/main/org/apache/zookeeper/ClientCnxn.java,ZOOKEEPER-602,6,7,23,YES
16,src/java/main/org/apache/zookeeper/ClientCnxn.java,ZOOKEEPER-602,6,7,23,YES
17,src/java/main/org/apache/zookeeper/ClientCnxn.java,ZOOKEEPER-602,6,7,23,YES
18,src/java/main/org/apache/zookeeper/ClientCnxn.java,ZOOKEEPER-602,6,7,23,YES
19,src/java/main/org/apache/zookeeper/ClientCnxn.java,ZOOKEEPER-602,6,7,23,YES
20,src/java/main/org/apache/zookeeper/ClientCnxn.java,ZOOKEEPER-602,6,7,23,YES
21,src/java/main/org/apache/zookeeper/ClientCnxn.java,ZOOKEEPER-602,6,7,23,YES
22,src/java/main/org/apache/zookeeper/ClientCnxn.java,ZOOKEEPER-602,6,7,23,YES
6,src/java/main/org/apache/zookeeper/server/NIOServerCnxnFactory.java,ZOOKEEPER-602,6,7,23,YES
7,src/java/main/org/apache/zookeeper/server/NIOServerCnxnFactory.java,ZOOKEEPER-602,6,7,23,YES
8,src/java/main/org/apache/zookeeper/server/NIOServerCnxnFactory.java,ZOOKEEPER-602,6,7,23,YES
9,src/java/main/org/apache/zookeeper/server/NIOServerCnxnFactory.java,ZOOKEEPER-602,6,7,23,YES
10,src/java/main/org/apache/zookeeper/server/NIOServerCnxnFactory.java,ZOOKEEPER-602,6,7,23,YES
11,src/java/main/org/apache/zookeeper/server/NIOServerCnxnFactory.java,ZOOKEEPER-602,6,7,23,YES
12,src/java/main/org/apache/zookeeper/server/NIOServerCnxnFactory.java,ZOOKEEPER-602,6,7,23,YES
13,src/java/main/org/apache/zookeeper/server/NIOServerCnxnFactory.java,ZOOKEEPER-602,6,7,23,YES
14,src/java/main/org/apache/zookeeper/server/NIOServerCnxnFactory.java,ZOOKEEPER-602,6,7,23,YES
15,src/java/main/org/apache/zookeeper/server/NIOServerCnxnFactory.java,ZOOKEEPER-602,6,7,23,YES
16,src/java/main/org/apache/zookeeper/server/NIOServerCnxnFactory.java,ZOOKEEPER-602,6,7,23,YES
17,src/java/main/org/apache/zookeeper/server/NIOServerCnxnFactory.java,ZOOKEEPER-602,6,7,23,YES
18,src/java/main/org/apache/zookeeper/server/NIOServerCnxnFactory.java,ZOOKEEPER-602,6,7,23,YES
19,src/java/main/org/apache/zookeeper/server/NIOServerCnxnFactory.java,ZOOKEEPER-602,6,7,23,YES
20,src/java/main/org/apache/zookeeper/server/NIOServerCnxnFactory.java,ZOOKEEPER-602,6,7,23,YES
21,src/java/main/org/apache/zookeeper/server/NIOServerCnxnFactory.java,ZOOKEEPER-602,6,7,23,YES
22,src/java/main/org/apache/zookeeper/server/NIOServerCnxnFactory.java,ZOOKEEPER-602,6,7,23,YES
6,src/java/main/org/apache/zookeeper/server/PrepRequestProcessor.java,ZOOKEEPER-602,6,7,23,YES
7,src/java/main/org/apache/zookeeper/server/PrepRequestProcessor.java,ZOOKEEPER-602,6,7,23,YES
8,src/java/main/org/apache/zookeeper/server/PrepRequestProcessor.java,ZOOKEEPER-602,6,7,23,YES
9,src/java/main/org/apache/zookeeper/server/PrepRequestProcessor.java,ZOOKEEPER-602,6,7,23,YES
10,src/java/main/org/apache/zookeeper/server/PrepRequestProcessor.java,ZOOKEEPER-602,6,7,23,YES
11,src/java/main/org/apache/zookeeper/server/PrepRequestProcessor.java,ZOOKEEPER-602,6,7,23,YES
12,src/java/main/org/apache/zookeeper/server/PrepRequestProcessor.java,ZOOKEEPER-602,6,7,23,YES
13,src/java/main/org/apache/zookeeper/server/PrepRequestProcessor.java,ZOOKEEPER-602,6,7,23,YES
14,src/java/main/org/apache/zookeeper/server/PrepRequestProcessor.java,ZOOKEEPER-602,6,7,23,YES
15,src/java/main/org/apache/zookeeper/server/PrepRequestProcessor.java,ZOOKEEPER-602,6,7,23,YES
16,src/java/main/org/apache/zookeeper/server/PrepRequestProcessor.java,ZOOKEEPER-602,6,7,23,YES
17,src/java/main/org/apache/zookeeper/server/PrepRequestProcessor.java,ZOOKEEPER-602,6,7,23,YES
18,src/java/main/org/apache/zookeeper/server/PrepRequestProcessor.java,ZOOKEEPER-602,6,7,23,YES
19,src/java/main/org/apache/zookeeper/server/PrepRequestProcessor.java,ZOOKEEPER-602,6,7,23,YES
20,src/java/main/org/apache/zookeeper/server/PrepRequestProcessor.java,ZOOKEEPER-602,6,7,23,YES
21,src/java/main/org/apache/zookeeper/server/PrepRequestProcessor.java,ZOOKEEPER-602,6,7,23,YES
22,src/java/main/org/apache/zookeeper/server/PrepRequestProcessor.java,ZOOKEEPER-602,6,7,23,YES
6,src/java/main/org/apache/zookeeper/server/SessionTrackerImpl.java,ZOOKEEPER-602,6,7,23,YES
7,src/java/main/org/apache/zookeeper/server/SessionTrackerImpl.java,ZOOKEEPER-602,6,7,23,YES
8,src/java/main/org/apache/zookeeper/server/SessionTrackerImpl.java,ZOOKEEPER-602,6,7,23,YES
9,src/java/main/org/apache/zookeeper/server/SessionTrackerImpl.java,ZOOKEEPER-602,6,7,23,YES
10,src/java/main/org/apache/zookeeper/server/SessionTrackerImpl.java,ZOOKEEPER-602,6,7,23,YES
11,src/java/main/org/apache/zookeeper/server/SessionTrackerImpl.java,ZOOKEEPER-602,6,7,23,YES
12,src/java/main/org/apache/zookeeper/server/SessionTrackerImpl.java,ZOOKEEPER-602,6,7,23,YES
13,src/java/main/org/apache/zookeeper/server/SessionTrackerImpl.java,ZOOKEEPER-602,6,7,23,YES
14,src/java/main/org/apache/zookeeper/server/SessionTrackerImpl.java,ZOOKEEPER-602,6,7,23,YES
15,src/java/main/org/apache/zookeeper/server/SessionTrackerImpl.java,ZOOKEEPER-602,6,7,23,YES
16,src/java/main/org/apache/zookeeper/server/SessionTrackerImpl.java,ZOOKEEPER-602,6,7,23,YES
17,src/java/main/org/apache/zookeeper/server/SessionTrackerImpl.java,ZOOKEEPER-602,6,7,23,YES
18,src/java/main/org/apache/zookeeper/server/SessionTrackerImpl.java,ZOOKEEPER-602,6,7,23,YES
19,src/java/main/org/apache/zookeeper/server/SessionTrackerImpl.java,ZOOKEEPER-602,6,7,23,YES
20,src/java/main/org/apache/zookeeper/server/SessionTrackerImpl.java,ZOOKEEPER-602,6,7,23,YES
21,src/java/main/org/apache/zookeeper/server/SessionTrackerImpl.java,ZOOKEEPER-602,6,7,23,YES
22,src/java/main/org/apache/zookeeper/server/SessionTrackerImpl.java,ZOOKEEPER-602,6,7,23,YES
6,src/java/main/org/apache/zookeeper/server/SyncRequestProcessor.java,ZOOKEEPER-602,6,7,23,YES
7,src/java/main/org/apache/zookeeper/server/SyncRequestProcessor.java,ZOOKEEPER-602,6,7,23,YES
8,src/java/main/org/apache/zookeeper/server/SyncRequestProcessor.java,ZOOKEEPER-602,6,7,23,YES
9,src/java/main/org/apache/zookeeper/server/SyncRequestProcessor.java,ZOOKEEPER-602,6,7,23,YES
10,src/java/main/org/apache/zookeeper/server/SyncRequestProcessor.java,ZOOKEEPER-602,6,7,23,YES
11,src/java/main/org/apache/zookeeper/server/SyncRequestProcessor.java,ZOOKEEPER-602,6,7,23,YES
12,src/java/main/org/apache/zookeeper/server/SyncRequestProcessor.java,ZOOKEEPER-602,6,7,23,YES
13,src/java/main/org/apache/zookeeper/server/SyncRequestProcessor.java,ZOOKEEPER-602,6,7,23,YES
14,src/java/main/org/apache/zookeeper/server/SyncRequestProcessor.java,ZOOKEEPER-602,6,7,23,YES
15,src/java/main/org/apache/zookeeper/server/SyncRequestProcessor.java,ZOOKEEPER-602,6,7,23,YES
16,src/java/main/org/apache/zookeeper/server/SyncRequestProcessor.java,ZOOKEEPER-602,6,7,23,YES
17,src/java/main/org/apache/zookeeper/server/SyncRequestProcessor.java,ZOOKEEPER-602,6,7,23,YES
18,src/java/main/org/apache/zookeeper/server/SyncRequestProcessor.java,ZOOKEEPER-602,6,7,23,YES
19,src/java/main/org/apache/zookeeper/server/SyncRequestProcessor.java,ZOOKEEPER-602,6,7,23,YES
20,src/java/main/org/apache/zookeeper/server/SyncRequestProcessor.java,ZOOKEEPER-602,6,7,23,YES
21,src/java/main/org/apache/zookeeper/server/SyncRequestProcessor.java,ZOOKEEPER-602,6,7,23,YES
22,src/java/main/org/apache/zookeeper/server/SyncRequestProcessor.java,ZOOKEEPER-602,6,7,23,YES
6,src/java/main/org/apache/zookeeper/server/WorkerService.java,ZOOKEEPER-602,6,7,23,YES
7,src/java/main/org/apache/zookeeper/server/WorkerService.java,ZOOKEEPER-602,6,7,23,YES
8,src/java/main/org/apache/zookeeper/server/WorkerService.java,ZOOKEEPER-602,6,7,23,YES
9,src/java/main/org/apache/zookeeper/server/WorkerService.java,ZOOKEEPER-602,6,7,23,YES
10,src/java/main/org/apache/zookeeper/server/WorkerService.java,ZOOKEEPER-602,6,7,23,YES
11,src/java/main/org/apache/zookeeper/server/WorkerService.java,ZOOKEEPER-602,6,7,23,YES
12,src/java/main/org/apache/zookeeper/server/WorkerService.java,ZOOKEEPER-602,6,7,23,YES
13,src/java/main/org/apache/zookeeper/server/WorkerService.java,ZOOKEEPER-602,6,7,23,YES
14,src/java/main/org/apache/zookeeper/server/WorkerService.java,ZOOKEEPER-602,6,7,23,YES
15,src/java/main/org/apache/zookeeper/server/WorkerService.java,ZOOKEEPER-602,6,7,23,YES
16,src/java/main/org/apache/zookeeper/server/WorkerService.java,ZOOKEEPER-602,6,7,23,YES
17,src/java/main/org/apache/zookeeper/server/WorkerService.java,ZOOKEEPER-602,6,7,23,YES
18,src/java/main/org/apache/zookeeper/server/WorkerService.java,ZOOKEEPER-602,6,7,23,YES
19,src/java/main/org/apache/zookeeper/server/WorkerService.java,ZOOKEEPER-602,6,7,23,YES
20,src/java/main/org/apache/zookeeper/server/WorkerService.java,ZOOKEEPER-602,6,7,23,YES
21,src/java/main/org/apache/zookeeper/server/WorkerService.java,ZOOKEEPER-602,6,7,23,YES
22,src/java/main/org/apache/zookeeper/server/WorkerService.java,ZOOKEEPER-602,6,7,23,YES
6,src/java/main/org/apache/zookeeper/server/ZooKeeperCriticalThread.java,ZOOKEEPER-602,6,7,23,YES
7,src/java/main/org/apache/zookeeper/server/ZooKeeperCriticalThread.java,ZOOKEEPER-602,6,7,23,YES
8,src/java/main/org/apache/zookeeper/server/ZooKeeperCriticalThread.java,ZOOKEEPER-602,6,7,23,YES
9,src/java/main/org/apache/zookeeper/server/ZooKeeperCriticalThread.java,ZOOKEEPER-602,6,7,23,YES
10,src/java/main/org/apache/zookeeper/server/ZooKeeperCriticalThread.java,ZOOKEEPER-602,6,7,23,YES
11,src/java/main/org/apache/zookeeper/server/ZooKeeperCriticalThread.java,ZOOKEEPER-602,6,7,23,YES
12,src/java/main/org/apache/zookeeper/server/ZooKeeperCriticalThread.java,ZOOKEEPER-602,6,7,23,YES
13,src/java/main/org/apache/zookeeper/server/ZooKeeperCriticalThread.java,ZOOKEEPER-602,6,7,23,YES
14,src/java/main/org/apache/zookeeper/server/ZooKeeperCriticalThread.java,ZOOKEEPER-602,6,7,23,YES
15,src/java/main/org/apache/zookeeper/server/ZooKeeperCriticalThread.java,ZOOKEEPER-602,6,7,23,YES
16,src/java/main/org/apache/zookeeper/server/ZooKeeperCriticalThread.java,ZOOKEEPER-602,6,7,23,YES
17,src/java/main/org/apache/zookeeper/server/ZooKeeperCriticalThread.java,ZOOKEEPER-602,6,7,23,YES
18,src/java/main/org/apache/zookeeper/server/ZooKeeperCriticalThread.java,ZOOKEEPER-602,6,7,23,YES
19,src/java/main/org/apache/zookeeper/server/ZooKeeperCriticalThread.java,ZOOKEEPER-602,6,7,23,YES
20,src/java/main/org/apache/zookeeper/server/ZooKeeperCriticalThread.java,ZOOKEEPER-602,6,7,23,YES
21,src/java/main/org/apache/zookeeper/server/ZooKeeperCriticalThread.java,ZOOKEEPER-602,6,7,23,YES
22,src/java/main/org/apache/zookeeper/server/ZooKeeperCriticalThread.java,ZOOKEEPER-602,6,7,23,YES
6,src/java/main/org/apache/zookeeper/server/ZooKeeperThread.java,ZOOKEEPER-602,6,7,23,YES
7,src/java/main/org/apache/zookeeper/server/ZooKeeperThread.java,ZOOKEEPER-602,6,7,23,YES
8,src/java/main/org/apache/zookeeper/server/ZooKeeperThread.java,ZOOKEEPER-602,6,7,23,YES
9,src/java/main/org/apache/zookeeper/server/ZooKeeperThread.java,ZOOKEEPER-602,6,7,23,YES
10,src/java/main/org/apache/zookeeper/server/ZooKeeperThread.java,ZOOKEEPER-602,6,7,23,YES
11,src/java/main/org/apache/zookeeper/server/ZooKeeperThread.java,ZOOKEEPER-602,6,7,23,YES
12,src/java/main/org/apache/zookeeper/server/ZooKeeperThread.java,ZOOKEEPER-602,6,7,23,YES
13,src/java/main/org/apache/zookeeper/server/ZooKeeperThread.java,ZOOKEEPER-602,6,7,23,YES
14,src/java/main/org/apache/zookeeper/server/ZooKeeperThread.java,ZOOKEEPER-602,6,7,23,YES
15,src/java/main/org/apache/zookeeper/server/ZooKeeperThread.java,ZOOKEEPER-602,6,7,23,YES
16,src/java/main/org/apache/zookeeper/server/ZooKeeperThread.java,ZOOKEEPER-602,6,7,23,YES
17,src/java/main/org/apache/zookeeper/server/ZooKeeperThread.java,ZOOKEEPER-602,6,7,23,YES
18,src/java/main/org/apache/zookeeper/server/ZooKeeperThread.java,ZOOKEEPER-602,6,7,23,YES
19,src/java/main/org/apache/zookeeper/server/ZooKeeperThread.java,ZOOKEEPER-602,6,7,23,YES
20,src/java/main/org/apache/zookeeper/server/ZooKeeperThread.java,ZOOKEEPER-602,6,7,23,YES
21,src/java/main/org/apache/zookeeper/server/ZooKeeperThread.java,ZOOKEEPER-602,6,7,23,YES
22,src/java/main/org/apache/zookeeper/server/ZooKeeperThread.java,ZOOKEEPER-602,6,7,23,YES
6,src/java/main/org/apache/zookeeper/server/quorum/AuthFastLeaderElection.java,ZOOKEEPER-602,6,7,23,YES
7,src/java/main/org/apache/zookeeper/server/quorum/AuthFastLeaderElection.java,ZOOKEEPER-602,6,7,23,YES
8,src/java/main/org/apache/zookeeper/server/quorum/AuthFastLeaderElection.java,ZOOKEEPER-602,6,7,23,YES
9,src/java/main/org/apache/zookeeper/server/quorum/AuthFastLeaderElection.java,ZOOKEEPER-602,6,7,23,YES
10,src/java/main/org/apache/zookeeper/server/quorum/AuthFastLeaderElection.java,ZOOKEEPER-602,6,7,23,YES
11,src/java/main/org/apache/zookeeper/server/quorum/AuthFastLeaderElection.java,ZOOKEEPER-602,6,7,23,YES
12,src/java/main/org/apache/zookeeper/server/quorum/AuthFastLeaderElection.java,ZOOKEEPER-602,6,7,23,YES
13,src/java/main/org/apache/zookeeper/server/quorum/AuthFastLeaderElection.java,ZOOKEEPER-602,6,7,23,YES
14,src/java/main/org/apache/zookeeper/server/quorum/AuthFastLeaderElection.java,ZOOKEEPER-602,6,7,23,YES
15,src/java/main/org/apache/zookeeper/server/quorum/AuthFastLeaderElection.java,ZOOKEEPER-602,6,7,23,YES
16,src/java/main/org/apache/zookeeper/server/quorum/AuthFastLeaderElection.java,ZOOKEEPER-602,6,7,23,YES
17,src/java/main/org/apache/zookeeper/server/quorum/AuthFastLeaderElection.java,ZOOKEEPER-602,6,7,23,YES
18,src/java/main/org/apache/zookeeper/server/quorum/AuthFastLeaderElection.java,ZOOKEEPER-602,6,7,23,YES
19,src/java/main/org/apache/zookeeper/server/quorum/AuthFastLeaderElection.java,ZOOKEEPER-602,6,7,23,YES
20,src/java/main/org/apache/zookeeper/server/quorum/AuthFastLeaderElection.java,ZOOKEEPER-602,6,7,23,YES
21,src/java/main/org/apache/zookeeper/server/quorum/AuthFastLeaderElection.java,ZOOKEEPER-602,6,7,23,YES
22,src/java/main/org/apache/zookeeper/server/quorum/AuthFastLeaderElection.java,ZOOKEEPER-602,6,7,23,YES
6,src/java/main/org/apache/zookeeper/server/quorum/CommitProcessor.java,ZOOKEEPER-602,6,7,23,YES
7,src/java/main/org/apache/zookeeper/server/quorum/CommitProcessor.java,ZOOKEEPER-602,6,7,23,YES
8,src/java/main/org/apache/zookeeper/server/quorum/CommitProcessor.java,ZOOKEEPER-602,6,7,23,YES
9,src/java/main/org/apache/zookeeper/server/quorum/CommitProcessor.java,ZOOKEEPER-602,6,7,23,YES
10,src/java/main/org/apache/zookeeper/server/quorum/CommitProcessor.java,ZOOKEEPER-602,6,7,23,YES
11,src/java/main/org/apache/zookeeper/server/quorum/CommitProcessor.java,ZOOKEEPER-602,6,7,23,YES
12,src/java/main/org/apache/zookeeper/server/quorum/CommitProcessor.java,ZOOKEEPER-602,6,7,23,YES
13,src/java/main/org/apache/zookeeper/server/quorum/CommitProcessor.java,ZOOKEEPER-602,6,7,23,YES
14,src/java/main/org/apache/zookeeper/server/quorum/CommitProcessor.java,ZOOKEEPER-602,6,7,23,YES
15,src/java/main/org/apache/zookeeper/server/quorum/CommitProcessor.java,ZOOKEEPER-602,6,7,23,YES
16,src/java/main/org/apache/zookeeper/server/quorum/CommitProcessor.java,ZOOKEEPER-602,6,7,23,YES
17,src/java/main/org/apache/zookeeper/server/quorum/CommitProcessor.java,ZOOKEEPER-602,6,7,23,YES
18,src/java/main/org/apache/zookeeper/server/quorum/CommitProcessor.java,ZOOKEEPER-602,6,7,23,YES
19,src/java/main/org/apache/zookeeper/server/quorum/CommitProcessor.java,ZOOKEEPER-602,6,7,23,YES
20,src/java/main/org/apache/zookeeper/server/quorum/CommitProcessor.java,ZOOKEEPER-602,6,7,23,YES
21,src/java/main/org/apache/zookeeper/server/quorum/CommitProcessor.java,ZOOKEEPER-602,6,7,23,YES
22,src/java/main/org/apache/zookeeper/server/quorum/CommitProcessor.java,ZOOKEEPER-602,6,7,23,YES
6,src/java/main/org/apache/zookeeper/server/quorum/FastLeaderElection.java,ZOOKEEPER-602,6,7,23,YES
7,src/java/main/org/apache/zookeeper/server/quorum/FastLeaderElection.java,ZOOKEEPER-602,6,7,23,YES
8,src/java/main/org/apache/zookeeper/server/quorum/FastLeaderElection.java,ZOOKEEPER-602,6,7,23,YES
9,src/java/main/org/apache/zookeeper/server/quorum/FastLeaderElection.java,ZOOKEEPER-602,6,7,23,YES
10,src/java/main/org/apache/zookeeper/server/quorum/FastLeaderElection.java,ZOOKEEPER-602,6,7,23,YES
11,src/java/main/org/apache/zookeeper/server/quorum/FastLeaderElection.java,ZOOKEEPER-602,6,7,23,YES
12,src/java/main/org/apache/zookeeper/server/quorum/FastLeaderElection.java,ZOOKEEPER-602,6,7,23,YES
13,src/java/main/org/apache/zookeeper/server/quorum/FastLeaderElection.java,ZOOKEEPER-602,6,7,23,YES
14,src/java/main/org/apache/zookeeper/server/quorum/FastLeaderElection.java,ZOOKEEPER-602,6,7,23,YES
15,src/java/main/org/apache/zookeeper/server/quorum/FastLeaderElection.java,ZOOKEEPER-602,6,7,23,YES
16,src/java/main/org/apache/zookeeper/server/quorum/FastLeaderElection.java,ZOOKEEPER-602,6,7,23,YES
17,src/java/main/org/apache/zookeeper/server/quorum/FastLeaderElection.java,ZOOKEEPER-602,6,7,23,YES
18,src/java/main/org/apache/zookeeper/server/quorum/FastLeaderElection.java,ZOOKEEPER-602,6,7,23,YES
19,src/java/main/org/apache/zookeeper/server/quorum/FastLeaderElection.java,ZOOKEEPER-602,6,7,23,YES
20,src/java/main/org/apache/zookeeper/server/quorum/FastLeaderElection.java,ZOOKEEPER-602,6,7,23,YES
21,src/java/main/org/apache/zookeeper/server/quorum/FastLeaderElection.java,ZOOKEEPER-602,6,7,23,YES
22,src/java/main/org/apache/zookeeper/server/quorum/FastLeaderElection.java,ZOOKEEPER-602,6,7,23,YES
6,src/java/main/org/apache/zookeeper/server/quorum/FollowerRequestProcessor.java,ZOOKEEPER-602,6,7,23,YES
7,src/java/main/org/apache/zookeeper/server/quorum/FollowerRequestProcessor.java,ZOOKEEPER-602,6,7,23,YES
8,src/java/main/org/apache/zookeeper/server/quorum/FollowerRequestProcessor.java,ZOOKEEPER-602,6,7,23,YES
9,src/java/main/org/apache/zookeeper/server/quorum/FollowerRequestProcessor.java,ZOOKEEPER-602,6,7,23,YES
10,src/java/main/org/apache/zookeeper/server/quorum/FollowerRequestProcessor.java,ZOOKEEPER-602,6,7,23,YES
11,src/java/main/org/apache/zookeeper/server/quorum/FollowerRequestProcessor.java,ZOOKEEPER-602,6,7,23,YES
12,src/java/main/org/apache/zookeeper/server/quorum/FollowerRequestProcessor.java,ZOOKEEPER-602,6,7,23,YES
13,src/java/main/org/apache/zookeeper/server/quorum/FollowerRequestProcessor.java,ZOOKEEPER-602,6,7,23,YES
14,src/java/main/org/apache/zookeeper/server/quorum/FollowerRequestProcessor.java,ZOOKEEPER-602,6,7,23,YES
15,src/java/main/org/apache/zookeeper/server/quorum/FollowerRequestProcessor.java,ZOOKEEPER-602,6,7,23,YES
16,src/java/main/org/apache/zookeeper/server/quorum/FollowerRequestProcessor.java,ZOOKEEPER-602,6,7,23,YES
17,src/java/main/org/apache/zookeeper/server/quorum/FollowerRequestProcessor.java,ZOOKEEPER-602,6,7,23,YES
18,src/java/main/org/apache/zookeeper/server/quorum/FollowerRequestProcessor.java,ZOOKEEPER-602,6,7,23,YES
19,src/java/main/org/apache/zookeeper/server/quorum/FollowerRequestProcessor.java,ZOOKEEPER-602,6,7,23,YES
20,src/java/main/org/apache/zookeeper/server/quorum/FollowerRequestProcessor.java,ZOOKEEPER-602,6,7,23,YES
21,src/java/main/org/apache/zookeeper/server/quorum/FollowerRequestProcessor.java,ZOOKEEPER-602,6,7,23,YES
22,src/java/main/org/apache/zookeeper/server/quorum/FollowerRequestProcessor.java,ZOOKEEPER-602,6,7,23,YES
6,src/java/main/org/apache/zookeeper/server/quorum/Leader.java,ZOOKEEPER-602,6,7,23,YES
7,src/java/main/org/apache/zookeeper/server/quorum/Leader.java,ZOOKEEPER-602,6,7,23,YES
8,src/java/main/org/apache/zookeeper/server/quorum/Leader.java,ZOOKEEPER-602,6,7,23,YES
9,src/java/main/org/apache/zookeeper/server/quorum/Leader.java,ZOOKEEPER-602,6,7,23,YES
10,src/java/main/org/apache/zookeeper/server/quorum/Leader.java,ZOOKEEPER-602,6,7,23,YES
11,src/java/main/org/apache/zookeeper/server/quorum/Leader.java,ZOOKEEPER-602,6,7,23,YES
12,src/java/main/org/apache/zookeeper/server/quorum/Leader.java,ZOOKEEPER-602,6,7,23,YES
13,src/java/main/org/apache/zookeeper/server/quorum/Leader.java,ZOOKEEPER-602,6,7,23,YES
14,src/java/main/org/apache/zookeeper/server/quorum/Leader.java,ZOOKEEPER-602,6,7,23,YES
15,src/java/main/org/apache/zookeeper/server/quorum/Leader.java,ZOOKEEPER-602,6,7,23,YES
16,src/java/main/org/apache/zookeeper/server/quorum/Leader.java,ZOOKEEPER-602,6,7,23,YES
17,src/java/main/org/apache/zookeeper/server/quorum/Leader.java,ZOOKEEPER-602,6,7,23,YES
18,src/java/main/org/apache/zookeeper/server/quorum/Leader.java,ZOOKEEPER-602,6,7,23,YES
19,src/java/main/org/apache/zookeeper/server/quorum/Leader.java,ZOOKEEPER-602,6,7,23,YES
20,src/java/main/org/apache/zookeeper/server/quorum/Leader.java,ZOOKEEPER-602,6,7,23,YES
21,src/java/main/org/apache/zookeeper/server/quorum/Leader.java,ZOOKEEPER-602,6,7,23,YES
22,src/java/main/org/apache/zookeeper/server/quorum/Leader.java,ZOOKEEPER-602,6,7,23,YES
6,src/java/main/org/apache/zookeeper/server/quorum/LearnerHandler.java,ZOOKEEPER-602,6,7,23,YES
7,src/java/main/org/apache/zookeeper/server/quorum/LearnerHandler.java,ZOOKEEPER-602,6,7,23,YES
8,src/java/main/org/apache/zookeeper/server/quorum/LearnerHandler.java,ZOOKEEPER-602,6,7,23,YES
9,src/java/main/org/apache/zookeeper/server/quorum/LearnerHandler.java,ZOOKEEPER-602,6,7,23,YES
10,src/java/main/org/apache/zookeeper/server/quorum/LearnerHandler.java,ZOOKEEPER-602,6,7,23,YES
11,src/java/main/org/apache/zookeeper/server/quorum/LearnerHandler.java,ZOOKEEPER-602,6,7,23,YES
12,src/java/main/org/apache/zookeeper/server/quorum/LearnerHandler.java,ZOOKEEPER-602,6,7,23,YES
13,src/java/main/org/apache/zookeeper/server/quorum/LearnerHandler.java,ZOOKEEPER-602,6,7,23,YES
14,src/java/main/org/apache/zookeeper/server/quorum/LearnerHandler.java,ZOOKEEPER-602,6,7,23,YES
15,src/java/main/org/apache/zookeeper/server/quorum/LearnerHandler.java,ZOOKEEPER-602,6,7,23,YES
16,src/java/main/org/apache/zookeeper/server/quorum/LearnerHandler.java,ZOOKEEPER-602,6,7,23,YES
17,src/java/main/org/apache/zookeeper/server/quorum/LearnerHandler.java,ZOOKEEPER-602,6,7,23,YES
18,src/java/main/org/apache/zookeeper/server/quorum/LearnerHandler.java,ZOOKEEPER-602,6,7,23,YES
19,src/java/main/org/apache/zookeeper/server/quorum/LearnerHandler.java,ZOOKEEPER-602,6,7,23,YES
20,src/java/main/org/apache/zookeeper/server/quorum/LearnerHandler.java,ZOOKEEPER-602,6,7,23,YES
21,src/java/main/org/apache/zookeeper/server/quorum/LearnerHandler.java,ZOOKEEPER-602,6,7,23,YES
22,src/java/main/org/apache/zookeeper/server/quorum/LearnerHandler.java,ZOOKEEPER-602,6,7,23,YES
6,src/java/main/org/apache/zookeeper/server/quorum/ObserverRequestProcessor.java,ZOOKEEPER-602,6,7,23,YES
7,src/java/main/org/apache/zookeeper/server/quorum/ObserverRequestProcessor.java,ZOOKEEPER-602,6,7,23,YES
8,src/java/main/org/apache/zookeeper/server/quorum/ObserverRequestProcessor.java,ZOOKEEPER-602,6,7,23,YES
9,src/java/main/org/apache/zookeeper/server/quorum/ObserverRequestProcessor.java,ZOOKEEPER-602,6,7,23,YES
10,src/java/main/org/apache/zookeeper/server/quorum/ObserverRequestProcessor.java,ZOOKEEPER-602,6,7,23,YES
11,src/java/main/org/apache/zookeeper/server/quorum/ObserverRequestProcessor.java,ZOOKEEPER-602,6,7,23,YES
12,src/java/main/org/apache/zookeeper/server/quorum/ObserverRequestProcessor.java,ZOOKEEPER-602,6,7,23,YES
13,src/java/main/org/apache/zookeeper/server/quorum/ObserverRequestProcessor.java,ZOOKEEPER-602,6,7,23,YES
14,src/java/main/org/apache/zookeeper/server/quorum/ObserverRequestProcessor.java,ZOOKEEPER-602,6,7,23,YES
15,src/java/main/org/apache/zookeeper/server/quorum/ObserverRequestProcessor.java,ZOOKEEPER-602,6,7,23,YES
16,src/java/main/org/apache/zookeeper/server/quorum/ObserverRequestProcessor.java,ZOOKEEPER-602,6,7,23,YES
17,src/java/main/org/apache/zookeeper/server/quorum/ObserverRequestProcessor.java,ZOOKEEPER-602,6,7,23,YES
18,src/java/main/org/apache/zookeeper/server/quorum/ObserverRequestProcessor.java,ZOOKEEPER-602,6,7,23,YES
19,src/java/main/org/apache/zookeeper/server/quorum/ObserverRequestProcessor.java,ZOOKEEPER-602,6,7,23,YES
20,src/java/main/org/apache/zookeeper/server/quorum/ObserverRequestProcessor.java,ZOOKEEPER-602,6,7,23,YES
21,src/java/main/org/apache/zookeeper/server/quorum/ObserverRequestProcessor.java,ZOOKEEPER-602,6,7,23,YES
22,src/java/main/org/apache/zookeeper/server/quorum/ObserverRequestProcessor.java,ZOOKEEPER-602,6,7,23,YES
6,src/java/main/org/apache/zookeeper/server/quorum/QuorumCnxManager.java,ZOOKEEPER-602,6,7,23,YES
7,src/java/main/org/apache/zookeeper/server/quorum/QuorumCnxManager.java,ZOOKEEPER-602,6,7,23,YES
8,src/java/main/org/apache/zookeeper/server/quorum/QuorumCnxManager.java,ZOOKEEPER-602,6,7,23,YES
9,src/java/main/org/apache/zookeeper/server/quorum/QuorumCnxManager.java,ZOOKEEPER-602,6,7,23,YES
10,src/java/main/org/apache/zookeeper/server/quorum/QuorumCnxManager.java,ZOOKEEPER-602,6,7,23,YES
11,src/java/main/org/apache/zookeeper/server/quorum/QuorumCnxManager.java,ZOOKEEPER-602,6,7,23,YES
12,src/java/main/org/apache/zookeeper/server/quorum/QuorumCnxManager.java,ZOOKEEPER-602,6,7,23,YES
13,src/java/main/org/apache/zookeeper/server/quorum/QuorumCnxManager.java,ZOOKEEPER-602,6,7,23,YES
14,src/java/main/org/apache/zookeeper/server/quorum/QuorumCnxManager.java,ZOOKEEPER-602,6,7,23,YES
15,src/java/main/org/apache/zookeeper/server/quorum/QuorumCnxManager.java,ZOOKEEPER-602,6,7,23,YES
16,src/java/main/org/apache/zookeeper/server/quorum/QuorumCnxManager.java,ZOOKEEPER-602,6,7,23,YES
17,src/java/main/org/apache/zookeeper/server/quorum/QuorumCnxManager.java,ZOOKEEPER-602,6,7,23,YES
18,src/java/main/org/apache/zookeeper/server/quorum/QuorumCnxManager.java,ZOOKEEPER-602,6,7,23,YES
19,src/java/main/org/apache/zookeeper/server/quorum/QuorumCnxManager.java,ZOOKEEPER-602,6,7,23,YES
20,src/java/main/org/apache/zookeeper/server/quorum/QuorumCnxManager.java,ZOOKEEPER-602,6,7,23,YES
21,src/java/main/org/apache/zookeeper/server/quorum/QuorumCnxManager.java,ZOOKEEPER-602,6,7,23,YES
22,src/java/main/org/apache/zookeeper/server/quorum/QuorumCnxManager.java,ZOOKEEPER-602,6,7,23,YES
6,src/java/main/org/apache/zookeeper/server/quorum/QuorumPeer.java,ZOOKEEPER-602,6,7,23,YES
7,src/java/main/org/apache/zookeeper/server/quorum/QuorumPeer.java,ZOOKEEPER-602,6,7,23,YES
8,src/java/main/org/apache/zookeeper/server/quorum/QuorumPeer.java,ZOOKEEPER-602,6,7,23,YES
9,src/java/main/org/apache/zookeeper/server/quorum/QuorumPeer.java,ZOOKEEPER-602,6,7,23,YES
10,src/java/main/org/apache/zookeeper/server/quorum/QuorumPeer.java,ZOOKEEPER-602,6,7,23,YES
11,src/java/main/org/apache/zookeeper/server/quorum/QuorumPeer.java,ZOOKEEPER-602,6,7,23,YES
12,src/java/main/org/apache/zookeeper/server/quorum/QuorumPeer.java,ZOOKEEPER-602,6,7,23,YES
13,src/java/main/org/apache/zookeeper/server/quorum/QuorumPeer.java,ZOOKEEPER-602,6,7,23,YES
14,src/java/main/org/apache/zookeeper/server/quorum/QuorumPeer.java,ZOOKEEPER-602,6,7,23,YES
15,src/java/main/org/apache/zookeeper/server/quorum/QuorumPeer.java,ZOOKEEPER-602,6,7,23,YES
16,src/java/main/org/apache/zookeeper/server/quorum/QuorumPeer.java,ZOOKEEPER-602,6,7,23,YES
17,src/java/main/org/apache/zookeeper/server/quorum/QuorumPeer.java,ZOOKEEPER-602,6,7,23,YES
18,src/java/main/org/apache/zookeeper/server/quorum/QuorumPeer.java,ZOOKEEPER-602,6,7,23,YES
19,src/java/main/org/apache/zookeeper/server/quorum/QuorumPeer.java,ZOOKEEPER-602,6,7,23,YES
20,src/java/main/org/apache/zookeeper/server/quorum/QuorumPeer.java,ZOOKEEPER-602,6,7,23,YES
21,src/java/main/org/apache/zookeeper/server/quorum/QuorumPeer.java,ZOOKEEPER-602,6,7,23,YES
22,src/java/main/org/apache/zookeeper/server/quorum/QuorumPeer.java,ZOOKEEPER-602,6,7,23,YES
6,src/java/main/org/apache/zookeeper/server/quorum/ReadOnlyRequestProcessor.java,ZOOKEEPER-602,6,7,23,YES
7,src/java/main/org/apache/zookeeper/server/quorum/ReadOnlyRequestProcessor.java,ZOOKEEPER-602,6,7,23,YES
8,src/java/main/org/apache/zookeeper/server/quorum/ReadOnlyRequestProcessor.java,ZOOKEEPER-602,6,7,23,YES
9,src/java/main/org/apache/zookeeper/server/quorum/ReadOnlyRequestProcessor.java,ZOOKEEPER-602,6,7,23,YES
10,src/java/main/org/apache/zookeeper/server/quorum/ReadOnlyRequestProcessor.java,ZOOKEEPER-602,6,7,23,YES
11,src/java/main/org/apache/zookeeper/server/quorum/ReadOnlyRequestProcessor.java,ZOOKEEPER-602,6,7,23,YES
12,src/java/main/org/apache/zookeeper/server/quorum/ReadOnlyRequestProcessor.java,ZOOKEEPER-602,6,7,23,YES
13,src/java/main/org/apache/zookeeper/server/quorum/ReadOnlyRequestProcessor.java,ZOOKEEPER-602,6,7,23,YES
14,src/java/main/org/apache/zookeeper/server/quorum/ReadOnlyRequestProcessor.java,ZOOKEEPER-602,6,7,23,YES
15,src/java/main/org/apache/zookeeper/server/quorum/ReadOnlyRequestProcessor.java,ZOOKEEPER-602,6,7,23,YES
16,src/java/main/org/apache/zookeeper/server/quorum/ReadOnlyRequestProcessor.java,ZOOKEEPER-602,6,7,23,YES
17,src/java/main/org/apache/zookeeper/server/quorum/ReadOnlyRequestProcessor.java,ZOOKEEPER-602,6,7,23,YES
18,src/java/main/org/apache/zookeeper/server/quorum/ReadOnlyRequestProcessor.java,ZOOKEEPER-602,6,7,23,YES
19,src/java/main/org/apache/zookeeper/server/quorum/ReadOnlyRequestProcessor.java,ZOOKEEPER-602,6,7,23,YES
20,src/java/main/org/apache/zookeeper/server/quorum/ReadOnlyRequestProcessor.java,ZOOKEEPER-602,6,7,23,YES
21,src/java/main/org/apache/zookeeper/server/quorum/ReadOnlyRequestProcessor.java,ZOOKEEPER-602,6,7,23,YES
22,src/java/main/org/apache/zookeeper/server/quorum/ReadOnlyRequestProcessor.java,ZOOKEEPER-602,6,7,23,YES
21,zookeeper-server/src/main/java/org/apache/zookeeper/server/FinalRequestProcessor.java,ZOOKEEPER-2590,21,28,55,YES
22,zookeeper-server/src/main/java/org/apache/zookeeper/server/FinalRequestProcessor.java,ZOOKEEPER-2590,21,28,55,YES
23,zookeeper-server/src/main/java/org/apache/zookeeper/server/FinalRequestProcessor.java,ZOOKEEPER-2590,21,28,55,YES
24,zookeeper-server/src/main/java/org/apache/zookeeper/server/FinalRequestProcessor.java,ZOOKEEPER-2590,21,28,55,YES
25,zookeeper-server/src/main/java/org/apache/zookeeper/server/FinalRequestProcessor.java,ZOOKEEPER-2590,21,28,55,YES
26,zookeeper-server/src/main/java/org/apache/zookeeper/server/FinalRequestProcessor.java,ZOOKEEPER-2590,21,28,55,YES
27,zookeeper-server/src/main/java/org/apache/zookeeper/server/FinalRequestProcessor.java,ZOOKEEPER-2590,21,28,55,YES
28,zookeeper-server/src/main/java/org/apache/zookeeper/server/FinalRequestProcessor.java,ZOOKEEPER-2590,21,28,55,YES
29,zookeeper-server/src/main/java/org/apache/zookeeper/server/FinalRequestProcessor.java,ZOOKEEPER-2590,21,28,55,YES
30,zookeeper-server/src/main/java/org/apache/zookeeper/server/FinalRequestProcessor.java,ZOOKEEPER-2590,21,28,55,YES
31,zookeeper-server/src/main/java/org/apache/zookeeper/server/FinalRequestProcessor.java,ZOOKEEPER-2590,21,28,55,YES
32,zookeeper-server/src/main/java/org/apache/zookeeper/server/FinalRequestProcessor.java,ZOOKEEPER-2590,21,28,55,YES
33,zookeeper-server/src/main/java/org/apache/zookeeper/server/FinalRequestProcessor.java,ZOOKEEPER-2590,21,28,55,YES
34,zookeeper-server/src/main/java/org/apache/zookeeper/server/FinalRequestProcessor.java,ZOOKEEPER-2590,21,28,55,YES
35,zookeeper-server/src/main/java/org/apache/zookeeper/server/FinalRequestProcessor.java,ZOOKEEPER-2590,21,28,55,YES
36,zookeeper-server/src/main/java/org/apache/zookeeper/server/FinalRequestProcessor.java,ZOOKEEPER-2590,21,28,55,YES
37,zookeeper-server/src/main/java/org/apache/zookeeper/server/FinalRequestProcessor.java,ZOOKEEPER-2590,21,28,55,YES
38,zookeeper-server/src/main/java/org/apache/zookeeper/server/FinalRequestProcessor.java,ZOOKEEPER-2590,21,28,55,YES
39,zookeeper-server/src/main/java/org/apache/zookeeper/server/FinalRequestProcessor.java,ZOOKEEPER-2590,21,28,55,YES
40,zookeeper-server/src/main/java/org/apache/zookeeper/server/FinalRequestProcessor.java,ZOOKEEPER-2590,21,28,55,YES
41,zookeeper-server/src/main/java/org/apache/zookeeper/server/FinalRequestProcessor.java,ZOOKEEPER-2590,21,28,55,YES
42,zookeeper-server/src/main/java/org/apache/zookeeper/server/FinalRequestProcessor.java,ZOOKEEPER-2590,21,28,55,YES
43,zookeeper-server/src/main/java/org/apache/zookeeper/server/FinalRequestProcessor.java,ZOOKEEPER-2590,21,28,55,YES
44,zookeeper-server/src/main/java/org/apache/zookeeper/server/FinalRequestProcessor.java,ZOOKEEPER-2590,21,28,55,YES
45,zookeeper-server/src/main/java/org/apache/zookeeper/server/FinalRequestProcessor.java,ZOOKEEPER-2590,21,28,55,YES
46,zookeeper-server/src/main/java/org/apache/zookeeper/server/FinalRequestProcessor.java,ZOOKEEPER-2590,21,28,55,YES
47,zookeeper-server/src/main/java/org/apache/zookeeper/server/FinalRequestProcessor.java,ZOOKEEPER-2590,21,28,55,YES
48,zookeeper-server/src/main/java/org/apache/zookeeper/server/FinalRequestProcessor.java,ZOOKEEPER-2590,21,28,55,YES
49,zookeeper-server/src/main/java/org/apache/zookeeper/server/FinalRequestProcessor.java,ZOOKEEPER-2590,21,28,55,YES
50,zookeeper-server/src/main/java/org/apache/zookeeper/server/FinalRequestProcessor.java,ZOOKEEPER-2590,21,28,55,YES
51,zookeeper-server/src/main/java/org/apache/zookeeper/server/FinalRequestProcessor.java,ZOOKEEPER-2590,21,28,55,YES
52,zookeeper-server/src/main/java/org/apache/zookeeper/server/FinalRequestProcessor.java,ZOOKEEPER-2590,21,28,55,YES
53,zookeeper-server/src/main/java/org/apache/zookeeper/server/FinalRequestProcessor.java,ZOOKEEPER-2590,21,28,55,YES
54,zookeeper-server/src/main/java/org/apache/zookeeper/server/FinalRequestProcessor.java,ZOOKEEPER-2590,21,28,55,YES
9,src/java/main/org/apache/zookeeper/ClientCnxn.java,ZOOKEEPER-846,9,10,11,YES
10,src/java/main/org/apache/zookeeper/ClientCnxn.java,ZOOKEEPER-846,9,10,11,YES
29,src/java/main/org/apache/zookeeper/server/persistence/FilePadding.java,ZOOKEEPER-3027,29,31,32,YES
30,src/java/main/org/apache/zookeeper/server/persistence/FilePadding.java,ZOOKEEPER-3027,29,31,32,YES
31,src/java/main/org/apache/zookeeper/server/persistence/FilePadding.java,ZOOKEEPER-3027,29,31,32,YES
29,src/java/main/org/apache/zookeeper/server/persistence/FileTxnLog.java,ZOOKEEPER-3027,29,31,32,YES
30,src/java/main/org/apache/zookeeper/server/persistence/FileTxnLog.java,ZOOKEEPER-3027,29,31,32,YES
31,src/java/main/org/apache/zookeeper/server/persistence/FileTxnLog.java,ZOOKEEPER-3027,29,31,32,YES
12,src/java/main/org/apache/zookeeper/client/FourLetterWordMain.java,ZOOKEEPER-1089,12,12,15,YES
13,src/java/main/org/apache/zookeeper/client/FourLetterWordMain.java,ZOOKEEPER-1089,12,12,15,YES
14,src/java/main/org/apache/zookeeper/client/FourLetterWordMain.java,ZOOKEEPER-1089,12,12,15,YES
4,src/java/main/org/apache/zookeeper/server/auth/DigestAuthenticationProvider.java,ZOOKEEPER-435,4,5,6,YES
5,src/java/main/org/apache/zookeeper/server/auth/DigestAuthenticationProvider.java,ZOOKEEPER-435,4,5,6,YES
11,src/java/main/org/apache/zookeeper/server/DataTree.java,ZOOKEEPER-1090,11,12,13,YES
12,src/java/main/org/apache/zookeeper/server/DataTree.java,ZOOKEEPER-1090,11,12,13,YES
4,src/java/main/org/apache/zookeeper/server/DataTree.java,ZOOKEEPER-433,4,5,6,YES
5,src/java/main/org/apache/zookeeper/server/DataTree.java,ZOOKEEPER-433,4,5,6,YES
4,src/java/main/org/apache/zookeeper/server/PrepRequestProcessor.java,ZOOKEEPER-433,4,5,6,YES
5,src/java/main/org/apache/zookeeper/server/PrepRequestProcessor.java,ZOOKEEPER-433,4,5,6,YES
41,zookeeper-server/src/main/java/org/apache/zookeeper/server/quorum/LeaderZooKeeperServer.java,ZOOKEEPER-4360,41,45,46,YES
42,zookeeper-server/src/main/java/org/apache/zookeeper/server/quorum/LeaderZooKeeperServer.java,ZOOKEEPER-4360,41,45,46,YES
43,zookeeper-server/src/main/java/org/apache/zookeeper/server/quorum/LeaderZooKeeperServer.java,ZOOKEEPER-4360,41,45,46,YES
44,zookeeper-server/src/main/java/org/apache/zookeeper/server/quorum/LeaderZooKeeperServer.java,ZOOKEEPER-4360,41,45,46,YES
45,zookeeper-server/src/main/java/org/apache/zookeeper/server/quorum/LeaderZooKeeperServer.java,ZOOKEEPER-4360,41,45,46,YES
21,src/java/main/org/apache/zookeeper/server/quorum/QuorumCnxManager.java,ZOOKEEPER-2186,21,23,24,YES
22,src/java/main/org/apache/zookeeper/server/quorum/QuorumCnxManager.java,ZOOKEEPER-2186,21,23,24,YES
23,src/java/main/org/apache/zookeeper/server/quorum/QuorumCnxManager.java,ZOOKEEPER-2186,21,23,24,YES
11,src/java/main/org/apache/zookeeper/server/DataTree.java,ZOOKEEPER-1097,11,12,13,YES
12,src/java/main/org/apache/zookeeper/server/DataTree.java,ZOOKEEPER-1097,11,12,13,YES
21,src/java/main/org/apache/zookeeper/MultiTransactionRecord.java,ZOOKEEPER-2187,21,23,24,YES
22,src/java/main/org/apache/zookeeper/MultiTransactionRecord.java,ZOOKEEPER-2187,21,23,24,YES
23,src/java/main/org/apache/zookeeper/MultiTransactionRecord.java,ZOOKEEPER-2187,21,23,24,YES
21,src/java/main/org/apache/zookeeper/ZooKeeper.java,ZOOKEEPER-2187,21,23,24,YES
22,src/java/main/org/apache/zookeeper/ZooKeeper.java,ZOOKEEPER-2187,21,23,24,YES
23,src/java/main/org/apache/zookeeper/ZooKeeper.java,ZOOKEEPER-2187,21,23,24,YES
21,src/java/main/org/apache/zookeeper/server/PrepRequestProcessor.java,ZOOKEEPER-2187,21,23,24,YES
22,src/java/main/org/apache/zookeeper/server/PrepRequestProcessor.java,ZOOKEEPER-2187,21,23,24,YES
23,src/java/main/org/apache/zookeeper/server/PrepRequestProcessor.java,ZOOKEEPER-2187,21,23,24,YES
21,src/java/main/org/apache/zookeeper/client/HostProvider.java,ZOOKEEPER-2184,21,23,33,YES
22,src/java/main/org/apache/zookeeper/client/HostProvider.java,ZOOKEEPER-2184,21,23,33,YES
23,src/java/main/org/apache/zookeeper/client/HostProvider.java,ZOOKEEPER-2184,21,23,33,YES
24,src/java/main/org/apache/zookeeper/client/HostProvider.java,ZOOKEEPER-2184,21,23,33,YES
25,src/java/main/org/apache/zookeeper/client/HostProvider.java,ZOOKEEPER-2184,21,23,33,YES
26,src/java/main/org/apache/zookeeper/client/HostProvider.java,ZOOKEEPER-2184,21,23,33,YES
27,src/java/main/org/apache/zookeeper/client/HostProvider.java,ZOOKEEPER-2184,21,23,33,YES
28,src/java/main/org/apache/zookeeper/client/HostProvider.java,ZOOKEEPER-2184,21,23,33,YES
29,src/java/main/org/apache/zookeeper/client/HostProvider.java,ZOOKEEPER-2184,21,23,33,YES
30,src/java/main/org/apache/zookeeper/client/HostProvider.java,ZOOKEEPER-2184,21,23,33,YES
31,src/java/main/org/apache/zookeeper/client/HostProvider.java,ZOOKEEPER-2184,21,23,33,YES
32,src/java/main/org/apache/zookeeper/client/HostProvider.java,ZOOKEEPER-2184,21,23,33,YES
21,src/java/main/org/apache/zookeeper/client/StaticHostProvider.java,ZOOKEEPER-2184,21,23,33,YES
22,src/java/main/org/apache/zookeeper/client/StaticHostProvider.java,ZOOKEEPER-2184,21,23,33,YES
23,src/java/main/org/apache/zookeeper/client/StaticHostProvider.java,ZOOKEEPER-2184,21,23,33,YES
24,src/java/main/org/apache/zookeeper/client/StaticHostProvider.java,ZOOKEEPER-2184,21,23,33,YES
25,src/java/main/org/apache/zookeeper/client/StaticHostProvider.java,ZOOKEEPER-2184,21,23,33,YES
26,src/java/main/org/apache/zookeeper/client/StaticHostProvider.java,ZOOKEEPER-2184,21,23,33,YES
27,src/java/main/org/apache/zookeeper/client/StaticHostProvider.java,ZOOKEEPER-2184,21,23,33,YES
28,src/java/main/org/apache/zookeeper/client/StaticHostProvider.java,ZOOKEEPER-2184,21,23,33,YES
29,src/java/main/org/apache/zookeeper/client/StaticHostProvider.java,ZOOKEEPER-2184,21,23,33,YES
30,src/java/main/org/apache/zookeeper/client/StaticHostProvider.java,ZOOKEEPER-2184,21,23,33,YES
31,src/java/main/org/apache/zookeeper/client/StaticHostProvider.java,ZOOKEEPER-2184,21,23,33,YES
32,src/java/main/org/apache/zookeeper/client/StaticHostProvider.java,ZOOKEEPER-2184,21,23,33,YES
4,src/java/main/org/apache/zookeeper/ClientCnxn.java,ZOOKEEPER-438,4,5,6,YES
5,src/java/main/org/apache/zookeeper/ClientCnxn.java,ZOOKEEPER-438,4,5,6,YES
41,zookeeper-server/src/main/java/org/apache/zookeeper/server/ZKDatabase.java,ZOOKEEPER-4362,41,45,46,YES
42,zookeeper-server/src/main/java/org/apache/zookeeper/server/ZKDatabase.java,ZOOKEEPER-4362,41,45,46,YES
43,zookeeper-server/src/main/java/org/apache/zookeeper/server/ZKDatabase.java,ZOOKEEPER-4362,41,45,46,YES
44,zookeeper-server/src/main/java/org/apache/zookeeper/server/ZKDatabase.java,ZOOKEEPER-4362,41,45,46,YES
45,zookeeper-server/src/main/java/org/apache/zookeeper/server/ZKDatabase.java,ZOOKEEPER-4362,41,45,46,YES
43,zookeeper-server/src/main/java/org/apache/zookeeper/ZooKeeper.java,ZOOKEEPER-4345,43,45,46,YES
44,zookeeper-server/src/main/java/org/apache/zookeeper/ZooKeeper.java,ZOOKEEPER-4345,43,45,46,YES
45,zookeeper-server/src/main/java/org/apache/zookeeper/ZooKeeper.java,ZOOKEEPER-4345,43,45,46,YES
7,src/contrib/bookkeeper/src/java/org/apache/bookkeeper/streaming/LedgerInputStream.java,ZOOKEEPER-668,7,8,9,YES
8,src/contrib/bookkeeper/src/java/org/apache/bookkeeper/streaming/LedgerInputStream.java,ZOOKEEPER-668,7,8,9,YES
21,src/java/main/org/apache/zookeeper/ClientCnxn.java,ZOOKEEPER-2171,21,23,24,YES
22,src/java/main/org/apache/zookeeper/ClientCnxn.java,ZOOKEEPER-2171,21,23,24,YES
23,src/java/main/org/apache/zookeeper/ClientCnxn.java,ZOOKEEPER-2171,21,23,24,YES
21,src/java/main/org/apache/zookeeper/client/StaticHostProvider.java,ZOOKEEPER-2171,21,23,24,YES
22,src/java/main/org/apache/zookeeper/client/StaticHostProvider.java,ZOOKEEPER-2171,21,23,24,YES
23,src/java/main/org/apache/zookeeper/client/StaticHostProvider.java,ZOOKEEPER-2171,21,23,24,YES
21,src/java/main/org/apache/zookeeper/common/HostNameUtils.java,ZOOKEEPER-2171,21,23,24,YES
22,src/java/main/org/apache/zookeeper/common/HostNameUtils.java,ZOOKEEPER-2171,21,23,24,YES
23,src/java/main/org/apache/zookeeper/common/HostNameUtils.java,ZOOKEEPER-2171,21,23,24,YES
21,src/java/main/org/apache/zookeeper/server/quorum/LocalPeerBean.java,ZOOKEEPER-2171,21,23,24,YES
22,src/java/main/org/apache/zookeeper/server/quorum/LocalPeerBean.java,ZOOKEEPER-2171,21,23,24,YES
23,src/java/main/org/apache/zookeeper/server/quorum/LocalPeerBean.java,ZOOKEEPER-2171,21,23,24,YES
21,src/java/main/org/apache/zookeeper/server/quorum/QuorumCnxManager.java,ZOOKEEPER-2171,21,23,24,YES
22,src/java/main/org/apache/zookeeper/server/quorum/QuorumCnxManager.java,ZOOKEEPER-2171,21,23,24,YES
23,src/java/main/org/apache/zookeeper/server/quorum/QuorumCnxManager.java,ZOOKEEPER-2171,21,23,24,YES
21,src/java/main/org/apache/zookeeper/server/quorum/QuorumPeer.java,ZOOKEEPER-2171,21,23,24,YES
22,src/java/main/org/apache/zookeeper/server/quorum/QuorumPeer.java,ZOOKEEPER-2171,21,23,24,YES
23,src/java/main/org/apache/zookeeper/server/quorum/QuorumPeer.java,ZOOKEEPER-2171,21,23,24,YES
21,src/java/main/org/apache/zookeeper/server/quorum/RemotePeerBean.java,ZOOKEEPER-2171,21,23,24,YES
22,src/java/main/org/apache/zookeeper/server/quorum/RemotePeerBean.java,ZOOKEEPER-2171,21,23,24,YES
23,src/java/main/org/apache/zookeeper/server/quorum/RemotePeerBean.java,ZOOKEEPER-2171,21,23,24,YES
21,src/java/main/org/apache/zookeeper/server/util/ConfigUtils.java,ZOOKEEPER-2171,21,23,24,YES
22,src/java/main/org/apache/zookeeper/server/util/ConfigUtils.java,ZOOKEEPER-2171,21,23,24,YES
23,src/java/main/org/apache/zookeeper/server/util/ConfigUtils.java,ZOOKEEPER-2171,21,23,24,YES
22,src/java/main/org/apache/zookeeper/server/quorum/Learner.java,ZOOKEEPER-2172,22,23,28,YES
23,src/java/main/org/apache/zookeeper/server/quorum/Learner.java,ZOOKEEPER-2172,22,23,28,YES
24,src/java/main/org/apache/zookeeper/server/quorum/Learner.java,ZOOKEEPER-2172,22,23,28,YES
25,src/java/main/org/apache/zookeeper/server/quorum/Learner.java,ZOOKEEPER-2172,22,23,28,YES
26,src/java/main/org/apache/zookeeper/server/quorum/Learner.java,ZOOKEEPER-2172,22,23,28,YES
27,src/java/main/org/apache/zookeeper/server/quorum/Learner.java,ZOOKEEPER-2172,22,23,28,YES
11,src/java/main/org/apache/zookeeper/server/persistence/FileTxnLog.java,ZOOKEEPER-1087,11,12,13,YES
12,src/java/main/org/apache/zookeeper/server/persistence/FileTxnLog.java,ZOOKEEPER-1087,11,12,13,YES
7,src/java/main/org/apache/zookeeper/WatchedEvent.java,ZOOKEEPER-669,7,8,9,YES
8,src/java/main/org/apache/zookeeper/WatchedEvent.java,ZOOKEEPER-669,7,8,9,YES
4,src/java/main/org/apache/zookeeper/server/quorum/QuorumCnxManager.java,ZOOKEEPER-427,4,5,6,YES
5,src/java/main/org/apache/zookeeper/server/quorum/QuorumCnxManager.java,ZOOKEEPER-427,4,5,6,YES
11,src/java/main/org/apache/zookeeper/server/persistence/FileTxnLog.java,ZOOKEEPER-1069,11,12,13,YES
12,src/java/main/org/apache/zookeeper/server/persistence/FileTxnLog.java,ZOOKEEPER-1069,11,12,13,YES
31,src/java/main/org/apache/zookeeper/server/NIOServerCnxnFactory.java,ZOOKEEPER-3009,31,31,33,YES
32,src/java/main/org/apache/zookeeper/server/NIOServerCnxnFactory.java,ZOOKEEPER-3009,31,31,33,YES
29,src/java/main/org/apache/zookeeper/server/ReferenceCountedACLCache.java,ZOOKEEPER-3007,29,31,32,YES
30,src/java/main/org/apache/zookeeper/server/ReferenceCountedACLCache.java,ZOOKEEPER-3007,29,31,32,YES
31,src/java/main/org/apache/zookeeper/server/ReferenceCountedACLCache.java,ZOOKEEPER-3007,29,31,32,YES
29,src/java/main/org/apache/zookeeper/server/ZKDatabase.java,ZOOKEEPER-3006,29,31,32,YES
30,src/java/main/org/apache/zookeeper/server/ZKDatabase.java,ZOOKEEPER-3006,29,31,32,YES
31,src/java/main/org/apache/zookeeper/server/ZKDatabase.java,ZOOKEEPER-3006,29,31,32,YES
9,src/java/main/org/apache/zookeeper/server/quorum/QuorumCnxManager.java,ZOOKEEPER-893,9,10,11,YES
10,src/java/main/org/apache/zookeeper/server/quorum/QuorumCnxManager.java,ZOOKEEPER-893,9,10,11,YES
34,zookeeper-jute/src/main/java/org/apache/jute/BinaryInputArchive.java,ZOOKEEPER-3496,34,36,37,YES
35,zookeeper-jute/src/main/java/org/apache/jute/BinaryInputArchive.java,ZOOKEEPER-3496,34,36,37,YES
36,zookeeper-jute/src/main/java/org/apache/jute/BinaryInputArchive.java,ZOOKEEPER-3496,34,36,37,YES
20,zookeeper-server/src/main/java/org/apache/zookeeper/server/quorum/QuorumCnxManager.java,ZOOKEEPER-2164,20,23,39,YES
21,zookeeper-server/src/main/java/org/apache/zookeeper/server/quorum/QuorumCnxManager.java,ZOOKEEPER-2164,20,23,39,YES
22,zookeeper-server/src/main/java/org/apache/zookeeper/server/quorum/QuorumCnxManager.java,ZOOKEEPER-2164,20,23,39,YES
23,zookeeper-server/src/main/java/org/apache/zookeeper/server/quorum/QuorumCnxManager.java,ZOOKEEPER-2164,20,23,39,YES
24,zookeeper-server/src/main/java/org/apache/zookeeper/server/quorum/QuorumCnxManager.java,ZOOKEEPER-2164,20,23,39,YES
25,zookeeper-server/src/main/java/org/apache/zookeeper/server/quorum/QuorumCnxManager.java,ZOOKEEPER-2164,20,23,39,YES
26,zookeeper-server/src/main/java/org/apache/zookeeper/server/quorum/QuorumCnxManager.java,ZOOKEEPER-2164,20,23,39,YES
27,zookeeper-server/src/main/java/org/apache/zookeeper/server/quorum/QuorumCnxManager.java,ZOOKEEPER-2164,20,23,39,YES
28,zookeeper-server/src/main/java/org/apache/zookeeper/server/quorum/QuorumCnxManager.java,ZOOKEEPER-2164,20,23,39,YES
29,zookeeper-server/src/main/java/org/apache/zookeeper/server/quorum/QuorumCnxManager.java,ZOOKEEPER-2164,20,23,39,YES
30,zookeeper-server/src/main/java/org/apache/zookeeper/server/quorum/QuorumCnxManager.java,ZOOKEEPER-2164,20,23,39,YES
31,zookeeper-server/src/main/java/org/apache/zookeeper/server/quorum/QuorumCnxManager.java,ZOOKEEPER-2164,20,23,39,YES
32,zookeeper-server/src/main/java/org/apache/zookeeper/server/quorum/QuorumCnxManager.java,ZOOKEEPER-2164,20,23,39,YES
33,zookeeper-server/src/main/java/org/apache/zookeeper/server/quorum/QuorumCnxManager.java,ZOOKEEPER-2164,20,23,39,YES
34,zookeeper-server/src/main/java/org/apache/zookeeper/server/quorum/QuorumCnxManager.java,ZOOKEEPER-2164,20,23,39,YES
35,zookeeper-server/src/main/java/org/apache/zookeeper/server/quorum/QuorumCnxManager.java,ZOOKEEPER-2164,20,23,39,YES
36,zookeeper-server/src/main/java/org/apache/zookeeper/server/quorum/QuorumCnxManager.java,ZOOKEEPER-2164,20,23,39,YES
37,zookeeper-server/src/main/java/org/apache/zookeeper/server/quorum/QuorumCnxManager.java,ZOOKEEPER-2164,20,23,39,YES
38,zookeeper-server/src/main/java/org/apache/zookeeper/server/quorum/QuorumCnxManager.java,ZOOKEEPER-2164,20,23,39,YES
27,zookeeper-server/src/main/java/org/apache/zookeeper/ClientCnxn.java,ZOOKEEPER-3253,27,34,35,YES
28,zookeeper-server/src/main/java/org/apache/zookeeper/ClientCnxn.java,ZOOKEEPER-3253,27,34,35,YES
29,zookeeper-server/src/main/java/org/apache/zookeeper/ClientCnxn.java,ZOOKEEPER-3253,27,34,35,YES
30,zookeeper-server/src/main/java/org/apache/zookeeper/ClientCnxn.java,ZOOKEEPER-3253,27,34,35,YES
31,zookeeper-server/src/main/java/org/apache/zookeeper/ClientCnxn.java,ZOOKEEPER-3253,27,34,35,YES
32,zookeeper-server/src/main/java/org/apache/zookeeper/ClientCnxn.java,ZOOKEEPER-3253,27,34,35,YES
33,zookeeper-server/src/main/java/org/apache/zookeeper/ClientCnxn.java,ZOOKEEPER-3253,27,34,35,YES
34,zookeeper-server/src/main/java/org/apache/zookeeper/ClientCnxn.java,ZOOKEEPER-3253,27,34,35,YES
4,src/java/main/org/apache/zookeeper/KeeperException.java,ZOOKEEPER-417,4,5,6,YES
5,src/java/main/org/apache/zookeeper/KeeperException.java,ZOOKEEPER-417,4,5,6,YES
4,src/java/main/org/apache/zookeeper/server/FinalRequestProcessor.java,ZOOKEEPER-417,4,5,6,YES
5,src/java/main/org/apache/zookeeper/server/FinalRequestProcessor.java,ZOOKEEPER-417,4,5,6,YES
4,src/java/main/org/apache/zookeeper/server/NIOServerCnxn.java,ZOOKEEPER-417,4,5,6,YES
5,src/java/main/org/apache/zookeeper/server/NIOServerCnxn.java,ZOOKEEPER-417,4,5,6,YES
4,src/java/main/org/apache/zookeeper/server/PrepRequestProcessor.java,ZOOKEEPER-417,4,5,6,YES
5,src/java/main/org/apache/zookeeper/server/PrepRequestProcessor.java,ZOOKEEPER-417,4,5,6,YES
4,src/java/main/org/apache/zookeeper/server/Request.java,ZOOKEEPER-417,4,5,6,YES
5,src/java/main/org/apache/zookeeper/server/Request.java,ZOOKEEPER-417,4,5,6,YES
4,src/java/main/org/apache/zookeeper/server/SessionTracker.java,ZOOKEEPER-417,4,5,6,YES
5,src/java/main/org/apache/zookeeper/server/SessionTracker.java,ZOOKEEPER-417,4,5,6,YES
4,src/java/main/org/apache/zookeeper/server/SessionTrackerImpl.java,ZOOKEEPER-417,4,5,6,YES
5,src/java/main/org/apache/zookeeper/server/SessionTrackerImpl.java,ZOOKEEPER-417,4,5,6,YES
4,src/java/main/org/apache/zookeeper/server/ZooKeeperServer.java,ZOOKEEPER-417,4,5,6,YES
5,src/java/main/org/apache/zookeeper/server/ZooKeeperServer.java,ZOOKEEPER-417,4,5,6,YES
4,src/java/main/org/apache/zookeeper/server/quorum/FollowerHandler.java,ZOOKEEPER-417,4,5,6,YES
5,src/java/main/org/apache/zookeeper/server/quorum/FollowerHandler.java,ZOOKEEPER-417,4,5,6,YES
4,src/java/main/org/apache/zookeeper/server/quorum/FollowerSessionTracker.java,ZOOKEEPER-417,4,5,6,YES
5,src/java/main/org/apache/zookeeper/server/quorum/FollowerSessionTracker.java,ZOOKEEPER-417,4,5,6,YES
4,src/java/main/org/apache/zookeeper/server/quorum/LeaderZooKeeperServer.java,ZOOKEEPER-417,4,5,6,YES
5,src/java/main/org/apache/zookeeper/server/quorum/LeaderZooKeeperServer.java,ZOOKEEPER-417,4,5,6,YES
41,zookeeper-server/src/main/java/org/apache/zookeeper/ZKUtil.java,ZOOKEEPER-4325,41,45,46,YES
42,zookeeper-server/src/main/java/org/apache/zookeeper/ZKUtil.java,ZOOKEEPER-4325,41,45,46,YES
43,zookeeper-server/src/main/java/org/apache/zookeeper/ZKUtil.java,ZOOKEEPER-4325,41,45,46,YES
44,zookeeper-server/src/main/java/org/apache/zookeeper/ZKUtil.java,ZOOKEEPER-4325,41,45,46,YES
45,zookeeper-server/src/main/java/org/apache/zookeeper/ZKUtil.java,ZOOKEEPER-4325,41,45,46,YES
21,src/java/main/org/apache/jute/BinaryInputArchive.java,ZOOKEEPER-2146,21,23,24,YES
22,src/java/main/org/apache/jute/BinaryInputArchive.java,ZOOKEEPER-2146,21,23,24,YES
23,src/java/main/org/apache/jute/BinaryInputArchive.java,ZOOKEEPER-2146,21,23,24,YES
11,src/java/main/org/apache/zookeeper/server/Request.java,ZOOKEEPER-1058,11,12,13,YES
12,src/java/main/org/apache/zookeeper/server/Request.java,ZOOKEEPER-1058,11,12,13,YES
44,zookeeper-server/src/main/java/org/apache/zookeeper/ClientCnxn.java,ZOOKEEPER-4565,44,48,49,YES
45,zookeeper-server/src/main/java/org/apache/zookeeper/ClientCnxn.java,ZOOKEEPER-4565,44,48,49,YES
46,zookeeper-server/src/main/java/org/apache/zookeeper/ClientCnxn.java,ZOOKEEPER-4565,44,48,49,YES
47,zookeeper-server/src/main/java/org/apache/zookeeper/ClientCnxn.java,ZOOKEEPER-4565,44,48,49,YES
48,zookeeper-server/src/main/java/org/apache/zookeeper/ClientCnxn.java,ZOOKEEPER-4565,44,48,49,YES
12,src/java/main/org/apache/zookeeper/server/PrepRequestProcessor.java,ZOOKEEPER-1055,12,12,13,YES
12,src/java/main/org/apache/zookeeper/server/ServerCnxn.java,ZOOKEEPER-1055,12,12,13,YES
11,src/java/main/org/apache/zookeeper/ZooKeeperMain.java,ZOOKEEPER-1059,11,12,13,YES
12,src/java/main/org/apache/zookeeper/ZooKeeperMain.java,ZOOKEEPER-1059,11,12,13,YES
35,zookeeper-server/src/main/java/org/apache/zookeeper/server/quorum/FastLeaderElection.java,ZOOKEEPER-3479,35,36,37,YES
36,zookeeper-server/src/main/java/org/apache/zookeeper/server/quorum/FastLeaderElection.java,ZOOKEEPER-3479,35,36,37,YES
35,zookeeper-server/src/main/java/org/apache/zookeeper/server/quorum/QuorumPeer.java,ZOOKEEPER-3479,35,36,37,YES
36,zookeeper-server/src/main/java/org/apache/zookeeper/server/quorum/QuorumPeer.java,ZOOKEEPER-3479,35,36,37,YES
8,src/java/main/org/apache/zookeeper/server/quorum/QuorumCnxManager.java,ZOOKEEPER-880,8,10,12,YES
9,src/java/main/org/apache/zookeeper/server/quorum/QuorumCnxManager.java,ZOOKEEPER-880,8,10,12,YES
10,src/java/main/org/apache/zookeeper/server/quorum/QuorumCnxManager.java,ZOOKEEPER-880,8,10,12,YES
11,src/java/main/org/apache/zookeeper/server/quorum/QuorumCnxManager.java,ZOOKEEPER-880,8,10,12,YES
8,src/java/main/org/apache/zookeeper/server/quorum/QuorumPeer.java,ZOOKEEPER-880,8,10,12,YES
9,src/java/main/org/apache/zookeeper/server/quorum/QuorumPeer.java,ZOOKEEPER-880,8,10,12,YES
10,src/java/main/org/apache/zookeeper/server/quorum/QuorumPeer.java,ZOOKEEPER-880,8,10,12,YES
11,src/java/main/org/apache/zookeeper/server/quorum/QuorumPeer.java,ZOOKEEPER-880,8,10,12,YES
9,src/contrib/hedwig/server/src/main/java/org/apache/hedwig/server/topics/ZkTopicManager.java,ZOOKEEPER-886,9,10,11,YES
10,src/contrib/hedwig/server/src/main/java/org/apache/hedwig/server/topics/ZkTopicManager.java,ZOOKEEPER-886,9,10,11,YES
3,src/contrib/bookkeeper/src/java/org/apache/bookkeeper/client/ClientCBWorker.java,ZOOKEEPER-400,3,5,6,YES
4,src/contrib/bookkeeper/src/java/org/apache/bookkeeper/client/ClientCBWorker.java,ZOOKEEPER-400,3,5,6,YES
5,src/contrib/bookkeeper/src/java/org/apache/bookkeeper/client/ClientCBWorker.java,ZOOKEEPER-400,3,5,6,YES
3,src/contrib/bookkeeper/src/java/org/apache/bookkeeper/client/LedgerHandle.java,ZOOKEEPER-400,3,5,6,YES
4,src/contrib/bookkeeper/src/java/org/apache/bookkeeper/client/LedgerHandle.java,ZOOKEEPER-400,3,5,6,YES
5,src/contrib/bookkeeper/src/java/org/apache/bookkeeper/client/LedgerHandle.java,ZOOKEEPER-400,3,5,6,YES
3,src/contrib/bookkeeper/src/java/org/apache/bookkeeper/client/LedgerRecoveryMonitor.java,ZOOKEEPER-400,3,5,6,YES
4,src/contrib/bookkeeper/src/java/org/apache/bookkeeper/client/LedgerRecoveryMonitor.java,ZOOKEEPER-400,3,5,6,YES
5,src/contrib/bookkeeper/src/java/org/apache/bookkeeper/client/LedgerRecoveryMonitor.java,ZOOKEEPER-400,3,5,6,YES
9,src/java/main/org/apache/zookeeper/server/ZooKeeperServer.java,ZOOKEEPER-881,9,10,11,YES
10,src/java/main/org/apache/zookeeper/server/ZooKeeperServer.java,ZOOKEEPER-881,9,10,11,YES
9,src/java/main/org/apache/zookeeper/server/persistence/FileTxnLog.java,ZOOKEEPER-882,9,10,11,YES
10,src/java/main/org/apache/zookeeper/server/persistence/FileTxnLog.java,ZOOKEEPER-882,9,10,11,YES
9,src/java/main/org/apache/zookeeper/server/persistence/FileTxnSnapLog.java,ZOOKEEPER-882,9,10,11,YES
10,src/java/main/org/apache/zookeeper/server/persistence/FileTxnSnapLog.java,ZOOKEEPER-882,9,10,11,YES
12,src/java/main/org/apache/zookeeper/server/quorum/QuorumPeer.java,ZOOKEEPER-1060,12,12,13,YES
29,src/java/main/org/apache/zookeeper/server/ContainerManager.java,ZOOKEEPER-3001,29,31,32,YES
30,src/java/main/org/apache/zookeeper/server/ContainerManager.java,ZOOKEEPER-3001,29,31,32,YES
31,src/java/main/org/apache/zookeeper/server/ContainerManager.java,ZOOKEEPER-3001,29,31,32,YES
7,src/java/main/org/apache/zookeeper/server/quorum/QuorumCnxManager.java,ZOOKEEPER-647,7,8,9,YES
8,src/java/main/org/apache/zookeeper/server/quorum/QuorumCnxManager.java,ZOOKEEPER-647,7,8,9,YES
3,src/java/main/org/apache/zookeeper/ZooKeeperMain.java,ZOOKEEPER-405,3,5,6,YES
4,src/java/main/org/apache/zookeeper/ZooKeeperMain.java,ZOOKEEPER-405,3,5,6,YES
5,src/java/main/org/apache/zookeeper/ZooKeeperMain.java,ZOOKEEPER-405,3,5,6,YES
11,src/java/main/org/apache/zookeeper/ClientCnxnSocketNIO.java,ZOOKEEPER-1063,11,12,13,YES
12,src/java/main/org/apache/zookeeper/ClientCnxnSocketNIO.java,ZOOKEEPER-1063,11,12,13,YES
11,src/java/main/org/apache/zookeeper/ZooKeeper.java,ZOOKEEPER-1063,11,12,13,YES
12,src/java/main/org/apache/zookeeper/ZooKeeper.java,ZOOKEEPER-1063,11,12,13,YES
5,src/java/main/org/apache/zookeeper/server/quorum/flexible/QuorumHierarchical.java,ZOOKEEPER-479,5,6,7,YES
6,src/java/main/org/apache/zookeeper/server/quorum/flexible/QuorumHierarchical.java,ZOOKEEPER-479,5,6,7,YES
5,src/java/main/org/apache/zookeeper/server/quorum/flexible/QuorumMaj.java,ZOOKEEPER-479,5,6,7,YES
6,src/java/main/org/apache/zookeeper/server/quorum/flexible/QuorumMaj.java,ZOOKEEPER-479,5,6,7,YES
5,src/java/main/org/apache/zookeeper/server/quorum/flexible/QuorumVerifier.java,ZOOKEEPER-479,5,6,7,YES
6,src/java/main/org/apache/zookeeper/server/quorum/flexible/QuorumVerifier.java,ZOOKEEPER-479,5,6,7,YES
58,zookeeper-server/src/main/java/org/apache/zookeeper/server/quorum/QuorumPeer.java,ZOOKEEPER-5012,58,60,61,YES
59,zookeeper-server/src/main/java/org/apache/zookeeper/server/quorum/QuorumPeer.java,ZOOKEEPER-5012,58,60,61,YES
60,zookeeper-server/src/main/java/org/apache/zookeeper/server/quorum/QuorumPeer.java,ZOOKEEPER-5012,58,60,61,YES
22,src/java/main/org/apache/zookeeper/server/ZooKeeperServer.java,ZOOKEEPER-3072,22,33,34,YES
23,src/java/main/org/apache/zookeeper/server/ZooKeeperServer.java,ZOOKEEPER-3072,22,33,34,YES
24,src/java/main/org/apache/zookeeper/server/ZooKeeperServer.java,ZOOKEEPER-3072,22,33,34,YES
25,src/java/main/org/apache/zookeeper/server/ZooKeeperServer.java,ZOOKEEPER-3072,22,33,34,YES
26,src/java/main/org/apache/zookeeper/server/ZooKeeperServer.java,ZOOKEEPER-3072,22,33,34,YES
27,src/java/main/org/apache/zookeeper/server/ZooKeeperServer.java,ZOOKEEPER-3072,22,33,34,YES
28,src/java/main/org/apache/zookeeper/server/ZooKeeperServer.java,ZOOKEEPER-3072,22,33,34,YES
29,src/java/main/org/apache/zookeeper/server/ZooKeeperServer.java,ZOOKEEPER-3072,22,33,34,YES
30,src/java/main/org/apache/zookeeper/server/ZooKeeperServer.java,ZOOKEEPER-3072,22,33,34,YES
31,src/java/main/org/apache/zookeeper/server/ZooKeeperServer.java,ZOOKEEPER-3072,22,33,34,YES
32,src/java/main/org/apache/zookeeper/server/ZooKeeperServer.java,ZOOKEEPER-3072,22,33,34,YES
33,src/java/main/org/apache/zookeeper/server/ZooKeeperServer.java,ZOOKEEPER-3072,22,33,34,YES
31,src/java/main/org/apache/zookeeper/ClientCnxn.java,ZOOKEEPER-3059,31,33,34,YES
32,src/java/main/org/apache/zookeeper/ClientCnxn.java,ZOOKEEPER-3059,31,33,34,YES
33,src/java/main/org/apache/zookeeper/ClientCnxn.java,ZOOKEEPER-3059,31,33,34,YES
5,src/contrib/bookkeeper/src/java/org/apache/bookkeeper/client/BookieHandle.java,ZOOKEEPER-467,5,6,7,YES
6,src/contrib/bookkeeper/src/java/org/apache/bookkeeper/client/BookieHandle.java,ZOOKEEPER-467,5,6,7,YES
1,src/java/main/org/apache/zookeeper/server/DataNode.java,ZOOKEEPER-226,1,2,3,YES
2,src/java/main/org/apache/zookeeper/server/DataNode.java,ZOOKEEPER-226,1,2,3,YES
43,zookeeper-server/src/main/java/org/apache/zookeeper/server/Request.java,ZOOKEEPER-4394,43,45,57,YES
44,zookeeper-server/src/main/java/org/apache/zookeeper/server/Request.java,ZOOKEEPER-4394,43,45,57,YES
45,zookeeper-server/src/main/java/org/apache/zookeeper/server/Request.java,ZOOKEEPER-4394,43,45,57,YES
46,zookeeper-server/src/main/java/org/apache/zookeeper/server/Request.java,ZOOKEEPER-4394,43,45,57,YES
47,zookeeper-server/src/main/java/org/apache/zookeeper/server/Request.java,ZOOKEEPER-4394,43,45,57,YES
48,zookeeper-server/src/main/java/org/apache/zookeeper/server/Request.java,ZOOKEEPER-4394,43,45,57,YES
49,zookeeper-server/src/main/java/org/apache/zookeeper/server/Request.java,ZOOKEEPER-4394,43,45,57,YES
50,zookeeper-server/src/main/java/org/apache/zookeeper/server/Request.java,ZOOKEEPER-4394,43,45,57,YES
51,zookeeper-server/src/main/java/org/apache/zookeeper/server/Request.java,ZOOKEEPER-4394,43,45,57,YES
52,zookeeper-server/src/main/java/org/apache/zookeeper/server/Request.java,ZOOKEEPER-4394,43,45,57,YES
53,zookeeper-server/src/main/java/org/apache/zookeeper/server/Request.java,ZOOKEEPER-4394,43,45,57,YES
54,zookeeper-server/src/main/java/org/apache/zookeeper/server/Request.java,ZOOKEEPER-4394,43,45,57,YES
55,zookeeper-server/src/main/java/org/apache/zookeeper/server/Request.java,ZOOKEEPER-4394,43,45,57,YES
56,zookeeper-server/src/main/java/org/apache/zookeeper/server/Request.java,ZOOKEEPER-4394,43,45,57,YES
43,zookeeper-server/src/main/java/org/apache/zookeeper/server/TxnLogEntry.java,ZOOKEEPER-4394,43,45,57,YES
44,zookeeper-server/src/main/java/org/apache/zookeeper/server/TxnLogEntry.java,ZOOKEEPER-4394,43,45,57,YES
45,zookeeper-server/src/main/java/org/apache/zookeeper/server/TxnLogEntry.java,ZOOKEEPER-4394,43,45,57,YES
46,zookeeper-server/src/main/java/org/apache/zookeeper/server/TxnLogEntry.java,ZOOKEEPER-4394,43,45,57,YES
47,zookeeper-server/src/main/java/org/apache/zookeeper/server/TxnLogEntry.java,ZOOKEEPER-4394,43,45,57,YES
48,zookeeper-server/src/main/java/org/apache/zookeeper/server/TxnLogEntry.java,ZOOKEEPER-4394,43,45,57,YES
49,zookeeper-server/src/main/java/org/apache/zookeeper/server/TxnLogEntry.java,ZOOKEEPER-4394,43,45,57,YES
50,zookeeper-server/src/main/java/org/apache/zookeeper/server/TxnLogEntry.java,ZOOKEEPER-4394,43,45,57,YES
51,zookeeper-server/src/main/java/org/apache/zookeeper/server/TxnLogEntry.java,ZOOKEEPER-4394,43,45,57,YES
52,zookeeper-server/src/main/java/org/apache/zookeeper/server/TxnLogEntry.java,ZOOKEEPER-4394,43,45,57,YES
53,zookeeper-server/src/main/java/org/apache/zookeeper/server/TxnLogEntry.java,ZOOKEEPER-4394,43,45,57,YES
54,zookeeper-server/src/main/java/org/apache/zookeeper/server/TxnLogEntry.java,ZOOKEEPER-4394,43,45,57,YES
55,zookeeper-server/src/main/java/org/apache/zookeeper/server/TxnLogEntry.java,ZOOKEEPER-4394,43,45,57,YES
56,zookeeper-server/src/main/java/org/apache/zookeeper/server/TxnLogEntry.java,ZOOKEEPER-4394,43,45,57,YES
43,zookeeper-server/src/main/java/org/apache/zookeeper/server/ZKDatabase.java,ZOOKEEPER-4394,43,45,57,YES
44,zookeeper-server/src/main/java/org/apache/zookeeper/server/ZKDatabase.java,ZOOKEEPER-4394,43,45,57,YES
45,zookeeper-server/src/main/java/org/apache/zookeeper/server/ZKDatabase.java,ZOOKEEPER-4394,43,45,57,YES
46,zookeeper-server/src/main/java/org/apache/zookeeper/server/ZKDatabase.java,ZOOKEEPER-4394,43,45,57,YES
47,zookeeper-server/src/main/java/org/apache/zookeeper/server/ZKDatabase.java,ZOOKEEPER-4394,43,45,57,YES
48,zookeeper-server/src/main/java/org/apache/zookeeper/server/ZKDatabase.java,ZOOKEEPER-4394,43,45,57,YES
49,zookeeper-server/src/main/java/org/apache/zookeeper/server/ZKDatabase.java,ZOOKEEPER-4394,43,45,57,YES
50,zookeeper-server/src/main/java/org/apache/zookeeper/server/ZKDatabase.java,ZOOKEEPER-4394,43,45,57,YES
51,zookeeper-server/src/main/java/org/apache/zookeeper/server/ZKDatabase.java,ZOOKEEPER-4394,43,45,57,YES
52,zookeeper-server/src/main/java/org/apache/zookeeper/server/ZKDatabase.java,ZOOKEEPER-4394,43,45,57,YES
53,zookeeper-server/src/main/java/org/apache/zookeeper/server/ZKDatabase.java,ZOOKEEPER-4394,43,45,57,YES
54,zookeeper-server/src/main/java/org/apache/zookeeper/server/ZKDatabase.java,ZOOKEEPER-4394,43,45,57,YES
55,zookeeper-server/src/main/java/org/apache/zookeeper/server/ZKDatabase.java,ZOOKEEPER-4394,43,45,57,YES
56,zookeeper-server/src/main/java/org/apache/zookeeper/server/ZKDatabase.java,ZOOKEEPER-4394,43,45,57,YES
43,zookeeper-server/src/main/java/org/apache/zookeeper/server/ZooKeeperServer.java,ZOOKEEPER-4394,43,45,57,YES
44,zookeeper-server/src/main/java/org/apache/zookeeper/server/ZooKeeperServer.java,ZOOKEEPER-4394,43,45,57,YES
45,zookeeper-server/src/main/java/org/apache/zookeeper/server/ZooKeeperServer.java,ZOOKEEPER-4394,43,45,57,YES
46,zookeeper-server/src/main/java/org/apache/zookeeper/server/ZooKeeperServer.java,ZOOKEEPER-4394,43,45,57,YES
47,zookeeper-server/src/main/java/org/apache/zookeeper/server/ZooKeeperServer.java,ZOOKEEPER-4394,43,45,57,YES
48,zookeeper-server/src/main/java/org/apache/zookeeper/server/ZooKeeperServer.java,ZOOKEEPER-4394,43,45,57,YES
49,zookeeper-server/src/main/java/org/apache/zookeeper/server/ZooKeeperServer.java,ZOOKEEPER-4394,43,45,57,YES
50,zookeeper-server/src/main/java/org/apache/zookeeper/server/ZooKeeperServer.java,ZOOKEEPER-4394,43,45,57,YES
51,zookeeper-server/src/main/java/org/apache/zookeeper/server/ZooKeeperServer.java,ZOOKEEPER-4394,43,45,57,YES
52,zookeeper-server/src/main/java/org/apache/zookeeper/server/ZooKeeperServer.java,ZOOKEEPER-4394,43,45,57,YES
53,zookeeper-server/src/main/java/org/apache/zookeeper/server/ZooKeeperServer.java,ZOOKEEPER-4394,43,45,57,YES
54,zookeeper-server/src/main/java/org/apache/zookeeper/server/ZooKeeperServer.java,ZOOKEEPER-4394,43,45,57,YES
55,zookeeper-server/src/main/java/org/apache/zookeeper/server/ZooKeeperServer.java,ZOOKEEPER-4394,43,45,57,YES
56,zookeeper-server/src/main/java/org/apache/zookeeper/server/ZooKeeperServer.java,ZOOKEEPER-4394,43,45,57,YES
43,zookeeper-server/src/main/java/org/apache/zookeeper/server/quorum/Follower.java,ZOOKEEPER-4394,43,45,57,YES
44,zookeeper-server/src/main/java/org/apache/zookeeper/server/quorum/Follower.java,ZOOKEEPER-4394,43,45,57,YES
45,zookeeper-server/src/main/java/org/apache/zookeeper/server/quorum/Follower.java,ZOOKEEPER-4394,43,45,57,YES
46,zookeeper-server/src/main/java/org/apache/zookeeper/server/quorum/Follower.java,ZOOKEEPER-4394,43,45,57,YES
47,zookeeper-server/src/main/java/org/apache/zookeeper/server/quorum/Follower.java,ZOOKEEPER-4394,43,45,57,YES
48,zookeeper-server/src/main/java/org/apache/zookeeper/server/quorum/Follower.java,ZOOKEEPER-4394,43,45,57,YES
49,zookeeper-server/src/main/java/org/apache/zookeeper/server/quorum/Follower.java,ZOOKEEPER-4394,43,45,57,YES
50,zookeeper-server/src/main/java/org/apache/zookeeper/server/quorum/Follower.java,ZOOKEEPER-4394,43,45,57,YES
51,zookeeper-server/src/main/java/org/apache/zookeeper/server/quorum/Follower.java,ZOOKEEPER-4394,43,45,57,YES
52,zookeeper-server/src/main/java/org/apache/zookeeper/server/quorum/Follower.java,ZOOKEEPER-4394,43,45,57,YES
53,zookeeper-server/src/main/java/org/apache/zookeeper/server/quorum/Follower.java,ZOOKEEPER-4394,43,45,57,YES
54,zookeeper-server/src/main/java/org/apache/zookeeper/server/quorum/Follower.java,ZOOKEEPER-4394,43,45,57,YES
55,zookeeper-server/src/main/java/org/apache/zookeeper/server/quorum/Follower.java,ZOOKEEPER-4394,43,45,57,YES
56,zookeeper-server/src/main/java/org/apache/zookeeper/server/quorum/Follower.java,ZOOKEEPER-4394,43,45,57,YES
43,zookeeper-server/src/main/java/org/apache/zookeeper/server/quorum/FollowerZooKeeperServer.java,ZOOKEEPER-4394,43,45,57,YES
44,zookeeper-server/src/main/java/org/apache/zookeeper/server/quorum/FollowerZooKeeperServer.java,ZOOKEEPER-4394,43,45,57,YES
45,zookeeper-server/src/main/java/org/apache/zookeeper/server/quorum/FollowerZooKeeperServer.java,ZOOKEEPER-4394,43,45,57,YES
46,zookeeper-server/src/main/java/org/apache/zookeeper/server/quorum/FollowerZooKeeperServer.java,ZOOKEEPER-4394,43,45,57,YES
47,zookeeper-server/src/main/java/org/apache/zookeeper/server/quorum/FollowerZooKeeperServer.java,ZOOKEEPER-4394,43,45,57,YES
48,zookeeper-server/src/main/java/org/apache/zookeeper/server/quorum/FollowerZooKeeperServer.java,ZOOKEEPER-4394,43,45,57,YES
49,zookeeper-server/src/main/java/org/apache/zookeeper/server/quorum/FollowerZooKeeperServer.java,ZOOKEEPER-4394,43,45,57,YES
50,zookeeper-server/src/main/java/org/apache/zookeeper/server/quorum/FollowerZooKeeperServer.java,ZOOKEEPER-4394,43,45,57,YES
51,zookeeper-server/src/main/java/org/apache/zookeeper/server/quorum/FollowerZooKeeperServer.java,ZOOKEEPER-4394,43,45,57,YES
52,zookeeper-server/src/main/java/org/apache/zookeeper/server/quorum/FollowerZooKeeperServer.java,ZOOKEEPER-4394,43,45,57,YES
53,zookeeper-server/src/main/java/org/apache/zookeeper/server/quorum/FollowerZooKeeperServer.java,ZOOKEEPER-4394,43,45,57,YES
54,zookeeper-server/src/main/java/org/apache/zookeeper/server/quorum/FollowerZooKeeperServer.java,ZOOKEEPER-4394,43,45,57,YES
55,zookeeper-server/src/main/java/org/apache/zookeeper/server/quorum/FollowerZooKeeperServer.java,ZOOKEEPER-4394,43,45,57,YES
56,zookeeper-server/src/main/java/org/apache/zookeeper/server/quorum/FollowerZooKeeperServer.java,ZOOKEEPER-4394,43,45,57,YES
43,zookeeper-server/src/main/java/org/apache/zookeeper/server/quorum/Learner.java,ZOOKEEPER-4394,43,45,57,YES
44,zookeeper-server/src/main/java/org/apache/zookeeper/server/quorum/Learner.java,ZOOKEEPER-4394,43,45,57,YES
45,zookeeper-server/src/main/java/org/apache/zookeeper/server/quorum/Learner.java,ZOOKEEPER-4394,43,45,57,YES
46,zookeeper-server/src/main/java/org/apache/zookeeper/server/quorum/Learner.java,ZOOKEEPER-4394,43,45,57,YES
47,zookeeper-server/src/main/java/org/apache/zookeeper/server/quorum/Learner.java,ZOOKEEPER-4394,43,45,57,YES
48,zookeeper-server/src/main/java/org/apache/zookeeper/server/quorum/Learner.java,ZOOKEEPER-4394,43,45,57,YES
49,zookeeper-server/src/main/java/org/apache/zookeeper/server/quorum/Learner.java,ZOOKEEPER-4394,43,45,57,YES
50,zookeeper-server/src/main/java/org/apache/zookeeper/server/quorum/Learner.java,ZOOKEEPER-4394,43,45,57,YES
51,zookeeper-server/src/main/java/org/apache/zookeeper/server/quorum/Learner.java,ZOOKEEPER-4394,43,45,57,YES
52,zookeeper-server/src/main/java/org/apache/zookeeper/server/quorum/Learner.java,ZOOKEEPER-4394,43,45,57,YES
53,zookeeper-server/src/main/java/org/apache/zookeeper/server/quorum/Learner.java,ZOOKEEPER-4394,43,45,57,YES
54,zookeeper-server/src/main/java/org/apache/zookeeper/server/quorum/Learner.java,ZOOKEEPER-4394,43,45,57,YES
55,zookeeper-server/src/main/java/org/apache/zookeeper/server/quorum/Learner.java,ZOOKEEPER-4394,43,45,57,YES
56,zookeeper-server/src/main/java/org/apache/zookeeper/server/quorum/Learner.java,ZOOKEEPER-4394,43,45,57,YES
43,zookeeper-server/src/main/java/org/apache/zookeeper/server/quorum/Observer.java,ZOOKEEPER-4394,43,45,57,YES
44,zookeeper-server/src/main/java/org/apache/zookeeper/server/quorum/Observer.java,ZOOKEEPER-4394,43,45,57,YES
45,zookeeper-server/src/main/java/org/apache/zookeeper/server/quorum/Observer.java,ZOOKEEPER-4394,43,45,57,YES
46,zookeeper-server/src/main/java/org/apache/zookeeper/server/quorum/Observer.java,ZOOKEEPER-4394,43,45,57,YES
47,zookeeper-server/src/main/java/org/apache/zookeeper/server/quorum/Observer.java,ZOOKEEPER-4394,43,45,57,YES
48,zookeeper-server/src/main/java/org/apache/zookeeper/server/quorum/Observer.java,ZOOKEEPER-4394,43,45,57,YES
49,zookeeper-server/src/main/java/org/apache/zookeeper/server/quorum/Observer.java,ZOOKEEPER-4394,43,45,57,YES
50,zookeeper-server/src/main/java/org/apache/zookeeper/server/quorum/Observer.java,ZOOKEEPER-4394,43,45,57,YES
51,zookeeper-server/src/main/java/org/apache/zookeeper/server/quorum/Observer.java,ZOOKEEPER-4394,43,45,57,YES
52,zookeeper-server/src/main/java/org/apache/zookeeper/server/quorum/Observer.java,ZOOKEEPER-4394,43,45,57,YES
53,zookeeper-server/src/main/java/org/apache/zookeeper/server/quorum/Observer.java,ZOOKEEPER-4394,43,45,57,YES
54,zookeeper-server/src/main/java/org/apache/zookeeper/server/quorum/Observer.java,ZOOKEEPER-4394,43,45,57,YES
55,zookeeper-server/src/main/java/org/apache/zookeeper/server/quorum/Observer.java,ZOOKEEPER-4394,43,45,57,YES
56,zookeeper-server/src/main/java/org/apache/zookeeper/server/quorum/Observer.java,ZOOKEEPER-4394,43,45,57,YES
43,zookeeper-server/src/main/java/org/apache/zookeeper/server/ZooKeeperServer.java,ZOOKEEPER-4394,43,45,57,YES
44,zookeeper-server/src/main/java/org/apache/zookeeper/server/ZooKeeperServer.java,ZOOKEEPER-4394,43,45,57,YES
45,zookeeper-server/src/main/java/org/apache/zookeeper/server/ZooKeeperServer.java,ZOOKEEPER-4394,43,45,57,YES
46,zookeeper-server/src/main/java/org/apache/zookeeper/server/ZooKeeperServer.java,ZOOKEEPER-4394,43,45,57,YES
47,zookeeper-server/src/main/java/org/apache/zookeeper/server/ZooKeeperServer.java,ZOOKEEPER-4394,43,45,57,YES
48,zookeeper-server/src/main/java/org/apache/zookeeper/server/ZooKeeperServer.java,ZOOKEEPER-4394,43,45,57,YES
49,zookeeper-server/src/main/java/org/apache/zookeeper/server/ZooKeeperServer.java,ZOOKEEPER-4394,43,45,57,YES
50,zookeeper-server/src/main/java/org/apache/zookeeper/server/ZooKeeperServer.java,ZOOKEEPER-4394,43,45,57,YES
51,zookeeper-server/src/main/java/org/apache/zookeeper/server/ZooKeeperServer.java,ZOOKEEPER-4394,43,45,57,YES
52,zookeeper-server/src/main/java/org/apache/zookeeper/server/ZooKeeperServer.java,ZOOKEEPER-4394,43,45,57,YES
53,zookeeper-server/src/main/java/org/apache/zookeeper/server/ZooKeeperServer.java,ZOOKEEPER-4394,43,45,57,YES
54,zookeeper-server/src/main/java/org/apache/zookeeper/server/ZooKeeperServer.java,ZOOKEEPER-4394,43,45,57,YES
55,zookeeper-server/src/main/java/org/apache/zookeeper/server/ZooKeeperServer.java,ZOOKEEPER-4394,43,45,57,YES
56,zookeeper-server/src/main/java/org/apache/zookeeper/server/ZooKeeperServer.java,ZOOKEEPER-4394,43,45,57,YES
43,zookeeper-server/src/main/java/org/apache/zookeeper/server/quorum/FollowerZooKeeperServer.java,ZOOKEEPER-4394,43,45,57,YES
44,zookeeper-server/src/main/java/org/apache/zookeeper/server/quorum/FollowerZooKeeperServer.java,ZOOKEEPER-4394,43,45,57,YES
45,zookeeper-server/src/main/java/org/apache/zookeeper/server/quorum/FollowerZooKeeperServer.java,ZOOKEEPER-4394,43,45,57,YES
46,zookeeper-server/src/main/java/org/apache/zookeeper/server/quorum/FollowerZooKeeperServer.java,ZOOKEEPER-4394,43,45,57,YES
47,zookeeper-server/src/main/java/org/apache/zookeeper/server/quorum/FollowerZooKeeperServer.java,ZOOKEEPER-4394,43,45,57,YES
48,zookeeper-server/src/main/java/org/apache/zookeeper/server/quorum/FollowerZooKeeperServer.java,ZOOKEEPER-4394,43,45,57,YES
49,zookeeper-server/src/main/java/org/apache/zookeeper/server/quorum/FollowerZooKeeperServer.java,ZOOKEEPER-4394,43,45,57,YES
50,zookeeper-server/src/main/java/org/apache/zookeeper/server/quorum/FollowerZooKeeperServer.java,ZOOKEEPER-4394,43,45,57,YES
51,zookeeper-server/src/main/java/org/apache/zookeeper/server/quorum/FollowerZooKeeperServer.java,ZOOKEEPER-4394,43,45,57,YES
52,zookeeper-server/src/main/java/org/apache/zookeeper/server/quorum/FollowerZooKeeperServer.java,ZOOKEEPER-4394,43,45,57,YES
53,zookeeper-server/src/main/java/org/apache/zookeeper/server/quorum/FollowerZooKeeperServer.java,ZOOKEEPER-4394,43,45,57,YES
54,zookeeper-server/src/main/java/org/apache/zookeeper/server/quorum/FollowerZooKeeperServer.java,ZOOKEEPER-4394,43,45,57,YES
55,zookeeper-server/src/main/java/org/apache/zookeeper/server/quorum/FollowerZooKeeperServer.java,ZOOKEEPER-4394,43,45,57,YES
56,zookeeper-server/src/main/java/org/apache/zookeeper/server/quorum/FollowerZooKeeperServer.java,ZOOKEEPER-4394,43,45,57,YES
43,zookeeper-server/src/main/java/org/apache/zookeeper/server/quorum/Learner.java,ZOOKEEPER-4394,43,45,57,YES
44,zookeeper-server/src/main/java/org/apache/zookeeper/server/quorum/Learner.java,ZOOKEEPER-4394,43,45,57,YES
45,zookeeper-server/src/main/java/org/apache/zookeeper/server/quorum/Learner.java,ZOOKEEPER-4394,43,45,57,YES
46,zookeeper-server/src/main/java/org/apache/zookeeper/server/quorum/Learner.java,ZOOKEEPER-4394,43,45,57,YES
47,zookeeper-server/src/main/java/org/apache/zookeeper/server/quorum/Learner.java,ZOOKEEPER-4394,43,45,57,YES
48,zookeeper-server/src/main/java/org/apache/zookeeper/server/quorum/Learner.java,ZOOKEEPER-4394,43,45,57,YES
49,zookeeper-server/src/main/java/org/apache/zookeeper/server/quorum/Learner.java,ZOOKEEPER-4394,43,45,57,YES
50,zookeeper-server/src/main/java/org/apache/zookeeper/server/quorum/Learner.java,ZOOKEEPER-4394,43,45,57,YES
51,zookeeper-server/src/main/java/org/apache/zookeeper/server/quorum/Learner.java,ZOOKEEPER-4394,43,45,57,YES
52,zookeeper-server/src/main/java/org/apache/zookeeper/server/quorum/Learner.java,ZOOKEEPER-4394,43,45,57,YES
53,zookeeper-server/src/main/java/org/apache/zookeeper/server/quorum/Learner.java,ZOOKEEPER-4394,43,45,57,YES
54,zookeeper-server/src/main/java/org/apache/zookeeper/server/quorum/Learner.java,ZOOKEEPER-4394,43,45,57,YES
55,zookeeper-server/src/main/java/org/apache/zookeeper/server/quorum/Learner.java,ZOOKEEPER-4394,43,45,57,YES
56,zookeeper-server/src/main/java/org/apache/zookeeper/server/quorum/Learner.java,ZOOKEEPER-4394,43,45,57,YES
44,zookeeper-server/src/main/java/org/apache/zookeeper/ClientCnxnSocketNetty.java,ZOOKEEPER-4393,44,45,50,YES
45,zookeeper-server/src/main/java/org/apache/zookeeper/ClientCnxnSocketNetty.java,ZOOKEEPER-4393,44,45,50,YES
46,zookeeper-server/src/main/java/org/apache/zookeeper/ClientCnxnSocketNetty.java,ZOOKEEPER-4393,44,45,50,YES
47,zookeeper-server/src/main/java/org/apache/zookeeper/ClientCnxnSocketNetty.java,ZOOKEEPER-4393,44,45,50,YES
48,zookeeper-server/src/main/java/org/apache/zookeeper/ClientCnxnSocketNetty.java,ZOOKEEPER-4393,44,45,50,YES
49,zookeeper-server/src/main/java/org/apache/zookeeper/ClientCnxnSocketNetty.java,ZOOKEEPER-4393,44,45,50,YES
44,zookeeper-server/src/main/java/org/apache/zookeeper/client/FourLetterWordMain.java,ZOOKEEPER-4393,44,45,50,YES
45,zookeeper-server/src/main/java/org/apache/zookeeper/client/FourLetterWordMain.java,ZOOKEEPER-4393,44,45,50,YES
46,zookeeper-server/src/main/java/org/apache/zookeeper/client/FourLetterWordMain.java,ZOOKEEPER-4393,44,45,50,YES
47,zookeeper-server/src/main/java/org/apache/zookeeper/client/FourLetterWordMain.java,ZOOKEEPER-4393,44,45,50,YES
48,zookeeper-server/src/main/java/org/apache/zookeeper/client/FourLetterWordMain.java,ZOOKEEPER-4393,44,45,50,YES
49,zookeeper-server/src/main/java/org/apache/zookeeper/client/FourLetterWordMain.java,ZOOKEEPER-4393,44,45,50,YES
44,zookeeper-server/src/main/java/org/apache/zookeeper/common/SSLContextAndOptions.java,ZOOKEEPER-4393,44,45,50,YES
45,zookeeper-server/src/main/java/org/apache/zookeeper/common/SSLContextAndOptions.java,ZOOKEEPER-4393,44,45,50,YES
46,zookeeper-server/src/main/java/org/apache/zookeeper/common/SSLContextAndOptions.java,ZOOKEEPER-4393,44,45,50,YES
47,zookeeper-server/src/main/java/org/apache/zookeeper/common/SSLContextAndOptions.java,ZOOKEEPER-4393,44,45,50,YES
48,zookeeper-server/src/main/java/org/apache/zookeeper/common/SSLContextAndOptions.java,ZOOKEEPER-4393,44,45,50,YES
49,zookeeper-server/src/main/java/org/apache/zookeeper/common/SSLContextAndOptions.java,ZOOKEEPER-4393,44,45,50,YES
44,zookeeper-server/src/main/java/org/apache/zookeeper/common/X509Util.java,ZOOKEEPER-4393,44,45,50,YES
45,zookeeper-server/src/main/java/org/apache/zookeeper/common/X509Util.java,ZOOKEEPER-4393,44,45,50,YES
46,zookeeper-server/src/main/java/org/apache/zookeeper/common/X509Util.java,ZOOKEEPER-4393,44,45,50,YES
47,zookeeper-server/src/main/java/org/apache/zookeeper/common/X509Util.java,ZOOKEEPER-4393,44,45,50,YES
48,zookeeper-server/src/main/java/org/apache/zookeeper/common/X509Util.java,ZOOKEEPER-4393,44,45,50,YES
49,zookeeper-server/src/main/java/org/apache/zookeeper/common/X509Util.java,ZOOKEEPER-4393,44,45,50,YES
44,zookeeper-server/src/main/java/org/apache/zookeeper/common/ZKConfig.java,ZOOKEEPER-4393,44,45,50,YES
45,zookeeper-server/src/main/java/org/apache/zookeeper/common/ZKConfig.java,ZOOKEEPER-4393,44,45,50,YES
46,zookeeper-server/src/main/java/org/apache/zookeeper/common/ZKConfig.java,ZOOKEEPER-4393,44,45,50,YES
47,zookeeper-server/src/main/java/org/apache/zookeeper/common/ZKConfig.java,ZOOKEEPER-4393,44,45,50,YES
48,zookeeper-server/src/main/java/org/apache/zookeeper/common/ZKConfig.java,ZOOKEEPER-4393,44,45,50,YES
49,zookeeper-server/src/main/java/org/apache/zookeeper/common/ZKConfig.java,ZOOKEEPER-4393,44,45,50,YES
44,zookeeper-server/src/main/java/org/apache/zookeeper/server/NettyServerCnxnFactory.java,ZOOKEEPER-4393,44,45,50,YES
45,zookeeper-server/src/main/java/org/apache/zookeeper/server/NettyServerCnxnFactory.java,ZOOKEEPER-4393,44,45,50,YES
46,zookeeper-server/src/main/java/org/apache/zookeeper/server/NettyServerCnxnFactory.java,ZOOKEEPER-4393,44,45,50,YES
47,zookeeper-server/src/main/java/org/apache/zookeeper/server/NettyServerCnxnFactory.java,ZOOKEEPER-4393,44,45,50,YES
48,zookeeper-server/src/main/java/org/apache/zookeeper/server/NettyServerCnxnFactory.java,ZOOKEEPER-4393,44,45,50,YES
49,zookeeper-server/src/main/java/org/apache/zookeeper/server/NettyServerCnxnFactory.java,ZOOKEEPER-4393,44,45,50,YES
44,zookeeper-server/src/main/java/org/apache/zookeeper/server/auth/X509AuthenticationProvider.java,ZOOKEEPER-4393,44,45,50,YES
45,zookeeper-server/src/main/java/org/apache/zookeeper/server/auth/X509AuthenticationProvider.java,ZOOKEEPER-4393,44,45,50,YES
46,zookeeper-server/src/main/java/org/apache/zookeeper/server/auth/X509AuthenticationProvider.java,ZOOKEEPER-4393,44,45,50,YES
47,zookeeper-server/src/main/java/org/apache/zookeeper/server/auth/X509AuthenticationProvider.java,ZOOKEEPER-4393,44,45,50,YES
48,zookeeper-server/src/main/java/org/apache/zookeeper/server/auth/X509AuthenticationProvider.java,ZOOKEEPER-4393,44,45,50,YES
49,zookeeper-server/src/main/java/org/apache/zookeeper/server/auth/X509AuthenticationProvider.java,ZOOKEEPER-4393,44,45,50,YES
45,zookeeper-server/src/main/java/org/apache/zookeeper/KeeperException.java,ZOOKEEPER-4377,45,45,46,YES
5,src/java/main/org/apache/zookeeper/server/PrepRequestProcessor.java,ZOOKEEPER-450,5,5,6,YES
8,src/java/main/org/apache/zookeeper/server/quorum/AuthFastLeaderElection.java,ZOOKEEPER-693,8,8,9,YES
8,src/java/main/org/apache/zookeeper/server/quorum/Election.java,ZOOKEEPER-693,8,8,9,YES
8,src/java/main/org/apache/zookeeper/server/quorum/LeaderElection.java,ZOOKEEPER-693,8,8,9,YES
8,src/java/main/org/apache/zookeeper/server/quorum/QuorumPeer.java,ZOOKEEPER-693,8,8,9,YES
8,src/java/main/org/apache/zookeeper/server/persistence/FileTxnLog.java,ZOOKEEPER-693,8,8,9,YES
8,src/java/main/org/apache/zookeeper/server/persistence/FileTxnSnapLog.java,ZOOKEEPER-693,8,8,9,YES
7,src/contrib/bookkeeper/src/java/org/apache/bookkeeper/util/LocalBookKeeper.java,ZOOKEEPER-691,7,8,9,YES
8,src/contrib/bookkeeper/src/java/org/apache/bookkeeper/util/LocalBookKeeper.java,ZOOKEEPER-691,7,8,9,YES
7,src/java/main/org/apache/zookeeper/server/quorum/FastLeaderElection.java,ZOOKEEPER-698,7,8,9,YES
8,src/java/main/org/apache/zookeeper/server/quorum/FastLeaderElection.java,ZOOKEEPER-698,7,8,9,YES
7,src/java/main/org/apache/zookeeper/server/quorum/QuorumPeerMain.java,ZOOKEEPER-698,7,8,9,YES
8,src/java/main/org/apache/zookeeper/server/quorum/QuorumPeerMain.java,ZOOKEEPER-698,7,8,9,YES
4,src/java/main/org/apache/zookeeper/ZooKeeperMain.java,ZOOKEEPER-457,4,5,6,YES
5,src/java/main/org/apache/zookeeper/ZooKeeperMain.java,ZOOKEEPER-457,4,5,6,YES
7,src/java/main/org/apache/zookeeper/server/ConnectionBean.java,ZOOKEEPER-696,7,8,9,YES
8,src/java/main/org/apache/zookeeper/server/ConnectionBean.java,ZOOKEEPER-696,7,8,9,YES
7,src/java/main/org/apache/zookeeper/server/NIOServerCnxn.java,ZOOKEEPER-696,7,8,9,YES
8,src/java/main/org/apache/zookeeper/server/NIOServerCnxn.java,ZOOKEEPER-696,7,8,9,YES
7,src/java/main/org/apache/zookeeper/server/quorum/Leader.java,ZOOKEEPER-696,7,8,9,YES
8,src/java/main/org/apache/zookeeper/server/quorum/Leader.java,ZOOKEEPER-696,7,8,9,YES
4,src/java/main/org/apache/zookeeper/server/SessionTrackerImpl.java,ZOOKEEPER-454,4,5,6,YES
5,src/java/main/org/apache/zookeeper/server/SessionTrackerImpl.java,ZOOKEEPER-454,4,5,6,YES
1,src/java/main/org/apache/zookeeper/server/SyncRequestProcessor.java,ZOOKEEPER-212,1,2,3,YES
2,src/java/main/org/apache/zookeeper/server/SyncRequestProcessor.java,ZOOKEEPER-212,1,2,3,YES
4,src/java/main/org/apache/zookeeper/server/quorum/FastLeaderElection.java,ZOOKEEPER-453,4,5,6,YES
5,src/java/main/org/apache/zookeeper/server/quorum/FastLeaderElection.java,ZOOKEEPER-453,4,5,6,YES
4,src/java/main/org/apache/zookeeper/server/quorum/Follower.java,ZOOKEEPER-453,4,5,6,YES
5,src/java/main/org/apache/zookeeper/server/quorum/Follower.java,ZOOKEEPER-453,4,5,6,YES
4,src/java/main/org/apache/zookeeper/server/quorum/QuorumCnxManager.java,ZOOKEEPER-453,4,5,6,YES
5,src/java/main/org/apache/zookeeper/server/quorum/QuorumCnxManager.java,ZOOKEEPER-453,4,5,6,YES
32,src/java/main/org/apache/zookeeper/server/admin/JsonOutputter.java,ZOOKEEPER-3051,32,33,34,YES
33,src/java/main/org/apache/zookeeper/server/admin/JsonOutputter.java,ZOOKEEPER-3051,32,33,34,YES
29,zookeeper-server/src/main/java/org/apache/zookeeper/server/persistence/FileTxnSnapLog.java,ZOOKEEPER-3056,29,33,36,YES
30,zookeeper-server/src/main/java/org/apache/zookeeper/server/persistence/FileTxnSnapLog.java,ZOOKEEPER-3056,29,33,36,YES
31,zookeeper-server/src/main/java/org/apache/zookeeper/server/persistence/FileTxnSnapLog.java,ZOOKEEPER-3056,29,33,36,YES
32,zookeeper-server/src/main/java/org/apache/zookeeper/server/persistence/FileTxnSnapLog.java,ZOOKEEPER-3056,29,33,36,YES
33,zookeeper-server/src/main/java/org/apache/zookeeper/server/persistence/FileTxnSnapLog.java,ZOOKEEPER-3056,29,33,36,YES
34,zookeeper-server/src/main/java/org/apache/zookeeper/server/persistence/FileTxnSnapLog.java,ZOOKEEPER-3056,29,33,36,YES
35,zookeeper-server/src/main/java/org/apache/zookeeper/server/persistence/FileTxnSnapLog.java,ZOOKEEPER-3056,29,33,36,YES
32,zookeeper-server/src/main/java/org/apache/zookeeper/server/ObserverBean.java,ZOOKEEPER-3296,32,34,36,YES
33,zookeeper-server/src/main/java/org/apache/zookeeper/server/ObserverBean.java,ZOOKEEPER-3296,32,34,36,YES
34,zookeeper-server/src/main/java/org/apache/zookeeper/server/ObserverBean.java,ZOOKEEPER-3296,32,34,36,YES
35,zookeeper-server/src/main/java/org/apache/zookeeper/server/ObserverBean.java,ZOOKEEPER-3296,32,34,36,YES
32,zookeeper-server/src/main/java/org/apache/zookeeper/server/admin/Commands.java,ZOOKEEPER-3296,32,34,36,YES
33,zookeeper-server/src/main/java/org/apache/zookeeper/server/admin/Commands.java,ZOOKEEPER-3296,32,34,36,YES
34,zookeeper-server/src/main/java/org/apache/zookeeper/server/admin/Commands.java,ZOOKEEPER-3296,32,34,36,YES
35,zookeeper-server/src/main/java/org/apache/zookeeper/server/admin/Commands.java,ZOOKEEPER-3296,32,34,36,YES
32,zookeeper-server/src/main/java/org/apache/zookeeper/server/quorum/AuthFastLeaderElection.java,ZOOKEEPER-3296,32,34,36,YES
33,zookeeper-server/src/main/java/org/apache/zookeeper/server/quorum/AuthFastLeaderElection.java,ZOOKEEPER-3296,32,34,36,YES
34,zookeeper-server/src/main/java/org/apache/zookeeper/server/quorum/AuthFastLeaderElection.java,ZOOKEEPER-3296,32,34,36,YES
35,zookeeper-server/src/main/java/org/apache/zookeeper/server/quorum/AuthFastLeaderElection.java,ZOOKEEPER-3296,32,34,36,YES
32,zookeeper-server/src/main/java/org/apache/zookeeper/server/quorum/Leader.java,ZOOKEEPER-3296,32,34,36,YES
33,zookeeper-server/src/main/java/org/apache/zookeeper/server/quorum/Leader.java,ZOOKEEPER-3296,32,34,36,YES
34,zookeeper-server/src/main/java/org/apache/zookeeper/server/quorum/Leader.java,ZOOKEEPER-3296,32,34,36,YES
35,zookeeper-server/src/main/java/org/apache/zookeeper/server/quorum/Leader.java,ZOOKEEPER-3296,32,34,36,YES
32,zookeeper-server/src/main/java/org/apache/zookeeper/server/quorum/Learner.java,ZOOKEEPER-3296,32,34,36,YES
33,zookeeper-server/src/main/java/org/apache/zookeeper/server/quorum/Learner.java,ZOOKEEPER-3296,32,34,36,YES
34,zookeeper-server/src/main/java/org/apache/zookeeper/server/quorum/Learner.java,ZOOKEEPER-3296,32,34,36,YES
35,zookeeper-server/src/main/java/org/apache/zookeeper/server/quorum/Learner.java,ZOOKEEPER-3296,32,34,36,YES
32,zookeeper-server/src/main/java/org/apache/zookeeper/server/quorum/LocalPeerBean.java,ZOOKEEPER-3296,32,34,36,YES
33,zookeeper-server/src/main/java/org/apache/zookeeper/server/quorum/LocalPeerBean.java,ZOOKEEPER-3296,32,34,36,YES
34,zookeeper-server/src/main/java/org/apache/zookeeper/server/quorum/LocalPeerBean.java,ZOOKEEPER-3296,32,34,36,YES
35,zookeeper-server/src/main/java/org/apache/zookeeper/server/quorum/LocalPeerBean.java,ZOOKEEPER-3296,32,34,36,YES
32,zookeeper-server/src/main/java/org/apache/zookeeper/server/quorum/MultipleAddresses.java,ZOOKEEPER-3296,32,34,36,YES
33,zookeeper-server/src/main/java/org/apache/zookeeper/server/quorum/MultipleAddresses.java,ZOOKEEPER-3296,32,34,36,YES
34,zookeeper-server/src/main/java/org/apache/zookeeper/server/quorum/MultipleAddresses.java,ZOOKEEPER-3296,32,34,36,YES
35,zookeeper-server/src/main/java/org/apache/zookeeper/server/quorum/MultipleAddresses.java,ZOOKEEPER-3296,32,34,36,YES
32,zookeeper-server/src/main/java/org/apache/zookeeper/server/quorum/ObserverMaster.java,ZOOKEEPER-3296,32,34,36,YES
33,zookeeper-server/src/main/java/org/apache/zookeeper/server/quorum/ObserverMaster.java,ZOOKEEPER-3296,32,34,36,YES
34,zookeeper-server/src/main/java/org/apache/zookeeper/server/quorum/ObserverMaster.java,ZOOKEEPER-3296,32,34,36,YES
35,zookeeper-server/src/main/java/org/apache/zookeeper/server/quorum/ObserverMaster.java,ZOOKEEPER-3296,32,34,36,YES
32,zookeeper-server/src/main/java/org/apache/zookeeper/server/quorum/QuorumCnxManager.java,ZOOKEEPER-3296,32,34,36,YES
33,zookeeper-server/src/main/java/org/apache/zookeeper/server/quorum/QuorumCnxManager.java,ZOOKEEPER-3296,32,34,36,YES
34,zookeeper-server/src/main/java/org/apache/zookeeper/server/quorum/QuorumCnxManager.java,ZOOKEEPER-3296,32,34,36,YES
35,zookeeper-server/src/main/java/org/apache/zookeeper/server/quorum/QuorumCnxManager.java,ZOOKEEPER-3296,32,34,36,YES
32,zookeeper-server/src/main/java/org/apache/zookeeper/server/quorum/QuorumPeer.java,ZOOKEEPER-3296,32,34,36,YES
33,zookeeper-server/src/main/java/org/apache/zookeeper/server/quorum/QuorumPeer.java,ZOOKEEPER-3296,32,34,36,YES
34,zookeeper-server/src/main/java/org/apache/zookeeper/server/quorum/QuorumPeer.java,ZOOKEEPER-3296,32,34,36,YES
35,zookeeper-server/src/main/java/org/apache/zookeeper/server/quorum/QuorumPeer.java,ZOOKEEPER-3296,32,34,36,YES
32,zookeeper-server/src/main/java/org/apache/zookeeper/server/quorum/QuorumZooKeeperServer.java,ZOOKEEPER-3296,32,34,36,YES
33,zookeeper-server/src/main/java/org/apache/zookeeper/server/quorum/QuorumZooKeeperServer.java,ZOOKEEPER-3296,32,34,36,YES
34,zookeeper-server/src/main/java/org/apache/zookeeper/server/quorum/QuorumZooKeeperServer.java,ZOOKEEPER-3296,32,34,36,YES
35,zookeeper-server/src/main/java/org/apache/zookeeper/server/quorum/QuorumZooKeeperServer.java,ZOOKEEPER-3296,32,34,36,YES
32,zookeeper-server/src/main/java/org/apache/zookeeper/server/quorum/ReadOnlyZooKeeperServer.java,ZOOKEEPER-3296,32,34,36,YES
33,zookeeper-server/src/main/java/org/apache/zookeeper/server/quorum/ReadOnlyZooKeeperServer.java,ZOOKEEPER-3296,32,34,36,YES
34,zookeeper-server/src/main/java/org/apache/zookeeper/server/quorum/ReadOnlyZooKeeperServer.java,ZOOKEEPER-3296,32,34,36,YES
35,zookeeper-server/src/main/java/org/apache/zookeeper/server/quorum/ReadOnlyZooKeeperServer.java,ZOOKEEPER-3296,32,34,36,YES
32,zookeeper-server/src/main/java/org/apache/zookeeper/server/quorum/RemotePeerBean.java,ZOOKEEPER-3296,32,34,36,YES
33,zookeeper-server/src/main/java/org/apache/zookeeper/server/quorum/RemotePeerBean.java,ZOOKEEPER-3296,32,34,36,YES
34,zookeeper-server/src/main/java/org/apache/zookeeper/server/quorum/RemotePeerBean.java,ZOOKEEPER-3296,32,34,36,YES
35,zookeeper-server/src/main/java/org/apache/zookeeper/server/quorum/RemotePeerBean.java,ZOOKEEPER-3296,32,34,36,YES
32,zookeeper-server/src/main/java/org/apache/zookeeper/server/quorum/QuorumCnxManager.java,ZOOKEEPER-3296,32,34,36,YES
33,zookeeper-server/src/main/java/org/apache/zookeeper/server/quorum/QuorumCnxManager.java,ZOOKEEPER-3296,32,34,36,YES
34,zookeeper-server/src/main/java/org/apache/zookeeper/server/quorum/QuorumCnxManager.java,ZOOKEEPER-3296,32,34,36,YES
35,zookeeper-server/src/main/java/org/apache/zookeeper/server/quorum/QuorumCnxManager.java,ZOOKEEPER-3296,32,34,36,YES
32,zookeeper-server/src/main/java/org/apache/zookeeper/server/quorum/QuorumPeer.java,ZOOKEEPER-3296,32,34,36,YES
33,zookeeper-server/src/main/java/org/apache/zookeeper/server/quorum/QuorumPeer.java,ZOOKEEPER-3296,32,34,36,YES
34,zookeeper-server/src/main/java/org/apache/zookeeper/server/quorum/QuorumPeer.java,ZOOKEEPER-3296,32,34,36,YES
35,zookeeper-server/src/main/java/org/apache/zookeeper/server/quorum/QuorumPeer.java,ZOOKEEPER-3296,32,34,36,YES
29,src/java/main/org/apache/zookeeper/server/EphemeralType.java,ZOOKEEPER-3038,29,32,33,YES
30,src/java/main/org/apache/zookeeper/server/EphemeralType.java,ZOOKEEPER-3038,29,32,33,YES
31,src/java/main/org/apache/zookeeper/server/EphemeralType.java,ZOOKEEPER-3038,29,32,33,YES
32,src/java/main/org/apache/zookeeper/server/EphemeralType.java,ZOOKEEPER-3038,29,32,33,YES
29,src/java/main/org/apache/zookeeper/server/EphemeralTypeEmulate353.java,ZOOKEEPER-3038,29,32,33,YES
30,src/java/main/org/apache/zookeeper/server/EphemeralTypeEmulate353.java,ZOOKEEPER-3038,29,32,33,YES
31,src/java/main/org/apache/zookeeper/server/EphemeralTypeEmulate353.java,ZOOKEEPER-3038,29,32,33,YES
32,src/java/main/org/apache/zookeeper/server/EphemeralTypeEmulate353.java,ZOOKEEPER-3038,29,32,33,YES
29,src/java/main/org/apache/zookeeper/server/quorum/QuorumPeer.java,ZOOKEEPER-3038,29,32,33,YES
30,src/java/main/org/apache/zookeeper/server/quorum/QuorumPeer.java,ZOOKEEPER-3038,29,32,33,YES
31,src/java/main/org/apache/zookeeper/server/quorum/QuorumPeer.java,ZOOKEEPER-3038,29,32,33,YES
32,src/java/main/org/apache/zookeeper/server/quorum/QuorumPeer.java,ZOOKEEPER-3038,29,32,33,YES
33,zookeeper-server/src/main/java/org/apache/zookeeper/ClientCnxn.java,ZOOKEEPER-4367,33,45,46,YES
34,zookeeper-server/src/main/java/org/apache/zookeeper/ClientCnxn.java,ZOOKEEPER-4367,33,45,46,YES
35,zookeeper-server/src/main/java/org/apache/zookeeper/ClientCnxn.java,ZOOKEEPER-4367,33,45,46,YES
36,zookeeper-server/src/main/java/org/apache/zookeeper/ClientCnxn.java,ZOOKEEPER-4367,33,45,46,YES
37,zookeeper-server/src/main/java/org/apache/zookeeper/ClientCnxn.java,ZOOKEEPER-4367,33,45,46,YES
38,zookeeper-server/src/main/java/org/apache/zookeeper/ClientCnxn.java,ZOOKEEPER-4367,33,45,46,YES
39,zookeeper-server/src/main/java/org/apache/zookeeper/ClientCnxn.java,ZOOKEEPER-4367,33,45,46,YES
40,zookeeper-server/src/main/java/org/apache/zookeeper/ClientCnxn.java,ZOOKEEPER-4367,33,45,46,YES
41,zookeeper-server/src/main/java/org/apache/zookeeper/ClientCnxn.java,ZOOKEEPER-4367,33,45,46,YES
42,zookeeper-server/src/main/java/org/apache/zookeeper/ClientCnxn.java,ZOOKEEPER-4367,33,45,46,YES
43,zookeeper-server/src/main/java/org/apache/zookeeper/ClientCnxn.java,ZOOKEEPER-4367,33,45,46,YES
44,zookeeper-server/src/main/java/org/apache/zookeeper/ClientCnxn.java,ZOOKEEPER-4367,33,45,46,YES
45,zookeeper-server/src/main/java/org/apache/zookeeper/ClientCnxn.java,ZOOKEEPER-4367,33,45,46,YES
33,zookeeper-server/src/main/java/org/apache/zookeeper/ZooKeeper.java,ZOOKEEPER-4367,33,45,46,YES
34,zookeeper-server/src/main/java/org/apache/zookeeper/ZooKeeper.java,ZOOKEEPER-4367,33,45,46,YES
35,zookeeper-server/src/main/java/org/apache/zookeeper/ZooKeeper.java,ZOOKEEPER-4367,33,45,46,YES
36,zookeeper-server/src/main/java/org/apache/zookeeper/ZooKeeper.java,ZOOKEEPER-4367,33,45,46,YES
37,zookeeper-server/src/main/java/org/apache/zookeeper/ZooKeeper.java,ZOOKEEPER-4367,33,45,46,YES
38,zookeeper-server/src/main/java/org/apache/zookeeper/ZooKeeper.java,ZOOKEEPER-4367,33,45,46,YES
39,zookeeper-server/src/main/java/org/apache/zookeeper/ZooKeeper.java,ZOOKEEPER-4367,33,45,46,YES
40,zookeeper-server/src/main/java/org/apache/zookeeper/ZooKeeper.java,ZOOKEEPER-4367,33,45,46,YES
41,zookeeper-server/src/main/java/org/apache/zookeeper/ZooKeeper.java,ZOOKEEPER-4367,33,45,46,YES
42,zookeeper-server/src/main/java/org/apache/zookeeper/ZooKeeper.java,ZOOKEEPER-4367,33,45,46,YES
43,zookeeper-server/src/main/java/org/apache/zookeeper/ZooKeeper.java,ZOOKEEPER-4367,33,45,46,YES
44,zookeeper-server/src/main/java/org/apache/zookeeper/ZooKeeper.java,ZOOKEEPER-4367,33,45,46,YES
45,zookeeper-server/src/main/java/org/apache/zookeeper/ZooKeeper.java,ZOOKEEPER-4367,33,45,46,YES
33,zookeeper-server/src/main/java/org/apache/zookeeper/client/ZooKeeperSaslClient.java,ZOOKEEPER-4367,33,45,46,YES
34,zookeeper-server/src/main/java/org/apache/zookeeper/client/ZooKeeperSaslClient.java,ZOOKEEPER-4367,33,45,46,YES
35,zookeeper-server/src/main/java/org/apache/zookeeper/client/ZooKeeperSaslClient.java,ZOOKEEPER-4367,33,45,46,YES
36,zookeeper-server/src/main/java/org/apache/zookeeper/client/ZooKeeperSaslClient.java,ZOOKEEPER-4367,33,45,46,YES
37,zookeeper-server/src/main/java/org/apache/zookeeper/client/ZooKeeperSaslClient.java,ZOOKEEPER-4367,33,45,46,YES
38,zookeeper-server/src/main/java/org/apache/zookeeper/client/ZooKeeperSaslClient.java,ZOOKEEPER-4367,33,45,46,YES
39,zookeeper-server/src/main/java/org/apache/zookeeper/client/ZooKeeperSaslClient.java,ZOOKEEPER-4367,33,45,46,YES
40,zookeeper-server/src/main/java/org/apache/zookeeper/client/ZooKeeperSaslClient.java,ZOOKEEPER-4367,33,45,46,YES
41,zookeeper-server/src/main/java/org/apache/zookeeper/client/ZooKeeperSaslClient.java,ZOOKEEPER-4367,33,45,46,YES
42,zookeeper-server/src/main/java/org/apache/zookeeper/client/ZooKeeperSaslClient.java,ZOOKEEPER-4367,33,45,46,YES
43,zookeeper-server/src/main/java/org/apache/zookeeper/client/ZooKeeperSaslClient.java,ZOOKEEPER-4367,33,45,46,YES
44,zookeeper-server/src/main/java/org/apache/zookeeper/client/ZooKeeperSaslClient.java,ZOOKEEPER-4367,33,45,46,YES
45,zookeeper-server/src/main/java/org/apache/zookeeper/client/ZooKeeperSaslClient.java,ZOOKEEPER-4367,33,45,46,YES
32,src/java/main/org/apache/zookeeper/server/persistence/TxnLogToolkit.java,ZOOKEEPER-3039,32,32,33,YES
7,src/java/main/org/apache/zookeeper/ClientCnxn.java,ZOOKEEPER-682,7,8,9,YES
8,src/java/main/org/apache/zookeeper/ClientCnxn.java,ZOOKEEPER-682,7,8,9,YES
4,src/java/main/org/apache/zookeeper/server/NIOServerCnxn.java,ZOOKEEPER-446,4,5,6,YES
5,src/java/main/org/apache/zookeeper/server/NIOServerCnxn.java,ZOOKEEPER-446,4,5,6,YES
4,src/java/main/org/apache/zookeeper/server/auth/HostAuthenticationProvider.java,ZOOKEEPER-446,4,5,6,YES
5,src/java/main/org/apache/zookeeper/server/auth/HostAuthenticationProvider.java,ZOOKEEPER-446,4,5,6,YES
4,src/java/main/org/apache/zookeeper/server/auth/ProviderRegistry.java,ZOOKEEPER-446,4,5,6,YES
5,src/java/main/org/apache/zookeeper/server/auth/ProviderRegistry.java,ZOOKEEPER-446,4,5,6,YES
1,src/java/main/org/apache/zookeeper/ClientCnxn.java,ZOOKEEPER-204,1,1,2,YES
1,src/java/main/org/apache/zookeeper/ZooKeeper.java,ZOOKEEPER-204,1,1,2,YES
1,src/java/main/org/apache/zookeeper/server/persistence/FileSnap.java,ZOOKEEPER-201,1,1,2,YES
1,src/java/main/org/apache/zookeeper/server/persistence/FileTxnLog.java,ZOOKEEPER-201,1,1,2,YES
4,src/java/main/org/apache/zookeeper/ZooDefs.java,ZOOKEEPER-444,4,5,6,YES
5,src/java/main/org/apache/zookeeper/ZooDefs.java,ZOOKEEPER-444,4,5,6,YES
7,src/java/main/org/apache/zookeeper/server/LogFormatter.java,ZOOKEEPER-683,7,8,9,YES
8,src/java/main/org/apache/zookeeper/server/LogFormatter.java,ZOOKEEPER-683,7,8,9,YES
7,src/java/main/org/apache/zookeeper/server/persistence/FileTxnLog.java,ZOOKEEPER-683,7,8,9,YES
8,src/java/main/org/apache/zookeeper/server/persistence/FileTxnLog.java,ZOOKEEPER-683,7,8,9,YES
7,src/java/main/org/apache/zookeeper/server/quorum/Follower.java,ZOOKEEPER-684,7,8,9,YES
8,src/java/main/org/apache/zookeeper/server/quorum/Follower.java,ZOOKEEPER-684,7,8,9,YES
7,src/java/main/org/apache/zookeeper/server/quorum/LeaderElection.java,ZOOKEEPER-684,7,8,9,YES
8,src/java/main/org/apache/zookeeper/server/quorum/LeaderElection.java,ZOOKEEPER-684,7,8,9,YES
7,src/java/main/org/apache/zookeeper/server/quorum/Observer.java,ZOOKEEPER-684,7,8,9,YES
8,src/java/main/org/apache/zookeeper/server/quorum/Observer.java,ZOOKEEPER-684,7,8,9,YES
7,src/java/main/org/apache/zookeeper/server/quorum/QuorumPeer.java,ZOOKEEPER-684,7,8,9,YES
8,src/java/main/org/apache/zookeeper/server/quorum/QuorumPeer.java,ZOOKEEPER-684,7,8,9,YES
1,src/java/main/org/apache/zookeeper/server/persistence/FileSnap.java,ZOOKEEPER-200,1,1,2,YES
1,src/java/main/org/apache/zookeeper/server/persistence/FileTxnLog.java,ZOOKEEPER-200,1,1,2,YES
41,zookeeper-recipes/zookeeper-recipes-lock/src/main/java/org/apache/zookeeper/recipes/lock/ZNodeName.java,ZOOKEEPER-4372,41,45,46,YES
42,zookeeper-recipes/zookeeper-recipes-lock/src/main/java/org/apache/zookeeper/recipes/lock/ZNodeName.java,ZOOKEEPER-4372,41,45,46,YES
43,zookeeper-recipes/zookeeper-recipes-lock/src/main/java/org/apache/zookeeper/recipes/lock/ZNodeName.java,ZOOKEEPER-4372,41,45,46,YES
44,zookeeper-recipes/zookeeper-recipes-lock/src/main/java/org/apache/zookeeper/recipes/lock/ZNodeName.java,ZOOKEEPER-4372,41,45,46,YES
45,zookeeper-recipes/zookeeper-recipes-lock/src/main/java/org/apache/zookeeper/recipes/lock/ZNodeName.java,ZOOKEEPER-4372,41,45,46,YES
29,src/java/main/org/apache/zookeeper/common/PathUtils.java,ZOOKEEPER-3041,29,32,33,YES
30,src/java/main/org/apache/zookeeper/common/PathUtils.java,ZOOKEEPER-3041,29,32,33,YES
31,src/java/main/org/apache/zookeeper/common/PathUtils.java,ZOOKEEPER-3041,29,32,33,YES
32,src/java/main/org/apache/zookeeper/common/PathUtils.java,ZOOKEEPER-3041,29,32,33,YES
22,src/java/main/org/apache/zookeeper/server/PrepRequestProcessor.java,ZOOKEEPER-2193,22,23,24,YES
23,src/java/main/org/apache/zookeeper/server/PrepRequestProcessor.java,ZOOKEEPER-2193,22,23,24,YES
22,src/java/main/org/apache/zookeeper/server/quorum/QuorumPeer.java,ZOOKEEPER-2193,22,23,24,YES
23,src/java/main/org/apache/zookeeper/server/quorum/QuorumPeer.java,ZOOKEEPER-2193,22,23,24,YES
21,src/java/main/org/apache/zookeeper/server/persistence/FileTxnLog.java,ZOOKEEPER-2195,21,23,26,YES
22,src/java/main/org/apache/zookeeper/server/persistence/FileTxnLog.java,ZOOKEEPER-2195,21,23,26,YES
23,src/java/main/org/apache/zookeeper/server/persistence/FileTxnLog.java,ZOOKEEPER-2195,21,23,26,YES
24,src/java/main/org/apache/zookeeper/server/persistence/FileTxnLog.java,ZOOKEEPER-2195,21,23,26,YES
25,src/java/main/org/apache/zookeeper/server/persistence/FileTxnLog.java,ZOOKEEPER-2195,21,23,26,YES
4,src/java/main/org/apache/zookeeper/KeeperException.java,ZOOKEEPER-449,4,5,6,YES
5,src/java/main/org/apache/zookeeper/KeeperException.java,ZOOKEEPER-449,4,5,6,YES
3,src/contrib/bookkeeper/src/java/org/apache/bookkeeper/bookie/Bookie.java,ZOOKEEPER-391,3,5,6,YES
4,src/contrib/bookkeeper/src/java/org/apache/bookkeeper/bookie/Bookie.java,ZOOKEEPER-391,3,5,6,YES
5,src/contrib/bookkeeper/src/java/org/apache/bookkeeper/bookie/Bookie.java,ZOOKEEPER-391,3,5,6,YES
3,src/contrib/bookkeeper/src/java/org/apache/bookkeeper/client/BookieHandle.java,ZOOKEEPER-391,3,5,6,YES
4,src/contrib/bookkeeper/src/java/org/apache/bookkeeper/client/BookieHandle.java,ZOOKEEPER-391,3,5,6,YES
5,src/contrib/bookkeeper/src/java/org/apache/bookkeeper/client/BookieHandle.java,ZOOKEEPER-391,3,5,6,YES
3,src/contrib/bookkeeper/src/java/org/apache/bookkeeper/proto/BookieClient.java,ZOOKEEPER-391,3,5,6,YES
4,src/contrib/bookkeeper/src/java/org/apache/bookkeeper/proto/BookieClient.java,ZOOKEEPER-391,3,5,6,YES
5,src/contrib/bookkeeper/src/java/org/apache/bookkeeper/proto/BookieClient.java,ZOOKEEPER-391,3,5,6,YES
3,src/contrib/bookkeeper/src/java/org/apache/bookkeeper/proto/NIOServerFactory.java,ZOOKEEPER-391,3,5,6,YES
4,src/contrib/bookkeeper/src/java/org/apache/bookkeeper/proto/NIOServerFactory.java,ZOOKEEPER-391,3,5,6,YES
5,src/contrib/bookkeeper/src/java/org/apache/bookkeeper/proto/NIOServerFactory.java,ZOOKEEPER-391,3,5,6,YES
3,src/contrib/bookkeeper/src/java/org/apache/bookkeeper/util/LocalBookKeeper.java,ZOOKEEPER-391,3,5,6,YES
4,src/contrib/bookkeeper/src/java/org/apache/bookkeeper/util/LocalBookKeeper.java,ZOOKEEPER-391,3,5,6,YES
5,src/contrib/bookkeeper/src/java/org/apache/bookkeeper/util/LocalBookKeeper.java,ZOOKEEPER-391,3,5,6,YES
1,src/java/main/org/apache/zookeeper/server/quorum/FastLeaderElection.java,ZOOKEEPER-1807,1,21,32,YES
2,src/java/main/org/apache/zookeeper/server/quorum/FastLeaderElection.java,ZOOKEEPER-1807,1,21,32,YES
3,src/java/main/org/apache/zookeeper/server/quorum/FastLeaderElection.java,ZOOKEEPER-1807,1,21,32,YES
4,src/java/main/org/apache/zookeeper/server/quorum/FastLeaderElection.java,ZOOKEEPER-1807,1,21,32,YES
5,src/java/main/org/apache/zookeeper/server/quorum/FastLeaderElection.java,ZOOKEEPER-1807,1,21,32,YES
6,src/java/main/org/apache/zookeeper/server/quorum/FastLeaderElection.java,ZOOKEEPER-1807,1,21,32,YES
7,src/java/main/org/apache/zookeeper/server/quorum/FastLeaderElection.java,ZOOKEEPER-1807,1,21,32,YES
8,src/java/main/org/apache/zookeeper/server/quorum/FastLeaderElection.java,ZOOKEEPER-1807,1,21,32,YES
9,src/java/main/org/apache/zookeeper/server/quorum/FastLeaderElection.java,ZOOKEEPER-1807,1,21,32,YES
10,src/java/main/org/apache/zookeeper/server/quorum/FastLeaderElection.java,ZOOKEEPER-1807,1,21,32,YES
11,src/java/main/org/apache/zookeeper/server/quorum/FastLeaderElection.java,ZOOKEEPER-1807,1,21,32,YES
12,src/java/main/org/apache/zookeeper/server/quorum/FastLeaderElection.java,ZOOKEEPER-1807,1,21,32,YES
13,src/java/main/org/apache/zookeeper/server/quorum/FastLeaderElection.java,ZOOKEEPER-1807,1,21,32,YES
14,src/java/main/org/apache/zookeeper/server/quorum/FastLeaderElection.java,ZOOKEEPER-1807,1,21,32,YES
15,src/java/main/org/apache/zookeeper/server/quorum/FastLeaderElection.java,ZOOKEEPER-1807,1,21,32,YES
16,src/java/main/org/apache/zookeeper/server/quorum/FastLeaderElection.java,ZOOKEEPER-1807,1,21,32,YES
17,src/java/main/org/apache/zookeeper/server/quorum/FastLeaderElection.java,ZOOKEEPER-1807,1,21,32,YES
18,src/java/main/org/apache/zookeeper/server/quorum/FastLeaderElection.java,ZOOKEEPER-1807,1,21,32,YES
19,src/java/main/org/apache/zookeeper/server/quorum/FastLeaderElection.java,ZOOKEEPER-1807,1,21,32,YES
20,src/java/main/org/apache/zookeeper/server/quorum/FastLeaderElection.java,ZOOKEEPER-1807,1,21,32,YES
21,src/java/main/org/apache/zookeeper/server/quorum/FastLeaderElection.java,ZOOKEEPER-1807,1,21,32,YES
22,src/java/main/org/apache/zookeeper/server/quorum/FastLeaderElection.java,ZOOKEEPER-1807,1,21,32,YES
23,src/java/main/org/apache/zookeeper/server/quorum/FastLeaderElection.java,ZOOKEEPER-1807,1,21,32,YES
24,src/java/main/org/apache/zookeeper/server/quorum/FastLeaderElection.java,ZOOKEEPER-1807,1,21,32,YES
25,src/java/main/org/apache/zookeeper/server/quorum/FastLeaderElection.java,ZOOKEEPER-1807,1,21,32,YES
26,src/java/main/org/apache/zookeeper/server/quorum/FastLeaderElection.java,ZOOKEEPER-1807,1,21,32,YES
27,src/java/main/org/apache/zookeeper/server/quorum/FastLeaderElection.java,ZOOKEEPER-1807,1,21,32,YES
28,src/java/main/org/apache/zookeeper/server/quorum/FastLeaderElection.java,ZOOKEEPER-1807,1,21,32,YES
29,src/java/main/org/apache/zookeeper/server/quorum/FastLeaderElection.java,ZOOKEEPER-1807,1,21,32,YES
30,src/java/main/org/apache/zookeeper/server/quorum/FastLeaderElection.java,ZOOKEEPER-1807,1,21,32,YES
31,src/java/main/org/apache/zookeeper/server/quorum/FastLeaderElection.java,ZOOKEEPER-1807,1,21,32,YES
1,src/java/main/org/apache/zookeeper/server/quorum/QuorumPeer.java,ZOOKEEPER-1807,1,21,32,YES
2,src/java/main/org/apache/zookeeper/server/quorum/QuorumPeer.java,ZOOKEEPER-1807,1,21,32,YES
3,src/java/main/org/apache/zookeeper/server/quorum/QuorumPeer.java,ZOOKEEPER-1807,1,21,32,YES
4,src/java/main/org/apache/zookeeper/server/quorum/QuorumPeer.java,ZOOKEEPER-1807,1,21,32,YES
5,src/java/main/org/apache/zookeeper/server/quorum/QuorumPeer.java,ZOOKEEPER-1807,1,21,32,YES
6,src/java/main/org/apache/zookeeper/server/quorum/QuorumPeer.java,ZOOKEEPER-1807,1,21,32,YES
7,src/java/main/org/apache/zookeeper/server/quorum/QuorumPeer.java,ZOOKEEPER-1807,1,21,32,YES
8,src/java/main/org/apache/zookeeper/server/quorum/QuorumPeer.java,ZOOKEEPER-1807,1,21,32,YES
9,src/java/main/org/apache/zookeeper/server/quorum/QuorumPeer.java,ZOOKEEPER-1807,1,21,32,YES
10,src/java/main/org/apache/zookeeper/server/quorum/QuorumPeer.java,ZOOKEEPER-1807,1,21,32,YES
11,src/java/main/org/apache/zookeeper/server/quorum/QuorumPeer.java,ZOOKEEPER-1807,1,21,32,YES
12,src/java/main/org/apache/zookeeper/server/quorum/QuorumPeer.java,ZOOKEEPER-1807,1,21,32,YES
13,src/java/main/org/apache/zookeeper/server/quorum/QuorumPeer.java,ZOOKEEPER-1807,1,21,32,YES
14,src/java/main/org/apache/zookeeper/server/quorum/QuorumPeer.java,ZOOKEEPER-1807,1,21,32,YES
15,src/java/main/org/apache/zookeeper/server/quorum/QuorumPeer.java,ZOOKEEPER-1807,1,21,32,YES
16,src/java/main/org/apache/zookeeper/server/quorum/QuorumPeer.java,ZOOKEEPER-1807,1,21,32,YES
17,src/java/main/org/apache/zookeeper/server/quorum/QuorumPeer.java,ZOOKEEPER-1807,1,21,32,YES
18,src/java/main/org/apache/zookeeper/server/quorum/QuorumPeer.java,ZOOKEEPER-1807,1,21,32,YES
19,src/java/main/org/apache/zookeeper/server/quorum/QuorumPeer.java,ZOOKEEPER-1807,1,21,32,YES
20,src/java/main/org/apache/zookeeper/server/quorum/QuorumPeer.java,ZOOKEEPER-1807,1,21,32,YES
21,src/java/main/org/apache/zookeeper/server/quorum/QuorumPeer.java,ZOOKEEPER-1807,1,21,32,YES
22,src/java/main/org/apache/zookeeper/server/quorum/QuorumPeer.java,ZOOKEEPER-1807,1,21,32,YES
23,src/java/main/org/apache/zookeeper/server/quorum/QuorumPeer.java,ZOOKEEPER-1807,1,21,32,YES
24,src/java/main/org/apache/zookeeper/server/quorum/QuorumPeer.java,ZOOKEEPER-1807,1,21,32,YES
25,src/java/main/org/apache/zookeeper/server/quorum/QuorumPeer.java,ZOOKEEPER-1807,1,21,32,YES
26,src/java/main/org/apache/zookeeper/server/quorum/QuorumPeer.java,ZOOKEEPER-1807,1,21,32,YES
27,src/java/main/org/apache/zookeeper/server/quorum/QuorumPeer.java,ZOOKEEPER-1807,1,21,32,YES
28,src/java/main/org/apache/zookeeper/server/quorum/QuorumPeer.java,ZOOKEEPER-1807,1,21,32,YES
29,src/java/main/org/apache/zookeeper/server/quorum/QuorumPeer.java,ZOOKEEPER-1807,1,21,32,YES
30,src/java/main/org/apache/zookeeper/server/quorum/QuorumPeer.java,ZOOKEEPER-1807,1,21,32,YES
31,src/java/main/org/apache/zookeeper/server/quorum/QuorumPeer.java,ZOOKEEPER-1807,1,21,32,YES
1,src/java/main/org/apache/zookeeper/server/persistence/Util.java,ZOOKEEPER-150,1,1,2,YES
1,src/java/main/org/apache/zookeeper/server/quorum/FastLeaderElection.java,ZOOKEEPER-159,1,1,2,YES
1,src/java/main/org/apache/zookeeper/server/quorum/Vote.java,ZOOKEEPER-159,1,1,2,YES
1,src/java/main/org/apache/zookeeper/server/quorum/FastLeaderElection.java,ZOOKEEPER-157,1,1,2,YES
1,src/java/main/org/apache/zookeeper/ZooKeeper.java,ZOOKEEPER-384,1,5,6,YES
2,src/java/main/org/apache/zookeeper/ZooKeeper.java,ZOOKEEPER-384,1,5,6,YES
3,src/java/main/org/apache/zookeeper/ZooKeeper.java,ZOOKEEPER-384,1,5,6,YES
4,src/java/main/org/apache/zookeeper/ZooKeeper.java,ZOOKEEPER-384,1,5,6,YES
5,src/java/main/org/apache/zookeeper/ZooKeeper.java,ZOOKEEPER-384,1,5,6,YES
1,src/java/main/org/apache/zookeeper/server/quorum/LeaderElection.java,ZOOKEEPER-131,1,1,2,YES
1,src/java/main/org/apache/zookeeper/server/quorum/QuorumPeer.java,ZOOKEEPER-131,1,1,2,YES
1,src/java/main/org/apache/zookeeper/server/quorum/Vote.java,ZOOKEEPER-131,1,1,2,YES
4,src/java/main/org/apache/zookeeper/server/quorum/LeaderElection.java,ZOOKEEPER-370,4,5,6,YES
5,src/java/main/org/apache/zookeeper/server/quorum/LeaderElection.java,ZOOKEEPER-370,4,5,6,YES
4,src/java/main/org/apache/zookeeper/server/quorum/QuorumCnxManager.java,ZOOKEEPER-370,4,5,6,YES
5,src/java/main/org/apache/zookeeper/server/quorum/QuorumCnxManager.java,ZOOKEEPER-370,4,5,6,YES
1,src/java/main/org/apache/zookeeper/ClientWatchManager.java,ZOOKEEPER-137,1,1,2,YES
1,src/java/main/org/apache/zookeeper/ClientCnxn.java,ZOOKEEPER-137,1,1,2,YES
1,src/java/main/org/apache/zookeeper/ZooKeeper.java,ZOOKEEPER-137,1,1,2,YES
1,src/java/main/org/apache/jute/CsvOutputArchive.java,ZOOKEEPER-136,1,1,2,YES
1,src/java/main/org/apache/zookeeper/ClientCnxn.java,ZOOKEEPER-136,1,1,2,YES
1,src/java/main/org/apache/zookeeper/server/FinalRequestProcessor.java,ZOOKEEPER-136,1,1,2,YES
1,src/java/main/org/apache/zookeeper/server/NIOServerCnxn.java,ZOOKEEPER-136,1,1,2,YES
1,src/java/main/org/apache/zookeeper/server/PrepRequestProcessor.java,ZOOKEEPER-136,1,1,2,YES
1,src/java/main/org/apache/zookeeper/server/Request.java,ZOOKEEPER-136,1,1,2,YES
1,src/java/main/org/apache/zookeeper/server/SyncRequestProcessor.java,ZOOKEEPER-136,1,1,2,YES
1,src/java/main/org/apache/zookeeper/server/ZooKeeperServer.java,ZOOKEEPER-136,1,1,2,YES
1,src/java/main/org/apache/zookeeper/server/auth/ProviderRegistry.java,ZOOKEEPER-136,1,1,2,YES
1,src/java/main/org/apache/zookeeper/server/quorum/CommitProcessor.java,ZOOKEEPER-136,1,1,2,YES
1,src/java/main/org/apache/zookeeper/server/quorum/FollowerHandler.java,ZOOKEEPER-136,1,1,2,YES
1,src/java/main/org/apache/zookeeper/server/quorum/FollowerRequestProcessor.java,ZOOKEEPER-136,1,1,2,YES
1,src/java/main/org/apache/zookeeper/server/quorum/FollowerSyncRequest.java,ZOOKEEPER-136,1,1,2,YES
1,src/java/main/org/apache/zookeeper/server/quorum/FollowerZooKeeperServer.java,ZOOKEEPER-136,1,1,2,YES
1,src/java/main/org/apache/zookeeper/server/quorum/Leader.java,ZOOKEEPER-136,1,1,2,YES
1,src/java/main/org/apache/zookeeper/server/quorum/LeaderZooKeeperServer.java,ZOOKEEPER-136,1,1,2,YES
1,src/java/main/org/apache/zookeeper/server/quorum/ProposalRequestProcessor.java,ZOOKEEPER-136,1,1,2,YES
1,src/java/main/org/apache/zookeeper/server/quorum/QuorumPeer.java,ZOOKEEPER-136,1,1,2,YES
4,src/java/main/org/apache/zookeeper/server/quorum/FastLeaderElection.java,ZOOKEEPER-362,4,5,6,YES
5,src/java/main/org/apache/zookeeper/server/quorum/FastLeaderElection.java,ZOOKEEPER-362,4,5,6,YES
4,src/java/main/org/apache/zookeeper/server/quorum/QuorumCnxManager.java,ZOOKEEPER-362,4,5,6,YES
5,src/java/main/org/apache/zookeeper/server/quorum/QuorumCnxManager.java,ZOOKEEPER-362,4,5,6,YES
4,src/contrib/bookkeeper/src/java/org/apache/bookkeeper/client/LedgerRecoveryMonitor.java,ZOOKEEPER-363,4,5,6,YES
5,src/contrib/bookkeeper/src/java/org/apache/bookkeeper/client/LedgerRecoveryMonitor.java,ZOOKEEPER-363,4,5,6,YES
1,src/java/main/org/apache/zookeeper/server/quorum/QuorumPeer.java,ZOOKEEPER-121,1,1,8,YES
2,src/java/main/org/apache/zookeeper/server/quorum/QuorumPeer.java,ZOOKEEPER-121,1,1,8,YES
3,src/java/main/org/apache/zookeeper/server/quorum/QuorumPeer.java,ZOOKEEPER-121,1,1,8,YES
4,src/java/main/org/apache/zookeeper/server/quorum/QuorumPeer.java,ZOOKEEPER-121,1,1,8,YES
5,src/java/main/org/apache/zookeeper/server/quorum/QuorumPeer.java,ZOOKEEPER-121,1,1,8,YES
6,src/java/main/org/apache/zookeeper/server/quorum/QuorumPeer.java,ZOOKEEPER-121,1,1,8,YES
7,src/java/main/org/apache/zookeeper/server/quorum/QuorumPeer.java,ZOOKEEPER-121,1,1,8,YES
1,src/java/main/org/apache/zookeeper/server/SyncRequestProcessor.java,ZOOKEEPER-121,1,1,8,YES
2,src/java/main/org/apache/zookeeper/server/SyncRequestProcessor.java,ZOOKEEPER-121,1,1,8,YES
3,src/java/main/org/apache/zookeeper/server/SyncRequestProcessor.java,ZOOKEEPER-121,1,1,8,YES
4,src/java/main/org/apache/zookeeper/server/SyncRequestProcessor.java,ZOOKEEPER-121,1,1,8,YES
5,src/java/main/org/apache/zookeeper/server/SyncRequestProcessor.java,ZOOKEEPER-121,1,1,8,YES
6,src/java/main/org/apache/zookeeper/server/SyncRequestProcessor.java,ZOOKEEPER-121,1,1,8,YES
7,src/java/main/org/apache/zookeeper/server/SyncRequestProcessor.java,ZOOKEEPER-121,1,1,8,YES
1,src/java/main/org/apache/zookeeper/server/persistence/FileTxnLog.java,ZOOKEEPER-121,1,1,8,YES
2,src/java/main/org/apache/zookeeper/server/persistence/FileTxnLog.java,ZOOKEEPER-121,1,1,8,YES
3,src/java/main/org/apache/zookeeper/server/persistence/FileTxnLog.java,ZOOKEEPER-121,1,1,8,YES
4,src/java/main/org/apache/zookeeper/server/persistence/FileTxnLog.java,ZOOKEEPER-121,1,1,8,YES
5,src/java/main/org/apache/zookeeper/server/persistence/FileTxnLog.java,ZOOKEEPER-121,1,1,8,YES
6,src/java/main/org/apache/zookeeper/server/persistence/FileTxnLog.java,ZOOKEEPER-121,1,1,8,YES
7,src/java/main/org/apache/zookeeper/server/persistence/FileTxnLog.java,ZOOKEEPER-121,1,1,8,YES
1,src/java/main/org/apache/zookeeper/server/quorum/QuorumPeer.java,ZOOKEEPER-121,1,1,8,YES
2,src/java/main/org/apache/zookeeper/server/quorum/QuorumPeer.java,ZOOKEEPER-121,1,1,8,YES
3,src/java/main/org/apache/zookeeper/server/quorum/QuorumPeer.java,ZOOKEEPER-121,1,1,8,YES
4,src/java/main/org/apache/zookeeper/server/quorum/QuorumPeer.java,ZOOKEEPER-121,1,1,8,YES
5,src/java/main/org/apache/zookeeper/server/quorum/QuorumPeer.java,ZOOKEEPER-121,1,1,8,YES
6,src/java/main/org/apache/zookeeper/server/quorum/QuorumPeer.java,ZOOKEEPER-121,1,1,8,YES
7,src/java/main/org/apache/zookeeper/server/quorum/QuorumPeer.java,ZOOKEEPER-121,1,1,8,YES
1,src/java/main/org/apache/zookeeper/server/SyncRequestProcessor.java,ZOOKEEPER-121,1,1,8,YES
2,src/java/main/org/apache/zookeeper/server/SyncRequestProcessor.java,ZOOKEEPER-121,1,1,8,YES
3,src/java/main/org/apache/zookeeper/server/SyncRequestProcessor.java,ZOOKEEPER-121,1,1,8,YES
4,src/java/main/org/apache/zookeeper/server/SyncRequestProcessor.java,ZOOKEEPER-121,1,1,8,YES
5,src/java/main/org/apache/zookeeper/server/SyncRequestProcessor.java,ZOOKEEPER-121,1,1,8,YES
6,src/java/main/org/apache/zookeeper/server/SyncRequestProcessor.java,ZOOKEEPER-121,1,1,8,YES
7,src/java/main/org/apache/zookeeper/server/SyncRequestProcessor.java,ZOOKEEPER-121,1,1,8,YES
1,src/java/main/org/apache/zookeeper/server/SyncRequestProcessor.java,ZOOKEEPER-121,1,1,8,YES
2,src/java/main/org/apache/zookeeper/server/SyncRequestProcessor.java,ZOOKEEPER-121,1,1,8,YES
3,src/java/main/org/apache/zookeeper/server/SyncRequestProcessor.java,ZOOKEEPER-121,1,1,8,YES
4,src/java/main/org/apache/zookeeper/server/SyncRequestProcessor.java,ZOOKEEPER-121,1,1,8,YES
5,src/java/main/org/apache/zookeeper/server/SyncRequestProcessor.java,ZOOKEEPER-121,1,1,8,YES
6,src/java/main/org/apache/zookeeper/server/SyncRequestProcessor.java,ZOOKEEPER-121,1,1,8,YES
7,src/java/main/org/apache/zookeeper/server/SyncRequestProcessor.java,ZOOKEEPER-121,1,1,8,YES
1,src/java/main/org/apache/zookeeper/server/ZKDatabase.java,ZOOKEEPER-121,1,1,8,YES
2,src/java/main/org/apache/zookeeper/server/ZKDatabase.java,ZOOKEEPER-121,1,1,8,YES
3,src/java/main/org/apache/zookeeper/server/ZKDatabase.java,ZOOKEEPER-121,1,1,8,YES
4,src/java/main/org/apache/zookeeper/server/ZKDatabase.java,ZOOKEEPER-121,1,1,8,YES
5,src/java/main/org/apache/zookeeper/server/ZKDatabase.java,ZOOKEEPER-121,1,1,8,YES
6,src/java/main/org/apache/zookeeper/server/ZKDatabase.java,ZOOKEEPER-121,1,1,8,YES
7,src/java/main/org/apache/zookeeper/server/ZKDatabase.java,ZOOKEEPER-121,1,1,8,YES
1,src/java/main/org/apache/zookeeper/server/persistence/FileSnap.java,ZOOKEEPER-121,1,1,8,YES
2,src/java/main/org/apache/zookeeper/server/persistence/FileSnap.java,ZOOKEEPER-121,1,1,8,YES
3,src/java/main/org/apache/zookeeper/server/persistence/FileSnap.java,ZOOKEEPER-121,1,1,8,YES
4,src/java/main/org/apache/zookeeper/server/persistence/FileSnap.java,ZOOKEEPER-121,1,1,8,YES
5,src/java/main/org/apache/zookeeper/server/persistence/FileSnap.java,ZOOKEEPER-121,1,1,8,YES
6,src/java/main/org/apache/zookeeper/server/persistence/FileSnap.java,ZOOKEEPER-121,1,1,8,YES
7,src/java/main/org/apache/zookeeper/server/persistence/FileSnap.java,ZOOKEEPER-121,1,1,8,YES
1,src/java/main/org/apache/zookeeper/server/persistence/FileTxnLog.java,ZOOKEEPER-121,1,1,8,YES
2,src/java/main/org/apache/zookeeper/server/persistence/FileTxnLog.java,ZOOKEEPER-121,1,1,8,YES
3,src/java/main/org/apache/zookeeper/server/persistence/FileTxnLog.java,ZOOKEEPER-121,1,1,8,YES
4,src/java/main/org/apache/zookeeper/server/persistence/FileTxnLog.java,ZOOKEEPER-121,1,1,8,YES
5,src/java/main/org/apache/zookeeper/server/persistence/FileTxnLog.java,ZOOKEEPER-121,1,1,8,YES
6,src/java/main/org/apache/zookeeper/server/persistence/FileTxnLog.java,ZOOKEEPER-121,1,1,8,YES
7,src/java/main/org/apache/zookeeper/server/persistence/FileTxnLog.java,ZOOKEEPER-121,1,1,8,YES
1,src/java/main/org/apache/zookeeper/server/persistence/FileTxnSnapLog.java,ZOOKEEPER-121,1,1,8,YES
2,src/java/main/org/apache/zookeeper/server/persistence/FileTxnSnapLog.java,ZOOKEEPER-121,1,1,8,YES
3,src/java/main/org/apache/zookeeper/server/persistence/FileTxnSnapLog.java,ZOOKEEPER-121,1,1,8,YES
4,src/java/main/org/apache/zookeeper/server/persistence/FileTxnSnapLog.java,ZOOKEEPER-121,1,1,8,YES
5,src/java/main/org/apache/zookeeper/server/persistence/FileTxnSnapLog.java,ZOOKEEPER-121,1,1,8,YES
6,src/java/main/org/apache/zookeeper/server/persistence/FileTxnSnapLog.java,ZOOKEEPER-121,1,1,8,YES
7,src/java/main/org/apache/zookeeper/server/persistence/FileTxnSnapLog.java,ZOOKEEPER-121,1,1,8,YES
1,src/java/main/org/apache/zookeeper/server/persistence/SnapShot.java,ZOOKEEPER-121,1,1,8,YES
2,src/java/main/org/apache/zookeeper/server/persistence/SnapShot.java,ZOOKEEPER-121,1,1,8,YES
3,src/java/main/org/apache/zookeeper/server/persistence/SnapShot.java,ZOOKEEPER-121,1,1,8,YES
4,src/java/main/org/apache/zookeeper/server/persistence/SnapShot.java,ZOOKEEPER-121,1,1,8,YES
5,src/java/main/org/apache/zookeeper/server/persistence/SnapShot.java,ZOOKEEPER-121,1,1,8,YES
6,src/java/main/org/apache/zookeeper/server/persistence/SnapShot.java,ZOOKEEPER-121,1,1,8,YES
7,src/java/main/org/apache/zookeeper/server/persistence/SnapShot.java,ZOOKEEPER-121,1,1,8,YES
1,src/java/main/org/apache/zookeeper/server/persistence/TxnLog.java,ZOOKEEPER-121,1,1,8,YES
2,src/java/main/org/apache/zookeeper/server/persistence/TxnLog.java,ZOOKEEPER-121,1,1,8,YES
3,src/java/main/org/apache/zookeeper/server/persistence/TxnLog.java,ZOOKEEPER-121,1,1,8,YES
4,src/java/main/org/apache/zookeeper/server/persistence/TxnLog.java,ZOOKEEPER-121,1,1,8,YES
5,src/java/main/org/apache/zookeeper/server/persistence/TxnLog.java,ZOOKEEPER-121,1,1,8,YES
6,src/java/main/org/apache/zookeeper/server/persistence/TxnLog.java,ZOOKEEPER-121,1,1,8,YES
7,src/java/main/org/apache/zookeeper/server/persistence/TxnLog.java,ZOOKEEPER-121,1,1,8,YES
4,src/contrib/bookkeeper/src/java/org/apache/bookkeeper/bookie/Bookie.java,ZOOKEEPER-360,4,5,6,YES
5,src/contrib/bookkeeper/src/java/org/apache/bookkeeper/bookie/Bookie.java,ZOOKEEPER-360,4,5,6,YES
4,src/contrib/bookkeeper/src/java/org/apache/bookkeeper/bookie/LedgerDescriptor.java,ZOOKEEPER-360,4,5,6,YES
5,src/contrib/bookkeeper/src/java/org/apache/bookkeeper/bookie/LedgerDescriptor.java,ZOOKEEPER-360,4,5,6,YES
1,src/java/jmx/org/apache/zookeeper/server/quorum/ManagedQuorumPeer.java,ZOOKEEPER-127,1,1,2,YES
1,src/java/jmx/org/apache/zookeeper/server/quorum/ManagedQuorumPeerMain.java,ZOOKEEPER-127,1,1,2,YES
1,src/java/jmx/org/apache/zookeeper/server/quorum/ObservableQuorumPeer.java,ZOOKEEPER-127,1,1,2,YES
1,src/java/main/org/apache/zookeeper/server/quorum/AuthFastLeaderElection.java,ZOOKEEPER-127,1,1,2,YES
1,src/java/main/org/apache/zookeeper/server/quorum/Election.java,ZOOKEEPER-127,1,1,2,YES
1,src/java/main/org/apache/zookeeper/server/quorum/FastLeaderElection.java,ZOOKEEPER-127,1,1,2,YES
1,src/java/main/org/apache/zookeeper/server/quorum/Follower.java,ZOOKEEPER-127,1,1,2,YES
1,src/java/main/org/apache/zookeeper/server/quorum/LeaderElection.java,ZOOKEEPER-127,1,1,2,YES
1,src/java/main/org/apache/zookeeper/server/quorum/QuorumCnxManager.java,ZOOKEEPER-127,1,1,2,YES
1,src/java/main/org/apache/zookeeper/server/quorum/QuorumPeer.java,ZOOKEEPER-127,1,1,2,YES
1,src/java/main/org/apache/zookeeper/server/quorum/QuorumPeerConfig.java,ZOOKEEPER-127,1,1,2,YES
1,src/java/main/org/apache/zookeeper/server/quorum/QuorumPeerMain.java,ZOOKEEPER-127,1,1,2,YES
5,src/java/main/org/apache/jute/BinaryInputArchive.java,ZOOKEEPER-367,5,5,6,YES
5,src/java/main/org/apache/zookeeper/server/persistence/FileSnap.java,ZOOKEEPER-367,5,5,6,YES
5,src/java/main/org/apache/zookeeper/server/util/SerializeUtils.java,ZOOKEEPER-367,5,5,6,YES
1,src/java/main/org/apache/jute/Utils.java,ZOOKEEPER-122,1,1,2,YES
5,src/contrib/bookkeeper/src/java/org/apache/bookkeeper/client/LedgerHandle.java,ZOOKEEPER-365,5,5,6,YES
5,src/contrib/bookkeeper/src/java/org/apache/bookkeeper/client/LedgerRecoveryMonitor.java,ZOOKEEPER-365,5,5,6,YES
1,src/java/main/org/apache/zookeeper/ClientCnxn.java,ZOOKEEPER-123,1,1,2,YES
40,zookeeper-server/src/main/java/org/apache/zookeeper/ClientCnxnSocketNetty.java,ZOOKEEPER-4293,40,45,57,YES
41,zookeeper-server/src/main/java/org/apache/zookeeper/ClientCnxnSocketNetty.java,ZOOKEEPER-4293,40,45,57,YES
42,zookeeper-server/src/main/java/org/apache/zookeeper/ClientCnxnSocketNetty.java,ZOOKEEPER-4293,40,45,57,YES
43,zookeeper-server/src/main/java/org/apache/zookeeper/ClientCnxnSocketNetty.java,ZOOKEEPER-4293,40,45,57,YES
44,zookeeper-server/src/main/java/org/apache/zookeeper/ClientCnxnSocketNetty.java,ZOOKEEPER-4293,40,45,57,YES
45,zookeeper-server/src/main/java/org/apache/zookeeper/ClientCnxnSocketNetty.java,ZOOKEEPER-4293,40,45,57,YES
46,zookeeper-server/src/main/java/org/apache/zookeeper/ClientCnxnSocketNetty.java,ZOOKEEPER-4293,40,45,57,YES
47,zookeeper-server/src/main/java/org/apache/zookeeper/ClientCnxnSocketNetty.java,ZOOKEEPER-4293,40,45,57,YES
48,zookeeper-server/src/main/java/org/apache/zookeeper/ClientCnxnSocketNetty.java,ZOOKEEPER-4293,40,45,57,YES
49,zookeeper-server/src/main/java/org/apache/zookeeper/ClientCnxnSocketNetty.java,ZOOKEEPER-4293,40,45,57,YES
50,zookeeper-server/src/main/java/org/apache/zookeeper/ClientCnxnSocketNetty.java,ZOOKEEPER-4293,40,45,57,YES
51,zookeeper-server/src/main/java/org/apache/zookeeper/ClientCnxnSocketNetty.java,ZOOKEEPER-4293,40,45,57,YES
52,zookeeper-server/src/main/java/org/apache/zookeeper/ClientCnxnSocketNetty.java,ZOOKEEPER-4293,40,45,57,YES
53,zookeeper-server/src/main/java/org/apache/zookeeper/ClientCnxnSocketNetty.java,ZOOKEEPER-4293,40,45,57,YES
54,zookeeper-server/src/main/java/org/apache/zookeeper/ClientCnxnSocketNetty.java,ZOOKEEPER-4293,40,45,57,YES
55,zookeeper-server/src/main/java/org/apache/zookeeper/ClientCnxnSocketNetty.java,ZOOKEEPER-4293,40,45,57,YES
56,zookeeper-server/src/main/java/org/apache/zookeeper/ClientCnxnSocketNetty.java,ZOOKEEPER-4293,40,45,57,YES
40,zookeeper-server/src/main/java/org/apache/zookeeper/server/quorum/UnifiedServerSocket.java,ZOOKEEPER-4293,40,45,57,YES
41,zookeeper-server/src/main/java/org/apache/zookeeper/server/quorum/UnifiedServerSocket.java,ZOOKEEPER-4293,40,45,57,YES
42,zookeeper-server/src/main/java/org/apache/zookeeper/server/quorum/UnifiedServerSocket.java,ZOOKEEPER-4293,40,45,57,YES
43,zookeeper-server/src/main/java/org/apache/zookeeper/server/quorum/UnifiedServerSocket.java,ZOOKEEPER-4293,40,45,57,YES
44,zookeeper-server/src/main/java/org/apache/zookeeper/server/quorum/UnifiedServerSocket.java,ZOOKEEPER-4293,40,45,57,YES
45,zookeeper-server/src/main/java/org/apache/zookeeper/server/quorum/UnifiedServerSocket.java,ZOOKEEPER-4293,40,45,57,YES
46,zookeeper-server/src/main/java/org/apache/zookeeper/server/quorum/UnifiedServerSocket.java,ZOOKEEPER-4293,40,45,57,YES
47,zookeeper-server/src/main/java/org/apache/zookeeper/server/quorum/UnifiedServerSocket.java,ZOOKEEPER-4293,40,45,57,YES
48,zookeeper-server/src/main/java/org/apache/zookeeper/server/quorum/UnifiedServerSocket.java,ZOOKEEPER-4293,40,45,57,YES
49,zookeeper-server/src/main/java/org/apache/zookeeper/server/quorum/UnifiedServerSocket.java,ZOOKEEPER-4293,40,45,57,YES
50,zookeeper-server/src/main/java/org/apache/zookeeper/server/quorum/UnifiedServerSocket.java,ZOOKEEPER-4293,40,45,57,YES
51,zookeeper-server/src/main/java/org/apache/zookeeper/server/quorum/UnifiedServerSocket.java,ZOOKEEPER-4293,40,45,57,YES
52,zookeeper-server/src/main/java/org/apache/zookeeper/server/quorum/UnifiedServerSocket.java,ZOOKEEPER-4293,40,45,57,YES
53,zookeeper-server/src/main/java/org/apache/zookeeper/server/quorum/UnifiedServerSocket.java,ZOOKEEPER-4293,40,45,57,YES
54,zookeeper-server/src/main/java/org/apache/zookeeper/server/quorum/UnifiedServerSocket.java,ZOOKEEPER-4293,40,45,57,YES
55,zookeeper-server/src/main/java/org/apache/zookeeper/server/quorum/UnifiedServerSocket.java,ZOOKEEPER-4293,40,45,57,YES
56,zookeeper-server/src/main/java/org/apache/zookeeper/server/quorum/UnifiedServerSocket.java,ZOOKEEPER-4293,40,45,57,YES
39,zookeeper-contrib/zookeeper-contrib-zooinspector/src/main/java/org/apache/zookeeper/inspector/manager/ZooInspectorManagerImpl.java,ZOOKEEPER-4050,39,42,43,YES
40,zookeeper-contrib/zookeeper-contrib-zooinspector/src/main/java/org/apache/zookeeper/inspector/manager/ZooInspectorManagerImpl.java,ZOOKEEPER-4050,39,42,43,YES
41,zookeeper-contrib/zookeeper-contrib-zooinspector/src/main/java/org/apache/zookeeper/inspector/manager/ZooInspectorManagerImpl.java,ZOOKEEPER-4050,39,42,43,YES
42,zookeeper-contrib/zookeeper-contrib-zooinspector/src/main/java/org/apache/zookeeper/inspector/manager/ZooInspectorManagerImpl.java,ZOOKEEPER-4050,39,42,43,YES
29,zookeeper-server/src/main/java/org/apache/zookeeper/ClientCnxnSocketNetty.java,ZOOKEEPER-4296,29,45,50,YES
30,zookeeper-server/src/main/java/org/apache/zookeeper/ClientCnxnSocketNetty.java,ZOOKEEPER-4296,29,45,50,YES
31,zookeeper-server/src/main/java/org/apache/zookeeper/ClientCnxnSocketNetty.java,ZOOKEEPER-4296,29,45,50,YES
32,zookeeper-server/src/main/java/org/apache/zookeeper/ClientCnxnSocketNetty.java,ZOOKEEPER-4296,29,45,50,YES
33,zookeeper-server/src/main/java/org/apache/zookeeper/ClientCnxnSocketNetty.java,ZOOKEEPER-4296,29,45,50,YES
34,zookeeper-server/src/main/java/org/apache/zookeeper/ClientCnxnSocketNetty.java,ZOOKEEPER-4296,29,45,50,YES
35,zookeeper-server/src/main/java/org/apache/zookeeper/ClientCnxnSocketNetty.java,ZOOKEEPER-4296,29,45,50,YES
36,zookeeper-server/src/main/java/org/apache/zookeeper/ClientCnxnSocketNetty.java,ZOOKEEPER-4296,29,45,50,YES
37,zookeeper-server/src/main/java/org/apache/zookeeper/ClientCnxnSocketNetty.java,ZOOKEEPER-4296,29,45,50,YES
38,zookeeper-server/src/main/java/org/apache/zookeeper/ClientCnxnSocketNetty.java,ZOOKEEPER-4296,29,45,50,YES
39,zookeeper-server/src/main/java/org/apache/zookeeper/ClientCnxnSocketNetty.java,ZOOKEEPER-4296,29,45,50,YES
40,zookeeper-server/src/main/java/org/apache/zookeeper/ClientCnxnSocketNetty.java,ZOOKEEPER-4296,29,45,50,YES
41,zookeeper-server/src/main/java/org/apache/zookeeper/ClientCnxnSocketNetty.java,ZOOKEEPER-4296,29,45,50,YES
42,zookeeper-server/src/main/java/org/apache/zookeeper/ClientCnxnSocketNetty.java,ZOOKEEPER-4296,29,45,50,YES
43,zookeeper-server/src/main/java/org/apache/zookeeper/ClientCnxnSocketNetty.java,ZOOKEEPER-4296,29,45,50,YES
44,zookeeper-server/src/main/java/org/apache/zookeeper/ClientCnxnSocketNetty.java,ZOOKEEPER-4296,29,45,50,YES
45,zookeeper-server/src/main/java/org/apache/zookeeper/ClientCnxnSocketNetty.java,ZOOKEEPER-4296,29,45,50,YES
46,zookeeper-server/src/main/java/org/apache/zookeeper/ClientCnxnSocketNetty.java,ZOOKEEPER-4296,29,45,50,YES
47,zookeeper-server/src/main/java/org/apache/zookeeper/ClientCnxnSocketNetty.java,ZOOKEEPER-4296,29,45,50,YES
48,zookeeper-server/src/main/java/org/apache/zookeeper/ClientCnxnSocketNetty.java,ZOOKEEPER-4296,29,45,50,YES
49,zookeeper-server/src/main/java/org/apache/zookeeper/ClientCnxnSocketNetty.java,ZOOKEEPER-4296,29,45,50,YES
28,src/recipes/lock/src/java/org/apache/zookeeper/recipes/lock/ZNodeName.java,ZOOKEEPER-2931,28,30,31,YES
29,src/recipes/lock/src/java/org/apache/zookeeper/recipes/lock/ZNodeName.java,ZOOKEEPER-2931,28,30,31,YES
30,src/recipes/lock/src/java/org/apache/zookeeper/recipes/lock/ZNodeName.java,ZOOKEEPER-2931,28,30,31,YES
21,src/java/main/org/apache/zookeeper/server/ByteBufferInputStream.java,ZOOKEEPER-1843,21,21,22,YES
21,src/java/main/org/apache/zookeeper/server/quorum/QuorumPeer.java,ZOOKEEPER-1840,21,21,22,YES
1,src/java/main/org/apache/zookeeper/server/quorum/FollowerSyncRequest.java,ZOOKEEPER-198,1,1,2,YES
20,src/java/main/org/apache/zookeeper/server/TxnLogProposalIterator.java,ZOOKEEPER-1844,20,21,22,YES
21,src/java/main/org/apache/zookeeper/server/TxnLogProposalIterator.java,ZOOKEEPER-1844,20,21,22,YES
20,src/java/main/org/apache/zookeeper/server/ZKDatabase.java,ZOOKEEPER-1844,20,21,22,YES
21,src/java/main/org/apache/zookeeper/server/ZKDatabase.java,ZOOKEEPER-1844,20,21,22,YES
20,src/java/main/org/apache/zookeeper/server/persistence/FileTxnLog.java,ZOOKEEPER-1844,20,21,22,YES
21,src/java/main/org/apache/zookeeper/server/persistence/FileTxnLog.java,ZOOKEEPER-1844,20,21,22,YES
20,src/java/main/org/apache/zookeeper/server/persistence/FileTxnSnapLog.java,ZOOKEEPER-1844,20,21,22,YES
21,src/java/main/org/apache/zookeeper/server/persistence/FileTxnSnapLog.java,ZOOKEEPER-1844,20,21,22,YES
20,src/java/main/org/apache/zookeeper/server/quorum/LearnerHandler.java,ZOOKEEPER-1844,20,21,22,YES
21,src/java/main/org/apache/zookeeper/server/quorum/LearnerHandler.java,ZOOKEEPER-1844,20,21,22,YES
20,src/java/main/org/apache/zookeeper/server/quorum/QuorumPeerConfig.java,ZOOKEEPER-1602,20,21,22,YES
21,src/java/main/org/apache/zookeeper/server/quorum/QuorumPeerConfig.java,ZOOKEEPER-1602,20,21,22,YES
20,src/java/main/org/apache/zookeeper/client/StaticHostProvider.java,ZOOKEEPER-1603,20,21,22,YES
21,src/java/main/org/apache/zookeeper/client/StaticHostProvider.java,ZOOKEEPER-1603,20,21,22,YES
1,src/java/main/org/apache/zookeeper/server/quorum/QuorumPeerConfig.java,ZOOKEEPER-192,1,1,5,YES
2,src/java/main/org/apache/zookeeper/server/quorum/QuorumPeerConfig.java,ZOOKEEPER-192,1,1,5,YES
3,src/java/main/org/apache/zookeeper/server/quorum/QuorumPeerConfig.java,ZOOKEEPER-192,1,1,5,YES
4,src/java/main/org/apache/zookeeper/server/quorum/QuorumPeerConfig.java,ZOOKEEPER-192,1,1,5,YES
1,src/java/main/org/apache/zookeeper/server/persistence/FileTxnLog.java,ZOOKEEPER-199,1,1,2,YES
1,src/java/main/org/apache/zookeeper/server/persistence/FileTxnSnapLog.java,ZOOKEEPER-199,1,1,2,YES
20,src/java/main/org/apache/zookeeper/common/AtomicFileOutputStream.java,ZOOKEEPER-1835,20,21,22,YES
21,src/java/main/org/apache/zookeeper/common/AtomicFileOutputStream.java,ZOOKEEPER-1835,20,21,22,YES
20,src/java/main/org/apache/zookeeper/common/AtomicFileWritingIdiom.java,ZOOKEEPER-1835,20,21,22,YES
21,src/java/main/org/apache/zookeeper/common/AtomicFileWritingIdiom.java,ZOOKEEPER-1835,20,21,22,YES
20,src/java/main/org/apache/zookeeper/server/quorum/QuorumPeer.java,ZOOKEEPER-1835,20,21,22,YES
21,src/java/main/org/apache/zookeeper/server/quorum/QuorumPeer.java,ZOOKEEPER-1835,20,21,22,YES
20,src/java/main/org/apache/zookeeper/server/quorum/QuorumPeerConfig.java,ZOOKEEPER-1835,20,21,22,YES
21,src/java/main/org/apache/zookeeper/server/quorum/QuorumPeerConfig.java,ZOOKEEPER-1835,20,21,22,YES
28,src/java/main/org/apache/zookeeper/server/quorum/CommitProcessor.java,ZOOKEEPER-2923,28,30,31,YES
29,src/java/main/org/apache/zookeeper/server/quorum/CommitProcessor.java,ZOOKEEPER-2923,28,30,31,YES
30,src/java/main/org/apache/zookeeper/server/quorum/CommitProcessor.java,ZOOKEEPER-2923,28,30,31,YES
20,src/java/main/org/apache/zookeeper/server/NettyServerCnxn.java,ZOOKEEPER-1839,20,21,22,YES
21,src/java/main/org/apache/zookeeper/server/NettyServerCnxn.java,ZOOKEEPER-1839,20,21,22,YES
20,src/java/main/org/apache/zookeeper/server/NettyServerCnxnFactory.java,ZOOKEEPER-1839,20,21,22,YES
21,src/java/main/org/apache/zookeeper/server/NettyServerCnxnFactory.java,ZOOKEEPER-1839,20,21,22,YES
29,src/java/main/org/apache/zookeeper/server/PrepRequestProcessor.java,ZOOKEEPER-2926,29,30,34,YES
30,src/java/main/org/apache/zookeeper/server/PrepRequestProcessor.java,ZOOKEEPER-2926,29,30,34,YES
31,src/java/main/org/apache/zookeeper/server/PrepRequestProcessor.java,ZOOKEEPER-2926,29,30,34,YES
32,src/java/main/org/apache/zookeeper/server/PrepRequestProcessor.java,ZOOKEEPER-2926,29,30,34,YES
33,src/java/main/org/apache/zookeeper/server/PrepRequestProcessor.java,ZOOKEEPER-2926,29,30,34,YES
29,src/java/main/org/apache/zookeeper/server/ServerCnxn.java,ZOOKEEPER-2926,29,30,34,YES
30,src/java/main/org/apache/zookeeper/server/ServerCnxn.java,ZOOKEEPER-2926,29,30,34,YES
31,src/java/main/org/apache/zookeeper/server/ServerCnxn.java,ZOOKEEPER-2926,29,30,34,YES
32,src/java/main/org/apache/zookeeper/server/ServerCnxn.java,ZOOKEEPER-2926,29,30,34,YES
33,src/java/main/org/apache/zookeeper/server/ServerCnxn.java,ZOOKEEPER-2926,29,30,34,YES
29,src/java/main/org/apache/zookeeper/server/SessionTracker.java,ZOOKEEPER-2926,29,30,34,YES
30,src/java/main/org/apache/zookeeper/server/SessionTracker.java,ZOOKEEPER-2926,29,30,34,YES
31,src/java/main/org/apache/zookeeper/server/SessionTracker.java,ZOOKEEPER-2926,29,30,34,YES
32,src/java/main/org/apache/zookeeper/server/SessionTracker.java,ZOOKEEPER-2926,29,30,34,YES
33,src/java/main/org/apache/zookeeper/server/SessionTracker.java,ZOOKEEPER-2926,29,30,34,YES
29,src/java/main/org/apache/zookeeper/server/SessionTrackerImpl.java,ZOOKEEPER-2926,29,30,34,YES
30,src/java/main/org/apache/zookeeper/server/SessionTrackerImpl.java,ZOOKEEPER-2926,29,30,34,YES
31,src/java/main/org/apache/zookeeper/server/SessionTrackerImpl.java,ZOOKEEPER-2926,29,30,34,YES
32,src/java/main/org/apache/zookeeper/server/SessionTrackerImpl.java,ZOOKEEPER-2926,29,30,34,YES
33,src/java/main/org/apache/zookeeper/server/SessionTrackerImpl.java,ZOOKEEPER-2926,29,30,34,YES
29,src/java/main/org/apache/zookeeper/server/ZooKeeperServer.java,ZOOKEEPER-2926,29,30,34,YES
30,src/java/main/org/apache/zookeeper/server/ZooKeeperServer.java,ZOOKEEPER-2926,29,30,34,YES
31,src/java/main/org/apache/zookeeper/server/ZooKeeperServer.java,ZOOKEEPER-2926,29,30,34,YES
32,src/java/main/org/apache/zookeeper/server/ZooKeeperServer.java,ZOOKEEPER-2926,29,30,34,YES
33,src/java/main/org/apache/zookeeper/server/ZooKeeperServer.java,ZOOKEEPER-2926,29,30,34,YES
29,src/java/main/org/apache/zookeeper/server/quorum/LeaderSessionTracker.java,ZOOKEEPER-2926,29,30,34,YES
30,src/java/main/org/apache/zookeeper/server/quorum/LeaderSessionTracker.java,ZOOKEEPER-2926,29,30,34,YES
31,src/java/main/org/apache/zookeeper/server/quorum/LeaderSessionTracker.java,ZOOKEEPER-2926,29,30,34,YES
32,src/java/main/org/apache/zookeeper/server/quorum/LeaderSessionTracker.java,ZOOKEEPER-2926,29,30,34,YES
33,src/java/main/org/apache/zookeeper/server/quorum/LeaderSessionTracker.java,ZOOKEEPER-2926,29,30,34,YES
29,src/java/main/org/apache/zookeeper/server/quorum/LearnerSessionTracker.java,ZOOKEEPER-2926,29,30,34,YES
30,src/java/main/org/apache/zookeeper/server/quorum/LearnerSessionTracker.java,ZOOKEEPER-2926,29,30,34,YES
31,src/java/main/org/apache/zookeeper/server/quorum/LearnerSessionTracker.java,ZOOKEEPER-2926,29,30,34,YES
32,src/java/main/org/apache/zookeeper/server/quorum/LearnerSessionTracker.java,ZOOKEEPER-2926,29,30,34,YES
33,src/java/main/org/apache/zookeeper/server/quorum/LearnerSessionTracker.java,ZOOKEEPER-2926,29,30,34,YES
29,src/java/main/org/apache/zookeeper/server/quorum/LocalSessionTracker.java,ZOOKEEPER-2926,29,30,34,YES
30,src/java/main/org/apache/zookeeper/server/quorum/LocalSessionTracker.java,ZOOKEEPER-2926,29,30,34,YES
31,src/java/main/org/apache/zookeeper/server/quorum/LocalSessionTracker.java,ZOOKEEPER-2926,29,30,34,YES
32,src/java/main/org/apache/zookeeper/server/quorum/LocalSessionTracker.java,ZOOKEEPER-2926,29,30,34,YES
33,src/java/main/org/apache/zookeeper/server/quorum/LocalSessionTracker.java,ZOOKEEPER-2926,29,30,34,YES
29,src/java/main/org/apache/zookeeper/server/quorum/UpgradeableSessionTracker.java,ZOOKEEPER-2926,29,30,34,YES
30,src/java/main/org/apache/zookeeper/server/quorum/UpgradeableSessionTracker.java,ZOOKEEPER-2926,29,30,34,YES
31,src/java/main/org/apache/zookeeper/server/quorum/UpgradeableSessionTracker.java,ZOOKEEPER-2926,29,30,34,YES
32,src/java/main/org/apache/zookeeper/server/quorum/UpgradeableSessionTracker.java,ZOOKEEPER-2926,29,30,34,YES
33,src/java/main/org/apache/zookeeper/server/quorum/UpgradeableSessionTracker.java,ZOOKEEPER-2926,29,30,34,YES
30,src/java/main/org/apache/zookeeper/jmx/ManagedUtil.java,ZOOKEEPER-2914,30,30,31,YES
30,src/java/main/org/apache/zookeeper/server/NIOServerCnxn.java,ZOOKEEPER-2914,30,30,31,YES
30,src/java/main/org/apache/zookeeper/server/ServerCnxnFactory.java,ZOOKEEPER-2914,30,30,31,YES
30,src/java/main/org/apache/zookeeper/server/auth/ProviderRegistry.java,ZOOKEEPER-2914,30,30,31,YES
2,src/java/main/org/apache/zookeeper/server/persistence/TxnLogToolkit.java,ZOOKEEPER-1823,2,21,34,YES
3,src/java/main/org/apache/zookeeper/server/persistence/TxnLogToolkit.java,ZOOKEEPER-1823,2,21,34,YES
4,src/java/main/org/apache/zookeeper/server/persistence/TxnLogToolkit.java,ZOOKEEPER-1823,2,21,34,YES
5,src/java/main/org/apache/zookeeper/server/persistence/TxnLogToolkit.java,ZOOKEEPER-1823,2,21,34,YES
6,src/java/main/org/apache/zookeeper/server/persistence/TxnLogToolkit.java,ZOOKEEPER-1823,2,21,34,YES
7,src/java/main/org/apache/zookeeper/server/persistence/TxnLogToolkit.java,ZOOKEEPER-1823,2,21,34,YES
8,src/java/main/org/apache/zookeeper/server/persistence/TxnLogToolkit.java,ZOOKEEPER-1823,2,21,34,YES
9,src/java/main/org/apache/zookeeper/server/persistence/TxnLogToolkit.java,ZOOKEEPER-1823,2,21,34,YES
10,src/java/main/org/apache/zookeeper/server/persistence/TxnLogToolkit.java,ZOOKEEPER-1823,2,21,34,YES
11,src/java/main/org/apache/zookeeper/server/persistence/TxnLogToolkit.java,ZOOKEEPER-1823,2,21,34,YES
12,src/java/main/org/apache/zookeeper/server/persistence/TxnLogToolkit.java,ZOOKEEPER-1823,2,21,34,YES
13,src/java/main/org/apache/zookeeper/server/persistence/TxnLogToolkit.java,ZOOKEEPER-1823,2,21,34,YES
14,src/java/main/org/apache/zookeeper/server/persistence/TxnLogToolkit.java,ZOOKEEPER-1823,2,21,34,YES
15,src/java/main/org/apache/zookeeper/server/persistence/TxnLogToolkit.java,ZOOKEEPER-1823,2,21,34,YES
16,src/java/main/org/apache/zookeeper/server/persistence/TxnLogToolkit.java,ZOOKEEPER-1823,2,21,34,YES
17,src/java/main/org/apache/zookeeper/server/persistence/TxnLogToolkit.java,ZOOKEEPER-1823,2,21,34,YES
18,src/java/main/org/apache/zookeeper/server/persistence/TxnLogToolkit.java,ZOOKEEPER-1823,2,21,34,YES
19,src/java/main/org/apache/zookeeper/server/persistence/TxnLogToolkit.java,ZOOKEEPER-1823,2,21,34,YES
20,src/java/main/org/apache/zookeeper/server/persistence/TxnLogToolkit.java,ZOOKEEPER-1823,2,21,34,YES
21,src/java/main/org/apache/zookeeper/server/persistence/TxnLogToolkit.java,ZOOKEEPER-1823,2,21,34,YES
22,src/java/main/org/apache/zookeeper/server/persistence/TxnLogToolkit.java,ZOOKEEPER-1823,2,21,34,YES
23,src/java/main/org/apache/zookeeper/server/persistence/TxnLogToolkit.java,ZOOKEEPER-1823,2,21,34,YES
24,src/java/main/org/apache/zookeeper/server/persistence/TxnLogToolkit.java,ZOOKEEPER-1823,2,21,34,YES
25,src/java/main/org/apache/zookeeper/server/persistence/TxnLogToolkit.java,ZOOKEEPER-1823,2,21,34,YES
26,src/java/main/org/apache/zookeeper/server/persistence/TxnLogToolkit.java,ZOOKEEPER-1823,2,21,34,YES
27,src/java/main/org/apache/zookeeper/server/persistence/TxnLogToolkit.java,ZOOKEEPER-1823,2,21,34,YES
28,src/java/main/org/apache/zookeeper/server/persistence/TxnLogToolkit.java,ZOOKEEPER-1823,2,21,34,YES
29,src/java/main/org/apache/zookeeper/server/persistence/TxnLogToolkit.java,ZOOKEEPER-1823,2,21,34,YES
30,src/java/main/org/apache/zookeeper/server/persistence/TxnLogToolkit.java,ZOOKEEPER-1823,2,21,34,YES
31,src/java/main/org/apache/zookeeper/server/persistence/TxnLogToolkit.java,ZOOKEEPER-1823,2,21,34,YES
32,src/java/main/org/apache/zookeeper/server/persistence/TxnLogToolkit.java,ZOOKEEPER-1823,2,21,34,YES
33,src/java/main/org/apache/zookeeper/server/persistence/TxnLogToolkit.java,ZOOKEEPER-1823,2,21,34,YES
1,src/java/main/org/apache/zookeeper/server/quorum/FastLeaderElection.java,ZOOKEEPER-178,1,1,2,YES
20,src/java/main/org/apache/zookeeper/server/quorum/FastLeaderElection.java,ZOOKEEPER-1810,20,21,22,YES
21,src/java/main/org/apache/zookeeper/server/quorum/FastLeaderElection.java,ZOOKEEPER-1810,20,21,22,YES
20,src/java/main/org/apache/zookeeper/server/quorum/QuorumCnxManager.java,ZOOKEEPER-1810,20,21,22,YES
21,src/java/main/org/apache/zookeeper/server/quorum/QuorumCnxManager.java,ZOOKEEPER-1810,20,21,22,YES
20,src/java/main/org/apache/zookeeper/server/quorum/QuorumPeer.java,ZOOKEEPER-1810,20,21,22,YES
21,src/java/main/org/apache/zookeeper/server/quorum/QuorumPeer.java,ZOOKEEPER-1810,20,21,22,YES
20,src/java/main/org/apache/zookeeper/server/quorum/Vote.java,ZOOKEEPER-1810,20,21,22,YES
21,src/java/main/org/apache/zookeeper/server/quorum/Vote.java,ZOOKEEPER-1810,20,21,22,YES
20,src/java/main/org/apache/zookeeper/ClientCnxn.java,ZOOKEEPER-1811,20,21,22,YES
21,src/java/main/org/apache/zookeeper/ClientCnxn.java,ZOOKEEPER-1811,20,21,22,YES
29,src/java/main/org/apache/zookeeper/ZooKeeper.java,ZOOKEEPER-2901,29,30,32,YES
30,src/java/main/org/apache/zookeeper/ZooKeeper.java,ZOOKEEPER-2901,29,30,32,YES
31,src/java/main/org/apache/zookeeper/ZooKeeper.java,ZOOKEEPER-2901,29,30,32,YES
29,src/java/main/org/apache/zookeeper/cli/CreateCommand.java,ZOOKEEPER-2901,29,30,32,YES
30,src/java/main/org/apache/zookeeper/cli/CreateCommand.java,ZOOKEEPER-2901,29,30,32,YES
31,src/java/main/org/apache/zookeeper/cli/CreateCommand.java,ZOOKEEPER-2901,29,30,32,YES
29,src/java/main/org/apache/zookeeper/server/ContainerManager.java,ZOOKEEPER-2901,29,30,32,YES
30,src/java/main/org/apache/zookeeper/server/ContainerManager.java,ZOOKEEPER-2901,29,30,32,YES
31,src/java/main/org/apache/zookeeper/server/ContainerManager.java,ZOOKEEPER-2901,29,30,32,YES
29,src/java/main/org/apache/zookeeper/server/DataTree.java,ZOOKEEPER-2901,29,30,32,YES
30,src/java/main/org/apache/zookeeper/server/DataTree.java,ZOOKEEPER-2901,29,30,32,YES
31,src/java/main/org/apache/zookeeper/server/DataTree.java,ZOOKEEPER-2901,29,30,32,YES
29,src/java/main/org/apache/zookeeper/server/EphemeralType.java,ZOOKEEPER-2901,29,30,32,YES
30,src/java/main/org/apache/zookeeper/server/EphemeralType.java,ZOOKEEPER-2901,29,30,32,YES
31,src/java/main/org/apache/zookeeper/server/EphemeralType.java,ZOOKEEPER-2901,29,30,32,YES
29,src/java/main/org/apache/zookeeper/server/OldEphemeralType.java,ZOOKEEPER-2901,29,30,32,YES
30,src/java/main/org/apache/zookeeper/server/OldEphemeralType.java,ZOOKEEPER-2901,29,30,32,YES
31,src/java/main/org/apache/zookeeper/server/OldEphemeralType.java,ZOOKEEPER-2901,29,30,32,YES
29,src/java/main/org/apache/zookeeper/server/PrepRequestProcessor.java,ZOOKEEPER-2901,29,30,32,YES
30,src/java/main/org/apache/zookeeper/server/PrepRequestProcessor.java,ZOOKEEPER-2901,29,30,32,YES
31,src/java/main/org/apache/zookeeper/server/PrepRequestProcessor.java,ZOOKEEPER-2901,29,30,32,YES
29,src/java/main/org/apache/zookeeper/server/SessionTrackerImpl.java,ZOOKEEPER-2901,29,30,32,YES
30,src/java/main/org/apache/zookeeper/server/SessionTrackerImpl.java,ZOOKEEPER-2901,29,30,32,YES
31,src/java/main/org/apache/zookeeper/server/SessionTrackerImpl.java,ZOOKEEPER-2901,29,30,32,YES
29,src/java/main/org/apache/zookeeper/server/ZooKeeperServer.java,ZOOKEEPER-2901,29,30,32,YES
30,src/java/main/org/apache/zookeeper/server/ZooKeeperServer.java,ZOOKEEPER-2901,29,30,32,YES
31,src/java/main/org/apache/zookeeper/server/ZooKeeperServer.java,ZOOKEEPER-2901,29,30,32,YES
29,src/java/main/org/apache/zookeeper/server/quorum/QuorumPeer.java,ZOOKEEPER-2901,29,30,32,YES
30,src/java/main/org/apache/zookeeper/server/quorum/QuorumPeer.java,ZOOKEEPER-2901,29,30,32,YES
31,src/java/main/org/apache/zookeeper/server/quorum/QuorumPeer.java,ZOOKEEPER-2901,29,30,32,YES
20,src/contrib/zooinspector/src/java/org/apache/zookeeper/inspector/manager/ZooInspectorManagerImpl.java,ZOOKEEPER-1812,20,21,22,YES
21,src/contrib/zooinspector/src/java/org/apache/zookeeper/inspector/manager/ZooInspectorManagerImpl.java,ZOOKEEPER-1812,20,21,22,YES
16,zookeeper-server/src/main/java/org/apache/zookeeper/server/quorum/FastLeaderElection.java,ZOOKEEPER-1818,16,21,34,YES
17,zookeeper-server/src/main/java/org/apache/zookeeper/server/quorum/FastLeaderElection.java,ZOOKEEPER-1818,16,21,34,YES
18,zookeeper-server/src/main/java/org/apache/zookeeper/server/quorum/FastLeaderElection.java,ZOOKEEPER-1818,16,21,34,YES
19,zookeeper-server/src/main/java/org/apache/zookeeper/server/quorum/FastLeaderElection.java,ZOOKEEPER-1818,16,21,34,YES
20,zookeeper-server/src/main/java/org/apache/zookeeper/server/quorum/FastLeaderElection.java,ZOOKEEPER-1818,16,21,34,YES
21,zookeeper-server/src/main/java/org/apache/zookeeper/server/quorum/FastLeaderElection.java,ZOOKEEPER-1818,16,21,34,YES
22,zookeeper-server/src/main/java/org/apache/zookeeper/server/quorum/FastLeaderElection.java,ZOOKEEPER-1818,16,21,34,YES
23,zookeeper-server/src/main/java/org/apache/zookeeper/server/quorum/FastLeaderElection.java,ZOOKEEPER-1818,16,21,34,YES
24,zookeeper-server/src/main/java/org/apache/zookeeper/server/quorum/FastLeaderElection.java,ZOOKEEPER-1818,16,21,34,YES
25,zookeeper-server/src/main/java/org/apache/zookeeper/server/quorum/FastLeaderElection.java,ZOOKEEPER-1818,16,21,34,YES
26,zookeeper-server/src/main/java/org/apache/zookeeper/server/quorum/FastLeaderElection.java,ZOOKEEPER-1818,16,21,34,YES
27,zookeeper-server/src/main/java/org/apache/zookeeper/server/quorum/FastLeaderElection.java,ZOOKEEPER-1818,16,21,34,YES
28,zookeeper-server/src/main/java/org/apache/zookeeper/server/quorum/FastLeaderElection.java,ZOOKEEPER-1818,16,21,34,YES
29,zookeeper-server/src/main/java/org/apache/zookeeper/server/quorum/FastLeaderElection.java,ZOOKEEPER-1818,16,21,34,YES
30,zookeeper-server/src/main/java/org/apache/zookeeper/server/quorum/FastLeaderElection.java,ZOOKEEPER-1818,16,21,34,YES
31,zookeeper-server/src/main/java/org/apache/zookeeper/server/quorum/FastLeaderElection.java,ZOOKEEPER-1818,16,21,34,YES
32,zookeeper-server/src/main/java/org/apache/zookeeper/server/quorum/FastLeaderElection.java,ZOOKEEPER-1818,16,21,34,YES
33,zookeeper-server/src/main/java/org/apache/zookeeper/server/quorum/FastLeaderElection.java,ZOOKEEPER-1818,16,21,34,YES
16,zookeeper-server/src/main/java/org/apache/zookeeper/server/quorum/QuorumPeer.java,ZOOKEEPER-1818,16,21,34,YES
17,zookeeper-server/src/main/java/org/apache/zookeeper/server/quorum/QuorumPeer.java,ZOOKEEPER-1818,16,21,34,YES
18,zookeeper-server/src/main/java/org/apache/zookeeper/server/quorum/QuorumPeer.java,ZOOKEEPER-1818,16,21,34,YES
19,zookeeper-server/src/main/java/org/apache/zookeeper/server/quorum/QuorumPeer.java,ZOOKEEPER-1818,16,21,34,YES
20,zookeeper-server/src/main/java/org/apache/zookeeper/server/quorum/QuorumPeer.java,ZOOKEEPER-1818,16,21,34,YES
21,zookeeper-server/src/main/java/org/apache/zookeeper/server/quorum/QuorumPeer.java,ZOOKEEPER-1818,16,21,34,YES
22,zookeeper-server/src/main/java/org/apache/zookeeper/server/quorum/QuorumPeer.java,ZOOKEEPER-1818,16,21,34,YES
23,zookeeper-server/src/main/java/org/apache/zookeeper/server/quorum/QuorumPeer.java,ZOOKEEPER-1818,16,21,34,YES
24,zookeeper-server/src/main/java/org/apache/zookeeper/server/quorum/QuorumPeer.java,ZOOKEEPER-1818,16,21,34,YES
25,zookeeper-server/src/main/java/org/apache/zookeeper/server/quorum/QuorumPeer.java,ZOOKEEPER-1818,16,21,34,YES
26,zookeeper-server/src/main/java/org/apache/zookeeper/server/quorum/QuorumPeer.java,ZOOKEEPER-1818,16,21,34,YES
27,zookeeper-server/src/main/java/org/apache/zookeeper/server/quorum/QuorumPeer.java,ZOOKEEPER-1818,16,21,34,YES
28,zookeeper-server/src/main/java/org/apache/zookeeper/server/quorum/QuorumPeer.java,ZOOKEEPER-1818,16,21,34,YES
29,zookeeper-server/src/main/java/org/apache/zookeeper/server/quorum/QuorumPeer.java,ZOOKEEPER-1818,16,21,34,YES
30,zookeeper-server/src/main/java/org/apache/zookeeper/server/quorum/QuorumPeer.java,ZOOKEEPER-1818,16,21,34,YES
31,zookeeper-server/src/main/java/org/apache/zookeeper/server/quorum/QuorumPeer.java,ZOOKEEPER-1818,16,21,34,YES
32,zookeeper-server/src/main/java/org/apache/zookeeper/server/quorum/QuorumPeer.java,ZOOKEEPER-1818,16,21,34,YES
33,zookeeper-server/src/main/java/org/apache/zookeeper/server/quorum/QuorumPeer.java,ZOOKEEPER-1818,16,21,34,YES
16,zookeeper-server/src/main/java/org/apache/zookeeper/server/quorum/Vote.java,ZOOKEEPER-1818,16,21,34,YES
17,zookeeper-server/src/main/java/org/apache/zookeeper/server/quorum/Vote.java,ZOOKEEPER-1818,16,21,34,YES
18,zookeeper-server/src/main/java/org/apache/zookeeper/server/quorum/Vote.java,ZOOKEEPER-1818,16,21,34,YES
19,zookeeper-server/src/main/java/org/apache/zookeeper/server/quorum/Vote.java,ZOOKEEPER-1818,16,21,34,YES
20,zookeeper-server/src/main/java/org/apache/zookeeper/server/quorum/Vote.java,ZOOKEEPER-1818,16,21,34,YES
21,zookeeper-server/src/main/java/org/apache/zookeeper/server/quorum/Vote.java,ZOOKEEPER-1818,16,21,34,YES
22,zookeeper-server/src/main/java/org/apache/zookeeper/server/quorum/Vote.java,ZOOKEEPER-1818,16,21,34,YES
23,zookeeper-server/src/main/java/org/apache/zookeeper/server/quorum/Vote.java,ZOOKEEPER-1818,16,21,34,YES
24,zookeeper-server/src/main/java/org/apache/zookeeper/server/quorum/Vote.java,ZOOKEEPER-1818,16,21,34,YES
25,zookeeper-server/src/main/java/org/apache/zookeeper/server/quorum/Vote.java,ZOOKEEPER-1818,16,21,34,YES
26,zookeeper-server/src/main/java/org/apache/zookeeper/server/quorum/Vote.java,ZOOKEEPER-1818,16,21,34,YES
27,zookeeper-server/src/main/java/org/apache/zookeeper/server/quorum/Vote.java,ZOOKEEPER-1818,16,21,34,YES
28,zookeeper-server/src/main/java/org/apache/zookeeper/server/quorum/Vote.java,ZOOKEEPER-1818,16,21,34,YES
29,zookeeper-server/src/main/java/org/apache/zookeeper/server/quorum/Vote.java,ZOOKEEPER-1818,16,21,34,YES
30,zookeeper-server/src/main/java/org/apache/zookeeper/server/quorum/Vote.java,ZOOKEEPER-1818,16,21,34,YES
31,zookeeper-server/src/main/java/org/apache/zookeeper/server/quorum/Vote.java,ZOOKEEPER-1818,16,21,34,YES
32,zookeeper-server/src/main/java/org/apache/zookeeper/server/quorum/Vote.java,ZOOKEEPER-1818,16,21,34,YES
33,zookeeper-server/src/main/java/org/apache/zookeeper/server/quorum/Vote.java,ZOOKEEPER-1818,16,21,34,YES
19,src/java/main/org/apache/zookeeper/server/ZooKeeperServer.java,ZOOKEEPER-1642,19,21,22,YES
20,src/java/main/org/apache/zookeeper/server/ZooKeeperServer.java,ZOOKEEPER-1642,19,21,22,YES
21,src/java/main/org/apache/zookeeper/server/ZooKeeperServer.java,ZOOKEEPER-1642,19,21,22,YES
26,src/java/main/org/apache/zookeeper/server/NettyServerCnxnFactory.java,ZOOKEEPER-2737,26,28,29,YES
27,src/java/main/org/apache/zookeeper/server/NettyServerCnxnFactory.java,ZOOKEEPER-2737,26,28,29,YES
28,src/java/main/org/apache/zookeeper/server/NettyServerCnxnFactory.java,ZOOKEEPER-2737,26,28,29,YES
30,src/java/main/org/apache/zookeeper/ZooKeeper.java,ZOOKEEPER-2978,30,31,32,YES
31,src/java/main/org/apache/zookeeper/ZooKeeper.java,ZOOKEEPER-2978,30,31,32,YES
55,zookeeper-server/src/main/java/org/apache/zookeeper/server/ResponseCache.java,ZOOKEEPER-4919,55,58,59,YES
56,zookeeper-server/src/main/java/org/apache/zookeeper/server/ResponseCache.java,ZOOKEEPER-4919,55,58,59,YES
57,zookeeper-server/src/main/java/org/apache/zookeeper/server/ResponseCache.java,ZOOKEEPER-4919,55,58,59,YES
58,zookeeper-server/src/main/java/org/apache/zookeeper/server/ResponseCache.java,ZOOKEEPER-4919,55,58,59,YES
39,zookeeper-server/src/main/java/org/apache/zookeeper/server/ZooKeeperServer.java,ZOOKEEPER-3829,39,41,42,YES
40,zookeeper-server/src/main/java/org/apache/zookeeper/server/ZooKeeperServer.java,ZOOKEEPER-3829,39,41,42,YES
41,zookeeper-server/src/main/java/org/apache/zookeeper/server/ZooKeeperServer.java,ZOOKEEPER-3829,39,41,42,YES
39,zookeeper-server/src/main/java/org/apache/zookeeper/server/PrepRequestProcessor.java,ZOOKEEPER-3829,39,41,42,YES
40,zookeeper-server/src/main/java/org/apache/zookeeper/server/PrepRequestProcessor.java,ZOOKEEPER-3829,39,41,42,YES
41,zookeeper-server/src/main/java/org/apache/zookeeper/server/PrepRequestProcessor.java,ZOOKEEPER-3829,39,41,42,YES
39,zookeeper-server/src/main/java/org/apache/zookeeper/server/ZooKeeperServer.java,ZOOKEEPER-3829,39,41,42,YES
40,zookeeper-server/src/main/java/org/apache/zookeeper/server/ZooKeeperServer.java,ZOOKEEPER-3829,39,41,42,YES
41,zookeeper-server/src/main/java/org/apache/zookeeper/server/ZooKeeperServer.java,ZOOKEEPER-3829,39,41,42,YES
39,zookeeper-server/src/main/java/org/apache/zookeeper/server/quorum/Leader.java,ZOOKEEPER-3829,39,41,42,YES
40,zookeeper-server/src/main/java/org/apache/zookeeper/server/quorum/Leader.java,ZOOKEEPER-3829,39,41,42,YES
41,zookeeper-server/src/main/java/org/apache/zookeeper/server/quorum/Leader.java,ZOOKEEPER-3829,39,41,42,YES
39,zookeeper-server/src/main/java/org/apache/zookeeper/server/quorum/Learner.java,ZOOKEEPER-3829,39,41,42,YES
40,zookeeper-server/src/main/java/org/apache/zookeeper/server/quorum/Learner.java,ZOOKEEPER-3829,39,41,42,YES
41,zookeeper-server/src/main/java/org/apache/zookeeper/server/quorum/Learner.java,ZOOKEEPER-3829,39,41,42,YES
39,zookeeper-server/src/main/java/org/apache/zookeeper/server/quorum/QuorumCnxManager.java,ZOOKEEPER-3829,39,41,42,YES
40,zookeeper-server/src/main/java/org/apache/zookeeper/server/quorum/QuorumCnxManager.java,ZOOKEEPER-3829,39,41,42,YES
41,zookeeper-server/src/main/java/org/apache/zookeeper/server/quorum/QuorumCnxManager.java,ZOOKEEPER-3829,39,41,42,YES
39,zookeeper-server/src/main/java/org/apache/zookeeper/server/quorum/QuorumPeer.java,ZOOKEEPER-3829,39,41,42,YES
40,zookeeper-server/src/main/java/org/apache/zookeeper/server/quorum/QuorumPeer.java,ZOOKEEPER-3829,39,41,42,YES
41,zookeeper-server/src/main/java/org/apache/zookeeper/server/quorum/QuorumPeer.java,ZOOKEEPER-3829,39,41,42,YES
39,zookeeper-server/src/main/java/org/apache/zookeeper/server/quorum/QuorumPeerMain.java,ZOOKEEPER-3829,39,41,42,YES
40,zookeeper-server/src/main/java/org/apache/zookeeper/server/quorum/QuorumPeerMain.java,ZOOKEEPER-3829,39,41,42,YES
41,zookeeper-server/src/main/java/org/apache/zookeeper/server/quorum/QuorumPeerMain.java,ZOOKEEPER-3829,39,41,42,YES
39,zookeeper-server/src/main/java/org/apache/zookeeper/server/quorum/QuorumZooKeeperServer.java,ZOOKEEPER-3829,39,41,42,YES
40,zookeeper-server/src/main/java/org/apache/zookeeper/server/quorum/QuorumZooKeeperServer.java,ZOOKEEPER-3829,39,41,42,YES
41,zookeeper-server/src/main/java/org/apache/zookeeper/server/quorum/QuorumZooKeeperServer.java,ZOOKEEPER-3829,39,41,42,YES
39,zookeeper-server/src/main/java/org/apache/zookeeper/server/quorum/ReadOnlyZooKeeperServer.java,ZOOKEEPER-3829,39,41,42,YES
40,zookeeper-server/src/main/java/org/apache/zookeeper/server/quorum/ReadOnlyZooKeeperServer.java,ZOOKEEPER-3829,39,41,42,YES
41,zookeeper-server/src/main/java/org/apache/zookeeper/server/quorum/ReadOnlyZooKeeperServer.java,ZOOKEEPER-3829,39,41,42,YES
21,src/java/main/org/apache/zookeeper/server/quorum/FastLeaderElection.java,ZOOKEEPER-1870,21,21,23,YES
22,src/java/main/org/apache/zookeeper/server/quorum/FastLeaderElection.java,ZOOKEEPER-1870,21,21,23,YES
21,src/java/main/org/apache/zookeeper/server/quorum/QuorumCnxManager.java,ZOOKEEPER-1870,21,21,23,YES
22,src/java/main/org/apache/zookeeper/server/quorum/QuorumCnxManager.java,ZOOKEEPER-1870,21,21,23,YES
21,src/java/main/org/apache/zookeeper/server/quorum/QuorumPeer.java,ZOOKEEPER-1870,21,21,23,YES
22,src/java/main/org/apache/zookeeper/server/quorum/QuorumPeer.java,ZOOKEEPER-1870,21,21,23,YES
29,src/java/main/org/apache/zookeeper/server/ZooKeeperServer.java,ZOOKEEPER-2964,29,31,32,YES
30,src/java/main/org/apache/zookeeper/server/ZooKeeperServer.java,ZOOKEEPER-2964,29,31,32,YES
31,src/java/main/org/apache/zookeeper/server/ZooKeeperServer.java,ZOOKEEPER-2964,29,31,32,YES
23,src/java/main/org/apache/zookeeper/server/command/FourLetterCommands.java,ZOOKEEPER-2726,23,28,29,YES
24,src/java/main/org/apache/zookeeper/server/command/FourLetterCommands.java,ZOOKEEPER-2726,23,28,29,YES
25,src/java/main/org/apache/zookeeper/server/command/FourLetterCommands.java,ZOOKEEPER-2726,23,28,29,YES
26,src/java/main/org/apache/zookeeper/server/command/FourLetterCommands.java,ZOOKEEPER-2726,23,28,29,YES
27,src/java/main/org/apache/zookeeper/server/command/FourLetterCommands.java,ZOOKEEPER-2726,23,28,29,YES
28,src/java/main/org/apache/zookeeper/server/command/FourLetterCommands.java,ZOOKEEPER-2726,23,28,29,YES
20,src/java/main/org/apache/zookeeper/server/PrepRequestProcessor.java,ZOOKEEPER-1877,20,21,22,YES
21,src/java/main/org/apache/zookeeper/server/PrepRequestProcessor.java,ZOOKEEPER-1877,20,21,22,YES
26,src/java/main/org/apache/zookeeper/server/quorum/QuorumZooKeeperServer.java,ZOOKEEPER-2725,26,28,29,YES
27,src/java/main/org/apache/zookeeper/server/quorum/QuorumZooKeeperServer.java,ZOOKEEPER-2725,26,28,29,YES
28,src/java/main/org/apache/zookeeper/server/quorum/QuorumZooKeeperServer.java,ZOOKEEPER-2725,26,28,29,YES
55,zookeeper-server/src/main/java/org/apache/zookeeper/ClientCnxn.java,ZOOKEEPER-4909,55,58,59,YES
56,zookeeper-server/src/main/java/org/apache/zookeeper/ClientCnxn.java,ZOOKEEPER-4909,55,58,59,YES
57,zookeeper-server/src/main/java/org/apache/zookeeper/ClientCnxn.java,ZOOKEEPER-4909,55,58,59,YES
58,zookeeper-server/src/main/java/org/apache/zookeeper/ClientCnxn.java,ZOOKEEPER-4909,55,58,59,YES
55,zookeeper-server/src/main/java/org/apache/zookeeper/server/NettyServerCnxn.java,ZOOKEEPER-4907,55,58,59,YES
56,zookeeper-server/src/main/java/org/apache/zookeeper/server/NettyServerCnxn.java,ZOOKEEPER-4907,55,58,59,YES
57,zookeeper-server/src/main/java/org/apache/zookeeper/server/NettyServerCnxn.java,ZOOKEEPER-4907,55,58,59,YES
58,zookeeper-server/src/main/java/org/apache/zookeeper/server/NettyServerCnxn.java,ZOOKEEPER-4907,55,58,59,YES
19,src/java/main/org/apache/zookeeper/ZooKeeper.java,ZOOKEEPER-1860,19,21,22,YES
20,src/java/main/org/apache/zookeeper/ZooKeeper.java,ZOOKEEPER-1860,19,21,22,YES
21,src/java/main/org/apache/zookeeper/ZooKeeper.java,ZOOKEEPER-1860,19,21,22,YES
20,src/java/main/org/apache/zookeeper/server/quorum/QuorumCnxManager.java,ZOOKEEPER-1861,20,21,22,YES
21,src/java/main/org/apache/zookeeper/server/quorum/QuorumCnxManager.java,ZOOKEEPER-1861,20,21,22,YES
21,src/java/main/org/apache/zookeeper/server/quorum/QuorumPeerConfig.java,ZOOKEEPER-1864,21,21,22,YES
12,src/java/main/org/apache/zookeeper/server/SessionTrackerImpl.java,ZOOKEEPER-1622,12,21,22,YES
13,src/java/main/org/apache/zookeeper/server/SessionTrackerImpl.java,ZOOKEEPER-1622,12,21,22,YES
14,src/java/main/org/apache/zookeeper/server/SessionTrackerImpl.java,ZOOKEEPER-1622,12,21,22,YES
15,src/java/main/org/apache/zookeeper/server/SessionTrackerImpl.java,ZOOKEEPER-1622,12,21,22,YES
16,src/java/main/org/apache/zookeeper/server/SessionTrackerImpl.java,ZOOKEEPER-1622,12,21,22,YES
17,src/java/main/org/apache/zookeeper/server/SessionTrackerImpl.java,ZOOKEEPER-1622,12,21,22,YES
18,src/java/main/org/apache/zookeeper/server/SessionTrackerImpl.java,ZOOKEEPER-1622,12,21,22,YES
19,src/java/main/org/apache/zookeeper/server/SessionTrackerImpl.java,ZOOKEEPER-1622,12,21,22,YES
20,src/java/main/org/apache/zookeeper/server/SessionTrackerImpl.java,ZOOKEEPER-1622,12,21,22,YES
21,src/java/main/org/apache/zookeeper/server/SessionTrackerImpl.java,ZOOKEEPER-1622,12,21,22,YES
20,src/java/main/org/apache/zookeeper/server/NIOServerCnxnFactory.java,ZOOKEEPER-1620,20,21,22,YES
21,src/java/main/org/apache/zookeeper/server/NIOServerCnxnFactory.java,ZOOKEEPER-1620,20,21,22,YES
20,src/java/main/org/apache/zookeeper/server/quorum/CommitProcessor.java,ZOOKEEPER-1863,20,21,22,YES
21,src/java/main/org/apache/zookeeper/server/quorum/CommitProcessor.java,ZOOKEEPER-1863,20,21,22,YES
19,src/java/main/org/apache/zookeeper/server/PrepRequestProcessor.java,ZOOKEEPER-1624,19,21,22,YES
20,src/java/main/org/apache/zookeeper/server/PrepRequestProcessor.java,ZOOKEEPER-1624,19,21,22,YES
21,src/java/main/org/apache/zookeeper/server/PrepRequestProcessor.java,ZOOKEEPER-1624,19,21,22,YES
28,src/java/main/org/apache/zookeeper/server/quorum/Leader.java,ZOOKEEPER-2959,28,31,32,YES
29,src/java/main/org/apache/zookeeper/server/quorum/Leader.java,ZOOKEEPER-2959,28,31,32,YES
30,src/java/main/org/apache/zookeeper/server/quorum/Leader.java,ZOOKEEPER-2959,28,31,32,YES
31,src/java/main/org/apache/zookeeper/server/quorum/Leader.java,ZOOKEEPER-2959,28,31,32,YES
28,src/java/main/org/apache/zookeeper/server/quorum/LearnerHandler.java,ZOOKEEPER-2959,28,31,32,YES
29,src/java/main/org/apache/zookeeper/server/quorum/LearnerHandler.java,ZOOKEEPER-2959,28,31,32,YES
30,src/java/main/org/apache/zookeeper/server/quorum/LearnerHandler.java,ZOOKEEPER-2959,28,31,32,YES
31,src/java/main/org/apache/zookeeper/server/quorum/LearnerHandler.java,ZOOKEEPER-2959,28,31,32,YES
20,src/java/main/org/apache/zookeeper/common/PathUtils.java,ZOOKEEPER-1628,20,21,22,YES
21,src/java/main/org/apache/zookeeper/common/PathUtils.java,ZOOKEEPER-1628,20,21,22,YES
21,src/java/main/org/apache/zookeeper/ZooKeeperMain.java,ZOOKEEPER-1853,21,21,24,YES
22,src/java/main/org/apache/zookeeper/ZooKeeperMain.java,ZOOKEEPER-1853,21,21,24,YES
23,src/java/main/org/apache/zookeeper/ZooKeeperMain.java,ZOOKEEPER-1853,21,21,24,YES
20,src/java/main/org/apache/zookeeper/server/TraceFormatter.java,ZOOKEEPER-1851,20,21,22,YES
21,src/java/main/org/apache/zookeeper/server/TraceFormatter.java,ZOOKEEPER-1851,20,21,22,YES
20,src/java/main/org/apache/zookeeper/server/quorum/CommitProcessor.java,ZOOKEEPER-1851,20,21,22,YES
21,src/java/main/org/apache/zookeeper/server/quorum/CommitProcessor.java,ZOOKEEPER-1851,20,21,22,YES
20,src/java/main/org/apache/zookeeper/server/quorum/FollowerRequestProcessor.java,ZOOKEEPER-1851,20,21,22,YES
21,src/java/main/org/apache/zookeeper/server/quorum/FollowerRequestProcessor.java,ZOOKEEPER-1851,20,21,22,YES
20,src/java/main/org/apache/zookeeper/server/quorum/ObserverRequestProcessor.java,ZOOKEEPER-1851,20,21,22,YES
21,src/java/main/org/apache/zookeeper/server/quorum/ObserverRequestProcessor.java,ZOOKEEPER-1851,20,21,22,YES
20,src/java/main/org/apache/zookeeper/client/ZooKeeperSaslClient.java,ZOOKEEPER-1610,20,21,22,YES
21,src/java/main/org/apache/zookeeper/client/ZooKeeperSaslClient.java,ZOOKEEPER-1610,20,21,22,YES
20,src/java/main/org/apache/zookeeper/server/quorum/flexible/QuorumHierarchical.java,ZOOKEEPER-1610,20,21,22,YES
21,src/java/main/org/apache/zookeeper/server/quorum/flexible/QuorumHierarchical.java,ZOOKEEPER-1610,20,21,22,YES
29,src/java/main/org/apache/zookeeper/ClientCnxnSocketNetty.java,ZOOKEEPER-2949,29,31,32,YES
30,src/java/main/org/apache/zookeeper/ClientCnxnSocketNetty.java,ZOOKEEPER-2949,29,31,32,YES
31,src/java/main/org/apache/zookeeper/ClientCnxnSocketNetty.java,ZOOKEEPER-2949,29,31,32,YES
40,zookeeper-server/src/main/java/org/apache/zookeeper/server/ServerCnxn.java,ZOOKEEPER-3863,40,41,42,YES
41,zookeeper-server/src/main/java/org/apache/zookeeper/server/ServerCnxn.java,ZOOKEEPER-3863,40,41,42,YES
40,zookeeper-server/src/main/java/org/apache/zookeeper/server/ZooKeeperServer.java,ZOOKEEPER-3863,40,41,42,YES
41,zookeeper-server/src/main/java/org/apache/zookeeper/server/ZooKeeperServer.java,ZOOKEEPER-3863,40,41,42,YES
40,zookeeper-server/src/main/java/org/apache/zookeeper/server/quorum/ReadOnlyRequestProcessor.java,ZOOKEEPER-3863,40,41,42,YES
41,zookeeper-server/src/main/java/org/apache/zookeeper/server/quorum/ReadOnlyRequestProcessor.java,ZOOKEEPER-3863,40,41,42,YES
40,zookeeper-server/src/main/java/org/apache/zookeeper/server/quorum/ReadOnlyZooKeeperServer.java,ZOOKEEPER-3863,40,41,42,YES
41,zookeeper-server/src/main/java/org/apache/zookeeper/server/quorum/ReadOnlyZooKeeperServer.java,ZOOKEEPER-3863,40,41,42,YES
16,src/java/main/org/apache/zookeeper/server/quorum/QuorumCnxManager.java,ZOOKEEPER-1440,16,18,22,YES
17,src/java/main/org/apache/zookeeper/server/quorum/QuorumCnxManager.java,ZOOKEEPER-1440,16,18,22,YES
18,src/java/main/org/apache/zookeeper/server/quorum/QuorumCnxManager.java,ZOOKEEPER-1440,16,18,22,YES
19,src/java/main/org/apache/zookeeper/server/quorum/QuorumCnxManager.java,ZOOKEEPER-1440,16,18,22,YES
20,src/java/main/org/apache/zookeeper/server/quorum/QuorumCnxManager.java,ZOOKEEPER-1440,16,18,22,YES
21,src/java/main/org/apache/zookeeper/server/quorum/QuorumCnxManager.java,ZOOKEEPER-1440,16,18,22,YES
16,src/java/main/org/apache/zookeeper/server/quorum/QuorumCnxManager.java,ZOOKEEPER-1440,16,18,22,YES
17,src/java/main/org/apache/zookeeper/server/quorum/QuorumCnxManager.java,ZOOKEEPER-1440,16,18,22,YES
18,src/java/main/org/apache/zookeeper/server/quorum/QuorumCnxManager.java,ZOOKEEPER-1440,16,18,22,YES
19,src/java/main/org/apache/zookeeper/server/quorum/QuorumCnxManager.java,ZOOKEEPER-1440,16,18,22,YES
20,src/java/main/org/apache/zookeeper/server/quorum/QuorumCnxManager.java,ZOOKEEPER-1440,16,18,22,YES
21,src/java/main/org/apache/zookeeper/server/quorum/QuorumCnxManager.java,ZOOKEEPER-1440,16,18,22,YES
20,src/java/main/org/apache/zookeeper/ClientCnxnSocketNIO.java,ZOOKEEPER-1683,20,21,22,YES
21,src/java/main/org/apache/zookeeper/ClientCnxnSocketNIO.java,ZOOKEEPER-1683,20,21,22,YES
20,src/java/main/org/apache/zookeeper/client/StaticHostProvider.java,ZOOKEEPER-1683,20,21,22,YES
21,src/java/main/org/apache/zookeeper/client/StaticHostProvider.java,ZOOKEEPER-1683,20,21,22,YES
29,zookeeper-server/src/main/java/org/apache/zookeeper/server/quorum/QuorumPeer.java,ZOOKEEPER-2778,29,30,34,YES
30,zookeeper-server/src/main/java/org/apache/zookeeper/server/quorum/QuorumPeer.java,ZOOKEEPER-2778,29,30,34,YES
31,zookeeper-server/src/main/java/org/apache/zookeeper/server/quorum/QuorumPeer.java,ZOOKEEPER-2778,29,30,34,YES
32,zookeeper-server/src/main/java/org/apache/zookeeper/server/quorum/QuorumPeer.java,ZOOKEEPER-2778,29,30,34,YES
33,zookeeper-server/src/main/java/org/apache/zookeeper/server/quorum/QuorumPeer.java,ZOOKEEPER-2778,29,30,34,YES
43,zookeeper-server/src/main/java/org/apache/zookeeper/server/ZKDatabase.java,ZOOKEEPER-4712,43,50,57,YES
44,zookeeper-server/src/main/java/org/apache/zookeeper/server/ZKDatabase.java,ZOOKEEPER-4712,43,50,57,YES
45,zookeeper-server/src/main/java/org/apache/zookeeper/server/ZKDatabase.java,ZOOKEEPER-4712,43,50,57,YES
46,zookeeper-server/src/main/java/org/apache/zookeeper/server/ZKDatabase.java,ZOOKEEPER-4712,43,50,57,YES
47,zookeeper-server/src/main/java/org/apache/zookeeper/server/ZKDatabase.java,ZOOKEEPER-4712,43,50,57,YES
48,zookeeper-server/src/main/java/org/apache/zookeeper/server/ZKDatabase.java,ZOOKEEPER-4712,43,50,57,YES
49,zookeeper-server/src/main/java/org/apache/zookeeper/server/ZKDatabase.java,ZOOKEEPER-4712,43,50,57,YES
50,zookeeper-server/src/main/java/org/apache/zookeeper/server/ZKDatabase.java,ZOOKEEPER-4712,43,50,57,YES
51,zookeeper-server/src/main/java/org/apache/zookeeper/server/ZKDatabase.java,ZOOKEEPER-4712,43,50,57,YES
52,zookeeper-server/src/main/java/org/apache/zookeeper/server/ZKDatabase.java,ZOOKEEPER-4712,43,50,57,YES
53,zookeeper-server/src/main/java/org/apache/zookeeper/server/ZKDatabase.java,ZOOKEEPER-4712,43,50,57,YES
54,zookeeper-server/src/main/java/org/apache/zookeeper/server/ZKDatabase.java,ZOOKEEPER-4712,43,50,57,YES
55,zookeeper-server/src/main/java/org/apache/zookeeper/server/ZKDatabase.java,ZOOKEEPER-4712,43,50,57,YES
56,zookeeper-server/src/main/java/org/apache/zookeeper/server/ZKDatabase.java,ZOOKEEPER-4712,43,50,57,YES
43,zookeeper-server/src/main/java/org/apache/zookeeper/server/ZooKeeperServer.java,ZOOKEEPER-4712,43,50,57,YES
44,zookeeper-server/src/main/java/org/apache/zookeeper/server/ZooKeeperServer.java,ZOOKEEPER-4712,43,50,57,YES
45,zookeeper-server/src/main/java/org/apache/zookeeper/server/ZooKeeperServer.java,ZOOKEEPER-4712,43,50,57,YES
46,zookeeper-server/src/main/java/org/apache/zookeeper/server/ZooKeeperServer.java,ZOOKEEPER-4712,43,50,57,YES
47,zookeeper-server/src/main/java/org/apache/zookeeper/server/ZooKeeperServer.java,ZOOKEEPER-4712,43,50,57,YES
48,zookeeper-server/src/main/java/org/apache/zookeeper/server/ZooKeeperServer.java,ZOOKEEPER-4712,43,50,57,YES
49,zookeeper-server/src/main/java/org/apache/zookeeper/server/ZooKeeperServer.java,ZOOKEEPER-4712,43,50,57,YES
50,zookeeper-server/src/main/java/org/apache/zookeeper/server/ZooKeeperServer.java,ZOOKEEPER-4712,43,50,57,YES
51,zookeeper-server/src/main/java/org/apache/zookeeper/server/ZooKeeperServer.java,ZOOKEEPER-4712,43,50,57,YES
52,zookeeper-server/src/main/java/org/apache/zookeeper/server/ZooKeeperServer.java,ZOOKEEPER-4712,43,50,57,YES
53,zookeeper-server/src/main/java/org/apache/zookeeper/server/ZooKeeperServer.java,ZOOKEEPER-4712,43,50,57,YES
54,zookeeper-server/src/main/java/org/apache/zookeeper/server/ZooKeeperServer.java,ZOOKEEPER-4712,43,50,57,YES
55,zookeeper-server/src/main/java/org/apache/zookeeper/server/ZooKeeperServer.java,ZOOKEEPER-4712,43,50,57,YES
56,zookeeper-server/src/main/java/org/apache/zookeeper/server/ZooKeeperServer.java,ZOOKEEPER-4712,43,50,57,YES
43,zookeeper-server/src/main/java/org/apache/zookeeper/server/ZooKeeperServerMain.java,ZOOKEEPER-4712,43,50,57,YES
44,zookeeper-server/src/main/java/org/apache/zookeeper/server/ZooKeeperServerMain.java,ZOOKEEPER-4712,43,50,57,YES
45,zookeeper-server/src/main/java/org/apache/zookeeper/server/ZooKeeperServerMain.java,ZOOKEEPER-4712,43,50,57,YES
46,zookeeper-server/src/main/java/org/apache/zookeeper/server/ZooKeeperServerMain.java,ZOOKEEPER-4712,43,50,57,YES
47,zookeeper-server/src/main/java/org/apache/zookeeper/server/ZooKeeperServerMain.java,ZOOKEEPER-4712,43,50,57,YES
48,zookeeper-server/src/main/java/org/apache/zookeeper/server/ZooKeeperServerMain.java,ZOOKEEPER-4712,43,50,57,YES
49,zookeeper-server/src/main/java/org/apache/zookeeper/server/ZooKeeperServerMain.java,ZOOKEEPER-4712,43,50,57,YES
50,zookeeper-server/src/main/java/org/apache/zookeeper/server/ZooKeeperServerMain.java,ZOOKEEPER-4712,43,50,57,YES
51,zookeeper-server/src/main/java/org/apache/zookeeper/server/ZooKeeperServerMain.java,ZOOKEEPER-4712,43,50,57,YES
52,zookeeper-server/src/main/java/org/apache/zookeeper/server/ZooKeeperServerMain.java,ZOOKEEPER-4712,43,50,57,YES
53,zookeeper-server/src/main/java/org/apache/zookeeper/server/ZooKeeperServerMain.java,ZOOKEEPER-4712,43,50,57,YES
54,zookeeper-server/src/main/java/org/apache/zookeeper/server/ZooKeeperServerMain.java,ZOOKEEPER-4712,43,50,57,YES
55,zookeeper-server/src/main/java/org/apache/zookeeper/server/ZooKeeperServerMain.java,ZOOKEEPER-4712,43,50,57,YES
56,zookeeper-server/src/main/java/org/apache/zookeeper/server/ZooKeeperServerMain.java,ZOOKEEPER-4712,43,50,57,YES
43,zookeeper-server/src/main/java/org/apache/zookeeper/server/persistence/FileTxnSnapLog.java,ZOOKEEPER-4712,43,50,57,YES
44,zookeeper-server/src/main/java/org/apache/zookeeper/server/persistence/FileTxnSnapLog.java,ZOOKEEPER-4712,43,50,57,YES
45,zookeeper-server/src/main/java/org/apache/zookeeper/server/persistence/FileTxnSnapLog.java,ZOOKEEPER-4712,43,50,57,YES
46,zookeeper-server/src/main/java/org/apache/zookeeper/server/persistence/FileTxnSnapLog.java,ZOOKEEPER-4712,43,50,57,YES
47,zookeeper-server/src/main/java/org/apache/zookeeper/server/persistence/FileTxnSnapLog.java,ZOOKEEPER-4712,43,50,57,YES
48,zookeeper-server/src/main/java/org/apache/zookeeper/server/persistence/FileTxnSnapLog.java,ZOOKEEPER-4712,43,50,57,YES
49,zookeeper-server/src/main/java/org/apache/zookeeper/server/persistence/FileTxnSnapLog.java,ZOOKEEPER-4712,43,50,57,YES
50,zookeeper-server/src/main/java/org/apache/zookeeper/server/persistence/FileTxnSnapLog.java,ZOOKEEPER-4712,43,50,57,YES
51,zookeeper-server/src/main/java/org/apache/zookeeper/server/persistence/FileTxnSnapLog.java,ZOOKEEPER-4712,43,50,57,YES
52,zookeeper-server/src/main/java/org/apache/zookeeper/server/persistence/FileTxnSnapLog.java,ZOOKEEPER-4712,43,50,57,YES
53,zookeeper-server/src/main/java/org/apache/zookeeper/server/persistence/FileTxnSnapLog.java,ZOOKEEPER-4712,43,50,57,YES
54,zookeeper-server/src/main/java/org/apache/zookeeper/server/persistence/FileTxnSnapLog.java,ZOOKEEPER-4712,43,50,57,YES
55,zookeeper-server/src/main/java/org/apache/zookeeper/server/persistence/FileTxnSnapLog.java,ZOOKEEPER-4712,43,50,57,YES
56,zookeeper-server/src/main/java/org/apache/zookeeper/server/persistence/FileTxnSnapLog.java,ZOOKEEPER-4712,43,50,57,YES
43,zookeeper-server/src/main/java/org/apache/zookeeper/server/quorum/LeaderZooKeeperServer.java,ZOOKEEPER-4712,43,50,57,YES
44,zookeeper-server/src/main/java/org/apache/zookeeper/server/quorum/LeaderZooKeeperServer.java,ZOOKEEPER-4712,43,50,57,YES
45,zookeeper-server/src/main/java/org/apache/zookeeper/server/quorum/LeaderZooKeeperServer.java,ZOOKEEPER-4712,43,50,57,YES
46,zookeeper-server/src/main/java/org/apache/zookeeper/server/quorum/LeaderZooKeeperServer.java,ZOOKEEPER-4712,43,50,57,YES
47,zookeeper-server/src/main/java/org/apache/zookeeper/server/quorum/LeaderZooKeeperServer.java,ZOOKEEPER-4712,43,50,57,YES
48,zookeeper-server/src/main/java/org/apache/zookeeper/server/quorum/LeaderZooKeeperServer.java,ZOOKEEPER-4712,43,50,57,YES
49,zookeeper-server/src/main/java/org/apache/zookeeper/server/quorum/LeaderZooKeeperServer.java,ZOOKEEPER-4712,43,50,57,YES
50,zookeeper-server/src/main/java/org/apache/zookeeper/server/quorum/LeaderZooKeeperServer.java,ZOOKEEPER-4712,43,50,57,YES
51,zookeeper-server/src/main/java/org/apache/zookeeper/server/quorum/LeaderZooKeeperServer.java,ZOOKEEPER-4712,43,50,57,YES
52,zookeeper-server/src/main/java/org/apache/zookeeper/server/quorum/LeaderZooKeeperServer.java,ZOOKEEPER-4712,43,50,57,YES
53,zookeeper-server/src/main/java/org/apache/zookeeper/server/quorum/LeaderZooKeeperServer.java,ZOOKEEPER-4712,43,50,57,YES
54,zookeeper-server/src/main/java/org/apache/zookeeper/server/quorum/LeaderZooKeeperServer.java,ZOOKEEPER-4712,43,50,57,YES
55,zookeeper-server/src/main/java/org/apache/zookeeper/server/quorum/LeaderZooKeeperServer.java,ZOOKEEPER-4712,43,50,57,YES
56,zookeeper-server/src/main/java/org/apache/zookeeper/server/quorum/LeaderZooKeeperServer.java,ZOOKEEPER-4712,43,50,57,YES
43,zookeeper-server/src/main/java/org/apache/zookeeper/server/quorum/Learner.java,ZOOKEEPER-4712,43,50,57,YES
44,zookeeper-server/src/main/java/org/apache/zookeeper/server/quorum/Learner.java,ZOOKEEPER-4712,43,50,57,YES
45,zookeeper-server/src/main/java/org/apache/zookeeper/server/quorum/Learner.java,ZOOKEEPER-4712,43,50,57,YES
46,zookeeper-server/src/main/java/org/apache/zookeeper/server/quorum/Learner.java,ZOOKEEPER-4712,43,50,57,YES
47,zookeeper-server/src/main/java/org/apache/zookeeper/server/quorum/Learner.java,ZOOKEEPER-4712,43,50,57,YES
48,zookeeper-server/src/main/java/org/apache/zookeeper/server/quorum/Learner.java,ZOOKEEPER-4712,43,50,57,YES
49,zookeeper-server/src/main/java/org/apache/zookeeper/server/quorum/Learner.java,ZOOKEEPER-4712,43,50,57,YES
50,zookeeper-server/src/main/java/org/apache/zookeeper/server/quorum/Learner.java,ZOOKEEPER-4712,43,50,57,YES
51,zookeeper-server/src/main/java/org/apache/zookeeper/server/quorum/Learner.java,ZOOKEEPER-4712,43,50,57,YES
52,zookeeper-server/src/main/java/org/apache/zookeeper/server/quorum/Learner.java,ZOOKEEPER-4712,43,50,57,YES
53,zookeeper-server/src/main/java/org/apache/zookeeper/server/quorum/Learner.java,ZOOKEEPER-4712,43,50,57,YES
54,zookeeper-server/src/main/java/org/apache/zookeeper/server/quorum/Learner.java,ZOOKEEPER-4712,43,50,57,YES
55,zookeeper-server/src/main/java/org/apache/zookeeper/server/quorum/Learner.java,ZOOKEEPER-4712,43,50,57,YES
56,zookeeper-server/src/main/java/org/apache/zookeeper/server/quorum/Learner.java,ZOOKEEPER-4712,43,50,57,YES
43,zookeeper-server/src/main/java/org/apache/zookeeper/server/quorum/LearnerZooKeeperServer.java,ZOOKEEPER-4712,43,50,57,YES
44,zookeeper-server/src/main/java/org/apache/zookeeper/server/quorum/LearnerZooKeeperServer.java,ZOOKEEPER-4712,43,50,57,YES
45,zookeeper-server/src/main/java/org/apache/zookeeper/server/quorum/LearnerZooKeeperServer.java,ZOOKEEPER-4712,43,50,57,YES
46,zookeeper-server/src/main/java/org/apache/zookeeper/server/quorum/LearnerZooKeeperServer.java,ZOOKEEPER-4712,43,50,57,YES
47,zookeeper-server/src/main/java/org/apache/zookeeper/server/quorum/LearnerZooKeeperServer.java,ZOOKEEPER-4712,43,50,57,YES
48,zookeeper-server/src/main/java/org/apache/zookeeper/server/quorum/LearnerZooKeeperServer.java,ZOOKEEPER-4712,43,50,57,YES
49,zookeeper-server/src/main/java/org/apache/zookeeper/server/quorum/LearnerZooKeeperServer.java,ZOOKEEPER-4712,43,50,57,YES
50,zookeeper-server/src/main/java/org/apache/zookeeper/server/quorum/LearnerZooKeeperServer.java,ZOOKEEPER-4712,43,50,57,YES
51,zookeeper-server/src/main/java/org/apache/zookeeper/server/quorum/LearnerZooKeeperServer.java,ZOOKEEPER-4712,43,50,57,YES
52,zookeeper-server/src/main/java/org/apache/zookeeper/server/quorum/LearnerZooKeeperServer.java,ZOOKEEPER-4712,43,50,57,YES
53,zookeeper-server/src/main/java/org/apache/zookeeper/server/quorum/LearnerZooKeeperServer.java,ZOOKEEPER-4712,43,50,57,YES
54,zookeeper-server/src/main/java/org/apache/zookeeper/server/quorum/LearnerZooKeeperServer.java,ZOOKEEPER-4712,43,50,57,YES
55,zookeeper-server/src/main/java/org/apache/zookeeper/server/quorum/LearnerZooKeeperServer.java,ZOOKEEPER-4712,43,50,57,YES
56,zookeeper-server/src/main/java/org/apache/zookeeper/server/quorum/LearnerZooKeeperServer.java,ZOOKEEPER-4712,43,50,57,YES
43,zookeeper-server/src/main/java/org/apache/zookeeper/server/quorum/ObserverZooKeeperServer.java,ZOOKEEPER-4712,43,50,57,YES
44,zookeeper-server/src/main/java/org/apache/zookeeper/server/quorum/ObserverZooKeeperServer.java,ZOOKEEPER-4712,43,50,57,YES
45,zookeeper-server/src/main/java/org/apache/zookeeper/server/quorum/ObserverZooKeeperServer.java,ZOOKEEPER-4712,43,50,57,YES
46,zookeeper-server/src/main/java/org/apache/zookeeper/server/quorum/ObserverZooKeeperServer.java,ZOOKEEPER-4712,43,50,57,YES
47,zookeeper-server/src/main/java/org/apache/zookeeper/server/quorum/ObserverZooKeeperServer.java,ZOOKEEPER-4712,43,50,57,YES
48,zookeeper-server/src/main/java/org/apache/zookeeper/server/quorum/ObserverZooKeeperServer.java,ZOOKEEPER-4712,43,50,57,YES
49,zookeeper-server/src/main/java/org/apache/zookeeper/server/quorum/ObserverZooKeeperServer.java,ZOOKEEPER-4712,43,50,57,YES
50,zookeeper-server/src/main/java/org/apache/zookeeper/server/quorum/ObserverZooKeeperServer.java,ZOOKEEPER-4712,43,50,57,YES
51,zookeeper-server/src/main/java/org/apache/zookeeper/server/quorum/ObserverZooKeeperServer.java,ZOOKEEPER-4712,43,50,57,YES
52,zookeeper-server/src/main/java/org/apache/zookeeper/server/quorum/ObserverZooKeeperServer.java,ZOOKEEPER-4712,43,50,57,YES
53,zookeeper-server/src/main/java/org/apache/zookeeper/server/quorum/ObserverZooKeeperServer.java,ZOOKEEPER-4712,43,50,57,YES
54,zookeeper-server/src/main/java/org/apache/zookeeper/server/quorum/ObserverZooKeeperServer.java,ZOOKEEPER-4712,43,50,57,YES
55,zookeeper-server/src/main/java/org/apache/zookeeper/server/quorum/ObserverZooKeeperServer.java,ZOOKEEPER-4712,43,50,57,YES
56,zookeeper-server/src/main/java/org/apache/zookeeper/server/quorum/ObserverZooKeeperServer.java,ZOOKEEPER-4712,43,50,57,YES
43,zookeeper-server/src/main/java/org/apache/zookeeper/server/quorum/ReadOnlyZooKeeperServer.java,ZOOKEEPER-4712,43,50,57,YES
44,zookeeper-server/src/main/java/org/apache/zookeeper/server/quorum/ReadOnlyZooKeeperServer.java,ZOOKEEPER-4712,43,50,57,YES
45,zookeeper-server/src/main/java/org/apache/zookeeper/server/quorum/ReadOnlyZooKeeperServer.java,ZOOKEEPER-4712,43,50,57,YES
46,zookeeper-server/src/main/java/org/apache/zookeeper/server/quorum/ReadOnlyZooKeeperServer.java,ZOOKEEPER-4712,43,50,57,YES
47,zookeeper-server/src/main/java/org/apache/zookeeper/server/quorum/ReadOnlyZooKeeperServer.java,ZOOKEEPER-4712,43,50,57,YES
48,zookeeper-server/src/main/java/org/apache/zookeeper/server/quorum/ReadOnlyZooKeeperServer.java,ZOOKEEPER-4712,43,50,57,YES
49,zookeeper-server/src/main/java/org/apache/zookeeper/server/quorum/ReadOnlyZooKeeperServer.java,ZOOKEEPER-4712,43,50,57,YES
50,zookeeper-server/src/main/java/org/apache/zookeeper/server/quorum/ReadOnlyZooKeeperServer.java,ZOOKEEPER-4712,43,50,57,YES
51,zookeeper-server/src/main/java/org/apache/zookeeper/server/quorum/ReadOnlyZooKeeperServer.java,ZOOKEEPER-4712,43,50,57,YES
52,zookeeper-server/src/main/java/org/apache/zookeeper/server/quorum/ReadOnlyZooKeeperServer.java,ZOOKEEPER-4712,43,50,57,YES
53,zookeeper-server/src/main/java/org/apache/zookeeper/server/quorum/ReadOnlyZooKeeperServer.java,ZOOKEEPER-4712,43,50,57,YES
54,zookeeper-server/src/main/java/org/apache/zookeeper/server/quorum/ReadOnlyZooKeeperServer.java,ZOOKEEPER-4712,43,50,57,YES
55,zookeeper-server/src/main/java/org/apache/zookeeper/server/quorum/ReadOnlyZooKeeperServer.java,ZOOKEEPER-4712,43,50,57,YES
56,zookeeper-server/src/main/java/org/apache/zookeeper/server/quorum/ReadOnlyZooKeeperServer.java,ZOOKEEPER-4712,43,50,57,YES
43,zookeeper-server/src/main/java/org/apache/zookeeper/server/quorum/SendAckRequestProcessor.java,ZOOKEEPER-4712,43,50,57,YES
44,zookeeper-server/src/main/java/org/apache/zookeeper/server/quorum/SendAckRequestProcessor.java,ZOOKEEPER-4712,43,50,57,YES
45,zookeeper-server/src/main/java/org/apache/zookeeper/server/quorum/SendAckRequestProcessor.java,ZOOKEEPER-4712,43,50,57,YES
46,zookeeper-server/src/main/java/org/apache/zookeeper/server/quorum/SendAckRequestProcessor.java,ZOOKEEPER-4712,43,50,57,YES
47,zookeeper-server/src/main/java/org/apache/zookeeper/server/quorum/SendAckRequestProcessor.java,ZOOKEEPER-4712,43,50,57,YES
48,zookeeper-server/src/main/java/org/apache/zookeeper/server/quorum/SendAckRequestProcessor.java,ZOOKEEPER-4712,43,50,57,YES
49,zookeeper-server/src/main/java/org/apache/zookeeper/server/quorum/SendAckRequestProcessor.java,ZOOKEEPER-4712,43,50,57,YES
50,zookeeper-server/src/main/java/org/apache/zookeeper/server/quorum/SendAckRequestProcessor.java,ZOOKEEPER-4712,43,50,57,YES
51,zookeeper-server/src/main/java/org/apache/zookeeper/server/quorum/SendAckRequestProcessor.java,ZOOKEEPER-4712,43,50,57,YES
52,zookeeper-server/src/main/java/org/apache/zookeeper/server/quorum/SendAckRequestProcessor.java,ZOOKEEPER-4712,43,50,57,YES
53,zookeeper-server/src/main/java/org/apache/zookeeper/server/quorum/SendAckRequestProcessor.java,ZOOKEEPER-4712,43,50,57,YES
54,zookeeper-server/src/main/java/org/apache/zookeeper/server/quorum/SendAckRequestProcessor.java,ZOOKEEPER-4712,43,50,57,YES
55,zookeeper-server/src/main/java/org/apache/zookeeper/server/quorum/SendAckRequestProcessor.java,ZOOKEEPER-4712,43,50,57,YES
56,zookeeper-server/src/main/java/org/apache/zookeeper/server/quorum/SendAckRequestProcessor.java,ZOOKEEPER-4712,43,50,57,YES
40,zookeeper-server/src/main/java/org/apache/zookeeper/server/ZooKeeperServer.java,ZOOKEEPER-3865,40,41,42,YES
41,zookeeper-server/src/main/java/org/apache/zookeeper/server/ZooKeeperServer.java,ZOOKEEPER-3865,40,41,42,YES
28,src/java/main/org/apache/zookeeper/ClientCnxn.java,ZOOKEEPER-2775,28,30,31,YES
29,src/java/main/org/apache/zookeeper/ClientCnxn.java,ZOOKEEPER-2775,28,30,31,YES
30,src/java/main/org/apache/zookeeper/ClientCnxn.java,ZOOKEEPER-2775,28,30,31,YES
57,zookeeper-contrib/zookeeper-contrib-zooinspector/src/main/java/org/apache/zookeeper/inspector/manager/ZooInspectorManager.java,ZOOKEEPER-4953,57,58,59,YES
58,zookeeper-contrib/zookeeper-contrib-zooinspector/src/main/java/org/apache/zookeeper/inspector/manager/ZooInspectorManager.java,ZOOKEEPER-4953,57,58,59,YES
23,src/java/main/org/apache/zookeeper/server/util/ConfigUtils.java,ZOOKEEPER-2539,23,27,28,YES
24,src/java/main/org/apache/zookeeper/server/util/ConfigUtils.java,ZOOKEEPER-2539,23,27,28,YES
25,src/java/main/org/apache/zookeeper/server/util/ConfigUtils.java,ZOOKEEPER-2539,23,27,28,YES
26,src/java/main/org/apache/zookeeper/server/util/ConfigUtils.java,ZOOKEEPER-2539,23,27,28,YES
27,src/java/main/org/apache/zookeeper/server/util/ConfigUtils.java,ZOOKEEPER-2539,23,27,28,YES
11,src/java/main/org/apache/zookeeper/server/PrepRequestProcessor.java,ZOOKEEPER-1208,11,12,13,YES
12,src/java/main/org/apache/zookeeper/server/PrepRequestProcessor.java,ZOOKEEPER-1208,11,12,13,YES
11,src/java/main/org/apache/zookeeper/server/SessionTracker.java,ZOOKEEPER-1208,11,12,13,YES
12,src/java/main/org/apache/zookeeper/server/SessionTracker.java,ZOOKEEPER-1208,11,12,13,YES
11,src/java/main/org/apache/zookeeper/server/SessionTrackerImpl.java,ZOOKEEPER-1208,11,12,13,YES
12,src/java/main/org/apache/zookeeper/server/SessionTrackerImpl.java,ZOOKEEPER-1208,11,12,13,YES
11,src/java/main/org/apache/zookeeper/server/quorum/LearnerSessionTracker.java,ZOOKEEPER-1208,11,12,13,YES
12,src/java/main/org/apache/zookeeper/server/quorum/LearnerSessionTracker.java,ZOOKEEPER-1208,11,12,13,YES
55,zookeeper-server/src/main/java/org/apache/zookeeper/server/auth/KeyAuthenticationProvider.java,ZOOKEEPER-4958,55,58,60,YES
56,zookeeper-server/src/main/java/org/apache/zookeeper/server/auth/KeyAuthenticationProvider.java,ZOOKEEPER-4958,55,58,60,YES
57,zookeeper-server/src/main/java/org/apache/zookeeper/server/auth/KeyAuthenticationProvider.java,ZOOKEEPER-4958,55,58,60,YES
58,zookeeper-server/src/main/java/org/apache/zookeeper/server/auth/KeyAuthenticationProvider.java,ZOOKEEPER-4958,55,58,60,YES
59,zookeeper-server/src/main/java/org/apache/zookeeper/server/auth/KeyAuthenticationProvider.java,ZOOKEEPER-4958,55,58,60,YES
55,zookeeper-server/src/main/java/org/apache/zookeeper/server/auth/X509AuthenticationProvider.java,ZOOKEEPER-4958,55,58,60,YES
56,zookeeper-server/src/main/java/org/apache/zookeeper/server/auth/X509AuthenticationProvider.java,ZOOKEEPER-4958,55,58,60,YES
57,zookeeper-server/src/main/java/org/apache/zookeeper/server/auth/X509AuthenticationProvider.java,ZOOKEEPER-4958,55,58,60,YES
58,zookeeper-server/src/main/java/org/apache/zookeeper/server/auth/X509AuthenticationProvider.java,ZOOKEEPER-4958,55,58,60,YES
59,zookeeper-server/src/main/java/org/apache/zookeeper/server/auth/X509AuthenticationProvider.java,ZOOKEEPER-4958,55,58,60,YES
17,src/java/main/org/apache/zookeeper/common/PathTrie.java,ZOOKEEPER-1448,17,18,21,YES
18,src/java/main/org/apache/zookeeper/common/PathTrie.java,ZOOKEEPER-1448,17,18,21,YES
19,src/java/main/org/apache/zookeeper/common/PathTrie.java,ZOOKEEPER-1448,17,18,21,YES
20,src/java/main/org/apache/zookeeper/common/PathTrie.java,ZOOKEEPER-1448,17,18,21,YES
17,src/java/main/org/apache/zookeeper/server/DataTree.java,ZOOKEEPER-1448,17,18,21,YES
18,src/java/main/org/apache/zookeeper/server/DataTree.java,ZOOKEEPER-1448,17,18,21,YES
19,src/java/main/org/apache/zookeeper/server/DataTree.java,ZOOKEEPER-1448,17,18,21,YES
20,src/java/main/org/apache/zookeeper/server/DataTree.java,ZOOKEEPER-1448,17,18,21,YES
11,src/java/main/org/apache/zookeeper/server/PrepRequestProcessor.java,ZOOKEEPER-1206,11,12,13,YES
12,src/java/main/org/apache/zookeeper/server/PrepRequestProcessor.java,ZOOKEEPER-1206,11,12,13,YES
20,src/java/main/org/apache/zookeeper/server/auth/IPAuthenticationProvider.java,ZOOKEEPER-1673,20,21,22,YES
21,src/java/main/org/apache/zookeeper/server/auth/IPAuthenticationProvider.java,ZOOKEEPER-1673,20,21,22,YES
57,zookeeper-server/src/main/java/org/apache/zookeeper/common/ClientX509Util.java,ZOOKEEPER-4940,57,58,59,YES
58,zookeeper-server/src/main/java/org/apache/zookeeper/common/ClientX509Util.java,ZOOKEEPER-4940,57,58,59,YES
20,src/java/main/org/apache/zookeeper/cli/ReconfigCommand.java,ZOOKEEPER-1672,20,21,22,YES
21,src/java/main/org/apache/zookeeper/cli/ReconfigCommand.java,ZOOKEEPER-1672,20,21,22,YES
39,zookeeper-server/src/main/java/org/apache/zookeeper/server/ZooKeeperServer.java,ZOOKEEPER-4703,39,50,55,YES
40,zookeeper-server/src/main/java/org/apache/zookeeper/server/ZooKeeperServer.java,ZOOKEEPER-4703,39,50,55,YES
41,zookeeper-server/src/main/java/org/apache/zookeeper/server/ZooKeeperServer.java,ZOOKEEPER-4703,39,50,55,YES
42,zookeeper-server/src/main/java/org/apache/zookeeper/server/ZooKeeperServer.java,ZOOKEEPER-4703,39,50,55,YES
43,zookeeper-server/src/main/java/org/apache/zookeeper/server/ZooKeeperServer.java,ZOOKEEPER-4703,39,50,55,YES
44,zookeeper-server/src/main/java/org/apache/zookeeper/server/ZooKeeperServer.java,ZOOKEEPER-4703,39,50,55,YES
45,zookeeper-server/src/main/java/org/apache/zookeeper/server/ZooKeeperServer.java,ZOOKEEPER-4703,39,50,55,YES
46,zookeeper-server/src/main/java/org/apache/zookeeper/server/ZooKeeperServer.java,ZOOKEEPER-4703,39,50,55,YES
47,zookeeper-server/src/main/java/org/apache/zookeeper/server/ZooKeeperServer.java,ZOOKEEPER-4703,39,50,55,YES
48,zookeeper-server/src/main/java/org/apache/zookeeper/server/ZooKeeperServer.java,ZOOKEEPER-4703,39,50,55,YES
49,zookeeper-server/src/main/java/org/apache/zookeeper/server/ZooKeeperServer.java,ZOOKEEPER-4703,39,50,55,YES
50,zookeeper-server/src/main/java/org/apache/zookeeper/server/ZooKeeperServer.java,ZOOKEEPER-4703,39,50,55,YES
51,zookeeper-server/src/main/java/org/apache/zookeeper/server/ZooKeeperServer.java,ZOOKEEPER-4703,39,50,55,YES
52,zookeeper-server/src/main/java/org/apache/zookeeper/server/ZooKeeperServer.java,ZOOKEEPER-4703,39,50,55,YES
53,zookeeper-server/src/main/java/org/apache/zookeeper/server/ZooKeeperServer.java,ZOOKEEPER-4703,39,50,55,YES
54,zookeeper-server/src/main/java/org/apache/zookeeper/server/ZooKeeperServer.java,ZOOKEEPER-4703,39,50,55,YES
39,zookeeper-server/src/main/java/org/apache/zookeeper/server/persistence/FileTxnSnapLog.java,ZOOKEEPER-4703,39,50,55,YES
40,zookeeper-server/src/main/java/org/apache/zookeeper/server/persistence/FileTxnSnapLog.java,ZOOKEEPER-4703,39,50,55,YES
41,zookeeper-server/src/main/java/org/apache/zookeeper/server/persistence/FileTxnSnapLog.java,ZOOKEEPER-4703,39,50,55,YES
42,zookeeper-server/src/main/java/org/apache/zookeeper/server/persistence/FileTxnSnapLog.java,ZOOKEEPER-4703,39,50,55,YES
43,zookeeper-server/src/main/java/org/apache/zookeeper/server/persistence/FileTxnSnapLog.java,ZOOKEEPER-4703,39,50,55,YES
44,zookeeper-server/src/main/java/org/apache/zookeeper/server/persistence/FileTxnSnapLog.java,ZOOKEEPER-4703,39,50,55,YES
45,zookeeper-server/src/main/java/org/apache/zookeeper/server/persistence/FileTxnSnapLog.java,ZOOKEEPER-4703,39,50,55,YES
46,zookeeper-server/src/main/java/org/apache/zookeeper/server/persistence/FileTxnSnapLog.java,ZOOKEEPER-4703,39,50,55,YES
47,zookeeper-server/src/main/java/org/apache/zookeeper/server/persistence/FileTxnSnapLog.java,ZOOKEEPER-4703,39,50,55,YES
48,zookeeper-server/src/main/java/org/apache/zookeeper/server/persistence/FileTxnSnapLog.java,ZOOKEEPER-4703,39,50,55,YES
49,zookeeper-server/src/main/java/org/apache/zookeeper/server/persistence/FileTxnSnapLog.java,ZOOKEEPER-4703,39,50,55,YES
50,zookeeper-server/src/main/java/org/apache/zookeeper/server/persistence/FileTxnSnapLog.java,ZOOKEEPER-4703,39,50,55,YES
51,zookeeper-server/src/main/java/org/apache/zookeeper/server/persistence/FileTxnSnapLog.java,ZOOKEEPER-4703,39,50,55,YES
52,zookeeper-server/src/main/java/org/apache/zookeeper/server/persistence/FileTxnSnapLog.java,ZOOKEEPER-4703,39,50,55,YES
53,zookeeper-server/src/main/java/org/apache/zookeeper/server/persistence/FileTxnSnapLog.java,ZOOKEEPER-4703,39,50,55,YES
54,zookeeper-server/src/main/java/org/apache/zookeeper/server/persistence/FileTxnSnapLog.java,ZOOKEEPER-4703,39,50,55,YES
35,zookeeper-server/src/main/java/org/apache/zookeeper/common/ZKConfig.java,ZOOKEEPER-3613,35,37,38,YES
36,zookeeper-server/src/main/java/org/apache/zookeeper/common/ZKConfig.java,ZOOKEEPER-3613,35,37,38,YES
37,zookeeper-server/src/main/java/org/apache/zookeeper/common/ZKConfig.java,ZOOKEEPER-3613,35,37,38,YES
16,src/java/main/org/apache/zookeeper/ClientCnxn.java,ZOOKEEPER-1437,16,18,19,YES
17,src/java/main/org/apache/zookeeper/ClientCnxn.java,ZOOKEEPER-1437,16,18,19,YES
18,src/java/main/org/apache/zookeeper/ClientCnxn.java,ZOOKEEPER-1437,16,18,19,YES
16,src/java/main/org/apache/zookeeper/ClientCnxnSocket.java,ZOOKEEPER-1437,16,18,19,YES
17,src/java/main/org/apache/zookeeper/ClientCnxnSocket.java,ZOOKEEPER-1437,16,18,19,YES
18,src/java/main/org/apache/zookeeper/ClientCnxnSocket.java,ZOOKEEPER-1437,16,18,19,YES
16,src/java/main/org/apache/zookeeper/ClientCnxnSocketNIO.java,ZOOKEEPER-1437,16,18,19,YES
17,src/java/main/org/apache/zookeeper/ClientCnxnSocketNIO.java,ZOOKEEPER-1437,16,18,19,YES
18,src/java/main/org/apache/zookeeper/ClientCnxnSocketNIO.java,ZOOKEEPER-1437,16,18,19,YES
16,src/java/main/org/apache/zookeeper/client/ZooKeeperSaslClient.java,ZOOKEEPER-1437,16,18,19,YES
17,src/java/main/org/apache/zookeeper/client/ZooKeeperSaslClient.java,ZOOKEEPER-1437,16,18,19,YES
18,src/java/main/org/apache/zookeeper/client/ZooKeeperSaslClient.java,ZOOKEEPER-1437,16,18,19,YES
48,zookeeper-server/src/main/java/org/apache/zookeeper/server/quorum/Leader.java,ZOOKEEPER-4708,48,50,57,YES
49,zookeeper-server/src/main/java/org/apache/zookeeper/server/quorum/Leader.java,ZOOKEEPER-4708,48,50,57,YES
50,zookeeper-server/src/main/java/org/apache/zookeeper/server/quorum/Leader.java,ZOOKEEPER-4708,48,50,57,YES
51,zookeeper-server/src/main/java/org/apache/zookeeper/server/quorum/Leader.java,ZOOKEEPER-4708,48,50,57,YES
52,zookeeper-server/src/main/java/org/apache/zookeeper/server/quorum/Leader.java,ZOOKEEPER-4708,48,50,57,YES
53,zookeeper-server/src/main/java/org/apache/zookeeper/server/quorum/Leader.java,ZOOKEEPER-4708,48,50,57,YES
54,zookeeper-server/src/main/java/org/apache/zookeeper/server/quorum/Leader.java,ZOOKEEPER-4708,48,50,57,YES
55,zookeeper-server/src/main/java/org/apache/zookeeper/server/quorum/Leader.java,ZOOKEEPER-4708,48,50,57,YES
56,zookeeper-server/src/main/java/org/apache/zookeeper/server/quorum/Leader.java,ZOOKEEPER-4708,48,50,57,YES
48,zookeeper-server/src/main/java/org/apache/zookeeper/server/quorum/QuorumPeer.java,ZOOKEEPER-4708,48,50,57,YES
49,zookeeper-server/src/main/java/org/apache/zookeeper/server/quorum/QuorumPeer.java,ZOOKEEPER-4708,48,50,57,YES
50,zookeeper-server/src/main/java/org/apache/zookeeper/server/quorum/QuorumPeer.java,ZOOKEEPER-4708,48,50,57,YES
51,zookeeper-server/src/main/java/org/apache/zookeeper/server/quorum/QuorumPeer.java,ZOOKEEPER-4708,48,50,57,YES
52,zookeeper-server/src/main/java/org/apache/zookeeper/server/quorum/QuorumPeer.java,ZOOKEEPER-4708,48,50,57,YES
53,zookeeper-server/src/main/java/org/apache/zookeeper/server/quorum/QuorumPeer.java,ZOOKEEPER-4708,48,50,57,YES
54,zookeeper-server/src/main/java/org/apache/zookeeper/server/quorum/QuorumPeer.java,ZOOKEEPER-4708,48,50,57,YES
55,zookeeper-server/src/main/java/org/apache/zookeeper/server/quorum/QuorumPeer.java,ZOOKEEPER-4708,48,50,57,YES
56,zookeeper-server/src/main/java/org/apache/zookeeper/server/quorum/QuorumPeer.java,ZOOKEEPER-4708,48,50,57,YES
48,zookeeper-server/src/main/java/org/apache/zookeeper/server/quorum/Leader.java,ZOOKEEPER-4708,48,50,57,YES
49,zookeeper-server/src/main/java/org/apache/zookeeper/server/quorum/Leader.java,ZOOKEEPER-4708,48,50,57,YES
50,zookeeper-server/src/main/java/org/apache/zookeeper/server/quorum/Leader.java,ZOOKEEPER-4708,48,50,57,YES
51,zookeeper-server/src/main/java/org/apache/zookeeper/server/quorum/Leader.java,ZOOKEEPER-4708,48,50,57,YES
52,zookeeper-server/src/main/java/org/apache/zookeeper/server/quorum/Leader.java,ZOOKEEPER-4708,48,50,57,YES
53,zookeeper-server/src/main/java/org/apache/zookeeper/server/quorum/Leader.java,ZOOKEEPER-4708,48,50,57,YES
54,zookeeper-server/src/main/java/org/apache/zookeeper/server/quorum/Leader.java,ZOOKEEPER-4708,48,50,57,YES
55,zookeeper-server/src/main/java/org/apache/zookeeper/server/quorum/Leader.java,ZOOKEEPER-4708,48,50,57,YES
56,zookeeper-server/src/main/java/org/apache/zookeeper/server/quorum/Leader.java,ZOOKEEPER-4708,48,50,57,YES
54,zookeeper-server/src/main/java/org/apache/zookeeper/server/BlueThrottle.java,ZOOKEEPER-4933,54,58,59,YES
55,zookeeper-server/src/main/java/org/apache/zookeeper/server/BlueThrottle.java,ZOOKEEPER-4933,54,58,59,YES
56,zookeeper-server/src/main/java/org/apache/zookeeper/server/BlueThrottle.java,ZOOKEEPER-4933,54,58,59,YES
57,zookeeper-server/src/main/java/org/apache/zookeeper/server/BlueThrottle.java,ZOOKEEPER-4933,54,58,59,YES
58,zookeeper-server/src/main/java/org/apache/zookeeper/server/BlueThrottle.java,ZOOKEEPER-4933,54,58,59,YES
18,src/java/main/org/apache/zookeeper/server/DataTree.java,ZOOKEEPER-1667,18,21,22,YES
19,src/java/main/org/apache/zookeeper/server/DataTree.java,ZOOKEEPER-1667,18,21,22,YES
20,src/java/main/org/apache/zookeeper/server/DataTree.java,ZOOKEEPER-1667,18,21,22,YES
21,src/java/main/org/apache/zookeeper/server/DataTree.java,ZOOKEEPER-1667,18,21,22,YES
20,src/java/main/org/apache/zookeeper/client/ZooKeeperSaslClient.java,ZOOKEEPER-1664,20,21,22,YES
21,src/java/main/org/apache/zookeeper/client/ZooKeeperSaslClient.java,ZOOKEEPER-1664,20,21,22,YES
20,src/java/main/org/apache/zookeeper/server/ZooKeeperSaslServer.java,ZOOKEEPER-1664,20,21,22,YES
21,src/java/main/org/apache/zookeeper/server/ZooKeeperSaslServer.java,ZOOKEEPER-1664,20,21,22,YES
26,src/java/main/org/apache/zookeeper/ClientCnxnSocket.java,ZOOKEEPER-2517,26,27,28,YES
27,src/java/main/org/apache/zookeeper/ClientCnxnSocket.java,ZOOKEEPER-2517,26,27,28,YES
26,src/java/main/org/apache/zookeeper/ClientCnxnSocketNetty.java,ZOOKEEPER-2517,26,27,28,YES
27,src/java/main/org/apache/zookeeper/ClientCnxnSocketNetty.java,ZOOKEEPER-2517,26,27,28,YES
26,src/java/main/org/apache/zookeeper/common/ZKConfig.java,ZOOKEEPER-2517,26,27,28,YES
27,src/java/main/org/apache/zookeeper/common/ZKConfig.java,ZOOKEEPER-2517,26,27,28,YES
34,zookeeper-server/src/main/java/org/apache/zookeeper/server/ZooKeeperServer.java,ZOOKEEPER-3605,34,37,38,YES
35,zookeeper-server/src/main/java/org/apache/zookeeper/server/ZooKeeperServer.java,ZOOKEEPER-3605,34,37,38,YES
36,zookeeper-server/src/main/java/org/apache/zookeeper/server/ZooKeeperServer.java,ZOOKEEPER-3605,34,37,38,YES
37,zookeeper-server/src/main/java/org/apache/zookeeper/server/ZooKeeperServer.java,ZOOKEEPER-3605,34,37,38,YES
29,src/java/main/org/apache/zookeeper/cli/CreateCommand.java,ZOOKEEPER-2757,29,29,30,YES
29,src/java/main/org/apache/zookeeper/cli/DelQuotaCommand.java,ZOOKEEPER-2757,29,29,30,YES
29,src/java/main/org/apache/zookeeper/cli/DeleteAllCommand.java,ZOOKEEPER-2757,29,29,30,YES
29,src/java/main/org/apache/zookeeper/cli/DeleteCommand.java,ZOOKEEPER-2757,29,29,30,YES
29,src/java/main/org/apache/zookeeper/cli/GetAclCommand.java,ZOOKEEPER-2757,29,29,30,YES
29,src/java/main/org/apache/zookeeper/cli/GetCommand.java,ZOOKEEPER-2757,29,29,30,YES
29,src/java/main/org/apache/zookeeper/cli/ListQuotaCommand.java,ZOOKEEPER-2757,29,29,30,YES
29,src/java/main/org/apache/zookeeper/cli/Ls2Command.java,ZOOKEEPER-2757,29,29,30,YES
29,src/java/main/org/apache/zookeeper/cli/LsCommand.java,ZOOKEEPER-2757,29,29,30,YES
29,src/java/main/org/apache/zookeeper/cli/MalformedPathException.java,ZOOKEEPER-2757,29,29,30,YES
29,src/java/main/org/apache/zookeeper/cli/RemoveWatchesCommand.java,ZOOKEEPER-2757,29,29,30,YES
29,src/java/main/org/apache/zookeeper/cli/SetAclCommand.java,ZOOKEEPER-2757,29,29,30,YES
29,src/java/main/org/apache/zookeeper/cli/SetCommand.java,ZOOKEEPER-2757,29,29,30,YES
29,src/java/main/org/apache/zookeeper/cli/SetQuotaCommand.java,ZOOKEEPER-2757,29,29,30,YES
29,src/java/main/org/apache/zookeeper/cli/StatCommand.java,ZOOKEEPER-2757,29,29,30,YES
29,src/java/main/org/apache/zookeeper/cli/SyncCommand.java,ZOOKEEPER-2757,29,29,30,YES
16,src/java/main/org/apache/zookeeper/common/AtomicFileOutputStream.java,ZOOKEEPER-1427,16,17,18,YES
17,src/java/main/org/apache/zookeeper/common/AtomicFileOutputStream.java,ZOOKEEPER-1427,16,17,18,YES
16,src/java/main/org/apache/zookeeper/common/IOUtils.java,ZOOKEEPER-1427,16,17,18,YES
17,src/java/main/org/apache/zookeeper/common/IOUtils.java,ZOOKEEPER-1427,16,17,18,YES
16,src/java/main/org/apache/zookeeper/server/quorum/QuorumPeer.java,ZOOKEEPER-1427,16,17,18,YES
17,src/java/main/org/apache/zookeeper/server/quorum/QuorumPeer.java,ZOOKEEPER-1427,16,17,18,YES
22,src/java/main/org/apache/zookeeper/server/quorum/Learner.java,ZOOKEEPER-2982,22,31,32,YES
23,src/java/main/org/apache/zookeeper/server/quorum/Learner.java,ZOOKEEPER-2982,22,31,32,YES
24,src/java/main/org/apache/zookeeper/server/quorum/Learner.java,ZOOKEEPER-2982,22,31,32,YES
25,src/java/main/org/apache/zookeeper/server/quorum/Learner.java,ZOOKEEPER-2982,22,31,32,YES
26,src/java/main/org/apache/zookeeper/server/quorum/Learner.java,ZOOKEEPER-2982,22,31,32,YES
27,src/java/main/org/apache/zookeeper/server/quorum/Learner.java,ZOOKEEPER-2982,22,31,32,YES
28,src/java/main/org/apache/zookeeper/server/quorum/Learner.java,ZOOKEEPER-2982,22,31,32,YES
29,src/java/main/org/apache/zookeeper/server/quorum/Learner.java,ZOOKEEPER-2982,22,31,32,YES
30,src/java/main/org/apache/zookeeper/server/quorum/Learner.java,ZOOKEEPER-2982,22,31,32,YES
31,src/java/main/org/apache/zookeeper/server/quorum/Learner.java,ZOOKEEPER-2982,22,31,32,YES
22,src/java/main/org/apache/zookeeper/common/HostNameUtils.java,ZOOKEEPER-1894,22,22,23,YES
22,src/java/main/org/apache/zookeeper/server/quorum/QuorumPeer.java,ZOOKEEPER-1894,22,22,23,YES
21,src/java/main/org/apache/zookeeper/client/StaticHostProvider.java,ZOOKEEPER-1891,21,21,22,YES
21,src/java/main/org/apache/zookeeper/ZooKeeperMain.java,ZOOKEEPER-1897,21,22,23,YES
22,src/java/main/org/apache/zookeeper/ZooKeeperMain.java,ZOOKEEPER-1897,21,22,23,YES
20,src/java/main/org/apache/zookeeper/ZooKeeperMain.java,ZOOKEEPER-1898,20,22,27,YES
21,src/java/main/org/apache/zookeeper/ZooKeeperMain.java,ZOOKEEPER-1898,20,22,27,YES
22,src/java/main/org/apache/zookeeper/ZooKeeperMain.java,ZOOKEEPER-1898,20,22,27,YES
23,src/java/main/org/apache/zookeeper/ZooKeeperMain.java,ZOOKEEPER-1898,20,22,27,YES
24,src/java/main/org/apache/zookeeper/ZooKeeperMain.java,ZOOKEEPER-1898,20,22,27,YES
25,src/java/main/org/apache/zookeeper/ZooKeeperMain.java,ZOOKEEPER-1898,20,22,27,YES
26,src/java/main/org/apache/zookeeper/ZooKeeperMain.java,ZOOKEEPER-1898,20,22,27,YES
20,src/java/main/org/apache/zookeeper/cli/AddAuthCommand.java,ZOOKEEPER-1898,20,22,27,YES
21,src/java/main/org/apache/zookeeper/cli/AddAuthCommand.java,ZOOKEEPER-1898,20,22,27,YES
22,src/java/main/org/apache/zookeeper/cli/AddAuthCommand.java,ZOOKEEPER-1898,20,22,27,YES
23,src/java/main/org/apache/zookeeper/cli/AddAuthCommand.java,ZOOKEEPER-1898,20,22,27,YES
24,src/java/main/org/apache/zookeeper/cli/AddAuthCommand.java,ZOOKEEPER-1898,20,22,27,YES
25,src/java/main/org/apache/zookeeper/cli/AddAuthCommand.java,ZOOKEEPER-1898,20,22,27,YES
26,src/java/main/org/apache/zookeeper/cli/AddAuthCommand.java,ZOOKEEPER-1898,20,22,27,YES
20,src/java/main/org/apache/zookeeper/cli/CliCommand.java,ZOOKEEPER-1898,20,22,27,YES
21,src/java/main/org/apache/zookeeper/cli/CliCommand.java,ZOOKEEPER-1898,20,22,27,YES
22,src/java/main/org/apache/zookeeper/cli/CliCommand.java,ZOOKEEPER-1898,20,22,27,YES
23,src/java/main/org/apache/zookeeper/cli/CliCommand.java,ZOOKEEPER-1898,20,22,27,YES
24,src/java/main/org/apache/zookeeper/cli/CliCommand.java,ZOOKEEPER-1898,20,22,27,YES
25,src/java/main/org/apache/zookeeper/cli/CliCommand.java,ZOOKEEPER-1898,20,22,27,YES
26,src/java/main/org/apache/zookeeper/cli/CliCommand.java,ZOOKEEPER-1898,20,22,27,YES
20,src/java/main/org/apache/zookeeper/cli/CliException.java,ZOOKEEPER-1898,20,22,27,YES
21,src/java/main/org/apache/zookeeper/cli/CliException.java,ZOOKEEPER-1898,20,22,27,YES
22,src/java/main/org/apache/zookeeper/cli/CliException.java,ZOOKEEPER-1898,20,22,27,YES
23,src/java/main/org/apache/zookeeper/cli/CliException.java,ZOOKEEPER-1898,20,22,27,YES
24,src/java/main/org/apache/zookeeper/cli/CliException.java,ZOOKEEPER-1898,20,22,27,YES
25,src/java/main/org/apache/zookeeper/cli/CliException.java,ZOOKEEPER-1898,20,22,27,YES
26,src/java/main/org/apache/zookeeper/cli/CliException.java,ZOOKEEPER-1898,20,22,27,YES
20,src/java/main/org/apache/zookeeper/cli/CliParseException.java,ZOOKEEPER-1898,20,22,27,YES
21,src/java/main/org/apache/zookeeper/cli/CliParseException.java,ZOOKEEPER-1898,20,22,27,YES
22,src/java/main/org/apache/zookeeper/cli/CliParseException.java,ZOOKEEPER-1898,20,22,27,YES
23,src/java/main/org/apache/zookeeper/cli/CliParseException.java,ZOOKEEPER-1898,20,22,27,YES
24,src/java/main/org/apache/zookeeper/cli/CliParseException.java,ZOOKEEPER-1898,20,22,27,YES
25,src/java/main/org/apache/zookeeper/cli/CliParseException.java,ZOOKEEPER-1898,20,22,27,YES
26,src/java/main/org/apache/zookeeper/cli/CliParseException.java,ZOOKEEPER-1898,20,22,27,YES
20,src/java/main/org/apache/zookeeper/cli/CliWrapperException.java,ZOOKEEPER-1898,20,22,27,YES
21,src/java/main/org/apache/zookeeper/cli/CliWrapperException.java,ZOOKEEPER-1898,20,22,27,YES
22,src/java/main/org/apache/zookeeper/cli/CliWrapperException.java,ZOOKEEPER-1898,20,22,27,YES
23,src/java/main/org/apache/zookeeper/cli/CliWrapperException.java,ZOOKEEPER-1898,20,22,27,YES
24,src/java/main/org/apache/zookeeper/cli/CliWrapperException.java,ZOOKEEPER-1898,20,22,27,YES
25,src/java/main/org/apache/zookeeper/cli/CliWrapperException.java,ZOOKEEPER-1898,20,22,27,YES
26,src/java/main/org/apache/zookeeper/cli/CliWrapperException.java,ZOOKEEPER-1898,20,22,27,YES
20,src/java/main/org/apache/zookeeper/cli/CloseCommand.java,ZOOKEEPER-1898,20,22,27,YES
21,src/java/main/org/apache/zookeeper/cli/CloseCommand.java,ZOOKEEPER-1898,20,22,27,YES
22,src/java/main/org/apache/zookeeper/cli/CloseCommand.java,ZOOKEEPER-1898,20,22,27,YES
23,src/java/main/org/apache/zookeeper/cli/CloseCommand.java,ZOOKEEPER-1898,20,22,27,YES
24,src/java/main/org/apache/zookeeper/cli/CloseCommand.java,ZOOKEEPER-1898,20,22,27,YES
25,src/java/main/org/apache/zookeeper/cli/CloseCommand.java,ZOOKEEPER-1898,20,22,27,YES
26,src/java/main/org/apache/zookeeper/cli/CloseCommand.java,ZOOKEEPER-1898,20,22,27,YES
20,src/java/main/org/apache/zookeeper/cli/CommandNotFoundException.java,ZOOKEEPER-1898,20,22,27,YES
21,src/java/main/org/apache/zookeeper/cli/CommandNotFoundException.java,ZOOKEEPER-1898,20,22,27,YES
22,src/java/main/org/apache/zookeeper/cli/CommandNotFoundException.java,ZOOKEEPER-1898,20,22,27,YES
23,src/java/main/org/apache/zookeeper/cli/CommandNotFoundException.java,ZOOKEEPER-1898,20,22,27,YES
24,src/java/main/org/apache/zookeeper/cli/CommandNotFoundException.java,ZOOKEEPER-1898,20,22,27,YES
25,src/java/main/org/apache/zookeeper/cli/CommandNotFoundException.java,ZOOKEEPER-1898,20,22,27,YES
26,src/java/main/org/apache/zookeeper/cli/CommandNotFoundException.java,ZOOKEEPER-1898,20,22,27,YES
20,src/java/main/org/apache/zookeeper/cli/CreateCommand.java,ZOOKEEPER-1898,20,22,27,YES
21,src/java/main/org/apache/zookeeper/cli/CreateCommand.java,ZOOKEEPER-1898,20,22,27,YES
22,src/java/main/org/apache/zookeeper/cli/CreateCommand.java,ZOOKEEPER-1898,20,22,27,YES
23,src/java/main/org/apache/zookeeper/cli/CreateCommand.java,ZOOKEEPER-1898,20,22,27,YES
24,src/java/main/org/apache/zookeeper/cli/CreateCommand.java,ZOOKEEPER-1898,20,22,27,YES
25,src/java/main/org/apache/zookeeper/cli/CreateCommand.java,ZOOKEEPER-1898,20,22,27,YES
26,src/java/main/org/apache/zookeeper/cli/CreateCommand.java,ZOOKEEPER-1898,20,22,27,YES
20,src/java/main/org/apache/zookeeper/cli/DelQuotaCommand.java,ZOOKEEPER-1898,20,22,27,YES
21,src/java/main/org/apache/zookeeper/cli/DelQuotaCommand.java,ZOOKEEPER-1898,20,22,27,YES
22,src/java/main/org/apache/zookeeper/cli/DelQuotaCommand.java,ZOOKEEPER-1898,20,22,27,YES
23,src/java/main/org/apache/zookeeper/cli/DelQuotaCommand.java,ZOOKEEPER-1898,20,22,27,YES
24,src/java/main/org/apache/zookeeper/cli/DelQuotaCommand.java,ZOOKEEPER-1898,20,22,27,YES
25,src/java/main/org/apache/zookeeper/cli/DelQuotaCommand.java,ZOOKEEPER-1898,20,22,27,YES
26,src/java/main/org/apache/zookeeper/cli/DelQuotaCommand.java,ZOOKEEPER-1898,20,22,27,YES
20,src/java/main/org/apache/zookeeper/cli/DeleteAllCommand.java,ZOOKEEPER-1898,20,22,27,YES
21,src/java/main/org/apache/zookeeper/cli/DeleteAllCommand.java,ZOOKEEPER-1898,20,22,27,YES
22,src/java/main/org/apache/zookeeper/cli/DeleteAllCommand.java,ZOOKEEPER-1898,20,22,27,YES
23,src/java/main/org/apache/zookeeper/cli/DeleteAllCommand.java,ZOOKEEPER-1898,20,22,27,YES
24,src/java/main/org/apache/zookeeper/cli/DeleteAllCommand.java,ZOOKEEPER-1898,20,22,27,YES
25,src/java/main/org/apache/zookeeper/cli/DeleteAllCommand.java,ZOOKEEPER-1898,20,22,27,YES
26,src/java/main/org/apache/zookeeper/cli/DeleteAllCommand.java,ZOOKEEPER-1898,20,22,27,YES
20,src/java/main/org/apache/zookeeper/cli/DeleteCommand.java,ZOOKEEPER-1898,20,22,27,YES
21,src/java/main/org/apache/zookeeper/cli/DeleteCommand.java,ZOOKEEPER-1898,20,22,27,YES
22,src/java/main/org/apache/zookeeper/cli/DeleteCommand.java,ZOOKEEPER-1898,20,22,27,YES
23,src/java/main/org/apache/zookeeper/cli/DeleteCommand.java,ZOOKEEPER-1898,20,22,27,YES
24,src/java/main/org/apache/zookeeper/cli/DeleteCommand.java,ZOOKEEPER-1898,20,22,27,YES
25,src/java/main/org/apache/zookeeper/cli/DeleteCommand.java,ZOOKEEPER-1898,20,22,27,YES
26,src/java/main/org/apache/zookeeper/cli/DeleteCommand.java,ZOOKEEPER-1898,20,22,27,YES
20,src/java/main/org/apache/zookeeper/cli/GetAclCommand.java,ZOOKEEPER-1898,20,22,27,YES
21,src/java/main/org/apache/zookeeper/cli/GetAclCommand.java,ZOOKEEPER-1898,20,22,27,YES
22,src/java/main/org/apache/zookeeper/cli/GetAclCommand.java,ZOOKEEPER-1898,20,22,27,YES
23,src/java/main/org/apache/zookeeper/cli/GetAclCommand.java,ZOOKEEPER-1898,20,22,27,YES
24,src/java/main/org/apache/zookeeper/cli/GetAclCommand.java,ZOOKEEPER-1898,20,22,27,YES
25,src/java/main/org/apache/zookeeper/cli/GetAclCommand.java,ZOOKEEPER-1898,20,22,27,YES
26,src/java/main/org/apache/zookeeper/cli/GetAclCommand.java,ZOOKEEPER-1898,20,22,27,YES
20,src/java/main/org/apache/zookeeper/cli/GetCommand.java,ZOOKEEPER-1898,20,22,27,YES
21,src/java/main/org/apache/zookeeper/cli/GetCommand.java,ZOOKEEPER-1898,20,22,27,YES
22,src/java/main/org/apache/zookeeper/cli/GetCommand.java,ZOOKEEPER-1898,20,22,27,YES
23,src/java/main/org/apache/zookeeper/cli/GetCommand.java,ZOOKEEPER-1898,20,22,27,YES
24,src/java/main/org/apache/zookeeper/cli/GetCommand.java,ZOOKEEPER-1898,20,22,27,YES
25,src/java/main/org/apache/zookeeper/cli/GetCommand.java,ZOOKEEPER-1898,20,22,27,YES
26,src/java/main/org/apache/zookeeper/cli/GetCommand.java,ZOOKEEPER-1898,20,22,27,YES
20,src/java/main/org/apache/zookeeper/cli/GetConfigCommand.java,ZOOKEEPER-1898,20,22,27,YES
21,src/java/main/org/apache/zookeeper/cli/GetConfigCommand.java,ZOOKEEPER-1898,20,22,27,YES
22,src/java/main/org/apache/zookeeper/cli/GetConfigCommand.java,ZOOKEEPER-1898,20,22,27,YES
23,src/java/main/org/apache/zookeeper/cli/GetConfigCommand.java,ZOOKEEPER-1898,20,22,27,YES
24,src/java/main/org/apache/zookeeper/cli/GetConfigCommand.java,ZOOKEEPER-1898,20,22,27,YES
25,src/java/main/org/apache/zookeeper/cli/GetConfigCommand.java,ZOOKEEPER-1898,20,22,27,YES
26,src/java/main/org/apache/zookeeper/cli/GetConfigCommand.java,ZOOKEEPER-1898,20,22,27,YES
20,src/java/main/org/apache/zookeeper/cli/ListQuotaCommand.java,ZOOKEEPER-1898,20,22,27,YES
21,src/java/main/org/apache/zookeeper/cli/ListQuotaCommand.java,ZOOKEEPER-1898,20,22,27,YES
22,src/java/main/org/apache/zookeeper/cli/ListQuotaCommand.java,ZOOKEEPER-1898,20,22,27,YES
23,src/java/main/org/apache/zookeeper/cli/ListQuotaCommand.java,ZOOKEEPER-1898,20,22,27,YES
24,src/java/main/org/apache/zookeeper/cli/ListQuotaCommand.java,ZOOKEEPER-1898,20,22,27,YES
25,src/java/main/org/apache/zookeeper/cli/ListQuotaCommand.java,ZOOKEEPER-1898,20,22,27,YES
26,src/java/main/org/apache/zookeeper/cli/ListQuotaCommand.java,ZOOKEEPER-1898,20,22,27,YES
20,src/java/main/org/apache/zookeeper/cli/Ls2Command.java,ZOOKEEPER-1898,20,22,27,YES
21,src/java/main/org/apache/zookeeper/cli/Ls2Command.java,ZOOKEEPER-1898,20,22,27,YES
22,src/java/main/org/apache/zookeeper/cli/Ls2Command.java,ZOOKEEPER-1898,20,22,27,YES
23,src/java/main/org/apache/zookeeper/cli/Ls2Command.java,ZOOKEEPER-1898,20,22,27,YES
24,src/java/main/org/apache/zookeeper/cli/Ls2Command.java,ZOOKEEPER-1898,20,22,27,YES
25,src/java/main/org/apache/zookeeper/cli/Ls2Command.java,ZOOKEEPER-1898,20,22,27,YES
26,src/java/main/org/apache/zookeeper/cli/Ls2Command.java,ZOOKEEPER-1898,20,22,27,YES
20,src/java/main/org/apache/zookeeper/cli/LsCommand.java,ZOOKEEPER-1898,20,22,27,YES
21,src/java/main/org/apache/zookeeper/cli/LsCommand.java,ZOOKEEPER-1898,20,22,27,YES
22,src/java/main/org/apache/zookeeper/cli/LsCommand.java,ZOOKEEPER-1898,20,22,27,YES
23,src/java/main/org/apache/zookeeper/cli/LsCommand.java,ZOOKEEPER-1898,20,22,27,YES
24,src/java/main/org/apache/zookeeper/cli/LsCommand.java,ZOOKEEPER-1898,20,22,27,YES
25,src/java/main/org/apache/zookeeper/cli/LsCommand.java,ZOOKEEPER-1898,20,22,27,YES
26,src/java/main/org/apache/zookeeper/cli/LsCommand.java,ZOOKEEPER-1898,20,22,27,YES
20,src/java/main/org/apache/zookeeper/cli/MalformedCommandException.java,ZOOKEEPER-1898,20,22,27,YES
21,src/java/main/org/apache/zookeeper/cli/MalformedCommandException.java,ZOOKEEPER-1898,20,22,27,YES
22,src/java/main/org/apache/zookeeper/cli/MalformedCommandException.java,ZOOKEEPER-1898,20,22,27,YES
23,src/java/main/org/apache/zookeeper/cli/MalformedCommandException.java,ZOOKEEPER-1898,20,22,27,YES
24,src/java/main/org/apache/zookeeper/cli/MalformedCommandException.java,ZOOKEEPER-1898,20,22,27,YES
25,src/java/main/org/apache/zookeeper/cli/MalformedCommandException.java,ZOOKEEPER-1898,20,22,27,YES
26,src/java/main/org/apache/zookeeper/cli/MalformedCommandException.java,ZOOKEEPER-1898,20,22,27,YES
20,src/java/main/org/apache/zookeeper/cli/ReconfigCommand.java,ZOOKEEPER-1898,20,22,27,YES
21,src/java/main/org/apache/zookeeper/cli/ReconfigCommand.java,ZOOKEEPER-1898,20,22,27,YES
22,src/java/main/org/apache/zookeeper/cli/ReconfigCommand.java,ZOOKEEPER-1898,20,22,27,YES
23,src/java/main/org/apache/zookeeper/cli/ReconfigCommand.java,ZOOKEEPER-1898,20,22,27,YES
24,src/java/main/org/apache/zookeeper/cli/ReconfigCommand.java,ZOOKEEPER-1898,20,22,27,YES
25,src/java/main/org/apache/zookeeper/cli/ReconfigCommand.java,ZOOKEEPER-1898,20,22,27,YES
26,src/java/main/org/apache/zookeeper/cli/ReconfigCommand.java,ZOOKEEPER-1898,20,22,27,YES
20,src/java/main/org/apache/zookeeper/cli/RemoveWatchesCommand.java,ZOOKEEPER-1898,20,22,27,YES
21,src/java/main/org/apache/zookeeper/cli/RemoveWatchesCommand.java,ZOOKEEPER-1898,20,22,27,YES
22,src/java/main/org/apache/zookeeper/cli/RemoveWatchesCommand.java,ZOOKEEPER-1898,20,22,27,YES
23,src/java/main/org/apache/zookeeper/cli/RemoveWatchesCommand.java,ZOOKEEPER-1898,20,22,27,YES
24,src/java/main/org/apache/zookeeper/cli/RemoveWatchesCommand.java,ZOOKEEPER-1898,20,22,27,YES
25,src/java/main/org/apache/zookeeper/cli/RemoveWatchesCommand.java,ZOOKEEPER-1898,20,22,27,YES
26,src/java/main/org/apache/zookeeper/cli/RemoveWatchesCommand.java,ZOOKEEPER-1898,20,22,27,YES
20,src/java/main/org/apache/zookeeper/cli/SetAclCommand.java,ZOOKEEPER-1898,20,22,27,YES
21,src/java/main/org/apache/zookeeper/cli/SetAclCommand.java,ZOOKEEPER-1898,20,22,27,YES
22,src/java/main/org/apache/zookeeper/cli/SetAclCommand.java,ZOOKEEPER-1898,20,22,27,YES
23,src/java/main/org/apache/zookeeper/cli/SetAclCommand.java,ZOOKEEPER-1898,20,22,27,YES
24,src/java/main/org/apache/zookeeper/cli/SetAclCommand.java,ZOOKEEPER-1898,20,22,27,YES
25,src/java/main/org/apache/zookeeper/cli/SetAclCommand.java,ZOOKEEPER-1898,20,22,27,YES
26,src/java/main/org/apache/zookeeper/cli/SetAclCommand.java,ZOOKEEPER-1898,20,22,27,YES
20,src/java/main/org/apache/zookeeper/cli/SetCommand.java,ZOOKEEPER-1898,20,22,27,YES
21,src/java/main/org/apache/zookeeper/cli/SetCommand.java,ZOOKEEPER-1898,20,22,27,YES
22,src/java/main/org/apache/zookeeper/cli/SetCommand.java,ZOOKEEPER-1898,20,22,27,YES
23,src/java/main/org/apache/zookeeper/cli/SetCommand.java,ZOOKEEPER-1898,20,22,27,YES
24,src/java/main/org/apache/zookeeper/cli/SetCommand.java,ZOOKEEPER-1898,20,22,27,YES
25,src/java/main/org/apache/zookeeper/cli/SetCommand.java,ZOOKEEPER-1898,20,22,27,YES
26,src/java/main/org/apache/zookeeper/cli/SetCommand.java,ZOOKEEPER-1898,20,22,27,YES
20,src/java/main/org/apache/zookeeper/cli/SetQuotaCommand.java,ZOOKEEPER-1898,20,22,27,YES
21,src/java/main/org/apache/zookeeper/cli/SetQuotaCommand.java,ZOOKEEPER-1898,20,22,27,YES
22,src/java/main/org/apache/zookeeper/cli/SetQuotaCommand.java,ZOOKEEPER-1898,20,22,27,YES
23,src/java/main/org/apache/zookeeper/cli/SetQuotaCommand.java,ZOOKEEPER-1898,20,22,27,YES
24,src/java/main/org/apache/zookeeper/cli/SetQuotaCommand.java,ZOOKEEPER-1898,20,22,27,YES
25,src/java/main/org/apache/zookeeper/cli/SetQuotaCommand.java,ZOOKEEPER-1898,20,22,27,YES
26,src/java/main/org/apache/zookeeper/cli/SetQuotaCommand.java,ZOOKEEPER-1898,20,22,27,YES
20,src/java/main/org/apache/zookeeper/cli/StatCommand.java,ZOOKEEPER-1898,20,22,27,YES
21,src/java/main/org/apache/zookeeper/cli/StatCommand.java,ZOOKEEPER-1898,20,22,27,YES
22,src/java/main/org/apache/zookeeper/cli/StatCommand.java,ZOOKEEPER-1898,20,22,27,YES
23,src/java/main/org/apache/zookeeper/cli/StatCommand.java,ZOOKEEPER-1898,20,22,27,YES
24,src/java/main/org/apache/zookeeper/cli/StatCommand.java,ZOOKEEPER-1898,20,22,27,YES
25,src/java/main/org/apache/zookeeper/cli/StatCommand.java,ZOOKEEPER-1898,20,22,27,YES
26,src/java/main/org/apache/zookeeper/cli/StatCommand.java,ZOOKEEPER-1898,20,22,27,YES
20,src/java/main/org/apache/zookeeper/cli/SyncCommand.java,ZOOKEEPER-1898,20,22,27,YES
21,src/java/main/org/apache/zookeeper/cli/SyncCommand.java,ZOOKEEPER-1898,20,22,27,YES
22,src/java/main/org/apache/zookeeper/cli/SyncCommand.java,ZOOKEEPER-1898,20,22,27,YES
23,src/java/main/org/apache/zookeeper/cli/SyncCommand.java,ZOOKEEPER-1898,20,22,27,YES
24,src/java/main/org/apache/zookeeper/cli/SyncCommand.java,ZOOKEEPER-1898,20,22,27,YES
25,src/java/main/org/apache/zookeeper/cli/SyncCommand.java,ZOOKEEPER-1898,20,22,27,YES
26,src/java/main/org/apache/zookeeper/cli/SyncCommand.java,ZOOKEEPER-1898,20,22,27,YES
57,zookeeper-server/src/main/java/org/apache/zookeeper/ClientCnxn.java,ZOOKEEPER-4921,57,58,59,YES
58,zookeeper-server/src/main/java/org/apache/zookeeper/ClientCnxn.java,ZOOKEEPER-4921,57,58,59,YES
39,zookeeper-server/src/main/java/org/apache/zookeeper/common/ZKHostnameVerifier.java,ZOOKEEPER-3832,39,41,42,YES
40,zookeeper-server/src/main/java/org/apache/zookeeper/common/ZKHostnameVerifier.java,ZOOKEEPER-3832,39,41,42,YES
41,zookeeper-server/src/main/java/org/apache/zookeeper/common/ZKHostnameVerifier.java,ZOOKEEPER-3832,39,41,42,YES
26,src/java/main/org/apache/zookeeper/cli/CliException.java,ZOOKEEPER-2500,26,27,28,YES
27,src/java/main/org/apache/zookeeper/cli/CliException.java,ZOOKEEPER-2500,26,27,28,YES
26,src/java/main/org/apache/zookeeper/cli/CliParseException.java,ZOOKEEPER-2500,26,27,28,YES
27,src/java/main/org/apache/zookeeper/cli/CliParseException.java,ZOOKEEPER-2500,26,27,28,YES
26,src/java/main/org/apache/zookeeper/cli/CliWrapperException.java,ZOOKEEPER-2500,26,27,28,YES
27,src/java/main/org/apache/zookeeper/cli/CliWrapperException.java,ZOOKEEPER-2500,26,27,28,YES
26,src/java/main/org/apache/zookeeper/cli/CommandNotFoundException.java,ZOOKEEPER-2500,26,27,28,YES
27,src/java/main/org/apache/zookeeper/cli/CommandNotFoundException.java,ZOOKEEPER-2500,26,27,28,YES
26,src/java/main/org/apache/zookeeper/cli/MalformedCommandException.java,ZOOKEEPER-2500,26,27,28,YES
27,src/java/main/org/apache/zookeeper/cli/MalformedCommandException.java,ZOOKEEPER-2500,26,27,28,YES
26,src/java/main/org/apache/zookeeper/server/NettyServerCnxn.java,ZOOKEEPER-2743,26,29,30,YES
27,src/java/main/org/apache/zookeeper/server/NettyServerCnxn.java,ZOOKEEPER-2743,26,29,30,YES
28,src/java/main/org/apache/zookeeper/server/NettyServerCnxn.java,ZOOKEEPER-2743,26,29,30,YES
29,src/java/main/org/apache/zookeeper/server/NettyServerCnxn.java,ZOOKEEPER-2743,26,29,30,YES
11,src/java/main/org/apache/zookeeper/ClientCnxn.java,ZOOKEEPER-1412,11,17,18,YES
12,src/java/main/org/apache/zookeeper/ClientCnxn.java,ZOOKEEPER-1412,11,17,18,YES
13,src/java/main/org/apache/zookeeper/ClientCnxn.java,ZOOKEEPER-1412,11,17,18,YES
14,src/java/main/org/apache/zookeeper/ClientCnxn.java,ZOOKEEPER-1412,11,17,18,YES
15,src/java/main/org/apache/zookeeper/ClientCnxn.java,ZOOKEEPER-1412,11,17,18,YES
16,src/java/main/org/apache/zookeeper/ClientCnxn.java,ZOOKEEPER-1412,11,17,18,YES
17,src/java/main/org/apache/zookeeper/ClientCnxn.java,ZOOKEEPER-1412,11,17,18,YES
11,src/java/main/org/apache/zookeeper/server/FinalRequestProcessor.java,ZOOKEEPER-1412,11,17,18,YES
12,src/java/main/org/apache/zookeeper/server/FinalRequestProcessor.java,ZOOKEEPER-1412,11,17,18,YES
13,src/java/main/org/apache/zookeeper/server/FinalRequestProcessor.java,ZOOKEEPER-1412,11,17,18,YES
14,src/java/main/org/apache/zookeeper/server/FinalRequestProcessor.java,ZOOKEEPER-1412,11,17,18,YES
15,src/java/main/org/apache/zookeeper/server/FinalRequestProcessor.java,ZOOKEEPER-1412,11,17,18,YES
16,src/java/main/org/apache/zookeeper/server/FinalRequestProcessor.java,ZOOKEEPER-1412,11,17,18,YES
17,src/java/main/org/apache/zookeeper/server/FinalRequestProcessor.java,ZOOKEEPER-1412,11,17,18,YES
20,src/java/main/org/apache/zookeeper/server/quorum/LocalPeerBean.java,ZOOKEEPER-1659,20,21,22,YES
21,src/java/main/org/apache/zookeeper/server/quorum/LocalPeerBean.java,ZOOKEEPER-1659,20,21,22,YES
20,src/java/main/org/apache/zookeeper/server/quorum/LocalPeerMXBean.java,ZOOKEEPER-1659,20,21,22,YES
21,src/java/main/org/apache/zookeeper/server/quorum/LocalPeerMXBean.java,ZOOKEEPER-1659,20,21,22,YES
20,src/java/main/org/apache/zookeeper/server/quorum/QuorumPeer.java,ZOOKEEPER-1659,20,21,22,YES
21,src/java/main/org/apache/zookeeper/server/quorum/QuorumPeer.java,ZOOKEEPER-1659,20,21,22,YES
20,src/java/main/org/apache/zookeeper/server/quorum/RemotePeerBean.java,ZOOKEEPER-1659,20,21,22,YES
21,src/java/main/org/apache/zookeeper/server/quorum/RemotePeerBean.java,ZOOKEEPER-1659,20,21,22,YES
20,src/java/main/org/apache/zookeeper/server/quorum/RemotePeerMXBean.java,ZOOKEEPER-1659,20,21,22,YES
21,src/java/main/org/apache/zookeeper/server/quorum/RemotePeerMXBean.java,ZOOKEEPER-1659,20,21,22,YES
57,zookeeper-server/src/main/java/org/apache/zookeeper/server/Request.java,ZOOKEEPER-4925,57,58,59,YES
58,zookeeper-server/src/main/java/org/apache/zookeeper/server/Request.java,ZOOKEEPER-4925,57,58,59,YES
57,zookeeper-server/src/main/java/org/apache/zookeeper/server/TxnLogEntry.java,ZOOKEEPER-4925,57,58,59,YES
58,zookeeper-server/src/main/java/org/apache/zookeeper/server/TxnLogEntry.java,ZOOKEEPER-4925,57,58,59,YES
57,zookeeper-server/src/main/java/org/apache/zookeeper/server/ZKDatabase.java,ZOOKEEPER-4925,57,58,59,YES
58,zookeeper-server/src/main/java/org/apache/zookeeper/server/ZKDatabase.java,ZOOKEEPER-4925,57,58,59,YES
57,zookeeper-server/src/main/java/org/apache/zookeeper/server/ZooKeeperServer.java,ZOOKEEPER-4925,57,58,59,YES
58,zookeeper-server/src/main/java/org/apache/zookeeper/server/ZooKeeperServer.java,ZOOKEEPER-4925,57,58,59,YES
57,zookeeper-server/src/main/java/org/apache/zookeeper/server/quorum/Follower.java,ZOOKEEPER-4925,57,58,59,YES
58,zookeeper-server/src/main/java/org/apache/zookeeper/server/quorum/Follower.java,ZOOKEEPER-4925,57,58,59,YES
57,zookeeper-server/src/main/java/org/apache/zookeeper/server/quorum/FollowerZooKeeperServer.java,ZOOKEEPER-4925,57,58,59,YES
58,zookeeper-server/src/main/java/org/apache/zookeeper/server/quorum/FollowerZooKeeperServer.java,ZOOKEEPER-4925,57,58,59,YES
57,zookeeper-server/src/main/java/org/apache/zookeeper/server/quorum/Learner.java,ZOOKEEPER-4925,57,58,59,YES
58,zookeeper-server/src/main/java/org/apache/zookeeper/server/quorum/Learner.java,ZOOKEEPER-4925,57,58,59,YES
57,zookeeper-server/src/main/java/org/apache/zookeeper/server/quorum/Observer.java,ZOOKEEPER-4925,57,58,59,YES
58,zookeeper-server/src/main/java/org/apache/zookeeper/server/quorum/Observer.java,ZOOKEEPER-4925,57,58,59,YES
29,src/java/main/org/apache/zookeeper/server/quorum/FastLeaderElection.java,ZOOKEEPER-2988,29,31,32,YES
30,src/java/main/org/apache/zookeeper/server/quorum/FastLeaderElection.java,ZOOKEEPER-2988,29,31,32,YES
31,src/java/main/org/apache/zookeeper/server/quorum/FastLeaderElection.java,ZOOKEEPER-2988,29,31,32,YES
20,src/java/main/org/apache/zookeeper/ClientCnxn.java,ZOOKEEPER-1657,20,21,22,YES
21,src/java/main/org/apache/zookeeper/ClientCnxn.java,ZOOKEEPER-1657,20,21,22,YES
20,src/java/main/org/apache/zookeeper/client/ZooKeeperSaslClient.java,ZOOKEEPER-1657,20,21,22,YES
21,src/java/main/org/apache/zookeeper/client/ZooKeeperSaslClient.java,ZOOKEEPER-1657,20,21,22,YES
26,src/java/main/org/apache/zookeeper/admin/ZooKeeperAdmin.java,ZOOKEEPER-2747,26,29,30,YES
27,src/java/main/org/apache/zookeeper/admin/ZooKeeperAdmin.java,ZOOKEEPER-2747,26,29,30,YES
28,src/java/main/org/apache/zookeeper/admin/ZooKeeperAdmin.java,ZOOKEEPER-2747,26,29,30,YES
29,src/java/main/org/apache/zookeeper/admin/ZooKeeperAdmin.java,ZOOKEEPER-2747,26,29,30,YES
16,src/java/main/org/apache/zookeeper/server/quorum/FastLeaderElection.java,ZOOKEEPER-1419,16,17,18,YES
17,src/java/main/org/apache/zookeeper/server/quorum/FastLeaderElection.java,ZOOKEEPER-1419,16,17,18,YES
22,src/java/main/org/apache/zookeeper/server/quorum/FastLeaderElection.java,ZOOKEEPER-2212,22,23,24,YES
23,src/java/main/org/apache/zookeeper/server/quorum/FastLeaderElection.java,ZOOKEEPER-2212,22,23,24,YES
20,src/java/main/org/apache/zookeeper/server/PrepRequestProcessor.java,ZOOKEEPER-2213,20,23,24,YES
21,src/java/main/org/apache/zookeeper/server/PrepRequestProcessor.java,ZOOKEEPER-2213,20,23,24,YES
22,src/java/main/org/apache/zookeeper/server/PrepRequestProcessor.java,ZOOKEEPER-2213,20,23,24,YES
23,src/java/main/org/apache/zookeeper/server/PrepRequestProcessor.java,ZOOKEEPER-2213,20,23,24,YES
3,src/java/main/org/apache/zookeeper/ClientCnxn.java,ZOOKEEPER-1366,3,16,23,YES
4,src/java/main/org/apache/zookeeper/ClientCnxn.java,ZOOKEEPER-1366,3,16,23,YES
5,src/java/main/org/apache/zookeeper/ClientCnxn.java,ZOOKEEPER-1366,3,16,23,YES
6,src/java/main/org/apache/zookeeper/ClientCnxn.java,ZOOKEEPER-1366,3,16,23,YES
7,src/java/main/org/apache/zookeeper/ClientCnxn.java,ZOOKEEPER-1366,3,16,23,YES
8,src/java/main/org/apache/zookeeper/ClientCnxn.java,ZOOKEEPER-1366,3,16,23,YES
9,src/java/main/org/apache/zookeeper/ClientCnxn.java,ZOOKEEPER-1366,3,16,23,YES
10,src/java/main/org/apache/zookeeper/ClientCnxn.java,ZOOKEEPER-1366,3,16,23,YES
11,src/java/main/org/apache/zookeeper/ClientCnxn.java,ZOOKEEPER-1366,3,16,23,YES
12,src/java/main/org/apache/zookeeper/ClientCnxn.java,ZOOKEEPER-1366,3,16,23,YES
13,src/java/main/org/apache/zookeeper/ClientCnxn.java,ZOOKEEPER-1366,3,16,23,YES
14,src/java/main/org/apache/zookeeper/ClientCnxn.java,ZOOKEEPER-1366,3,16,23,YES
15,src/java/main/org/apache/zookeeper/ClientCnxn.java,ZOOKEEPER-1366,3,16,23,YES
16,src/java/main/org/apache/zookeeper/ClientCnxn.java,ZOOKEEPER-1366,3,16,23,YES
17,src/java/main/org/apache/zookeeper/ClientCnxn.java,ZOOKEEPER-1366,3,16,23,YES
18,src/java/main/org/apache/zookeeper/ClientCnxn.java,ZOOKEEPER-1366,3,16,23,YES
19,src/java/main/org/apache/zookeeper/ClientCnxn.java,ZOOKEEPER-1366,3,16,23,YES
20,src/java/main/org/apache/zookeeper/ClientCnxn.java,ZOOKEEPER-1366,3,16,23,YES
21,src/java/main/org/apache/zookeeper/ClientCnxn.java,ZOOKEEPER-1366,3,16,23,YES
22,src/java/main/org/apache/zookeeper/ClientCnxn.java,ZOOKEEPER-1366,3,16,23,YES
3,src/java/main/org/apache/zookeeper/ClientCnxnSocket.java,ZOOKEEPER-1366,3,16,23,YES
4,src/java/main/org/apache/zookeeper/ClientCnxnSocket.java,ZOOKEEPER-1366,3,16,23,YES
5,src/java/main/org/apache/zookeeper/ClientCnxnSocket.java,ZOOKEEPER-1366,3,16,23,YES
6,src/java/main/org/apache/zookeeper/ClientCnxnSocket.java,ZOOKEEPER-1366,3,16,23,YES
7,src/java/main/org/apache/zookeeper/ClientCnxnSocket.java,ZOOKEEPER-1366,3,16,23,YES
8,src/java/main/org/apache/zookeeper/ClientCnxnSocket.java,ZOOKEEPER-1366,3,16,23,YES
9,src/java/main/org/apache/zookeeper/ClientCnxnSocket.java,ZOOKEEPER-1366,3,16,23,YES
10,src/java/main/org/apache/zookeeper/ClientCnxnSocket.java,ZOOKEEPER-1366,3,16,23,YES
11,src/java/main/org/apache/zookeeper/ClientCnxnSocket.java,ZOOKEEPER-1366,3,16,23,YES
12,src/java/main/org/apache/zookeeper/ClientCnxnSocket.java,ZOOKEEPER-1366,3,16,23,YES
13,src/java/main/org/apache/zookeeper/ClientCnxnSocket.java,ZOOKEEPER-1366,3,16,23,YES
14,src/java/main/org/apache/zookeeper/ClientCnxnSocket.java,ZOOKEEPER-1366,3,16,23,YES
15,src/java/main/org/apache/zookeeper/ClientCnxnSocket.java,ZOOKEEPER-1366,3,16,23,YES
16,src/java/main/org/apache/zookeeper/ClientCnxnSocket.java,ZOOKEEPER-1366,3,16,23,YES
17,src/java/main/org/apache/zookeeper/ClientCnxnSocket.java,ZOOKEEPER-1366,3,16,23,YES
18,src/java/main/org/apache/zookeeper/ClientCnxnSocket.java,ZOOKEEPER-1366,3,16,23,YES
19,src/java/main/org/apache/zookeeper/ClientCnxnSocket.java,ZOOKEEPER-1366,3,16,23,YES
20,src/java/main/org/apache/zookeeper/ClientCnxnSocket.java,ZOOKEEPER-1366,3,16,23,YES
21,src/java/main/org/apache/zookeeper/ClientCnxnSocket.java,ZOOKEEPER-1366,3,16,23,YES
22,src/java/main/org/apache/zookeeper/ClientCnxnSocket.java,ZOOKEEPER-1366,3,16,23,YES
3,src/java/main/org/apache/zookeeper/Login.java,ZOOKEEPER-1366,3,16,23,YES
4,src/java/main/org/apache/zookeeper/Login.java,ZOOKEEPER-1366,3,16,23,YES
5,src/java/main/org/apache/zookeeper/Login.java,ZOOKEEPER-1366,3,16,23,YES
6,src/java/main/org/apache/zookeeper/Login.java,ZOOKEEPER-1366,3,16,23,YES
7,src/java/main/org/apache/zookeeper/Login.java,ZOOKEEPER-1366,3,16,23,YES
8,src/java/main/org/apache/zookeeper/Login.java,ZOOKEEPER-1366,3,16,23,YES
9,src/java/main/org/apache/zookeeper/Login.java,ZOOKEEPER-1366,3,16,23,YES
10,src/java/main/org/apache/zookeeper/Login.java,ZOOKEEPER-1366,3,16,23,YES
11,src/java/main/org/apache/zookeeper/Login.java,ZOOKEEPER-1366,3,16,23,YES
12,src/java/main/org/apache/zookeeper/Login.java,ZOOKEEPER-1366,3,16,23,YES
13,src/java/main/org/apache/zookeeper/Login.java,ZOOKEEPER-1366,3,16,23,YES
14,src/java/main/org/apache/zookeeper/Login.java,ZOOKEEPER-1366,3,16,23,YES
15,src/java/main/org/apache/zookeeper/Login.java,ZOOKEEPER-1366,3,16,23,YES
16,src/java/main/org/apache/zookeeper/Login.java,ZOOKEEPER-1366,3,16,23,YES
17,src/java/main/org/apache/zookeeper/Login.java,ZOOKEEPER-1366,3,16,23,YES
18,src/java/main/org/apache/zookeeper/Login.java,ZOOKEEPER-1366,3,16,23,YES
19,src/java/main/org/apache/zookeeper/Login.java,ZOOKEEPER-1366,3,16,23,YES
20,src/java/main/org/apache/zookeeper/Login.java,ZOOKEEPER-1366,3,16,23,YES
21,src/java/main/org/apache/zookeeper/Login.java,ZOOKEEPER-1366,3,16,23,YES
22,src/java/main/org/apache/zookeeper/Login.java,ZOOKEEPER-1366,3,16,23,YES
3,src/java/main/org/apache/zookeeper/Shell.java,ZOOKEEPER-1366,3,16,23,YES
4,src/java/main/org/apache/zookeeper/Shell.java,ZOOKEEPER-1366,3,16,23,YES
5,src/java/main/org/apache/zookeeper/Shell.java,ZOOKEEPER-1366,3,16,23,YES
6,src/java/main/org/apache/zookeeper/Shell.java,ZOOKEEPER-1366,3,16,23,YES
7,src/java/main/org/apache/zookeeper/Shell.java,ZOOKEEPER-1366,3,16,23,YES
8,src/java/main/org/apache/zookeeper/Shell.java,ZOOKEEPER-1366,3,16,23,YES
9,src/java/main/org/apache/zookeeper/Shell.java,ZOOKEEPER-1366,3,16,23,YES
10,src/java/main/org/apache/zookeeper/Shell.java,ZOOKEEPER-1366,3,16,23,YES
11,src/java/main/org/apache/zookeeper/Shell.java,ZOOKEEPER-1366,3,16,23,YES
12,src/java/main/org/apache/zookeeper/Shell.java,ZOOKEEPER-1366,3,16,23,YES
13,src/java/main/org/apache/zookeeper/Shell.java,ZOOKEEPER-1366,3,16,23,YES
14,src/java/main/org/apache/zookeeper/Shell.java,ZOOKEEPER-1366,3,16,23,YES
15,src/java/main/org/apache/zookeeper/Shell.java,ZOOKEEPER-1366,3,16,23,YES
16,src/java/main/org/apache/zookeeper/Shell.java,ZOOKEEPER-1366,3,16,23,YES
17,src/java/main/org/apache/zookeeper/Shell.java,ZOOKEEPER-1366,3,16,23,YES
18,src/java/main/org/apache/zookeeper/Shell.java,ZOOKEEPER-1366,3,16,23,YES
19,src/java/main/org/apache/zookeeper/Shell.java,ZOOKEEPER-1366,3,16,23,YES
20,src/java/main/org/apache/zookeeper/Shell.java,ZOOKEEPER-1366,3,16,23,YES
21,src/java/main/org/apache/zookeeper/Shell.java,ZOOKEEPER-1366,3,16,23,YES
22,src/java/main/org/apache/zookeeper/Shell.java,ZOOKEEPER-1366,3,16,23,YES
3,src/java/main/org/apache/zookeeper/ZKUtil.java,ZOOKEEPER-1366,3,16,23,YES
4,src/java/main/org/apache/zookeeper/ZKUtil.java,ZOOKEEPER-1366,3,16,23,YES
5,src/java/main/org/apache/zookeeper/ZKUtil.java,ZOOKEEPER-1366,3,16,23,YES
6,src/java/main/org/apache/zookeeper/ZKUtil.java,ZOOKEEPER-1366,3,16,23,YES
7,src/java/main/org/apache/zookeeper/ZKUtil.java,ZOOKEEPER-1366,3,16,23,YES
8,src/java/main/org/apache/zookeeper/ZKUtil.java,ZOOKEEPER-1366,3,16,23,YES
9,src/java/main/org/apache/zookeeper/ZKUtil.java,ZOOKEEPER-1366,3,16,23,YES
10,src/java/main/org/apache/zookeeper/ZKUtil.java,ZOOKEEPER-1366,3,16,23,YES
11,src/java/main/org/apache/zookeeper/ZKUtil.java,ZOOKEEPER-1366,3,16,23,YES
12,src/java/main/org/apache/zookeeper/ZKUtil.java,ZOOKEEPER-1366,3,16,23,YES
13,src/java/main/org/apache/zookeeper/ZKUtil.java,ZOOKEEPER-1366,3,16,23,YES
14,src/java/main/org/apache/zookeeper/ZKUtil.java,ZOOKEEPER-1366,3,16,23,YES
15,src/java/main/org/apache/zookeeper/ZKUtil.java,ZOOKEEPER-1366,3,16,23,YES
16,src/java/main/org/apache/zookeeper/ZKUtil.java,ZOOKEEPER-1366,3,16,23,YES
17,src/java/main/org/apache/zookeeper/ZKUtil.java,ZOOKEEPER-1366,3,16,23,YES
18,src/java/main/org/apache/zookeeper/ZKUtil.java,ZOOKEEPER-1366,3,16,23,YES
19,src/java/main/org/apache/zookeeper/ZKUtil.java,ZOOKEEPER-1366,3,16,23,YES
20,src/java/main/org/apache/zookeeper/ZKUtil.java,ZOOKEEPER-1366,3,16,23,YES
21,src/java/main/org/apache/zookeeper/ZKUtil.java,ZOOKEEPER-1366,3,16,23,YES
22,src/java/main/org/apache/zookeeper/ZKUtil.java,ZOOKEEPER-1366,3,16,23,YES
3,src/java/main/org/apache/zookeeper/common/Time.java,ZOOKEEPER-1366,3,16,23,YES
4,src/java/main/org/apache/zookeeper/common/Time.java,ZOOKEEPER-1366,3,16,23,YES
5,src/java/main/org/apache/zookeeper/common/Time.java,ZOOKEEPER-1366,3,16,23,YES
6,src/java/main/org/apache/zookeeper/common/Time.java,ZOOKEEPER-1366,3,16,23,YES
7,src/java/main/org/apache/zookeeper/common/Time.java,ZOOKEEPER-1366,3,16,23,YES
8,src/java/main/org/apache/zookeeper/common/Time.java,ZOOKEEPER-1366,3,16,23,YES
9,src/java/main/org/apache/zookeeper/common/Time.java,ZOOKEEPER-1366,3,16,23,YES
10,src/java/main/org/apache/zookeeper/common/Time.java,ZOOKEEPER-1366,3,16,23,YES
11,src/java/main/org/apache/zookeeper/common/Time.java,ZOOKEEPER-1366,3,16,23,YES
12,src/java/main/org/apache/zookeeper/common/Time.java,ZOOKEEPER-1366,3,16,23,YES
13,src/java/main/org/apache/zookeeper/common/Time.java,ZOOKEEPER-1366,3,16,23,YES
14,src/java/main/org/apache/zookeeper/common/Time.java,ZOOKEEPER-1366,3,16,23,YES
15,src/java/main/org/apache/zookeeper/common/Time.java,ZOOKEEPER-1366,3,16,23,YES
16,src/java/main/org/apache/zookeeper/common/Time.java,ZOOKEEPER-1366,3,16,23,YES
17,src/java/main/org/apache/zookeeper/common/Time.java,ZOOKEEPER-1366,3,16,23,YES
18,src/java/main/org/apache/zookeeper/common/Time.java,ZOOKEEPER-1366,3,16,23,YES
19,src/java/main/org/apache/zookeeper/common/Time.java,ZOOKEEPER-1366,3,16,23,YES
20,src/java/main/org/apache/zookeeper/common/Time.java,ZOOKEEPER-1366,3,16,23,YES
21,src/java/main/org/apache/zookeeper/common/Time.java,ZOOKEEPER-1366,3,16,23,YES
22,src/java/main/org/apache/zookeeper/common/Time.java,ZOOKEEPER-1366,3,16,23,YES
3,src/java/main/org/apache/zookeeper/server/ConnectionBean.java,ZOOKEEPER-1366,3,16,23,YES
4,src/java/main/org/apache/zookeeper/server/ConnectionBean.java,ZOOKEEPER-1366,3,16,23,YES
5,src/java/main/org/apache/zookeeper/server/ConnectionBean.java,ZOOKEEPER-1366,3,16,23,YES
6,src/java/main/org/apache/zookeeper/server/ConnectionBean.java,ZOOKEEPER-1366,3,16,23,YES
7,src/java/main/org/apache/zookeeper/server/ConnectionBean.java,ZOOKEEPER-1366,3,16,23,YES
8,src/java/main/org/apache/zookeeper/server/ConnectionBean.java,ZOOKEEPER-1366,3,16,23,YES
9,src/java/main/org/apache/zookeeper/server/ConnectionBean.java,ZOOKEEPER-1366,3,16,23,YES
10,src/java/main/org/apache/zookeeper/server/ConnectionBean.java,ZOOKEEPER-1366,3,16,23,YES
11,src/java/main/org/apache/zookeeper/server/ConnectionBean.java,ZOOKEEPER-1366,3,16,23,YES
12,src/java/main/org/apache/zookeeper/server/ConnectionBean.java,ZOOKEEPER-1366,3,16,23,YES
13,src/java/main/org/apache/zookeeper/server/ConnectionBean.java,ZOOKEEPER-1366,3,16,23,YES
14,src/java/main/org/apache/zookeeper/server/ConnectionBean.java,ZOOKEEPER-1366,3,16,23,YES
15,src/java/main/org/apache/zookeeper/server/ConnectionBean.java,ZOOKEEPER-1366,3,16,23,YES
16,src/java/main/org/apache/zookeeper/server/ConnectionBean.java,ZOOKEEPER-1366,3,16,23,YES
17,src/java/main/org/apache/zookeeper/server/ConnectionBean.java,ZOOKEEPER-1366,3,16,23,YES
18,src/java/main/org/apache/zookeeper/server/ConnectionBean.java,ZOOKEEPER-1366,3,16,23,YES
19,src/java/main/org/apache/zookeeper/server/ConnectionBean.java,ZOOKEEPER-1366,3,16,23,YES
20,src/java/main/org/apache/zookeeper/server/ConnectionBean.java,ZOOKEEPER-1366,3,16,23,YES
21,src/java/main/org/apache/zookeeper/server/ConnectionBean.java,ZOOKEEPER-1366,3,16,23,YES
22,src/java/main/org/apache/zookeeper/server/ConnectionBean.java,ZOOKEEPER-1366,3,16,23,YES
3,src/java/main/org/apache/zookeeper/server/ExpiryQueue.java,ZOOKEEPER-1366,3,16,23,YES
4,src/java/main/org/apache/zookeeper/server/ExpiryQueue.java,ZOOKEEPER-1366,3,16,23,YES
5,src/java/main/org/apache/zookeeper/server/ExpiryQueue.java,ZOOKEEPER-1366,3,16,23,YES
6,src/java/main/org/apache/zookeeper/server/ExpiryQueue.java,ZOOKEEPER-1366,3,16,23,YES
7,src/java/main/org/apache/zookeeper/server/ExpiryQueue.java,ZOOKEEPER-1366,3,16,23,YES
8,src/java/main/org/apache/zookeeper/server/ExpiryQueue.java,ZOOKEEPER-1366,3,16,23,YES
9,src/java/main/org/apache/zookeeper/server/ExpiryQueue.java,ZOOKEEPER-1366,3,16,23,YES
10,src/java/main/org/apache/zookeeper/server/ExpiryQueue.java,ZOOKEEPER-1366,3,16,23,YES
11,src/java/main/org/apache/zookeeper/server/ExpiryQueue.java,ZOOKEEPER-1366,3,16,23,YES
12,src/java/main/org/apache/zookeeper/server/ExpiryQueue.java,ZOOKEEPER-1366,3,16,23,YES
13,src/java/main/org/apache/zookeeper/server/ExpiryQueue.java,ZOOKEEPER-1366,3,16,23,YES
14,src/java/main/org/apache/zookeeper/server/ExpiryQueue.java,ZOOKEEPER-1366,3,16,23,YES
15,src/java/main/org/apache/zookeeper/server/ExpiryQueue.java,ZOOKEEPER-1366,3,16,23,YES
16,src/java/main/org/apache/zookeeper/server/ExpiryQueue.java,ZOOKEEPER-1366,3,16,23,YES
17,src/java/main/org/apache/zookeeper/server/ExpiryQueue.java,ZOOKEEPER-1366,3,16,23,YES
18,src/java/main/org/apache/zookeeper/server/ExpiryQueue.java,ZOOKEEPER-1366,3,16,23,YES
19,src/java/main/org/apache/zookeeper/server/ExpiryQueue.java,ZOOKEEPER-1366,3,16,23,YES
20,src/java/main/org/apache/zookeeper/server/ExpiryQueue.java,ZOOKEEPER-1366,3,16,23,YES
21,src/java/main/org/apache/zookeeper/server/ExpiryQueue.java,ZOOKEEPER-1366,3,16,23,YES
22,src/java/main/org/apache/zookeeper/server/ExpiryQueue.java,ZOOKEEPER-1366,3,16,23,YES
3,src/java/main/org/apache/zookeeper/server/FinalRequestProcessor.java,ZOOKEEPER-1366,3,16,23,YES
4,src/java/main/org/apache/zookeeper/server/FinalRequestProcessor.java,ZOOKEEPER-1366,3,16,23,YES
5,src/java/main/org/apache/zookeeper/server/FinalRequestProcessor.java,ZOOKEEPER-1366,3,16,23,YES
6,src/java/main/org/apache/zookeeper/server/FinalRequestProcessor.java,ZOOKEEPER-1366,3,16,23,YES
7,src/java/main/org/apache/zookeeper/server/FinalRequestProcessor.java,ZOOKEEPER-1366,3,16,23,YES
8,src/java/main/org/apache/zookeeper/server/FinalRequestProcessor.java,ZOOKEEPER-1366,3,16,23,YES
9,src/java/main/org/apache/zookeeper/server/FinalRequestProcessor.java,ZOOKEEPER-1366,3,16,23,YES
10,src/java/main/org/apache/zookeeper/server/FinalRequestProcessor.java,ZOOKEEPER-1366,3,16,23,YES
11,src/java/main/org/apache/zookeeper/server/FinalRequestProcessor.java,ZOOKEEPER-1366,3,16,23,YES
12,src/java/main/org/apache/zookeeper/server/FinalRequestProcessor.java,ZOOKEEPER-1366,3,16,23,YES
13,src/java/main/org/apache/zookeeper/server/FinalRequestProcessor.java,ZOOKEEPER-1366,3,16,23,YES
14,src/java/main/org/apache/zookeeper/server/FinalRequestProcessor.java,ZOOKEEPER-1366,3,16,23,YES
15,src/java/main/org/apache/zookeeper/server/FinalRequestProcessor.java,ZOOKEEPER-1366,3,16,23,YES
16,src/java/main/org/apache/zookeeper/server/FinalRequestProcessor.java,ZOOKEEPER-1366,3,16,23,YES
17,src/java/main/org/apache/zookeeper/server/FinalRequestProcessor.java,ZOOKEEPER-1366,3,16,23,YES
18,src/java/main/org/apache/zookeeper/server/FinalRequestProcessor.java,ZOOKEEPER-1366,3,16,23,YES
19,src/java/main/org/apache/zookeeper/server/FinalRequestProcessor.java,ZOOKEEPER-1366,3,16,23,YES
20,src/java/main/org/apache/zookeeper/server/FinalRequestProcessor.java,ZOOKEEPER-1366,3,16,23,YES
21,src/java/main/org/apache/zookeeper/server/FinalRequestProcessor.java,ZOOKEEPER-1366,3,16,23,YES
22,src/java/main/org/apache/zookeeper/server/FinalRequestProcessor.java,ZOOKEEPER-1366,3,16,23,YES
3,src/java/main/org/apache/zookeeper/server/PrepRequestProcessor.java,ZOOKEEPER-1366,3,16,23,YES
4,src/java/main/org/apache/zookeeper/server/PrepRequestProcessor.java,ZOOKEEPER-1366,3,16,23,YES
5,src/java/main/org/apache/zookeeper/server/PrepRequestProcessor.java,ZOOKEEPER-1366,3,16,23,YES
6,src/java/main/org/apache/zookeeper/server/PrepRequestProcessor.java,ZOOKEEPER-1366,3,16,23,YES
7,src/java/main/org/apache/zookeeper/server/PrepRequestProcessor.java,ZOOKEEPER-1366,3,16,23,YES
8,src/java/main/org/apache/zookeeper/server/PrepRequestProcessor.java,ZOOKEEPER-1366,3,16,23,YES
9,src/java/main/org/apache/zookeeper/server/PrepRequestProcessor.java,ZOOKEEPER-1366,3,16,23,YES
10,src/java/main/org/apache/zookeeper/server/PrepRequestProcessor.java,ZOOKEEPER-1366,3,16,23,YES
11,src/java/main/org/apache/zookeeper/server/PrepRequestProcessor.java,ZOOKEEPER-1366,3,16,23,YES
12,src/java/main/org/apache/zookeeper/server/PrepRequestProcessor.java,ZOOKEEPER-1366,3,16,23,YES
13,src/java/main/org/apache/zookeeper/server/PrepRequestProcessor.java,ZOOKEEPER-1366,3,16,23,YES
14,src/java/main/org/apache/zookeeper/server/PrepRequestProcessor.java,ZOOKEEPER-1366,3,16,23,YES
15,src/java/main/org/apache/zookeeper/server/PrepRequestProcessor.java,ZOOKEEPER-1366,3,16,23,YES
16,src/java/main/org/apache/zookeeper/server/PrepRequestProcessor.java,ZOOKEEPER-1366,3,16,23,YES
17,src/java/main/org/apache/zookeeper/server/PrepRequestProcessor.java,ZOOKEEPER-1366,3,16,23,YES
18,src/java/main/org/apache/zookeeper/server/PrepRequestProcessor.java,ZOOKEEPER-1366,3,16,23,YES
19,src/java/main/org/apache/zookeeper/server/PrepRequestProcessor.java,ZOOKEEPER-1366,3,16,23,YES
20,src/java/main/org/apache/zookeeper/server/PrepRequestProcessor.java,ZOOKEEPER-1366,3,16,23,YES
21,src/java/main/org/apache/zookeeper/server/PrepRequestProcessor.java,ZOOKEEPER-1366,3,16,23,YES
22,src/java/main/org/apache/zookeeper/server/PrepRequestProcessor.java,ZOOKEEPER-1366,3,16,23,YES
3,src/java/main/org/apache/zookeeper/server/RateLogger.java,ZOOKEEPER-1366,3,16,23,YES
4,src/java/main/org/apache/zookeeper/server/RateLogger.java,ZOOKEEPER-1366,3,16,23,YES
5,src/java/main/org/apache/zookeeper/server/RateLogger.java,ZOOKEEPER-1366,3,16,23,YES
6,src/java/main/org/apache/zookeeper/server/RateLogger.java,ZOOKEEPER-1366,3,16,23,YES
7,src/java/main/org/apache/zookeeper/server/RateLogger.java,ZOOKEEPER-1366,3,16,23,YES
8,src/java/main/org/apache/zookeeper/server/RateLogger.java,ZOOKEEPER-1366,3,16,23,YES
9,src/java/main/org/apache/zookeeper/server/RateLogger.java,ZOOKEEPER-1366,3,16,23,YES
10,src/java/main/org/apache/zookeeper/server/RateLogger.java,ZOOKEEPER-1366,3,16,23,YES
11,src/java/main/org/apache/zookeeper/server/RateLogger.java,ZOOKEEPER-1366,3,16,23,YES
12,src/java/main/org/apache/zookeeper/server/RateLogger.java,ZOOKEEPER-1366,3,16,23,YES
13,src/java/main/org/apache/zookeeper/server/RateLogger.java,ZOOKEEPER-1366,3,16,23,YES
14,src/java/main/org/apache/zookeeper/server/RateLogger.java,ZOOKEEPER-1366,3,16,23,YES
15,src/java/main/org/apache/zookeeper/server/RateLogger.java,ZOOKEEPER-1366,3,16,23,YES
16,src/java/main/org/apache/zookeeper/server/RateLogger.java,ZOOKEEPER-1366,3,16,23,YES
17,src/java/main/org/apache/zookeeper/server/RateLogger.java,ZOOKEEPER-1366,3,16,23,YES
18,src/java/main/org/apache/zookeeper/server/RateLogger.java,ZOOKEEPER-1366,3,16,23,YES
19,src/java/main/org/apache/zookeeper/server/RateLogger.java,ZOOKEEPER-1366,3,16,23,YES
20,src/java/main/org/apache/zookeeper/server/RateLogger.java,ZOOKEEPER-1366,3,16,23,YES
21,src/java/main/org/apache/zookeeper/server/RateLogger.java,ZOOKEEPER-1366,3,16,23,YES
22,src/java/main/org/apache/zookeeper/server/RateLogger.java,ZOOKEEPER-1366,3,16,23,YES
3,src/java/main/org/apache/zookeeper/server/Request.java,ZOOKEEPER-1366,3,16,23,YES
4,src/java/main/org/apache/zookeeper/server/Request.java,ZOOKEEPER-1366,3,16,23,YES
5,src/java/main/org/apache/zookeeper/server/Request.java,ZOOKEEPER-1366,3,16,23,YES
6,src/java/main/org/apache/zookeeper/server/Request.java,ZOOKEEPER-1366,3,16,23,YES
7,src/java/main/org/apache/zookeeper/server/Request.java,ZOOKEEPER-1366,3,16,23,YES
8,src/java/main/org/apache/zookeeper/server/Request.java,ZOOKEEPER-1366,3,16,23,YES
9,src/java/main/org/apache/zookeeper/server/Request.java,ZOOKEEPER-1366,3,16,23,YES
10,src/java/main/org/apache/zookeeper/server/Request.java,ZOOKEEPER-1366,3,16,23,YES
11,src/java/main/org/apache/zookeeper/server/Request.java,ZOOKEEPER-1366,3,16,23,YES
12,src/java/main/org/apache/zookeeper/server/Request.java,ZOOKEEPER-1366,3,16,23,YES
13,src/java/main/org/apache/zookeeper/server/Request.java,ZOOKEEPER-1366,3,16,23,YES
14,src/java/main/org/apache/zookeeper/server/Request.java,ZOOKEEPER-1366,3,16,23,YES
15,src/java/main/org/apache/zookeeper/server/Request.java,ZOOKEEPER-1366,3,16,23,YES
16,src/java/main/org/apache/zookeeper/server/Request.java,ZOOKEEPER-1366,3,16,23,YES
17,src/java/main/org/apache/zookeeper/server/Request.java,ZOOKEEPER-1366,3,16,23,YES
18,src/java/main/org/apache/zookeeper/server/Request.java,ZOOKEEPER-1366,3,16,23,YES
19,src/java/main/org/apache/zookeeper/server/Request.java,ZOOKEEPER-1366,3,16,23,YES
20,src/java/main/org/apache/zookeeper/server/Request.java,ZOOKEEPER-1366,3,16,23,YES
21,src/java/main/org/apache/zookeeper/server/Request.java,ZOOKEEPER-1366,3,16,23,YES
22,src/java/main/org/apache/zookeeper/server/Request.java,ZOOKEEPER-1366,3,16,23,YES
3,src/java/main/org/apache/zookeeper/server/ServerStats.java,ZOOKEEPER-1366,3,16,23,YES
4,src/java/main/org/apache/zookeeper/server/ServerStats.java,ZOOKEEPER-1366,3,16,23,YES
5,src/java/main/org/apache/zookeeper/server/ServerStats.java,ZOOKEEPER-1366,3,16,23,YES
6,src/java/main/org/apache/zookeeper/server/ServerStats.java,ZOOKEEPER-1366,3,16,23,YES
7,src/java/main/org/apache/zookeeper/server/ServerStats.java,ZOOKEEPER-1366,3,16,23,YES
8,src/java/main/org/apache/zookeeper/server/ServerStats.java,ZOOKEEPER-1366,3,16,23,YES
9,src/java/main/org/apache/zookeeper/server/ServerStats.java,ZOOKEEPER-1366,3,16,23,YES
10,src/java/main/org/apache/zookeeper/server/ServerStats.java,ZOOKEEPER-1366,3,16,23,YES
11,src/java/main/org/apache/zookeeper/server/ServerStats.java,ZOOKEEPER-1366,3,16,23,YES
12,src/java/main/org/apache/zookeeper/server/ServerStats.java,ZOOKEEPER-1366,3,16,23,YES
13,src/java/main/org/apache/zookeeper/server/ServerStats.java,ZOOKEEPER-1366,3,16,23,YES
14,src/java/main/org/apache/zookeeper/server/ServerStats.java,ZOOKEEPER-1366,3,16,23,YES
15,src/java/main/org/apache/zookeeper/server/ServerStats.java,ZOOKEEPER-1366,3,16,23,YES
16,src/java/main/org/apache/zookeeper/server/ServerStats.java,ZOOKEEPER-1366,3,16,23,YES
17,src/java/main/org/apache/zookeeper/server/ServerStats.java,ZOOKEEPER-1366,3,16,23,YES
18,src/java/main/org/apache/zookeeper/server/ServerStats.java,ZOOKEEPER-1366,3,16,23,YES
19,src/java/main/org/apache/zookeeper/server/ServerStats.java,ZOOKEEPER-1366,3,16,23,YES
20,src/java/main/org/apache/zookeeper/server/ServerStats.java,ZOOKEEPER-1366,3,16,23,YES
21,src/java/main/org/apache/zookeeper/server/ServerStats.java,ZOOKEEPER-1366,3,16,23,YES
22,src/java/main/org/apache/zookeeper/server/ServerStats.java,ZOOKEEPER-1366,3,16,23,YES
3,src/java/main/org/apache/zookeeper/server/SessionTrackerImpl.java,ZOOKEEPER-1366,3,16,23,YES
4,src/java/main/org/apache/zookeeper/server/SessionTrackerImpl.java,ZOOKEEPER-1366,3,16,23,YES
5,src/java/main/org/apache/zookeeper/server/SessionTrackerImpl.java,ZOOKEEPER-1366,3,16,23,YES
6,src/java/main/org/apache/zookeeper/server/SessionTrackerImpl.java,ZOOKEEPER-1366,3,16,23,YES
7,src/java/main/org/apache/zookeeper/server/SessionTrackerImpl.java,ZOOKEEPER-1366,3,16,23,YES
8,src/java/main/org/apache/zookeeper/server/SessionTrackerImpl.java,ZOOKEEPER-1366,3,16,23,YES
9,src/java/main/org/apache/zookeeper/server/SessionTrackerImpl.java,ZOOKEEPER-1366,3,16,23,YES
10,src/java/main/org/apache/zookeeper/server/SessionTrackerImpl.java,ZOOKEEPER-1366,3,16,23,YES
11,src/java/main/org/apache/zookeeper/server/SessionTrackerImpl.java,ZOOKEEPER-1366,3,16,23,YES
12,src/java/main/org/apache/zookeeper/server/SessionTrackerImpl.java,ZOOKEEPER-1366,3,16,23,YES
13,src/java/main/org/apache/zookeeper/server/SessionTrackerImpl.java,ZOOKEEPER-1366,3,16,23,YES
14,src/java/main/org/apache/zookeeper/server/SessionTrackerImpl.java,ZOOKEEPER-1366,3,16,23,YES
15,src/java/main/org/apache/zookeeper/server/SessionTrackerImpl.java,ZOOKEEPER-1366,3,16,23,YES
16,src/java/main/org/apache/zookeeper/server/SessionTrackerImpl.java,ZOOKEEPER-1366,3,16,23,YES
17,src/java/main/org/apache/zookeeper/server/SessionTrackerImpl.java,ZOOKEEPER-1366,3,16,23,YES
18,src/java/main/org/apache/zookeeper/server/SessionTrackerImpl.java,ZOOKEEPER-1366,3,16,23,YES
19,src/java/main/org/apache/zookeeper/server/SessionTrackerImpl.java,ZOOKEEPER-1366,3,16,23,YES
20,src/java/main/org/apache/zookeeper/server/SessionTrackerImpl.java,ZOOKEEPER-1366,3,16,23,YES
21,src/java/main/org/apache/zookeeper/server/SessionTrackerImpl.java,ZOOKEEPER-1366,3,16,23,YES
22,src/java/main/org/apache/zookeeper/server/SessionTrackerImpl.java,ZOOKEEPER-1366,3,16,23,YES
3,src/java/main/org/apache/zookeeper/server/WorkerService.java,ZOOKEEPER-1366,3,16,23,YES
4,src/java/main/org/apache/zookeeper/server/WorkerService.java,ZOOKEEPER-1366,3,16,23,YES
5,src/java/main/org/apache/zookeeper/server/WorkerService.java,ZOOKEEPER-1366,3,16,23,YES
6,src/java/main/org/apache/zookeeper/server/WorkerService.java,ZOOKEEPER-1366,3,16,23,YES
7,src/java/main/org/apache/zookeeper/server/WorkerService.java,ZOOKEEPER-1366,3,16,23,YES
8,src/java/main/org/apache/zookeeper/server/WorkerService.java,ZOOKEEPER-1366,3,16,23,YES
9,src/java/main/org/apache/zookeeper/server/WorkerService.java,ZOOKEEPER-1366,3,16,23,YES
10,src/java/main/org/apache/zookeeper/server/WorkerService.java,ZOOKEEPER-1366,3,16,23,YES
11,src/java/main/org/apache/zookeeper/server/WorkerService.java,ZOOKEEPER-1366,3,16,23,YES
12,src/java/main/org/apache/zookeeper/server/WorkerService.java,ZOOKEEPER-1366,3,16,23,YES
13,src/java/main/org/apache/zookeeper/server/WorkerService.java,ZOOKEEPER-1366,3,16,23,YES
14,src/java/main/org/apache/zookeeper/server/WorkerService.java,ZOOKEEPER-1366,3,16,23,YES
15,src/java/main/org/apache/zookeeper/server/WorkerService.java,ZOOKEEPER-1366,3,16,23,YES
16,src/java/main/org/apache/zookeeper/server/WorkerService.java,ZOOKEEPER-1366,3,16,23,YES
17,src/java/main/org/apache/zookeeper/server/WorkerService.java,ZOOKEEPER-1366,3,16,23,YES
18,src/java/main/org/apache/zookeeper/server/WorkerService.java,ZOOKEEPER-1366,3,16,23,YES
19,src/java/main/org/apache/zookeeper/server/WorkerService.java,ZOOKEEPER-1366,3,16,23,YES
20,src/java/main/org/apache/zookeeper/server/WorkerService.java,ZOOKEEPER-1366,3,16,23,YES
21,src/java/main/org/apache/zookeeper/server/WorkerService.java,ZOOKEEPER-1366,3,16,23,YES
22,src/java/main/org/apache/zookeeper/server/WorkerService.java,ZOOKEEPER-1366,3,16,23,YES
3,src/java/main/org/apache/zookeeper/server/ZKDatabase.java,ZOOKEEPER-1366,3,16,23,YES
4,src/java/main/org/apache/zookeeper/server/ZKDatabase.java,ZOOKEEPER-1366,3,16,23,YES
5,src/java/main/org/apache/zookeeper/server/ZKDatabase.java,ZOOKEEPER-1366,3,16,23,YES
6,src/java/main/org/apache/zookeeper/server/ZKDatabase.java,ZOOKEEPER-1366,3,16,23,YES
7,src/java/main/org/apache/zookeeper/server/ZKDatabase.java,ZOOKEEPER-1366,3,16,23,YES
8,src/java/main/org/apache/zookeeper/server/ZKDatabase.java,ZOOKEEPER-1366,3,16,23,YES
9,src/java/main/org/apache/zookeeper/server/ZKDatabase.java,ZOOKEEPER-1366,3,16,23,YES
10,src/java/main/org/apache/zookeeper/server/ZKDatabase.java,ZOOKEEPER-1366,3,16,23,YES
11,src/java/main/org/apache/zookeeper/server/ZKDatabase.java,ZOOKEEPER-1366,3,16,23,YES
12,src/java/main/org/apache/zookeeper/server/ZKDatabase.java,ZOOKEEPER-1366,3,16,23,YES
13,src/java/main/org/apache/zookeeper/server/ZKDatabase.java,ZOOKEEPER-1366,3,16,23,YES
14,src/java/main/org/apache/zookeeper/server/ZKDatabase.java,ZOOKEEPER-1366,3,16,23,YES
15,src/java/main/org/apache/zookeeper/server/ZKDatabase.java,ZOOKEEPER-1366,3,16,23,YES
16,src/java/main/org/apache/zookeeper/server/ZKDatabase.java,ZOOKEEPER-1366,3,16,23,YES
17,src/java/main/org/apache/zookeeper/server/ZKDatabase.java,ZOOKEEPER-1366,3,16,23,YES
18,src/java/main/org/apache/zookeeper/server/ZKDatabase.java,ZOOKEEPER-1366,3,16,23,YES
19,src/java/main/org/apache/zookeeper/server/ZKDatabase.java,ZOOKEEPER-1366,3,16,23,YES
20,src/java/main/org/apache/zookeeper/server/ZKDatabase.java,ZOOKEEPER-1366,3,16,23,YES
21,src/java/main/org/apache/zookeeper/server/ZKDatabase.java,ZOOKEEPER-1366,3,16,23,YES
22,src/java/main/org/apache/zookeeper/server/ZKDatabase.java,ZOOKEEPER-1366,3,16,23,YES
3,src/java/main/org/apache/zookeeper/server/ZooKeeperServer.java,ZOOKEEPER-1366,3,16,23,YES
4,src/java/main/org/apache/zookeeper/server/ZooKeeperServer.java,ZOOKEEPER-1366,3,16,23,YES
5,src/java/main/org/apache/zookeeper/server/ZooKeeperServer.java,ZOOKEEPER-1366,3,16,23,YES
6,src/java/main/org/apache/zookeeper/server/ZooKeeperServer.java,ZOOKEEPER-1366,3,16,23,YES
7,src/java/main/org/apache/zookeeper/server/ZooKeeperServer.java,ZOOKEEPER-1366,3,16,23,YES
8,src/java/main/org/apache/zookeeper/server/ZooKeeperServer.java,ZOOKEEPER-1366,3,16,23,YES
9,src/java/main/org/apache/zookeeper/server/ZooKeeperServer.java,ZOOKEEPER-1366,3,16,23,YES
10,src/java/main/org/apache/zookeeper/server/ZooKeeperServer.java,ZOOKEEPER-1366,3,16,23,YES
11,src/java/main/org/apache/zookeeper/server/ZooKeeperServer.java,ZOOKEEPER-1366,3,16,23,YES
12,src/java/main/org/apache/zookeeper/server/ZooKeeperServer.java,ZOOKEEPER-1366,3,16,23,YES
13,src/java/main/org/apache/zookeeper/server/ZooKeeperServer.java,ZOOKEEPER-1366,3,16,23,YES
14,src/java/main/org/apache/zookeeper/server/ZooKeeperServer.java,ZOOKEEPER-1366,3,16,23,YES
15,src/java/main/org/apache/zookeeper/server/ZooKeeperServer.java,ZOOKEEPER-1366,3,16,23,YES
16,src/java/main/org/apache/zookeeper/server/ZooKeeperServer.java,ZOOKEEPER-1366,3,16,23,YES
17,src/java/main/org/apache/zookeeper/server/ZooKeeperServer.java,ZOOKEEPER-1366,3,16,23,YES
18,src/java/main/org/apache/zookeeper/server/ZooKeeperServer.java,ZOOKEEPER-1366,3,16,23,YES
19,src/java/main/org/apache/zookeeper/server/ZooKeeperServer.java,ZOOKEEPER-1366,3,16,23,YES
20,src/java/main/org/apache/zookeeper/server/ZooKeeperServer.java,ZOOKEEPER-1366,3,16,23,YES
21,src/java/main/org/apache/zookeeper/server/ZooKeeperServer.java,ZOOKEEPER-1366,3,16,23,YES
22,src/java/main/org/apache/zookeeper/server/ZooKeeperServer.java,ZOOKEEPER-1366,3,16,23,YES
3,src/java/main/org/apache/zookeeper/server/quorum/AuthFastLeaderElection.java,ZOOKEEPER-1366,3,16,23,YES
4,src/java/main/org/apache/zookeeper/server/quorum/AuthFastLeaderElection.java,ZOOKEEPER-1366,3,16,23,YES
5,src/java/main/org/apache/zookeeper/server/quorum/AuthFastLeaderElection.java,ZOOKEEPER-1366,3,16,23,YES
6,src/java/main/org/apache/zookeeper/server/quorum/AuthFastLeaderElection.java,ZOOKEEPER-1366,3,16,23,YES
7,src/java/main/org/apache/zookeeper/server/quorum/AuthFastLeaderElection.java,ZOOKEEPER-1366,3,16,23,YES
8,src/java/main/org/apache/zookeeper/server/quorum/AuthFastLeaderElection.java,ZOOKEEPER-1366,3,16,23,YES
9,src/java/main/org/apache/zookeeper/server/quorum/AuthFastLeaderElection.java,ZOOKEEPER-1366,3,16,23,YES
10,src/java/main/org/apache/zookeeper/server/quorum/AuthFastLeaderElection.java,ZOOKEEPER-1366,3,16,23,YES
11,src/java/main/org/apache/zookeeper/server/quorum/AuthFastLeaderElection.java,ZOOKEEPER-1366,3,16,23,YES
12,src/java/main/org/apache/zookeeper/server/quorum/AuthFastLeaderElection.java,ZOOKEEPER-1366,3,16,23,YES
13,src/java/main/org/apache/zookeeper/server/quorum/AuthFastLeaderElection.java,ZOOKEEPER-1366,3,16,23,YES
14,src/java/main/org/apache/zookeeper/server/quorum/AuthFastLeaderElection.java,ZOOKEEPER-1366,3,16,23,YES
15,src/java/main/org/apache/zookeeper/server/quorum/AuthFastLeaderElection.java,ZOOKEEPER-1366,3,16,23,YES
16,src/java/main/org/apache/zookeeper/server/quorum/AuthFastLeaderElection.java,ZOOKEEPER-1366,3,16,23,YES
17,src/java/main/org/apache/zookeeper/server/quorum/AuthFastLeaderElection.java,ZOOKEEPER-1366,3,16,23,YES
18,src/java/main/org/apache/zookeeper/server/quorum/AuthFastLeaderElection.java,ZOOKEEPER-1366,3,16,23,YES
19,src/java/main/org/apache/zookeeper/server/quorum/AuthFastLeaderElection.java,ZOOKEEPER-1366,3,16,23,YES
20,src/java/main/org/apache/zookeeper/server/quorum/AuthFastLeaderElection.java,ZOOKEEPER-1366,3,16,23,YES
21,src/java/main/org/apache/zookeeper/server/quorum/AuthFastLeaderElection.java,ZOOKEEPER-1366,3,16,23,YES
22,src/java/main/org/apache/zookeeper/server/quorum/AuthFastLeaderElection.java,ZOOKEEPER-1366,3,16,23,YES
3,src/java/main/org/apache/zookeeper/server/quorum/FastLeaderElection.java,ZOOKEEPER-1366,3,16,23,YES
4,src/java/main/org/apache/zookeeper/server/quorum/FastLeaderElection.java,ZOOKEEPER-1366,3,16,23,YES
5,src/java/main/org/apache/zookeeper/server/quorum/FastLeaderElection.java,ZOOKEEPER-1366,3,16,23,YES
6,src/java/main/org/apache/zookeeper/server/quorum/FastLeaderElection.java,ZOOKEEPER-1366,3,16,23,YES
7,src/java/main/org/apache/zookeeper/server/quorum/FastLeaderElection.java,ZOOKEEPER-1366,3,16,23,YES
8,src/java/main/org/apache/zookeeper/server/quorum/FastLeaderElection.java,ZOOKEEPER-1366,3,16,23,YES
9,src/java/main/org/apache/zookeeper/server/quorum/FastLeaderElection.java,ZOOKEEPER-1366,3,16,23,YES
10,src/java/main/org/apache/zookeeper/server/quorum/FastLeaderElection.java,ZOOKEEPER-1366,3,16,23,YES
11,src/java/main/org/apache/zookeeper/server/quorum/FastLeaderElection.java,ZOOKEEPER-1366,3,16,23,YES
12,src/java/main/org/apache/zookeeper/server/quorum/FastLeaderElection.java,ZOOKEEPER-1366,3,16,23,YES
13,src/java/main/org/apache/zookeeper/server/quorum/FastLeaderElection.java,ZOOKEEPER-1366,3,16,23,YES
14,src/java/main/org/apache/zookeeper/server/quorum/FastLeaderElection.java,ZOOKEEPER-1366,3,16,23,YES
15,src/java/main/org/apache/zookeeper/server/quorum/FastLeaderElection.java,ZOOKEEPER-1366,3,16,23,YES
16,src/java/main/org/apache/zookeeper/server/quorum/FastLeaderElection.java,ZOOKEEPER-1366,3,16,23,YES
17,src/java/main/org/apache/zookeeper/server/quorum/FastLeaderElection.java,ZOOKEEPER-1366,3,16,23,YES
18,src/java/main/org/apache/zookeeper/server/quorum/FastLeaderElection.java,ZOOKEEPER-1366,3,16,23,YES
19,src/java/main/org/apache/zookeeper/server/quorum/FastLeaderElection.java,ZOOKEEPER-1366,3,16,23,YES
20,src/java/main/org/apache/zookeeper/server/quorum/FastLeaderElection.java,ZOOKEEPER-1366,3,16,23,YES
21,src/java/main/org/apache/zookeeper/server/quorum/FastLeaderElection.java,ZOOKEEPER-1366,3,16,23,YES
22,src/java/main/org/apache/zookeeper/server/quorum/FastLeaderElection.java,ZOOKEEPER-1366,3,16,23,YES
3,src/java/main/org/apache/zookeeper/server/quorum/Follower.java,ZOOKEEPER-1366,3,16,23,YES
4,src/java/main/org/apache/zookeeper/server/quorum/Follower.java,ZOOKEEPER-1366,3,16,23,YES
5,src/java/main/org/apache/zookeeper/server/quorum/Follower.java,ZOOKEEPER-1366,3,16,23,YES
6,src/java/main/org/apache/zookeeper/server/quorum/Follower.java,ZOOKEEPER-1366,3,16,23,YES
7,src/java/main/org/apache/zookeeper/server/quorum/Follower.java,ZOOKEEPER-1366,3,16,23,YES
8,src/java/main/org/apache/zookeeper/server/quorum/Follower.java,ZOOKEEPER-1366,3,16,23,YES
9,src/java/main/org/apache/zookeeper/server/quorum/Follower.java,ZOOKEEPER-1366,3,16,23,YES
10,src/java/main/org/apache/zookeeper/server/quorum/Follower.java,ZOOKEEPER-1366,3,16,23,YES
11,src/java/main/org/apache/zookeeper/server/quorum/Follower.java,ZOOKEEPER-1366,3,16,23,YES
12,src/java/main/org/apache/zookeeper/server/quorum/Follower.java,ZOOKEEPER-1366,3,16,23,YES
13,src/java/main/org/apache/zookeeper/server/quorum/Follower.java,ZOOKEEPER-1366,3,16,23,YES
14,src/java/main/org/apache/zookeeper/server/quorum/Follower.java,ZOOKEEPER-1366,3,16,23,YES
15,src/java/main/org/apache/zookeeper/server/quorum/Follower.java,ZOOKEEPER-1366,3,16,23,YES
16,src/java/main/org/apache/zookeeper/server/quorum/Follower.java,ZOOKEEPER-1366,3,16,23,YES
17,src/java/main/org/apache/zookeeper/server/quorum/Follower.java,ZOOKEEPER-1366,3,16,23,YES
18,src/java/main/org/apache/zookeeper/server/quorum/Follower.java,ZOOKEEPER-1366,3,16,23,YES
19,src/java/main/org/apache/zookeeper/server/quorum/Follower.java,ZOOKEEPER-1366,3,16,23,YES
20,src/java/main/org/apache/zookeeper/server/quorum/Follower.java,ZOOKEEPER-1366,3,16,23,YES
21,src/java/main/org/apache/zookeeper/server/quorum/Follower.java,ZOOKEEPER-1366,3,16,23,YES
22,src/java/main/org/apache/zookeeper/server/quorum/Follower.java,ZOOKEEPER-1366,3,16,23,YES
3,src/java/main/org/apache/zookeeper/server/quorum/Leader.java,ZOOKEEPER-1366,3,16,23,YES
4,src/java/main/org/apache/zookeeper/server/quorum/Leader.java,ZOOKEEPER-1366,3,16,23,YES
5,src/java/main/org/apache/zookeeper/server/quorum/Leader.java,ZOOKEEPER-1366,3,16,23,YES
6,src/java/main/org/apache/zookeeper/server/quorum/Leader.java,ZOOKEEPER-1366,3,16,23,YES
7,src/java/main/org/apache/zookeeper/server/quorum/Leader.java,ZOOKEEPER-1366,3,16,23,YES
8,src/java/main/org/apache/zookeeper/server/quorum/Leader.java,ZOOKEEPER-1366,3,16,23,YES
9,src/java/main/org/apache/zookeeper/server/quorum/Leader.java,ZOOKEEPER-1366,3,16,23,YES
10,src/java/main/org/apache/zookeeper/server/quorum/Leader.java,ZOOKEEPER-1366,3,16,23,YES
11,src/java/main/org/apache/zookeeper/server/quorum/Leader.java,ZOOKEEPER-1366,3,16,23,YES
12,src/java/main/org/apache/zookeeper/server/quorum/Leader.java,ZOOKEEPER-1366,3,16,23,YES
13,src/java/main/org/apache/zookeeper/server/quorum/Leader.java,ZOOKEEPER-1366,3,16,23,YES
14,src/java/main/org/apache/zookeeper/server/quorum/Leader.java,ZOOKEEPER-1366,3,16,23,YES
15,src/java/main/org/apache/zookeeper/server/quorum/Leader.java,ZOOKEEPER-1366,3,16,23,YES
16,src/java/main/org/apache/zookeeper/server/quorum/Leader.java,ZOOKEEPER-1366,3,16,23,YES
17,src/java/main/org/apache/zookeeper/server/quorum/Leader.java,ZOOKEEPER-1366,3,16,23,YES
18,src/java/main/org/apache/zookeeper/server/quorum/Leader.java,ZOOKEEPER-1366,3,16,23,YES
19,src/java/main/org/apache/zookeeper/server/quorum/Leader.java,ZOOKEEPER-1366,3,16,23,YES
20,src/java/main/org/apache/zookeeper/server/quorum/Leader.java,ZOOKEEPER-1366,3,16,23,YES
21,src/java/main/org/apache/zookeeper/server/quorum/Leader.java,ZOOKEEPER-1366,3,16,23,YES
22,src/java/main/org/apache/zookeeper/server/quorum/Leader.java,ZOOKEEPER-1366,3,16,23,YES
3,src/java/main/org/apache/zookeeper/server/quorum/LearnerSnapshotThrottler.java,ZOOKEEPER-1366,3,16,23,YES
4,src/java/main/org/apache/zookeeper/server/quorum/LearnerSnapshotThrottler.java,ZOOKEEPER-1366,3,16,23,YES
5,src/java/main/org/apache/zookeeper/server/quorum/LearnerSnapshotThrottler.java,ZOOKEEPER-1366,3,16,23,YES
6,src/java/main/org/apache/zookeeper/server/quorum/LearnerSnapshotThrottler.java,ZOOKEEPER-1366,3,16,23,YES
7,src/java/main/org/apache/zookeeper/server/quorum/LearnerSnapshotThrottler.java,ZOOKEEPER-1366,3,16,23,YES
8,src/java/main/org/apache/zookeeper/server/quorum/LearnerSnapshotThrottler.java,ZOOKEEPER-1366,3,16,23,YES
9,src/java/main/org/apache/zookeeper/server/quorum/LearnerSnapshotThrottler.java,ZOOKEEPER-1366,3,16,23,YES
10,src/java/main/org/apache/zookeeper/server/quorum/LearnerSnapshotThrottler.java,ZOOKEEPER-1366,3,16,23,YES
11,src/java/main/org/apache/zookeeper/server/quorum/LearnerSnapshotThrottler.java,ZOOKEEPER-1366,3,16,23,YES
12,src/java/main/org/apache/zookeeper/server/quorum/LearnerSnapshotThrottler.java,ZOOKEEPER-1366,3,16,23,YES
13,src/java/main/org/apache/zookeeper/server/quorum/LearnerSnapshotThrottler.java,ZOOKEEPER-1366,3,16,23,YES
14,src/java/main/org/apache/zookeeper/server/quorum/LearnerSnapshotThrottler.java,ZOOKEEPER-1366,3,16,23,YES
15,src/java/main/org/apache/zookeeper/server/quorum/LearnerSnapshotThrottler.java,ZOOKEEPER-1366,3,16,23,YES
16,src/java/main/org/apache/zookeeper/server/quorum/LearnerSnapshotThrottler.java,ZOOKEEPER-1366,3,16,23,YES
17,src/java/main/org/apache/zookeeper/server/quorum/LearnerSnapshotThrottler.java,ZOOKEEPER-1366,3,16,23,YES
18,src/java/main/org/apache/zookeeper/server/quorum/LearnerSnapshotThrottler.java,ZOOKEEPER-1366,3,16,23,YES
19,src/java/main/org/apache/zookeeper/server/quorum/LearnerSnapshotThrottler.java,ZOOKEEPER-1366,3,16,23,YES
20,src/java/main/org/apache/zookeeper/server/quorum/LearnerSnapshotThrottler.java,ZOOKEEPER-1366,3,16,23,YES
21,src/java/main/org/apache/zookeeper/server/quorum/LearnerSnapshotThrottler.java,ZOOKEEPER-1366,3,16,23,YES
22,src/java/main/org/apache/zookeeper/server/quorum/LearnerSnapshotThrottler.java,ZOOKEEPER-1366,3,16,23,YES
3,src/java/main/org/apache/zookeeper/server/quorum/QuorumPeer.java,ZOOKEEPER-1366,3,16,23,YES
4,src/java/main/org/apache/zookeeper/server/quorum/QuorumPeer.java,ZOOKEEPER-1366,3,16,23,YES
5,src/java/main/org/apache/zookeeper/server/quorum/QuorumPeer.java,ZOOKEEPER-1366,3,16,23,YES
6,src/java/main/org/apache/zookeeper/server/quorum/QuorumPeer.java,ZOOKEEPER-1366,3,16,23,YES
7,src/java/main/org/apache/zookeeper/server/quorum/QuorumPeer.java,ZOOKEEPER-1366,3,16,23,YES
8,src/java/main/org/apache/zookeeper/server/quorum/QuorumPeer.java,ZOOKEEPER-1366,3,16,23,YES
9,src/java/main/org/apache/zookeeper/server/quorum/QuorumPeer.java,ZOOKEEPER-1366,3,16,23,YES
10,src/java/main/org/apache/zookeeper/server/quorum/QuorumPeer.java,ZOOKEEPER-1366,3,16,23,YES
11,src/java/main/org/apache/zookeeper/server/quorum/QuorumPeer.java,ZOOKEEPER-1366,3,16,23,YES
12,src/java/main/org/apache/zookeeper/server/quorum/QuorumPeer.java,ZOOKEEPER-1366,3,16,23,YES
13,src/java/main/org/apache/zookeeper/server/quorum/QuorumPeer.java,ZOOKEEPER-1366,3,16,23,YES
14,src/java/main/org/apache/zookeeper/server/quorum/QuorumPeer.java,ZOOKEEPER-1366,3,16,23,YES
15,src/java/main/org/apache/zookeeper/server/quorum/QuorumPeer.java,ZOOKEEPER-1366,3,16,23,YES
16,src/java/main/org/apache/zookeeper/server/quorum/QuorumPeer.java,ZOOKEEPER-1366,3,16,23,YES
17,src/java/main/org/apache/zookeeper/server/quorum/QuorumPeer.java,ZOOKEEPER-1366,3,16,23,YES
18,src/java/main/org/apache/zookeeper/server/quorum/QuorumPeer.java,ZOOKEEPER-1366,3,16,23,YES
19,src/java/main/org/apache/zookeeper/server/quorum/QuorumPeer.java,ZOOKEEPER-1366,3,16,23,YES
20,src/java/main/org/apache/zookeeper/server/quorum/QuorumPeer.java,ZOOKEEPER-1366,3,16,23,YES
21,src/java/main/org/apache/zookeeper/server/quorum/QuorumPeer.java,ZOOKEEPER-1366,3,16,23,YES
22,src/java/main/org/apache/zookeeper/server/quorum/QuorumPeer.java,ZOOKEEPER-1366,3,16,23,YES
12,src/java/main/org/apache/zookeeper/server/quorum/FollowerRequestProcessor.java,ZOOKEEPER-1124,12,12,13,YES
12,src/java/main/org/apache/zookeeper/server/quorum/ObserverRequestProcessor.java,ZOOKEEPER-1124,12,12,13,YES
22,zookeeper-server/src/main/java/org/apache/zookeeper/cli/SyncCommand.java,ZOOKEEPER-2694,22,28,36,YES
23,zookeeper-server/src/main/java/org/apache/zookeeper/cli/SyncCommand.java,ZOOKEEPER-2694,22,28,36,YES
24,zookeeper-server/src/main/java/org/apache/zookeeper/cli/SyncCommand.java,ZOOKEEPER-2694,22,28,36,YES
25,zookeeper-server/src/main/java/org/apache/zookeeper/cli/SyncCommand.java,ZOOKEEPER-2694,22,28,36,YES
26,zookeeper-server/src/main/java/org/apache/zookeeper/cli/SyncCommand.java,ZOOKEEPER-2694,22,28,36,YES
27,zookeeper-server/src/main/java/org/apache/zookeeper/cli/SyncCommand.java,ZOOKEEPER-2694,22,28,36,YES
28,zookeeper-server/src/main/java/org/apache/zookeeper/cli/SyncCommand.java,ZOOKEEPER-2694,22,28,36,YES
29,zookeeper-server/src/main/java/org/apache/zookeeper/cli/SyncCommand.java,ZOOKEEPER-2694,22,28,36,YES
30,zookeeper-server/src/main/java/org/apache/zookeeper/cli/SyncCommand.java,ZOOKEEPER-2694,22,28,36,YES
31,zookeeper-server/src/main/java/org/apache/zookeeper/cli/SyncCommand.java,ZOOKEEPER-2694,22,28,36,YES
32,zookeeper-server/src/main/java/org/apache/zookeeper/cli/SyncCommand.java,ZOOKEEPER-2694,22,28,36,YES
33,zookeeper-server/src/main/java/org/apache/zookeeper/cli/SyncCommand.java,ZOOKEEPER-2694,22,28,36,YES
34,zookeeper-server/src/main/java/org/apache/zookeeper/cli/SyncCommand.java,ZOOKEEPER-2694,22,28,36,YES
35,zookeeper-server/src/main/java/org/apache/zookeeper/cli/SyncCommand.java,ZOOKEEPER-2694,22,28,36,YES
52,zookeeper-server/src/main/java/org/apache/zookeeper/server/ZooKeeperServer.java,ZOOKEEPER-4872,52,57,58,YES
53,zookeeper-server/src/main/java/org/apache/zookeeper/server/ZooKeeperServer.java,ZOOKEEPER-4872,52,57,58,YES
54,zookeeper-server/src/main/java/org/apache/zookeeper/server/ZooKeeperServer.java,ZOOKEEPER-4872,52,57,58,YES
55,zookeeper-server/src/main/java/org/apache/zookeeper/server/ZooKeeperServer.java,ZOOKEEPER-4872,52,57,58,YES
56,zookeeper-server/src/main/java/org/apache/zookeeper/server/ZooKeeperServer.java,ZOOKEEPER-4872,52,57,58,YES
57,zookeeper-server/src/main/java/org/apache/zookeeper/server/ZooKeeperServer.java,ZOOKEEPER-4872,52,57,58,YES
52,zookeeper-server/src/main/java/org/apache/zookeeper/server/admin/Commands.java,ZOOKEEPER-4872,52,57,58,YES
53,zookeeper-server/src/main/java/org/apache/zookeeper/server/admin/Commands.java,ZOOKEEPER-4872,52,57,58,YES
54,zookeeper-server/src/main/java/org/apache/zookeeper/server/admin/Commands.java,ZOOKEEPER-4872,52,57,58,YES
55,zookeeper-server/src/main/java/org/apache/zookeeper/server/admin/Commands.java,ZOOKEEPER-4872,52,57,58,YES
56,zookeeper-server/src/main/java/org/apache/zookeeper/server/admin/Commands.java,ZOOKEEPER-4872,52,57,58,YES
57,zookeeper-server/src/main/java/org/apache/zookeeper/server/admin/Commands.java,ZOOKEEPER-4872,52,57,58,YES
21,src/java/main/org/apache/zookeeper/server/PurgeTxnLog.java,ZOOKEEPER-2211,21,23,25,YES
22,src/java/main/org/apache/zookeeper/server/PurgeTxnLog.java,ZOOKEEPER-2211,21,23,25,YES
23,src/java/main/org/apache/zookeeper/server/PurgeTxnLog.java,ZOOKEEPER-2211,21,23,25,YES
24,src/java/main/org/apache/zookeeper/server/PurgeTxnLog.java,ZOOKEEPER-2211,21,23,25,YES
32,zookeeper-server/src/main/java/org/apache/zookeeper/server/DataTree.java,ZOOKEEPER-3306,32,34,35,YES
33,zookeeper-server/src/main/java/org/apache/zookeeper/server/DataTree.java,ZOOKEEPER-3306,32,34,35,YES
34,zookeeper-server/src/main/java/org/apache/zookeeper/server/DataTree.java,ZOOKEEPER-3306,32,34,35,YES
56,zookeeper-recipes/zookeeper-recipes-election/src/main/java/org/apache/zookeeper/recipes/leader/LeaderElectionSupport.java,ZOOKEEPER-4877,56,57,58,YES
57,zookeeper-recipes/zookeeper-recipes-election/src/main/java/org/apache/zookeeper/recipes/leader/LeaderElectionSupport.java,ZOOKEEPER-4877,56,57,58,YES
56,zookeeper-server/src/main/java/org/apache/zookeeper/ClientCnxnSocketNetty.java,ZOOKEEPER-4877,56,57,58,YES
57,zookeeper-server/src/main/java/org/apache/zookeeper/ClientCnxnSocketNetty.java,ZOOKEEPER-4877,56,57,58,YES
56,zookeeper-server/src/main/java/org/apache/zookeeper/metrics/MetricsProviderLifeCycleException.java,ZOOKEEPER-4877,56,57,58,YES
57,zookeeper-server/src/main/java/org/apache/zookeeper/metrics/MetricsProviderLifeCycleException.java,ZOOKEEPER-4877,56,57,58,YES
56,zookeeper-server/src/main/java/org/apache/zookeeper/server/DatadirCleanupManager.java,ZOOKEEPER-4877,56,57,58,YES
57,zookeeper-server/src/main/java/org/apache/zookeeper/server/DatadirCleanupManager.java,ZOOKEEPER-4877,56,57,58,YES
56,zookeeper-server/src/main/java/org/apache/zookeeper/server/quorum/Leader.java,ZOOKEEPER-4877,56,57,58,YES
57,zookeeper-server/src/main/java/org/apache/zookeeper/server/quorum/Leader.java,ZOOKEEPER-4877,56,57,58,YES
29,zookeeper-server/src/main/java/org/apache/zookeeper/server/ContainerManager.java,ZOOKEEPER-3546,29,36,37,YES
30,zookeeper-server/src/main/java/org/apache/zookeeper/server/ContainerManager.java,ZOOKEEPER-3546,29,36,37,YES
31,zookeeper-server/src/main/java/org/apache/zookeeper/server/ContainerManager.java,ZOOKEEPER-3546,29,36,37,YES
32,zookeeper-server/src/main/java/org/apache/zookeeper/server/ContainerManager.java,ZOOKEEPER-3546,29,36,37,YES
33,zookeeper-server/src/main/java/org/apache/zookeeper/server/ContainerManager.java,ZOOKEEPER-3546,29,36,37,YES
34,zookeeper-server/src/main/java/org/apache/zookeeper/server/ContainerManager.java,ZOOKEEPER-3546,29,36,37,YES
35,zookeeper-server/src/main/java/org/apache/zookeeper/server/ContainerManager.java,ZOOKEEPER-3546,29,36,37,YES
36,zookeeper-server/src/main/java/org/apache/zookeeper/server/ContainerManager.java,ZOOKEEPER-3546,29,36,37,YES
29,zookeeper-server/src/main/java/org/apache/zookeeper/server/ContainerManager.java,ZOOKEEPER-3546,29,36,37,YES
30,zookeeper-server/src/main/java/org/apache/zookeeper/server/ContainerManager.java,ZOOKEEPER-3546,29,36,37,YES
31,zookeeper-server/src/main/java/org/apache/zookeeper/server/ContainerManager.java,ZOOKEEPER-3546,29,36,37,YES
32,zookeeper-server/src/main/java/org/apache/zookeeper/server/ContainerManager.java,ZOOKEEPER-3546,29,36,37,YES
33,zookeeper-server/src/main/java/org/apache/zookeeper/server/ContainerManager.java,ZOOKEEPER-3546,29,36,37,YES
34,zookeeper-server/src/main/java/org/apache/zookeeper/server/ContainerManager.java,ZOOKEEPER-3546,29,36,37,YES
35,zookeeper-server/src/main/java/org/apache/zookeeper/server/ContainerManager.java,ZOOKEEPER-3546,29,36,37,YES
36,zookeeper-server/src/main/java/org/apache/zookeeper/server/ContainerManager.java,ZOOKEEPER-3546,29,36,37,YES
29,zookeeper-server/src/main/java/org/apache/zookeeper/server/ZooKeeperServerMain.java,ZOOKEEPER-3546,29,36,37,YES
30,zookeeper-server/src/main/java/org/apache/zookeeper/server/ZooKeeperServerMain.java,ZOOKEEPER-3546,29,36,37,YES
31,zookeeper-server/src/main/java/org/apache/zookeeper/server/ZooKeeperServerMain.java,ZOOKEEPER-3546,29,36,37,YES
32,zookeeper-server/src/main/java/org/apache/zookeeper/server/ZooKeeperServerMain.java,ZOOKEEPER-3546,29,36,37,YES
33,zookeeper-server/src/main/java/org/apache/zookeeper/server/ZooKeeperServerMain.java,ZOOKEEPER-3546,29,36,37,YES
34,zookeeper-server/src/main/java/org/apache/zookeeper/server/ZooKeeperServerMain.java,ZOOKEEPER-3546,29,36,37,YES
35,zookeeper-server/src/main/java/org/apache/zookeeper/server/ZooKeeperServerMain.java,ZOOKEEPER-3546,29,36,37,YES
36,zookeeper-server/src/main/java/org/apache/zookeeper/server/ZooKeeperServerMain.java,ZOOKEEPER-3546,29,36,37,YES
29,zookeeper-server/src/main/java/org/apache/zookeeper/server/quorum/LeaderZooKeeperServer.java,ZOOKEEPER-3546,29,36,37,YES
30,zookeeper-server/src/main/java/org/apache/zookeeper/server/quorum/LeaderZooKeeperServer.java,ZOOKEEPER-3546,29,36,37,YES
31,zookeeper-server/src/main/java/org/apache/zookeeper/server/quorum/LeaderZooKeeperServer.java,ZOOKEEPER-3546,29,36,37,YES
32,zookeeper-server/src/main/java/org/apache/zookeeper/server/quorum/LeaderZooKeeperServer.java,ZOOKEEPER-3546,29,36,37,YES
33,zookeeper-server/src/main/java/org/apache/zookeeper/server/quorum/LeaderZooKeeperServer.java,ZOOKEEPER-3546,29,36,37,YES
34,zookeeper-server/src/main/java/org/apache/zookeeper/server/quorum/LeaderZooKeeperServer.java,ZOOKEEPER-3546,29,36,37,YES
35,zookeeper-server/src/main/java/org/apache/zookeeper/server/quorum/LeaderZooKeeperServer.java,ZOOKEEPER-3546,29,36,37,YES
36,zookeeper-server/src/main/java/org/apache/zookeeper/server/quorum/LeaderZooKeeperServer.java,ZOOKEEPER-3546,29,36,37,YES
15,src/java/main/org/apache/zookeeper/server/FinalRequestProcessor.java,ZOOKEEPER-1367,15,16,17,YES
16,src/java/main/org/apache/zookeeper/server/FinalRequestProcessor.java,ZOOKEEPER-1367,15,16,17,YES
15,src/java/main/org/apache/zookeeper/server/ZooKeeperServer.java,ZOOKEEPER-1367,15,16,17,YES
16,src/java/main/org/apache/zookeeper/server/ZooKeeperServer.java,ZOOKEEPER-1367,15,16,17,YES
15,src/java/main/org/apache/zookeeper/server/quorum/LeaderZooKeeperServer.java,ZOOKEEPER-1367,15,16,17,YES
16,src/java/main/org/apache/zookeeper/server/quorum/LeaderZooKeeperServer.java,ZOOKEEPER-1367,15,16,17,YES
15,src/java/main/org/apache/zookeeper/server/quorum/Learner.java,ZOOKEEPER-1367,15,16,17,YES
16,src/java/main/org/apache/zookeeper/server/quorum/Learner.java,ZOOKEEPER-1367,15,16,17,YES
15,src/java/main/org/apache/zookeeper/server/quorum/LearnerZooKeeperServer.java,ZOOKEEPER-1367,15,16,17,YES
16,src/java/main/org/apache/zookeeper/server/quorum/LearnerZooKeeperServer.java,ZOOKEEPER-1367,15,16,17,YES
7,src/java/main/org/apache/zookeeper/server/FinalRequestProcessor.java,ZOOKEEPER-710,7,8,9,YES
8,src/java/main/org/apache/zookeeper/server/FinalRequestProcessor.java,ZOOKEEPER-710,7,8,9,YES
8,src/contrib/bookkeeper/src/java/org/apache/bookkeeper/client/BKException.java,ZOOKEEPER-719,8,8,10,YES
9,src/contrib/bookkeeper/src/java/org/apache/bookkeeper/client/BKException.java,ZOOKEEPER-719,8,8,10,YES
8,src/contrib/bookkeeper/src/java/org/apache/bookkeeper/client/LedgerCreateOp.java,ZOOKEEPER-719,8,8,10,YES
9,src/contrib/bookkeeper/src/java/org/apache/bookkeeper/client/LedgerCreateOp.java,ZOOKEEPER-719,8,8,10,YES
8,src/contrib/bookkeeper/src/java/org/apache/bookkeeper/client/LedgerHandle.java,ZOOKEEPER-719,8,8,10,YES
9,src/contrib/bookkeeper/src/java/org/apache/bookkeeper/client/LedgerHandle.java,ZOOKEEPER-719,8,8,10,YES
8,src/contrib/bookkeeper/src/java/org/apache/bookkeeper/client/LedgerOpenOp.java,ZOOKEEPER-719,8,8,10,YES
9,src/contrib/bookkeeper/src/java/org/apache/bookkeeper/client/LedgerOpenOp.java,ZOOKEEPER-719,8,8,10,YES
8,src/contrib/bookkeeper/src/java/org/apache/bookkeeper/client/LedgerRecoveryOp.java,ZOOKEEPER-719,8,8,10,YES
9,src/contrib/bookkeeper/src/java/org/apache/bookkeeper/client/LedgerRecoveryOp.java,ZOOKEEPER-719,8,8,10,YES
8,src/contrib/bookkeeper/src/java/org/apache/bookkeeper/client/PendingAddOp.java,ZOOKEEPER-719,8,8,10,YES
9,src/contrib/bookkeeper/src/java/org/apache/bookkeeper/client/PendingAddOp.java,ZOOKEEPER-719,8,8,10,YES
8,src/contrib/bookkeeper/src/java/org/apache/bookkeeper/client/PendingReadOp.java,ZOOKEEPER-719,8,8,10,YES
9,src/contrib/bookkeeper/src/java/org/apache/bookkeeper/client/PendingReadOp.java,ZOOKEEPER-719,8,8,10,YES
8,src/contrib/bookkeeper/src/java/org/apache/bookkeeper/proto/PerChannelBookieClient.java,ZOOKEEPER-719,8,8,10,YES
9,src/contrib/bookkeeper/src/java/org/apache/bookkeeper/proto/PerChannelBookieClient.java,ZOOKEEPER-719,8,8,10,YES
38,zookeeper-server/src/main/java/org/apache/zookeeper/server/ZooKeeperServer.java,ZOOKEEPER-3793,38,39,40,YES
39,zookeeper-server/src/main/java/org/apache/zookeeper/server/ZooKeeperServer.java,ZOOKEEPER-3793,38,39,40,YES
15,src/java/main/org/apache/zookeeper/ClientCnxn.java,ZOOKEEPER-1373,15,16,17,YES
16,src/java/main/org/apache/zookeeper/ClientCnxn.java,ZOOKEEPER-1373,15,16,17,YES
15,src/java/main/org/apache/zookeeper/Login.java,ZOOKEEPER-1373,15,16,17,YES
16,src/java/main/org/apache/zookeeper/Login.java,ZOOKEEPER-1373,15,16,17,YES
15,src/java/main/org/apache/zookeeper/client/ZooKeeperSaslClient.java,ZOOKEEPER-1373,15,16,17,YES
16,src/java/main/org/apache/zookeeper/client/ZooKeeperSaslClient.java,ZOOKEEPER-1373,15,16,17,YES
12,src/java/main/org/apache/zookeeper/Login.java,ZOOKEEPER-1371,12,16,24,YES
13,src/java/main/org/apache/zookeeper/Login.java,ZOOKEEPER-1371,12,16,24,YES
14,src/java/main/org/apache/zookeeper/Login.java,ZOOKEEPER-1371,12,16,24,YES
15,src/java/main/org/apache/zookeeper/Login.java,ZOOKEEPER-1371,12,16,24,YES
16,src/java/main/org/apache/zookeeper/Login.java,ZOOKEEPER-1371,12,16,24,YES
17,src/java/main/org/apache/zookeeper/Login.java,ZOOKEEPER-1371,12,16,24,YES
18,src/java/main/org/apache/zookeeper/Login.java,ZOOKEEPER-1371,12,16,24,YES
19,src/java/main/org/apache/zookeeper/Login.java,ZOOKEEPER-1371,12,16,24,YES
20,src/java/main/org/apache/zookeeper/Login.java,ZOOKEEPER-1371,12,16,24,YES
21,src/java/main/org/apache/zookeeper/Login.java,ZOOKEEPER-1371,12,16,24,YES
22,src/java/main/org/apache/zookeeper/Login.java,ZOOKEEPER-1371,12,16,24,YES
23,src/java/main/org/apache/zookeeper/Login.java,ZOOKEEPER-1371,12,16,24,YES
12,src/java/main/org/apache/zookeeper/Shell.java,ZOOKEEPER-1371,12,16,24,YES
13,src/java/main/org/apache/zookeeper/Shell.java,ZOOKEEPER-1371,12,16,24,YES
14,src/java/main/org/apache/zookeeper/Shell.java,ZOOKEEPER-1371,12,16,24,YES
15,src/java/main/org/apache/zookeeper/Shell.java,ZOOKEEPER-1371,12,16,24,YES
16,src/java/main/org/apache/zookeeper/Shell.java,ZOOKEEPER-1371,12,16,24,YES
17,src/java/main/org/apache/zookeeper/Shell.java,ZOOKEEPER-1371,12,16,24,YES
18,src/java/main/org/apache/zookeeper/Shell.java,ZOOKEEPER-1371,12,16,24,YES
19,src/java/main/org/apache/zookeeper/Shell.java,ZOOKEEPER-1371,12,16,24,YES
20,src/java/main/org/apache/zookeeper/Shell.java,ZOOKEEPER-1371,12,16,24,YES
21,src/java/main/org/apache/zookeeper/Shell.java,ZOOKEEPER-1371,12,16,24,YES
22,src/java/main/org/apache/zookeeper/Shell.java,ZOOKEEPER-1371,12,16,24,YES
23,src/java/main/org/apache/zookeeper/Shell.java,ZOOKEEPER-1371,12,16,24,YES
12,src/java/main/org/apache/zookeeper/client/FourLetterWordMain.java,ZOOKEEPER-1371,12,16,24,YES
13,src/java/main/org/apache/zookeeper/client/FourLetterWordMain.java,ZOOKEEPER-1371,12,16,24,YES
14,src/java/main/org/apache/zookeeper/client/FourLetterWordMain.java,ZOOKEEPER-1371,12,16,24,YES
15,src/java/main/org/apache/zookeeper/client/FourLetterWordMain.java,ZOOKEEPER-1371,12,16,24,YES
16,src/java/main/org/apache/zookeeper/client/FourLetterWordMain.java,ZOOKEEPER-1371,12,16,24,YES
17,src/java/main/org/apache/zookeeper/client/FourLetterWordMain.java,ZOOKEEPER-1371,12,16,24,YES
18,src/java/main/org/apache/zookeeper/client/FourLetterWordMain.java,ZOOKEEPER-1371,12,16,24,YES
19,src/java/main/org/apache/zookeeper/client/FourLetterWordMain.java,ZOOKEEPER-1371,12,16,24,YES
20,src/java/main/org/apache/zookeeper/client/FourLetterWordMain.java,ZOOKEEPER-1371,12,16,24,YES
21,src/java/main/org/apache/zookeeper/client/FourLetterWordMain.java,ZOOKEEPER-1371,12,16,24,YES
22,src/java/main/org/apache/zookeeper/client/FourLetterWordMain.java,ZOOKEEPER-1371,12,16,24,YES
23,src/java/main/org/apache/zookeeper/client/FourLetterWordMain.java,ZOOKEEPER-1371,12,16,24,YES
12,src/java/main/org/apache/zookeeper/jmx/ManagedUtil.java,ZOOKEEPER-1371,12,16,24,YES
13,src/java/main/org/apache/zookeeper/jmx/ManagedUtil.java,ZOOKEEPER-1371,12,16,24,YES
14,src/java/main/org/apache/zookeeper/jmx/ManagedUtil.java,ZOOKEEPER-1371,12,16,24,YES
15,src/java/main/org/apache/zookeeper/jmx/ManagedUtil.java,ZOOKEEPER-1371,12,16,24,YES
16,src/java/main/org/apache/zookeeper/jmx/ManagedUtil.java,ZOOKEEPER-1371,12,16,24,YES
17,src/java/main/org/apache/zookeeper/jmx/ManagedUtil.java,ZOOKEEPER-1371,12,16,24,YES
18,src/java/main/org/apache/zookeeper/jmx/ManagedUtil.java,ZOOKEEPER-1371,12,16,24,YES
19,src/java/main/org/apache/zookeeper/jmx/ManagedUtil.java,ZOOKEEPER-1371,12,16,24,YES
20,src/java/main/org/apache/zookeeper/jmx/ManagedUtil.java,ZOOKEEPER-1371,12,16,24,YES
21,src/java/main/org/apache/zookeeper/jmx/ManagedUtil.java,ZOOKEEPER-1371,12,16,24,YES
22,src/java/main/org/apache/zookeeper/jmx/ManagedUtil.java,ZOOKEEPER-1371,12,16,24,YES
23,src/java/main/org/apache/zookeeper/jmx/ManagedUtil.java,ZOOKEEPER-1371,12,16,24,YES
21,src/java/main/org/apache/zookeeper/server/DataTree.java,ZOOKEEPER-2201,21,23,24,YES
22,src/java/main/org/apache/zookeeper/server/DataTree.java,ZOOKEEPER-2201,21,23,24,YES
23,src/java/main/org/apache/zookeeper/server/DataTree.java,ZOOKEEPER-2201,21,23,24,YES
26,zookeeper-server/src/main/java/org/apache/zookeeper/server/ReferenceCountedACLCache.java,ZOOKEEPER-3531,26,36,37,YES
27,zookeeper-server/src/main/java/org/apache/zookeeper/server/ReferenceCountedACLCache.java,ZOOKEEPER-3531,26,36,37,YES
28,zookeeper-server/src/main/java/org/apache/zookeeper/server/ReferenceCountedACLCache.java,ZOOKEEPER-3531,26,36,37,YES
29,zookeeper-server/src/main/java/org/apache/zookeeper/server/ReferenceCountedACLCache.java,ZOOKEEPER-3531,26,36,37,YES
30,zookeeper-server/src/main/java/org/apache/zookeeper/server/ReferenceCountedACLCache.java,ZOOKEEPER-3531,26,36,37,YES
31,zookeeper-server/src/main/java/org/apache/zookeeper/server/ReferenceCountedACLCache.java,ZOOKEEPER-3531,26,36,37,YES
32,zookeeper-server/src/main/java/org/apache/zookeeper/server/ReferenceCountedACLCache.java,ZOOKEEPER-3531,26,36,37,YES
33,zookeeper-server/src/main/java/org/apache/zookeeper/server/ReferenceCountedACLCache.java,ZOOKEEPER-3531,26,36,37,YES
34,zookeeper-server/src/main/java/org/apache/zookeeper/server/ReferenceCountedACLCache.java,ZOOKEEPER-3531,26,36,37,YES
35,zookeeper-server/src/main/java/org/apache/zookeeper/server/ReferenceCountedACLCache.java,ZOOKEEPER-3531,26,36,37,YES
36,zookeeper-server/src/main/java/org/apache/zookeeper/server/ReferenceCountedACLCache.java,ZOOKEEPER-3531,26,36,37,YES
26,src/java/main/org/apache/zookeeper/server/quorum/QuorumPeerMain.java,ZOOKEEPER-2683,26,28,29,YES
27,src/java/main/org/apache/zookeeper/server/quorum/QuorumPeerMain.java,ZOOKEEPER-2683,26,28,29,YES
28,src/java/main/org/apache/zookeeper/server/quorum/QuorumPeerMain.java,ZOOKEEPER-2683,26,28,29,YES
39,zookeeper-server/src/main/java/org/apache/zookeeper/server/admin/JettyAdminServer.java,ZOOKEEPER-3772,39,39,40,YES
25,src/java/main/org/apache/zookeeper/server/quorum/CommitProcessor.java,ZOOKEEPER-2684,25,28,30,YES
26,src/java/main/org/apache/zookeeper/server/quorum/CommitProcessor.java,ZOOKEEPER-2684,25,28,30,YES
27,src/java/main/org/apache/zookeeper/server/quorum/CommitProcessor.java,ZOOKEEPER-2684,25,28,30,YES
28,src/java/main/org/apache/zookeeper/server/quorum/CommitProcessor.java,ZOOKEEPER-2684,25,28,30,YES
29,src/java/main/org/apache/zookeeper/server/quorum/CommitProcessor.java,ZOOKEEPER-2684,25,28,30,YES
23,src/java/main/org/apache/zookeeper/server/quorum/QuorumCnxManager.java,ZOOKEEPER-2442,23,26,27,YES
24,src/java/main/org/apache/zookeeper/server/quorum/QuorumCnxManager.java,ZOOKEEPER-2442,23,26,27,YES
25,src/java/main/org/apache/zookeeper/server/quorum/QuorumCnxManager.java,ZOOKEEPER-2442,23,26,27,YES
26,src/java/main/org/apache/zookeeper/server/quorum/QuorumCnxManager.java,ZOOKEEPER-2442,23,26,27,YES
26,src/java/main/org/apache/zookeeper/server/quorum/Leader.java,ZOOKEEPER-2687,26,28,29,YES
27,src/java/main/org/apache/zookeeper/server/quorum/Leader.java,ZOOKEEPER-2687,26,28,29,YES
28,src/java/main/org/apache/zookeeper/server/quorum/Leader.java,ZOOKEEPER-2687,26,28,29,YES
7,src/java/main/org/apache/zookeeper/ClientCnxn.java,ZOOKEEPER-706,7,8,23,YES
8,src/java/main/org/apache/zookeeper/ClientCnxn.java,ZOOKEEPER-706,7,8,23,YES
9,src/java/main/org/apache/zookeeper/ClientCnxn.java,ZOOKEEPER-706,7,8,23,YES
10,src/java/main/org/apache/zookeeper/ClientCnxn.java,ZOOKEEPER-706,7,8,23,YES
11,src/java/main/org/apache/zookeeper/ClientCnxn.java,ZOOKEEPER-706,7,8,23,YES
12,src/java/main/org/apache/zookeeper/ClientCnxn.java,ZOOKEEPER-706,7,8,23,YES
13,src/java/main/org/apache/zookeeper/ClientCnxn.java,ZOOKEEPER-706,7,8,23,YES
14,src/java/main/org/apache/zookeeper/ClientCnxn.java,ZOOKEEPER-706,7,8,23,YES
15,src/java/main/org/apache/zookeeper/ClientCnxn.java,ZOOKEEPER-706,7,8,23,YES
16,src/java/main/org/apache/zookeeper/ClientCnxn.java,ZOOKEEPER-706,7,8,23,YES
17,src/java/main/org/apache/zookeeper/ClientCnxn.java,ZOOKEEPER-706,7,8,23,YES
18,src/java/main/org/apache/zookeeper/ClientCnxn.java,ZOOKEEPER-706,7,8,23,YES
19,src/java/main/org/apache/zookeeper/ClientCnxn.java,ZOOKEEPER-706,7,8,23,YES
20,src/java/main/org/apache/zookeeper/ClientCnxn.java,ZOOKEEPER-706,7,8,23,YES
21,src/java/main/org/apache/zookeeper/ClientCnxn.java,ZOOKEEPER-706,7,8,23,YES
22,src/java/main/org/apache/zookeeper/ClientCnxn.java,ZOOKEEPER-706,7,8,23,YES
34,zookeeper-server/src/main/java/org/apache/zookeeper/server/NettyServerCnxnFactory.java,ZOOKEEPER-3540,34,36,37,YES
35,zookeeper-server/src/main/java/org/apache/zookeeper/server/NettyServerCnxnFactory.java,ZOOKEEPER-3540,34,36,37,YES
36,zookeeper-server/src/main/java/org/apache/zookeeper/server/NettyServerCnxnFactory.java,ZOOKEEPER-3540,34,36,37,YES
15,src/java/main/org/apache/zookeeper/server/NIOServerCnxn.java,ZOOKEEPER-1361,15,16,19,YES
16,src/java/main/org/apache/zookeeper/server/NIOServerCnxn.java,ZOOKEEPER-1361,15,16,19,YES
17,src/java/main/org/apache/zookeeper/server/NIOServerCnxn.java,ZOOKEEPER-1361,15,16,19,YES
18,src/java/main/org/apache/zookeeper/server/NIOServerCnxn.java,ZOOKEEPER-1361,15,16,19,YES
15,src/java/main/org/apache/zookeeper/server/NettyServerCnxn.java,ZOOKEEPER-1361,15,16,19,YES
16,src/java/main/org/apache/zookeeper/server/NettyServerCnxn.java,ZOOKEEPER-1361,15,16,19,YES
17,src/java/main/org/apache/zookeeper/server/NettyServerCnxn.java,ZOOKEEPER-1361,15,16,19,YES
18,src/java/main/org/apache/zookeeper/server/NettyServerCnxn.java,ZOOKEEPER-1361,15,16,19,YES
15,src/java/main/org/apache/zookeeper/server/quorum/Leader.java,ZOOKEEPER-1361,15,16,19,YES
16,src/java/main/org/apache/zookeeper/server/quorum/Leader.java,ZOOKEEPER-1361,15,16,19,YES
17,src/java/main/org/apache/zookeeper/server/quorum/Leader.java,ZOOKEEPER-1361,15,16,19,YES
18,src/java/main/org/apache/zookeeper/server/quorum/Leader.java,ZOOKEEPER-1361,15,16,19,YES
15,src/java/main/org/apache/zookeeper/server/quorum/LeaderBean.java,ZOOKEEPER-1361,15,16,19,YES
16,src/java/main/org/apache/zookeeper/server/quorum/LeaderBean.java,ZOOKEEPER-1361,15,16,19,YES
17,src/java/main/org/apache/zookeeper/server/quorum/LeaderBean.java,ZOOKEEPER-1361,15,16,19,YES
18,src/java/main/org/apache/zookeeper/server/quorum/LeaderBean.java,ZOOKEEPER-1361,15,16,19,YES
15,src/java/main/org/apache/zookeeper/server/quorum/QuorumPeer.java,ZOOKEEPER-1361,15,16,19,YES
16,src/java/main/org/apache/zookeeper/server/quorum/QuorumPeer.java,ZOOKEEPER-1361,15,16,19,YES
17,src/java/main/org/apache/zookeeper/server/quorum/QuorumPeer.java,ZOOKEEPER-1361,15,16,19,YES
18,src/java/main/org/apache/zookeeper/server/quorum/QuorumPeer.java,ZOOKEEPER-1361,15,16,19,YES
36,zookeeper-server/src/main/java/org/apache/zookeeper/server/ZooKeeperServer.java,ZOOKEEPER-3781,36,39,43,YES
37,zookeeper-server/src/main/java/org/apache/zookeeper/server/ZooKeeperServer.java,ZOOKEEPER-3781,36,39,43,YES
38,zookeeper-server/src/main/java/org/apache/zookeeper/server/ZooKeeperServer.java,ZOOKEEPER-3781,36,39,43,YES
39,zookeeper-server/src/main/java/org/apache/zookeeper/server/ZooKeeperServer.java,ZOOKEEPER-3781,36,39,43,YES
40,zookeeper-server/src/main/java/org/apache/zookeeper/server/ZooKeeperServer.java,ZOOKEEPER-3781,36,39,43,YES
41,zookeeper-server/src/main/java/org/apache/zookeeper/server/ZooKeeperServer.java,ZOOKEEPER-3781,36,39,43,YES
42,zookeeper-server/src/main/java/org/apache/zookeeper/server/ZooKeeperServer.java,ZOOKEEPER-3781,36,39,43,YES
36,zookeeper-server/src/main/java/org/apache/zookeeper/server/persistence/FileTxnSnapLog.java,ZOOKEEPER-3781,36,39,43,YES
37,zookeeper-server/src/main/java/org/apache/zookeeper/server/persistence/FileTxnSnapLog.java,ZOOKEEPER-3781,36,39,43,YES
38,zookeeper-server/src/main/java/org/apache/zookeeper/server/persistence/FileTxnSnapLog.java,ZOOKEEPER-3781,36,39,43,YES
39,zookeeper-server/src/main/java/org/apache/zookeeper/server/persistence/FileTxnSnapLog.java,ZOOKEEPER-3781,36,39,43,YES
40,zookeeper-server/src/main/java/org/apache/zookeeper/server/persistence/FileTxnSnapLog.java,ZOOKEEPER-3781,36,39,43,YES
41,zookeeper-server/src/main/java/org/apache/zookeeper/server/persistence/FileTxnSnapLog.java,ZOOKEEPER-3781,36,39,43,YES
42,zookeeper-server/src/main/java/org/apache/zookeeper/server/persistence/FileTxnSnapLog.java,ZOOKEEPER-3781,36,39,43,YES
36,zookeeper-server/src/main/java/org/apache/zookeeper/server/quorum/Learner.java,ZOOKEEPER-3781,36,39,43,YES
37,zookeeper-server/src/main/java/org/apache/zookeeper/server/quorum/Learner.java,ZOOKEEPER-3781,36,39,43,YES
38,zookeeper-server/src/main/java/org/apache/zookeeper/server/quorum/Learner.java,ZOOKEEPER-3781,36,39,43,YES
39,zookeeper-server/src/main/java/org/apache/zookeeper/server/quorum/Learner.java,ZOOKEEPER-3781,36,39,43,YES
40,zookeeper-server/src/main/java/org/apache/zookeeper/server/quorum/Learner.java,ZOOKEEPER-3781,36,39,43,YES
41,zookeeper-server/src/main/java/org/apache/zookeeper/server/quorum/Learner.java,ZOOKEEPER-3781,36,39,43,YES
42,zookeeper-server/src/main/java/org/apache/zookeeper/server/quorum/Learner.java,ZOOKEEPER-3781,36,39,43,YES
12,src/java/main/org/apache/zookeeper/server/command/FourLetterCommands.java,ZOOKEEPER-2693,12,28,29,YES
13,src/java/main/org/apache/zookeeper/server/command/FourLetterCommands.java,ZOOKEEPER-2693,12,28,29,YES
14,src/java/main/org/apache/zookeeper/server/command/FourLetterCommands.java,ZOOKEEPER-2693,12,28,29,YES
15,src/java/main/org/apache/zookeeper/server/command/FourLetterCommands.java,ZOOKEEPER-2693,12,28,29,YES
16,src/java/main/org/apache/zookeeper/server/command/FourLetterCommands.java,ZOOKEEPER-2693,12,28,29,YES
17,src/java/main/org/apache/zookeeper/server/command/FourLetterCommands.java,ZOOKEEPER-2693,12,28,29,YES
18,src/java/main/org/apache/zookeeper/server/command/FourLetterCommands.java,ZOOKEEPER-2693,12,28,29,YES
19,src/java/main/org/apache/zookeeper/server/command/FourLetterCommands.java,ZOOKEEPER-2693,12,28,29,YES
20,src/java/main/org/apache/zookeeper/server/command/FourLetterCommands.java,ZOOKEEPER-2693,12,28,29,YES
21,src/java/main/org/apache/zookeeper/server/command/FourLetterCommands.java,ZOOKEEPER-2693,12,28,29,YES
22,src/java/main/org/apache/zookeeper/server/command/FourLetterCommands.java,ZOOKEEPER-2693,12,28,29,YES
23,src/java/main/org/apache/zookeeper/server/command/FourLetterCommands.java,ZOOKEEPER-2693,12,28,29,YES
24,src/java/main/org/apache/zookeeper/server/command/FourLetterCommands.java,ZOOKEEPER-2693,12,28,29,YES
25,src/java/main/org/apache/zookeeper/server/command/FourLetterCommands.java,ZOOKEEPER-2693,12,28,29,YES
26,src/java/main/org/apache/zookeeper/server/command/FourLetterCommands.java,ZOOKEEPER-2693,12,28,29,YES
27,src/java/main/org/apache/zookeeper/server/command/FourLetterCommands.java,ZOOKEEPER-2693,12,28,29,YES
28,src/java/main/org/apache/zookeeper/server/command/FourLetterCommands.java,ZOOKEEPER-2693,12,28,29,YES
12,src/java/main/org/apache/zookeeper/server/NIOServerCnxn.java,ZOOKEEPER-2693,12,28,29,YES
13,src/java/main/org/apache/zookeeper/server/NIOServerCnxn.java,ZOOKEEPER-2693,12,28,29,YES
14,src/java/main/org/apache/zookeeper/server/NIOServerCnxn.java,ZOOKEEPER-2693,12,28,29,YES
15,src/java/main/org/apache/zookeeper/server/NIOServerCnxn.java,ZOOKEEPER-2693,12,28,29,YES
16,src/java/main/org/apache/zookeeper/server/NIOServerCnxn.java,ZOOKEEPER-2693,12,28,29,YES
17,src/java/main/org/apache/zookeeper/server/NIOServerCnxn.java,ZOOKEEPER-2693,12,28,29,YES
18,src/java/main/org/apache/zookeeper/server/NIOServerCnxn.java,ZOOKEEPER-2693,12,28,29,YES
19,src/java/main/org/apache/zookeeper/server/NIOServerCnxn.java,ZOOKEEPER-2693,12,28,29,YES
20,src/java/main/org/apache/zookeeper/server/NIOServerCnxn.java,ZOOKEEPER-2693,12,28,29,YES
21,src/java/main/org/apache/zookeeper/server/NIOServerCnxn.java,ZOOKEEPER-2693,12,28,29,YES
22,src/java/main/org/apache/zookeeper/server/NIOServerCnxn.java,ZOOKEEPER-2693,12,28,29,YES
23,src/java/main/org/apache/zookeeper/server/NIOServerCnxn.java,ZOOKEEPER-2693,12,28,29,YES
24,src/java/main/org/apache/zookeeper/server/NIOServerCnxn.java,ZOOKEEPER-2693,12,28,29,YES
25,src/java/main/org/apache/zookeeper/server/NIOServerCnxn.java,ZOOKEEPER-2693,12,28,29,YES
26,src/java/main/org/apache/zookeeper/server/NIOServerCnxn.java,ZOOKEEPER-2693,12,28,29,YES
27,src/java/main/org/apache/zookeeper/server/NIOServerCnxn.java,ZOOKEEPER-2693,12,28,29,YES
28,src/java/main/org/apache/zookeeper/server/NIOServerCnxn.java,ZOOKEEPER-2693,12,28,29,YES
12,src/java/main/org/apache/zookeeper/server/NettyServerCnxn.java,ZOOKEEPER-2693,12,28,29,YES
13,src/java/main/org/apache/zookeeper/server/NettyServerCnxn.java,ZOOKEEPER-2693,12,28,29,YES
14,src/java/main/org/apache/zookeeper/server/NettyServerCnxn.java,ZOOKEEPER-2693,12,28,29,YES
15,src/java/main/org/apache/zookeeper/server/NettyServerCnxn.java,ZOOKEEPER-2693,12,28,29,YES
16,src/java/main/org/apache/zookeeper/server/NettyServerCnxn.java,ZOOKEEPER-2693,12,28,29,YES
17,src/java/main/org/apache/zookeeper/server/NettyServerCnxn.java,ZOOKEEPER-2693,12,28,29,YES
18,src/java/main/org/apache/zookeeper/server/NettyServerCnxn.java,ZOOKEEPER-2693,12,28,29,YES
19,src/java/main/org/apache/zookeeper/server/NettyServerCnxn.java,ZOOKEEPER-2693,12,28,29,YES
20,src/java/main/org/apache/zookeeper/server/NettyServerCnxn.java,ZOOKEEPER-2693,12,28,29,YES
21,src/java/main/org/apache/zookeeper/server/NettyServerCnxn.java,ZOOKEEPER-2693,12,28,29,YES
22,src/java/main/org/apache/zookeeper/server/NettyServerCnxn.java,ZOOKEEPER-2693,12,28,29,YES
23,src/java/main/org/apache/zookeeper/server/NettyServerCnxn.java,ZOOKEEPER-2693,12,28,29,YES
24,src/java/main/org/apache/zookeeper/server/NettyServerCnxn.java,ZOOKEEPER-2693,12,28,29,YES
25,src/java/main/org/apache/zookeeper/server/NettyServerCnxn.java,ZOOKEEPER-2693,12,28,29,YES
26,src/java/main/org/apache/zookeeper/server/NettyServerCnxn.java,ZOOKEEPER-2693,12,28,29,YES
27,src/java/main/org/apache/zookeeper/server/NettyServerCnxn.java,ZOOKEEPER-2693,12,28,29,YES
28,src/java/main/org/apache/zookeeper/server/NettyServerCnxn.java,ZOOKEEPER-2693,12,28,29,YES
12,src/java/main/org/apache/zookeeper/server/command/FourLetterCommands.java,ZOOKEEPER-2693,12,28,29,YES
13,src/java/main/org/apache/zookeeper/server/command/FourLetterCommands.java,ZOOKEEPER-2693,12,28,29,YES
14,src/java/main/org/apache/zookeeper/server/command/FourLetterCommands.java,ZOOKEEPER-2693,12,28,29,YES
15,src/java/main/org/apache/zookeeper/server/command/FourLetterCommands.java,ZOOKEEPER-2693,12,28,29,YES
16,src/java/main/org/apache/zookeeper/server/command/FourLetterCommands.java,ZOOKEEPER-2693,12,28,29,YES
17,src/java/main/org/apache/zookeeper/server/command/FourLetterCommands.java,ZOOKEEPER-2693,12,28,29,YES
18,src/java/main/org/apache/zookeeper/server/command/FourLetterCommands.java,ZOOKEEPER-2693,12,28,29,YES
19,src/java/main/org/apache/zookeeper/server/command/FourLetterCommands.java,ZOOKEEPER-2693,12,28,29,YES
20,src/java/main/org/apache/zookeeper/server/command/FourLetterCommands.java,ZOOKEEPER-2693,12,28,29,YES
21,src/java/main/org/apache/zookeeper/server/command/FourLetterCommands.java,ZOOKEEPER-2693,12,28,29,YES
22,src/java/main/org/apache/zookeeper/server/command/FourLetterCommands.java,ZOOKEEPER-2693,12,28,29,YES
23,src/java/main/org/apache/zookeeper/server/command/FourLetterCommands.java,ZOOKEEPER-2693,12,28,29,YES
24,src/java/main/org/apache/zookeeper/server/command/FourLetterCommands.java,ZOOKEEPER-2693,12,28,29,YES
25,src/java/main/org/apache/zookeeper/server/command/FourLetterCommands.java,ZOOKEEPER-2693,12,28,29,YES
26,src/java/main/org/apache/zookeeper/server/command/FourLetterCommands.java,ZOOKEEPER-2693,12,28,29,YES
27,src/java/main/org/apache/zookeeper/server/command/FourLetterCommands.java,ZOOKEEPER-2693,12,28,29,YES
28,src/java/main/org/apache/zookeeper/server/command/FourLetterCommands.java,ZOOKEEPER-2693,12,28,29,YES
12,src/java/main/org/apache/zookeeper/server/command/NopCommand.java,ZOOKEEPER-2693,12,28,29,YES
13,src/java/main/org/apache/zookeeper/server/command/NopCommand.java,ZOOKEEPER-2693,12,28,29,YES
14,src/java/main/org/apache/zookeeper/server/command/NopCommand.java,ZOOKEEPER-2693,12,28,29,YES
15,src/java/main/org/apache/zookeeper/server/command/NopCommand.java,ZOOKEEPER-2693,12,28,29,YES
16,src/java/main/org/apache/zookeeper/server/command/NopCommand.java,ZOOKEEPER-2693,12,28,29,YES
17,src/java/main/org/apache/zookeeper/server/command/NopCommand.java,ZOOKEEPER-2693,12,28,29,YES
18,src/java/main/org/apache/zookeeper/server/command/NopCommand.java,ZOOKEEPER-2693,12,28,29,YES
19,src/java/main/org/apache/zookeeper/server/command/NopCommand.java,ZOOKEEPER-2693,12,28,29,YES
20,src/java/main/org/apache/zookeeper/server/command/NopCommand.java,ZOOKEEPER-2693,12,28,29,YES
21,src/java/main/org/apache/zookeeper/server/command/NopCommand.java,ZOOKEEPER-2693,12,28,29,YES
22,src/java/main/org/apache/zookeeper/server/command/NopCommand.java,ZOOKEEPER-2693,12,28,29,YES
23,src/java/main/org/apache/zookeeper/server/command/NopCommand.java,ZOOKEEPER-2693,12,28,29,YES
24,src/java/main/org/apache/zookeeper/server/command/NopCommand.java,ZOOKEEPER-2693,12,28,29,YES
25,src/java/main/org/apache/zookeeper/server/command/NopCommand.java,ZOOKEEPER-2693,12,28,29,YES
26,src/java/main/org/apache/zookeeper/server/command/NopCommand.java,ZOOKEEPER-2693,12,28,29,YES
27,src/java/main/org/apache/zookeeper/server/command/NopCommand.java,ZOOKEEPER-2693,12,28,29,YES
28,src/java/main/org/apache/zookeeper/server/command/NopCommand.java,ZOOKEEPER-2693,12,28,29,YES
36,zookeeper-server/src/main/java/org/apache/zookeeper/Version.java,ZOOKEEPER-3780,36,39,40,YES
37,zookeeper-server/src/main/java/org/apache/zookeeper/Version.java,ZOOKEEPER-3780,36,39,40,YES
38,zookeeper-server/src/main/java/org/apache/zookeeper/Version.java,ZOOKEEPER-3780,36,39,40,YES
39,zookeeper-server/src/main/java/org/apache/zookeeper/Version.java,ZOOKEEPER-3780,36,39,40,YES
36,zookeeper-server/src/main/java/org/apache/zookeeper/version/util/VerGen.java,ZOOKEEPER-3780,36,39,40,YES
37,zookeeper-server/src/main/java/org/apache/zookeeper/version/util/VerGen.java,ZOOKEEPER-3780,36,39,40,YES
38,zookeeper-server/src/main/java/org/apache/zookeeper/version/util/VerGen.java,ZOOKEEPER-3780,36,39,40,YES
39,zookeeper-server/src/main/java/org/apache/zookeeper/version/util/VerGen.java,ZOOKEEPER-3780,36,39,40,YES
12,src/java/main/org/apache/zookeeper/server/quorum/Leader.java,ZOOKEEPER-1343,12,15,16,YES
13,src/java/main/org/apache/zookeeper/server/quorum/Leader.java,ZOOKEEPER-1343,12,15,16,YES
14,src/java/main/org/apache/zookeeper/server/quorum/Leader.java,ZOOKEEPER-1343,12,15,16,YES
15,src/java/main/org/apache/zookeeper/server/quorum/Leader.java,ZOOKEEPER-1343,12,15,16,YES
12,src/java/main/org/apache/zookeeper/Op.java,ZOOKEEPER-1344,12,15,17,YES
13,src/java/main/org/apache/zookeeper/Op.java,ZOOKEEPER-1344,12,15,17,YES
14,src/java/main/org/apache/zookeeper/Op.java,ZOOKEEPER-1344,12,15,17,YES
15,src/java/main/org/apache/zookeeper/Op.java,ZOOKEEPER-1344,12,15,17,YES
16,src/java/main/org/apache/zookeeper/Op.java,ZOOKEEPER-1344,12,15,17,YES
12,src/java/main/org/apache/zookeeper/Transaction.java,ZOOKEEPER-1344,12,15,17,YES
13,src/java/main/org/apache/zookeeper/Transaction.java,ZOOKEEPER-1344,12,15,17,YES
14,src/java/main/org/apache/zookeeper/Transaction.java,ZOOKEEPER-1344,12,15,17,YES
15,src/java/main/org/apache/zookeeper/Transaction.java,ZOOKEEPER-1344,12,15,17,YES
16,src/java/main/org/apache/zookeeper/Transaction.java,ZOOKEEPER-1344,12,15,17,YES
12,src/java/main/org/apache/zookeeper/ZooKeeper.java,ZOOKEEPER-1344,12,15,17,YES
13,src/java/main/org/apache/zookeeper/ZooKeeper.java,ZOOKEEPER-1344,12,15,17,YES
14,src/java/main/org/apache/zookeeper/ZooKeeper.java,ZOOKEEPER-1344,12,15,17,YES
15,src/java/main/org/apache/zookeeper/ZooKeeper.java,ZOOKEEPER-1344,12,15,17,YES
16,src/java/main/org/apache/zookeeper/ZooKeeper.java,ZOOKEEPER-1344,12,15,17,YES
26,src/java/main/org/apache/zookeeper/server/ZooKeeperServer.java,ZOOKEEPER-2678,26,28,29,YES
27,src/java/main/org/apache/zookeeper/server/ZooKeeperServer.java,ZOOKEEPER-2678,26,28,29,YES
28,src/java/main/org/apache/zookeeper/server/ZooKeeperServer.java,ZOOKEEPER-2678,26,28,29,YES
26,src/java/main/org/apache/zookeeper/server/ZooKeeperServerMain.java,ZOOKEEPER-2678,26,28,29,YES
27,src/java/main/org/apache/zookeeper/server/ZooKeeperServerMain.java,ZOOKEEPER-2678,26,28,29,YES
28,src/java/main/org/apache/zookeeper/server/ZooKeeperServerMain.java,ZOOKEEPER-2678,26,28,29,YES
26,src/java/main/org/apache/zookeeper/server/quorum/Learner.java,ZOOKEEPER-2678,26,28,29,YES
27,src/java/main/org/apache/zookeeper/server/quorum/Learner.java,ZOOKEEPER-2678,26,28,29,YES
28,src/java/main/org/apache/zookeeper/server/quorum/Learner.java,ZOOKEEPER-2678,26,28,29,YES
8,src/java/main/org/apache/zookeeper/server/SyncRequestProcessor.java,ZOOKEEPER-1109,8,12,13,YES
9,src/java/main/org/apache/zookeeper/server/SyncRequestProcessor.java,ZOOKEEPER-1109,8,12,13,YES
10,src/java/main/org/apache/zookeeper/server/SyncRequestProcessor.java,ZOOKEEPER-1109,8,12,13,YES
11,src/java/main/org/apache/zookeeper/server/SyncRequestProcessor.java,ZOOKEEPER-1109,8,12,13,YES
12,src/java/main/org/apache/zookeeper/server/SyncRequestProcessor.java,ZOOKEEPER-1109,8,12,13,YES
51,zookeeper-server/src/main/java/org/apache/zookeeper/server/ZooKeeperServer.java,ZOOKEEPER-4858,51,57,58,YES
52,zookeeper-server/src/main/java/org/apache/zookeeper/server/ZooKeeperServer.java,ZOOKEEPER-4858,51,57,58,YES
53,zookeeper-server/src/main/java/org/apache/zookeeper/server/ZooKeeperServer.java,ZOOKEEPER-4858,51,57,58,YES
54,zookeeper-server/src/main/java/org/apache/zookeeper/server/ZooKeeperServer.java,ZOOKEEPER-4858,51,57,58,YES
55,zookeeper-server/src/main/java/org/apache/zookeeper/server/ZooKeeperServer.java,ZOOKEEPER-4858,51,57,58,YES
56,zookeeper-server/src/main/java/org/apache/zookeeper/server/ZooKeeperServer.java,ZOOKEEPER-4858,51,57,58,YES
57,zookeeper-server/src/main/java/org/apache/zookeeper/server/ZooKeeperServer.java,ZOOKEEPER-4858,51,57,58,YES
37,zookeeper-server/src/main/java/org/apache/zookeeper/server/quorum/FastLeaderElection.java,ZOOKEEPER-3769,37,39,40,YES
38,zookeeper-server/src/main/java/org/apache/zookeeper/server/quorum/FastLeaderElection.java,ZOOKEEPER-3769,37,39,40,YES
39,zookeeper-server/src/main/java/org/apache/zookeeper/server/quorum/FastLeaderElection.java,ZOOKEEPER-3769,37,39,40,YES
11,src/java/main/org/apache/zookeeper/ClientCnxn.java,ZOOKEEPER-1108,11,12,13,YES
12,src/java/main/org/apache/zookeeper/ClientCnxn.java,ZOOKEEPER-1108,11,12,13,YES
11,src/java/main/org/apache/zookeeper/ZooKeeper.java,ZOOKEEPER-1108,11,12,13,YES
12,src/java/main/org/apache/zookeeper/ZooKeeper.java,ZOOKEEPER-1108,11,12,13,YES
23,src/java/main/org/apache/zookeeper/server/ContainerManager.java,ZOOKEEPER-2680,23,28,29,YES
24,src/java/main/org/apache/zookeeper/server/ContainerManager.java,ZOOKEEPER-2680,23,28,29,YES
25,src/java/main/org/apache/zookeeper/server/ContainerManager.java,ZOOKEEPER-2680,23,28,29,YES
26,src/java/main/org/apache/zookeeper/server/ContainerManager.java,ZOOKEEPER-2680,23,28,29,YES
27,src/java/main/org/apache/zookeeper/server/ContainerManager.java,ZOOKEEPER-2680,23,28,29,YES
28,src/java/main/org/apache/zookeeper/server/ContainerManager.java,ZOOKEEPER-2680,23,28,29,YES
23,src/java/main/org/apache/zookeeper/server/DataNode.java,ZOOKEEPER-2680,23,28,29,YES
24,src/java/main/org/apache/zookeeper/server/DataNode.java,ZOOKEEPER-2680,23,28,29,YES
25,src/java/main/org/apache/zookeeper/server/DataNode.java,ZOOKEEPER-2680,23,28,29,YES
26,src/java/main/org/apache/zookeeper/server/DataNode.java,ZOOKEEPER-2680,23,28,29,YES
27,src/java/main/org/apache/zookeeper/server/DataNode.java,ZOOKEEPER-2680,23,28,29,YES
28,src/java/main/org/apache/zookeeper/server/DataNode.java,ZOOKEEPER-2680,23,28,29,YES
23,src/java/main/org/apache/zookeeper/server/DataTree.java,ZOOKEEPER-2680,23,28,29,YES
24,src/java/main/org/apache/zookeeper/server/DataTree.java,ZOOKEEPER-2680,23,28,29,YES
25,src/java/main/org/apache/zookeeper/server/DataTree.java,ZOOKEEPER-2680,23,28,29,YES
26,src/java/main/org/apache/zookeeper/server/DataTree.java,ZOOKEEPER-2680,23,28,29,YES
27,src/java/main/org/apache/zookeeper/server/DataTree.java,ZOOKEEPER-2680,23,28,29,YES
28,src/java/main/org/apache/zookeeper/server/DataTree.java,ZOOKEEPER-2680,23,28,29,YES
23,src/java/main/org/apache/zookeeper/server/PrepRequestProcessor.java,ZOOKEEPER-2680,23,28,29,YES
24,src/java/main/org/apache/zookeeper/server/PrepRequestProcessor.java,ZOOKEEPER-2680,23,28,29,YES
25,src/java/main/org/apache/zookeeper/server/PrepRequestProcessor.java,ZOOKEEPER-2680,23,28,29,YES
26,src/java/main/org/apache/zookeeper/server/PrepRequestProcessor.java,ZOOKEEPER-2680,23,28,29,YES
27,src/java/main/org/apache/zookeeper/server/PrepRequestProcessor.java,ZOOKEEPER-2680,23,28,29,YES
28,src/java/main/org/apache/zookeeper/server/PrepRequestProcessor.java,ZOOKEEPER-2680,23,28,29,YES
23,src/java/main/org/apache/zookeeper/server/SnapshotFormatter.java,ZOOKEEPER-2680,23,28,29,YES
24,src/java/main/org/apache/zookeeper/server/SnapshotFormatter.java,ZOOKEEPER-2680,23,28,29,YES
25,src/java/main/org/apache/zookeeper/server/SnapshotFormatter.java,ZOOKEEPER-2680,23,28,29,YES
26,src/java/main/org/apache/zookeeper/server/SnapshotFormatter.java,ZOOKEEPER-2680,23,28,29,YES
27,src/java/main/org/apache/zookeeper/server/SnapshotFormatter.java,ZOOKEEPER-2680,23,28,29,YES
28,src/java/main/org/apache/zookeeper/server/SnapshotFormatter.java,ZOOKEEPER-2680,23,28,29,YES
39,zookeeper-server/src/main/java/org/apache/zookeeper/server/ZooKeeperServer.java,ZOOKEEPER-3994,39,42,43,YES
40,zookeeper-server/src/main/java/org/apache/zookeeper/server/ZooKeeperServer.java,ZOOKEEPER-3994,39,42,43,YES
41,zookeeper-server/src/main/java/org/apache/zookeeper/server/ZooKeeperServer.java,ZOOKEEPER-3994,39,42,43,YES
42,zookeeper-server/src/main/java/org/apache/zookeeper/server/ZooKeeperServer.java,ZOOKEEPER-3994,39,42,43,YES
12,src/java/main/org/apache/zookeeper/server/DataTree.java,ZOOKEEPER-1333,12,15,16,YES
13,src/java/main/org/apache/zookeeper/server/DataTree.java,ZOOKEEPER-1333,12,15,16,YES
14,src/java/main/org/apache/zookeeper/server/DataTree.java,ZOOKEEPER-1333,12,15,16,YES
15,src/java/main/org/apache/zookeeper/server/DataTree.java,ZOOKEEPER-1333,12,15,16,YES
12,src/java/main/org/apache/zookeeper/server/persistence/FileTxnSnapLog.java,ZOOKEEPER-1333,12,15,16,YES
13,src/java/main/org/apache/zookeeper/server/persistence/FileTxnSnapLog.java,ZOOKEEPER-1333,12,15,16,YES
14,src/java/main/org/apache/zookeeper/server/persistence/FileTxnSnapLog.java,ZOOKEEPER-1333,12,15,16,YES
15,src/java/main/org/apache/zookeeper/server/persistence/FileTxnSnapLog.java,ZOOKEEPER-1333,12,15,16,YES
41,zookeeper-server/src/main/java/org/apache/zookeeper/ZooKeeper.java,ZOOKEEPER-3992,41,42,43,YES
42,zookeeper-server/src/main/java/org/apache/zookeeper/ZooKeeper.java,ZOOKEEPER-3992,41,42,43,YES
16,src/java/main/org/apache/zookeeper/server/persistence/FileTxnSnapLog.java,ZOOKEEPER-1573,16,20,21,YES
17,src/java/main/org/apache/zookeeper/server/persistence/FileTxnSnapLog.java,ZOOKEEPER-1573,16,20,21,YES
18,src/java/main/org/apache/zookeeper/server/persistence/FileTxnSnapLog.java,ZOOKEEPER-1573,16,20,21,YES
19,src/java/main/org/apache/zookeeper/server/persistence/FileTxnSnapLog.java,ZOOKEEPER-1573,16,20,21,YES
20,src/java/main/org/apache/zookeeper/server/persistence/FileTxnSnapLog.java,ZOOKEEPER-1573,16,20,21,YES
54,zookeeper-server/src/main/java/org/apache/zookeeper/server/DataTree.java,ZOOKEEPER-4846,54,57,58,YES
55,zookeeper-server/src/main/java/org/apache/zookeeper/server/DataTree.java,ZOOKEEPER-4846,54,57,58,YES
56,zookeeper-server/src/main/java/org/apache/zookeeper/server/DataTree.java,ZOOKEEPER-4846,54,57,58,YES
57,zookeeper-server/src/main/java/org/apache/zookeeper/server/DataTree.java,ZOOKEEPER-4846,54,57,58,YES
14,src/java/main/org/apache/zookeeper/KeeperException.java,ZOOKEEPER-1336,14,15,16,YES
15,src/java/main/org/apache/zookeeper/KeeperException.java,ZOOKEEPER-1336,14,15,16,YES
14,src/java/main/org/apache/zookeeper/Transaction.java,ZOOKEEPER-1336,14,15,16,YES
15,src/java/main/org/apache/zookeeper/Transaction.java,ZOOKEEPER-1336,14,15,16,YES
14,src/java/main/org/apache/zookeeper/ZooKeeper.java,ZOOKEEPER-1336,14,15,16,YES
15,src/java/main/org/apache/zookeeper/ZooKeeper.java,ZOOKEEPER-1336,14,15,16,YES
36,zookeeper-server/src/main/java/org/apache/zookeeper/server/quorum/QuorumCnxManager.java,ZOOKEEPER-3756,36,39,40,YES
37,zookeeper-server/src/main/java/org/apache/zookeeper/server/quorum/QuorumCnxManager.java,ZOOKEEPER-3756,36,39,40,YES
38,zookeeper-server/src/main/java/org/apache/zookeeper/server/quorum/QuorumCnxManager.java,ZOOKEEPER-3756,36,39,40,YES
39,zookeeper-server/src/main/java/org/apache/zookeeper/server/quorum/QuorumCnxManager.java,ZOOKEEPER-3756,36,39,40,YES
19,src/java/main/org/apache/zookeeper/client/HostProvider.java,ZOOKEEPER-1576,19,20,22,YES
20,src/java/main/org/apache/zookeeper/client/HostProvider.java,ZOOKEEPER-1576,19,20,22,YES
21,src/java/main/org/apache/zookeeper/client/HostProvider.java,ZOOKEEPER-1576,19,20,22,YES
19,src/java/main/org/apache/zookeeper/client/StaticHostProvider.java,ZOOKEEPER-1576,19,20,22,YES
20,src/java/main/org/apache/zookeeper/client/StaticHostProvider.java,ZOOKEEPER-1576,19,20,22,YES
21,src/java/main/org/apache/zookeeper/client/StaticHostProvider.java,ZOOKEEPER-1576,19,20,22,YES
55,zookeeper-jute/src/main/java/org/apache/jute/BinaryInputArchive.java,ZOOKEEPER-4843,55,57,58,YES
56,zookeeper-jute/src/main/java/org/apache/jute/BinaryInputArchive.java,ZOOKEEPER-4843,55,57,58,YES
57,zookeeper-jute/src/main/java/org/apache/jute/BinaryInputArchive.java,ZOOKEEPER-4843,55,57,58,YES
38,zookeeper-server/src/main/java/org/apache/zookeeper/server/persistence/TxnLogToolkit.java,ZOOKEEPER-4607,38,48,57,YES
39,zookeeper-server/src/main/java/org/apache/zookeeper/server/persistence/TxnLogToolkit.java,ZOOKEEPER-4607,38,48,57,YES
40,zookeeper-server/src/main/java/org/apache/zookeeper/server/persistence/TxnLogToolkit.java,ZOOKEEPER-4607,38,48,57,YES
41,zookeeper-server/src/main/java/org/apache/zookeeper/server/persistence/TxnLogToolkit.java,ZOOKEEPER-4607,38,48,57,YES
42,zookeeper-server/src/main/java/org/apache/zookeeper/server/persistence/TxnLogToolkit.java,ZOOKEEPER-4607,38,48,57,YES
43,zookeeper-server/src/main/java/org/apache/zookeeper/server/persistence/TxnLogToolkit.java,ZOOKEEPER-4607,38,48,57,YES
44,zookeeper-server/src/main/java/org/apache/zookeeper/server/persistence/TxnLogToolkit.java,ZOOKEEPER-4607,38,48,57,YES
45,zookeeper-server/src/main/java/org/apache/zookeeper/server/persistence/TxnLogToolkit.java,ZOOKEEPER-4607,38,48,57,YES
46,zookeeper-server/src/main/java/org/apache/zookeeper/server/persistence/TxnLogToolkit.java,ZOOKEEPER-4607,38,48,57,YES
47,zookeeper-server/src/main/java/org/apache/zookeeper/server/persistence/TxnLogToolkit.java,ZOOKEEPER-4607,38,48,57,YES
48,zookeeper-server/src/main/java/org/apache/zookeeper/server/persistence/TxnLogToolkit.java,ZOOKEEPER-4607,38,48,57,YES
49,zookeeper-server/src/main/java/org/apache/zookeeper/server/persistence/TxnLogToolkit.java,ZOOKEEPER-4607,38,48,57,YES
50,zookeeper-server/src/main/java/org/apache/zookeeper/server/persistence/TxnLogToolkit.java,ZOOKEEPER-4607,38,48,57,YES
51,zookeeper-server/src/main/java/org/apache/zookeeper/server/persistence/TxnLogToolkit.java,ZOOKEEPER-4607,38,48,57,YES
52,zookeeper-server/src/main/java/org/apache/zookeeper/server/persistence/TxnLogToolkit.java,ZOOKEEPER-4607,38,48,57,YES
53,zookeeper-server/src/main/java/org/apache/zookeeper/server/persistence/TxnLogToolkit.java,ZOOKEEPER-4607,38,48,57,YES
54,zookeeper-server/src/main/java/org/apache/zookeeper/server/persistence/TxnLogToolkit.java,ZOOKEEPER-4607,38,48,57,YES
55,zookeeper-server/src/main/java/org/apache/zookeeper/server/persistence/TxnLogToolkit.java,ZOOKEEPER-4607,38,48,57,YES
56,zookeeper-server/src/main/java/org/apache/zookeeper/server/persistence/TxnLogToolkit.java,ZOOKEEPER-4607,38,48,57,YES
12,src/java/main/org/apache/zookeeper/OpResult.java,ZOOKEEPER-1338,12,15,16,YES
13,src/java/main/org/apache/zookeeper/OpResult.java,ZOOKEEPER-1338,12,15,16,YES
14,src/java/main/org/apache/zookeeper/OpResult.java,ZOOKEEPER-1338,12,15,16,YES
15,src/java/main/org/apache/zookeeper/OpResult.java,ZOOKEEPER-1338,12,15,16,YES
38,zookeeper-server/src/main/java/org/apache/zookeeper/server/quorum/Learner.java,ZOOKEEPER-3758,38,39,40,YES
39,zookeeper-server/src/main/java/org/apache/zookeeper/server/quorum/Learner.java,ZOOKEEPER-3758,38,39,40,YES
38,zookeeper-server/src/main/java/org/apache/zookeeper/server/quorum/MultipleAddresses.java,ZOOKEEPER-3758,38,39,40,YES
39,zookeeper-server/src/main/java/org/apache/zookeeper/server/quorum/MultipleAddresses.java,ZOOKEEPER-3758,38,39,40,YES
37,zookeeper-server/src/main/java/org/apache/zookeeper/ZooKeeperMain.java,ZOOKEEPER-3760,37,39,40,YES
38,zookeeper-server/src/main/java/org/apache/zookeeper/ZooKeeperMain.java,ZOOKEEPER-3760,37,39,40,YES
39,zookeeper-server/src/main/java/org/apache/zookeeper/ZooKeeperMain.java,ZOOKEEPER-3760,37,39,40,YES
12,src/java/main/org/apache/zookeeper/server/DataTree.java,ZOOKEEPER-1340,12,15,16,YES
13,src/java/main/org/apache/zookeeper/server/DataTree.java,ZOOKEEPER-1340,12,15,16,YES
14,src/java/main/org/apache/zookeeper/server/DataTree.java,ZOOKEEPER-1340,12,15,16,YES
15,src/java/main/org/apache/zookeeper/server/DataTree.java,ZOOKEEPER-1340,12,15,16,YES
12,src/java/main/org/apache/zookeeper/server/PrepRequestProcessor.java,ZOOKEEPER-1340,12,15,16,YES
13,src/java/main/org/apache/zookeeper/server/PrepRequestProcessor.java,ZOOKEEPER-1340,12,15,16,YES
14,src/java/main/org/apache/zookeeper/server/PrepRequestProcessor.java,ZOOKEEPER-1340,12,15,16,YES
15,src/java/main/org/apache/zookeeper/server/PrepRequestProcessor.java,ZOOKEEPER-1340,12,15,16,YES
1,src/java/main/org/apache/zookeeper/server/quorum/QuorumPeer.java,ZOOKEEPER-1580,1,20,31,YES
2,src/java/main/org/apache/zookeeper/server/quorum/QuorumPeer.java,ZOOKEEPER-1580,1,20,31,YES
3,src/java/main/org/apache/zookeeper/server/quorum/QuorumPeer.java,ZOOKEEPER-1580,1,20,31,YES
4,src/java/main/org/apache/zookeeper/server/quorum/QuorumPeer.java,ZOOKEEPER-1580,1,20,31,YES
5,src/java/main/org/apache/zookeeper/server/quorum/QuorumPeer.java,ZOOKEEPER-1580,1,20,31,YES
6,src/java/main/org/apache/zookeeper/server/quorum/QuorumPeer.java,ZOOKEEPER-1580,1,20,31,YES
7,src/java/main/org/apache/zookeeper/server/quorum/QuorumPeer.java,ZOOKEEPER-1580,1,20,31,YES
8,src/java/main/org/apache/zookeeper/server/quorum/QuorumPeer.java,ZOOKEEPER-1580,1,20,31,YES
9,src/java/main/org/apache/zookeeper/server/quorum/QuorumPeer.java,ZOOKEEPER-1580,1,20,31,YES
10,src/java/main/org/apache/zookeeper/server/quorum/QuorumPeer.java,ZOOKEEPER-1580,1,20,31,YES
11,src/java/main/org/apache/zookeeper/server/quorum/QuorumPeer.java,ZOOKEEPER-1580,1,20,31,YES
12,src/java/main/org/apache/zookeeper/server/quorum/QuorumPeer.java,ZOOKEEPER-1580,1,20,31,YES
13,src/java/main/org/apache/zookeeper/server/quorum/QuorumPeer.java,ZOOKEEPER-1580,1,20,31,YES
14,src/java/main/org/apache/zookeeper/server/quorum/QuorumPeer.java,ZOOKEEPER-1580,1,20,31,YES
15,src/java/main/org/apache/zookeeper/server/quorum/QuorumPeer.java,ZOOKEEPER-1580,1,20,31,YES
16,src/java/main/org/apache/zookeeper/server/quorum/QuorumPeer.java,ZOOKEEPER-1580,1,20,31,YES
17,src/java/main/org/apache/zookeeper/server/quorum/QuorumPeer.java,ZOOKEEPER-1580,1,20,31,YES
18,src/java/main/org/apache/zookeeper/server/quorum/QuorumPeer.java,ZOOKEEPER-1580,1,20,31,YES
19,src/java/main/org/apache/zookeeper/server/quorum/QuorumPeer.java,ZOOKEEPER-1580,1,20,31,YES
20,src/java/main/org/apache/zookeeper/server/quorum/QuorumPeer.java,ZOOKEEPER-1580,1,20,31,YES
21,src/java/main/org/apache/zookeeper/server/quorum/QuorumPeer.java,ZOOKEEPER-1580,1,20,31,YES
22,src/java/main/org/apache/zookeeper/server/quorum/QuorumPeer.java,ZOOKEEPER-1580,1,20,31,YES
23,src/java/main/org/apache/zookeeper/server/quorum/QuorumPeer.java,ZOOKEEPER-1580,1,20,31,YES
24,src/java/main/org/apache/zookeeper/server/quorum/QuorumPeer.java,ZOOKEEPER-1580,1,20,31,YES
25,src/java/main/org/apache/zookeeper/server/quorum/QuorumPeer.java,ZOOKEEPER-1580,1,20,31,YES
26,src/java/main/org/apache/zookeeper/server/quorum/QuorumPeer.java,ZOOKEEPER-1580,1,20,31,YES
27,src/java/main/org/apache/zookeeper/server/quorum/QuorumPeer.java,ZOOKEEPER-1580,1,20,31,YES
28,src/java/main/org/apache/zookeeper/server/quorum/QuorumPeer.java,ZOOKEEPER-1580,1,20,31,YES
29,src/java/main/org/apache/zookeeper/server/quorum/QuorumPeer.java,ZOOKEEPER-1580,1,20,31,YES
30,src/java/main/org/apache/zookeeper/server/quorum/QuorumPeer.java,ZOOKEEPER-1580,1,20,31,YES
32,src/java/main/org/apache/zookeeper/server/quorum/Leader.java,ZOOKEEPER-3104,32,34,35,YES
33,src/java/main/org/apache/zookeeper/server/quorum/Leader.java,ZOOKEEPER-3104,32,34,35,YES
34,src/java/main/org/apache/zookeeper/server/quorum/Leader.java,ZOOKEEPER-3104,32,34,35,YES
32,src/java/main/org/apache/zookeeper/server/quorum/LearnerHandler.java,ZOOKEEPER-3104,32,34,35,YES
33,src/java/main/org/apache/zookeeper/server/quorum/LearnerHandler.java,ZOOKEEPER-3104,32,34,35,YES
34,src/java/main/org/apache/zookeeper/server/quorum/LearnerHandler.java,ZOOKEEPER-3104,32,34,35,YES
22,src/java/main/org/apache/zookeeper/ClientCnxn.java,ZOOKEEPER-2014,22,23,28,YES
23,src/java/main/org/apache/zookeeper/ClientCnxn.java,ZOOKEEPER-2014,22,23,28,YES
24,src/java/main/org/apache/zookeeper/ClientCnxn.java,ZOOKEEPER-2014,22,23,28,YES
25,src/java/main/org/apache/zookeeper/ClientCnxn.java,ZOOKEEPER-2014,22,23,28,YES
26,src/java/main/org/apache/zookeeper/ClientCnxn.java,ZOOKEEPER-2014,22,23,28,YES
27,src/java/main/org/apache/zookeeper/ClientCnxn.java,ZOOKEEPER-2014,22,23,28,YES
22,src/java/main/org/apache/zookeeper/KeeperException.java,ZOOKEEPER-2014,22,23,28,YES
23,src/java/main/org/apache/zookeeper/KeeperException.java,ZOOKEEPER-2014,22,23,28,YES
24,src/java/main/org/apache/zookeeper/KeeperException.java,ZOOKEEPER-2014,22,23,28,YES
25,src/java/main/org/apache/zookeeper/KeeperException.java,ZOOKEEPER-2014,22,23,28,YES
26,src/java/main/org/apache/zookeeper/KeeperException.java,ZOOKEEPER-2014,22,23,28,YES
27,src/java/main/org/apache/zookeeper/KeeperException.java,ZOOKEEPER-2014,22,23,28,YES
22,src/java/main/org/apache/zookeeper/ZooKeeper.java,ZOOKEEPER-2014,22,23,28,YES
23,src/java/main/org/apache/zookeeper/ZooKeeper.java,ZOOKEEPER-2014,22,23,28,YES
24,src/java/main/org/apache/zookeeper/ZooKeeper.java,ZOOKEEPER-2014,22,23,28,YES
25,src/java/main/org/apache/zookeeper/ZooKeeper.java,ZOOKEEPER-2014,22,23,28,YES
26,src/java/main/org/apache/zookeeper/ZooKeeper.java,ZOOKEEPER-2014,22,23,28,YES
27,src/java/main/org/apache/zookeeper/ZooKeeper.java,ZOOKEEPER-2014,22,23,28,YES
22,src/java/main/org/apache/zookeeper/ZooKeeperMain.java,ZOOKEEPER-2014,22,23,28,YES
23,src/java/main/org/apache/zookeeper/ZooKeeperMain.java,ZOOKEEPER-2014,22,23,28,YES
24,src/java/main/org/apache/zookeeper/ZooKeeperMain.java,ZOOKEEPER-2014,22,23,28,YES
25,src/java/main/org/apache/zookeeper/ZooKeeperMain.java,ZOOKEEPER-2014,22,23,28,YES
26,src/java/main/org/apache/zookeeper/ZooKeeperMain.java,ZOOKEEPER-2014,22,23,28,YES
27,src/java/main/org/apache/zookeeper/ZooKeeperMain.java,ZOOKEEPER-2014,22,23,28,YES
22,src/java/main/org/apache/zookeeper/admin/ZooKeeperAdmin.java,ZOOKEEPER-2014,22,23,28,YES
23,src/java/main/org/apache/zookeeper/admin/ZooKeeperAdmin.java,ZOOKEEPER-2014,22,23,28,YES
24,src/java/main/org/apache/zookeeper/admin/ZooKeeperAdmin.java,ZOOKEEPER-2014,22,23,28,YES
25,src/java/main/org/apache/zookeeper/admin/ZooKeeperAdmin.java,ZOOKEEPER-2014,22,23,28,YES
26,src/java/main/org/apache/zookeeper/admin/ZooKeeperAdmin.java,ZOOKEEPER-2014,22,23,28,YES
27,src/java/main/org/apache/zookeeper/admin/ZooKeeperAdmin.java,ZOOKEEPER-2014,22,23,28,YES
22,src/java/main/org/apache/zookeeper/cli/CliCommand.java,ZOOKEEPER-2014,22,23,28,YES
23,src/java/main/org/apache/zookeeper/cli/CliCommand.java,ZOOKEEPER-2014,22,23,28,YES
24,src/java/main/org/apache/zookeeper/cli/CliCommand.java,ZOOKEEPER-2014,22,23,28,YES
25,src/java/main/org/apache/zookeeper/cli/CliCommand.java,ZOOKEEPER-2014,22,23,28,YES
26,src/java/main/org/apache/zookeeper/cli/CliCommand.java,ZOOKEEPER-2014,22,23,28,YES
27,src/java/main/org/apache/zookeeper/cli/CliCommand.java,ZOOKEEPER-2014,22,23,28,YES
22,src/java/main/org/apache/zookeeper/cli/ReconfigCommand.java,ZOOKEEPER-2014,22,23,28,YES
23,src/java/main/org/apache/zookeeper/cli/ReconfigCommand.java,ZOOKEEPER-2014,22,23,28,YES
24,src/java/main/org/apache/zookeeper/cli/ReconfigCommand.java,ZOOKEEPER-2014,22,23,28,YES
25,src/java/main/org/apache/zookeeper/cli/ReconfigCommand.java,ZOOKEEPER-2014,22,23,28,YES
26,src/java/main/org/apache/zookeeper/cli/ReconfigCommand.java,ZOOKEEPER-2014,22,23,28,YES
27,src/java/main/org/apache/zookeeper/cli/ReconfigCommand.java,ZOOKEEPER-2014,22,23,28,YES
22,src/java/main/org/apache/zookeeper/server/DataTree.java,ZOOKEEPER-2014,22,23,28,YES
23,src/java/main/org/apache/zookeeper/server/DataTree.java,ZOOKEEPER-2014,22,23,28,YES
24,src/java/main/org/apache/zookeeper/server/DataTree.java,ZOOKEEPER-2014,22,23,28,YES
25,src/java/main/org/apache/zookeeper/server/DataTree.java,ZOOKEEPER-2014,22,23,28,YES
26,src/java/main/org/apache/zookeeper/server/DataTree.java,ZOOKEEPER-2014,22,23,28,YES
27,src/java/main/org/apache/zookeeper/server/DataTree.java,ZOOKEEPER-2014,22,23,28,YES
22,src/java/main/org/apache/zookeeper/server/PrepRequestProcessor.java,ZOOKEEPER-2014,22,23,28,YES
23,src/java/main/org/apache/zookeeper/server/PrepRequestProcessor.java,ZOOKEEPER-2014,22,23,28,YES
24,src/java/main/org/apache/zookeeper/server/PrepRequestProcessor.java,ZOOKEEPER-2014,22,23,28,YES
25,src/java/main/org/apache/zookeeper/server/PrepRequestProcessor.java,ZOOKEEPER-2014,22,23,28,YES
26,src/java/main/org/apache/zookeeper/server/PrepRequestProcessor.java,ZOOKEEPER-2014,22,23,28,YES
27,src/java/main/org/apache/zookeeper/server/PrepRequestProcessor.java,ZOOKEEPER-2014,22,23,28,YES
22,src/java/main/org/apache/zookeeper/server/ZooKeeperServer.java,ZOOKEEPER-2014,22,23,28,YES
23,src/java/main/org/apache/zookeeper/server/ZooKeeperServer.java,ZOOKEEPER-2014,22,23,28,YES
24,src/java/main/org/apache/zookeeper/server/ZooKeeperServer.java,ZOOKEEPER-2014,22,23,28,YES
25,src/java/main/org/apache/zookeeper/server/ZooKeeperServer.java,ZOOKEEPER-2014,22,23,28,YES
26,src/java/main/org/apache/zookeeper/server/ZooKeeperServer.java,ZOOKEEPER-2014,22,23,28,YES
27,src/java/main/org/apache/zookeeper/server/ZooKeeperServer.java,ZOOKEEPER-2014,22,23,28,YES
22,src/java/main/org/apache/zookeeper/server/ZooKeeperServerMain.java,ZOOKEEPER-2014,22,23,28,YES
23,src/java/main/org/apache/zookeeper/server/ZooKeeperServerMain.java,ZOOKEEPER-2014,22,23,28,YES
24,src/java/main/org/apache/zookeeper/server/ZooKeeperServerMain.java,ZOOKEEPER-2014,22,23,28,YES
25,src/java/main/org/apache/zookeeper/server/ZooKeeperServerMain.java,ZOOKEEPER-2014,22,23,28,YES
26,src/java/main/org/apache/zookeeper/server/ZooKeeperServerMain.java,ZOOKEEPER-2014,22,23,28,YES
27,src/java/main/org/apache/zookeeper/server/ZooKeeperServerMain.java,ZOOKEEPER-2014,22,23,28,YES
22,src/java/main/org/apache/zookeeper/server/quorum/QuorumPeerConfig.java,ZOOKEEPER-2014,22,23,28,YES
23,src/java/main/org/apache/zookeeper/server/quorum/QuorumPeerConfig.java,ZOOKEEPER-2014,22,23,28,YES
24,src/java/main/org/apache/zookeeper/server/quorum/QuorumPeerConfig.java,ZOOKEEPER-2014,22,23,28,YES
25,src/java/main/org/apache/zookeeper/server/quorum/QuorumPeerConfig.java,ZOOKEEPER-2014,22,23,28,YES
26,src/java/main/org/apache/zookeeper/server/quorum/QuorumPeerConfig.java,ZOOKEEPER-2014,22,23,28,YES
27,src/java/main/org/apache/zookeeper/server/quorum/QuorumPeerConfig.java,ZOOKEEPER-2014,22,23,28,YES
22,src/java/main/org/apache/zookeeper/server/quorum/QuorumPeerMain.java,ZOOKEEPER-2014,22,23,28,YES
23,src/java/main/org/apache/zookeeper/server/quorum/QuorumPeerMain.java,ZOOKEEPER-2014,22,23,28,YES
24,src/java/main/org/apache/zookeeper/server/quorum/QuorumPeerMain.java,ZOOKEEPER-2014,22,23,28,YES
25,src/java/main/org/apache/zookeeper/server/quorum/QuorumPeerMain.java,ZOOKEEPER-2014,22,23,28,YES
26,src/java/main/org/apache/zookeeper/server/quorum/QuorumPeerMain.java,ZOOKEEPER-2014,22,23,28,YES
27,src/java/main/org/apache/zookeeper/server/quorum/QuorumPeerMain.java,ZOOKEEPER-2014,22,23,28,YES
12,src/java/main/org/apache/zookeeper/jmx/MBeanRegistry.java,ZOOKEEPER-1168,12,12,13,YES
12,src/java/main/org/apache/zookeeper/jmx/ManagedUtil.java,ZOOKEEPER-1168,12,12,13,YES
5,src/java/main/org/apache/zookeeper/server/quorum/LearnerHandler.java,ZOOKEEPER-511,5,6,8,YES
6,src/java/main/org/apache/zookeeper/server/quorum/LearnerHandler.java,ZOOKEEPER-511,5,6,8,YES
7,src/java/main/org/apache/zookeeper/server/quorum/LearnerHandler.java,ZOOKEEPER-511,5,6,8,YES
5,src/java/main/org/apache/zookeeper/server/quorum/QuorumCnxManager.java,ZOOKEEPER-512,5,6,7,YES
6,src/java/main/org/apache/zookeeper/server/quorum/QuorumCnxManager.java,ZOOKEEPER-512,5,6,7,YES
36,zookeeper-server/src/main/java/org/apache/zookeeper/client/ZKClientConfig.java,ZOOKEEPER-3590,36,37,38,YES
37,zookeeper-server/src/main/java/org/apache/zookeeper/client/ZKClientConfig.java,ZOOKEEPER-3590,36,37,38,YES
5,src/java/main/org/apache/zookeeper/server/quorum/LearnerHandler.java,ZOOKEEPER-519,5,6,7,YES
6,src/java/main/org/apache/zookeeper/server/quorum/LearnerHandler.java,ZOOKEEPER-519,5,6,7,YES
11,src/java/main/org/apache/zookeeper/ClientCnxn.java,ZOOKEEPER-1174,11,12,13,YES
12,src/java/main/org/apache/zookeeper/ClientCnxn.java,ZOOKEEPER-1174,11,12,13,YES
11,src/java/main/org/apache/zookeeper/ClientCnxnSocketNIO.java,ZOOKEEPER-1174,11,12,13,YES
12,src/java/main/org/apache/zookeeper/ClientCnxnSocketNIO.java,ZOOKEEPER-1174,11,12,13,YES
11,src/java/main/org/apache/zookeeper/server/DataTree.java,ZOOKEEPER-1174,11,12,13,YES
12,src/java/main/org/apache/zookeeper/server/DataTree.java,ZOOKEEPER-1174,11,12,13,YES
22,src/java/main/org/apache/zookeeper/server/quorum/QuorumPeerConfig.java,ZOOKEEPER-2264,22,23,24,YES
23,src/java/main/org/apache/zookeeper/server/quorum/QuorumPeerConfig.java,ZOOKEEPER-2264,22,23,24,YES
22,src/java/main/org/apache/zookeeper/server/ZooKeeperServer.java,ZOOKEEPER-2261,22,23,34,YES
23,src/java/main/org/apache/zookeeper/server/ZooKeeperServer.java,ZOOKEEPER-2261,22,23,34,YES
24,src/java/main/org/apache/zookeeper/server/ZooKeeperServer.java,ZOOKEEPER-2261,22,23,34,YES
25,src/java/main/org/apache/zookeeper/server/ZooKeeperServer.java,ZOOKEEPER-2261,22,23,34,YES
26,src/java/main/org/apache/zookeeper/server/ZooKeeperServer.java,ZOOKEEPER-2261,22,23,34,YES
27,src/java/main/org/apache/zookeeper/server/ZooKeeperServer.java,ZOOKEEPER-2261,22,23,34,YES
28,src/java/main/org/apache/zookeeper/server/ZooKeeperServer.java,ZOOKEEPER-2261,22,23,34,YES
29,src/java/main/org/apache/zookeeper/server/ZooKeeperServer.java,ZOOKEEPER-2261,22,23,34,YES
30,src/java/main/org/apache/zookeeper/server/ZooKeeperServer.java,ZOOKEEPER-2261,22,23,34,YES
31,src/java/main/org/apache/zookeeper/server/ZooKeeperServer.java,ZOOKEEPER-2261,22,23,34,YES
32,src/java/main/org/apache/zookeeper/server/ZooKeeperServer.java,ZOOKEEPER-2261,22,23,34,YES
33,src/java/main/org/apache/zookeeper/server/ZooKeeperServer.java,ZOOKEEPER-2261,22,23,34,YES
22,src/java/main/org/apache/zookeeper/server/admin/Commands.java,ZOOKEEPER-2261,22,23,34,YES
23,src/java/main/org/apache/zookeeper/server/admin/Commands.java,ZOOKEEPER-2261,22,23,34,YES
24,src/java/main/org/apache/zookeeper/server/admin/Commands.java,ZOOKEEPER-2261,22,23,34,YES
25,src/java/main/org/apache/zookeeper/server/admin/Commands.java,ZOOKEEPER-2261,22,23,34,YES
26,src/java/main/org/apache/zookeeper/server/admin/Commands.java,ZOOKEEPER-2261,22,23,34,YES
27,src/java/main/org/apache/zookeeper/server/admin/Commands.java,ZOOKEEPER-2261,22,23,34,YES
28,src/java/main/org/apache/zookeeper/server/admin/Commands.java,ZOOKEEPER-2261,22,23,34,YES
29,src/java/main/org/apache/zookeeper/server/admin/Commands.java,ZOOKEEPER-2261,22,23,34,YES
30,src/java/main/org/apache/zookeeper/server/admin/Commands.java,ZOOKEEPER-2261,22,23,34,YES
31,src/java/main/org/apache/zookeeper/server/admin/Commands.java,ZOOKEEPER-2261,22,23,34,YES
32,src/java/main/org/apache/zookeeper/server/admin/Commands.java,ZOOKEEPER-2261,22,23,34,YES
33,src/java/main/org/apache/zookeeper/server/admin/Commands.java,ZOOKEEPER-2261,22,23,34,YES
11,src/java/main/org/apache/zookeeper/server/persistence/FileTxnLog.java,ZOOKEEPER-1156,11,12,13,YES
12,src/java/main/org/apache/zookeeper/server/persistence/FileTxnLog.java,ZOOKEEPER-1156,11,12,13,YES
11,src/java/main/org/apache/zookeeper/server/quorum/LearnerHandler.java,ZOOKEEPER-1156,11,12,13,YES
12,src/java/main/org/apache/zookeeper/server/quorum/LearnerHandler.java,ZOOKEEPER-1156,11,12,13,YES
11,src/java/main/org/apache/zookeeper/server/persistence/FileTxnLog.java,ZOOKEEPER-1154,11,12,13,YES
12,src/java/main/org/apache/zookeeper/server/persistence/FileTxnLog.java,ZOOKEEPER-1154,11,12,13,YES
11,src/java/main/org/apache/zookeeper/server/quorum/LearnerHandler.java,ZOOKEEPER-1154,11,12,13,YES
12,src/java/main/org/apache/zookeeper/server/quorum/LearnerHandler.java,ZOOKEEPER-1154,11,12,13,YES
22,src/java/main/org/apache/zookeeper/server/quorum/QuorumPeerConfig.java,ZOOKEEPER-2244,22,23,24,YES
23,src/java/main/org/apache/zookeeper/server/quorum/QuorumPeerConfig.java,ZOOKEEPER-2244,22,23,24,YES
1,src/java/main/org/apache/zookeeper/server/persistence/FileTxnLog.java,ZOOKEEPER-2249,1,23,31,YES
2,src/java/main/org/apache/zookeeper/server/persistence/FileTxnLog.java,ZOOKEEPER-2249,1,23,31,YES
3,src/java/main/org/apache/zookeeper/server/persistence/FileTxnLog.java,ZOOKEEPER-2249,1,23,31,YES
4,src/java/main/org/apache/zookeeper/server/persistence/FileTxnLog.java,ZOOKEEPER-2249,1,23,31,YES
5,src/java/main/org/apache/zookeeper/server/persistence/FileTxnLog.java,ZOOKEEPER-2249,1,23,31,YES
6,src/java/main/org/apache/zookeeper/server/persistence/FileTxnLog.java,ZOOKEEPER-2249,1,23,31,YES
7,src/java/main/org/apache/zookeeper/server/persistence/FileTxnLog.java,ZOOKEEPER-2249,1,23,31,YES
8,src/java/main/org/apache/zookeeper/server/persistence/FileTxnLog.java,ZOOKEEPER-2249,1,23,31,YES
9,src/java/main/org/apache/zookeeper/server/persistence/FileTxnLog.java,ZOOKEEPER-2249,1,23,31,YES
10,src/java/main/org/apache/zookeeper/server/persistence/FileTxnLog.java,ZOOKEEPER-2249,1,23,31,YES
11,src/java/main/org/apache/zookeeper/server/persistence/FileTxnLog.java,ZOOKEEPER-2249,1,23,31,YES
12,src/java/main/org/apache/zookeeper/server/persistence/FileTxnLog.java,ZOOKEEPER-2249,1,23,31,YES
13,src/java/main/org/apache/zookeeper/server/persistence/FileTxnLog.java,ZOOKEEPER-2249,1,23,31,YES
14,src/java/main/org/apache/zookeeper/server/persistence/FileTxnLog.java,ZOOKEEPER-2249,1,23,31,YES
15,src/java/main/org/apache/zookeeper/server/persistence/FileTxnLog.java,ZOOKEEPER-2249,1,23,31,YES
16,src/java/main/org/apache/zookeeper/server/persistence/FileTxnLog.java,ZOOKEEPER-2249,1,23,31,YES
17,src/java/main/org/apache/zookeeper/server/persistence/FileTxnLog.java,ZOOKEEPER-2249,1,23,31,YES
18,src/java/main/org/apache/zookeeper/server/persistence/FileTxnLog.java,ZOOKEEPER-2249,1,23,31,YES
19,src/java/main/org/apache/zookeeper/server/persistence/FileTxnLog.java,ZOOKEEPER-2249,1,23,31,YES
20,src/java/main/org/apache/zookeeper/server/persistence/FileTxnLog.java,ZOOKEEPER-2249,1,23,31,YES
21,src/java/main/org/apache/zookeeper/server/persistence/FileTxnLog.java,ZOOKEEPER-2249,1,23,31,YES
22,src/java/main/org/apache/zookeeper/server/persistence/FileTxnLog.java,ZOOKEEPER-2249,1,23,31,YES
23,src/java/main/org/apache/zookeeper/server/persistence/FileTxnLog.java,ZOOKEEPER-2249,1,23,31,YES
24,src/java/main/org/apache/zookeeper/server/persistence/FileTxnLog.java,ZOOKEEPER-2249,1,23,31,YES
25,src/java/main/org/apache/zookeeper/server/persistence/FileTxnLog.java,ZOOKEEPER-2249,1,23,31,YES
26,src/java/main/org/apache/zookeeper/server/persistence/FileTxnLog.java,ZOOKEEPER-2249,1,23,31,YES
27,src/java/main/org/apache/zookeeper/server/persistence/FileTxnLog.java,ZOOKEEPER-2249,1,23,31,YES
28,src/java/main/org/apache/zookeeper/server/persistence/FileTxnLog.java,ZOOKEEPER-2249,1,23,31,YES
29,src/java/main/org/apache/zookeeper/server/persistence/FileTxnLog.java,ZOOKEEPER-2249,1,23,31,YES
30,src/java/main/org/apache/zookeeper/server/persistence/FileTxnLog.java,ZOOKEEPER-2249,1,23,31,YES
1,src/java/main/org/apache/zookeeper/server/persistence/Util.java,ZOOKEEPER-2249,1,23,31,YES
2,src/java/main/org/apache/zookeeper/server/persistence/Util.java,ZOOKEEPER-2249,1,23,31,YES
3,src/java/main/org/apache/zookeeper/server/persistence/Util.java,ZOOKEEPER-2249,1,23,31,YES
4,src/java/main/org/apache/zookeeper/server/persistence/Util.java,ZOOKEEPER-2249,1,23,31,YES
5,src/java/main/org/apache/zookeeper/server/persistence/Util.java,ZOOKEEPER-2249,1,23,31,YES
6,src/java/main/org/apache/zookeeper/server/persistence/Util.java,ZOOKEEPER-2249,1,23,31,YES
7,src/java/main/org/apache/zookeeper/server/persistence/Util.java,ZOOKEEPER-2249,1,23,31,YES
8,src/java/main/org/apache/zookeeper/server/persistence/Util.java,ZOOKEEPER-2249,1,23,31,YES
9,src/java/main/org/apache/zookeeper/server/persistence/Util.java,ZOOKEEPER-2249,1,23,31,YES
10,src/java/main/org/apache/zookeeper/server/persistence/Util.java,ZOOKEEPER-2249,1,23,31,YES
11,src/java/main/org/apache/zookeeper/server/persistence/Util.java,ZOOKEEPER-2249,1,23,31,YES
12,src/java/main/org/apache/zookeeper/server/persistence/Util.java,ZOOKEEPER-2249,1,23,31,YES
13,src/java/main/org/apache/zookeeper/server/persistence/Util.java,ZOOKEEPER-2249,1,23,31,YES
14,src/java/main/org/apache/zookeeper/server/persistence/Util.java,ZOOKEEPER-2249,1,23,31,YES
15,src/java/main/org/apache/zookeeper/server/persistence/Util.java,ZOOKEEPER-2249,1,23,31,YES
16,src/java/main/org/apache/zookeeper/server/persistence/Util.java,ZOOKEEPER-2249,1,23,31,YES
17,src/java/main/org/apache/zookeeper/server/persistence/Util.java,ZOOKEEPER-2249,1,23,31,YES
18,src/java/main/org/apache/zookeeper/server/persistence/Util.java,ZOOKEEPER-2249,1,23,31,YES
19,src/java/main/org/apache/zookeeper/server/persistence/Util.java,ZOOKEEPER-2249,1,23,31,YES
20,src/java/main/org/apache/zookeeper/server/persistence/Util.java,ZOOKEEPER-2249,1,23,31,YES
21,src/java/main/org/apache/zookeeper/server/persistence/Util.java,ZOOKEEPER-2249,1,23,31,YES
22,src/java/main/org/apache/zookeeper/server/persistence/Util.java,ZOOKEEPER-2249,1,23,31,YES
23,src/java/main/org/apache/zookeeper/server/persistence/Util.java,ZOOKEEPER-2249,1,23,31,YES
24,src/java/main/org/apache/zookeeper/server/persistence/Util.java,ZOOKEEPER-2249,1,23,31,YES
25,src/java/main/org/apache/zookeeper/server/persistence/Util.java,ZOOKEEPER-2249,1,23,31,YES
26,src/java/main/org/apache/zookeeper/server/persistence/Util.java,ZOOKEEPER-2249,1,23,31,YES
27,src/java/main/org/apache/zookeeper/server/persistence/Util.java,ZOOKEEPER-2249,1,23,31,YES
28,src/java/main/org/apache/zookeeper/server/persistence/Util.java,ZOOKEEPER-2249,1,23,31,YES
29,src/java/main/org/apache/zookeeper/server/persistence/Util.java,ZOOKEEPER-2249,1,23,31,YES
30,src/java/main/org/apache/zookeeper/server/persistence/Util.java,ZOOKEEPER-2249,1,23,31,YES
31,zookeeper-server/src/main/java/org/apache/zookeeper/ClientCnxn.java,ZOOKEEPER-3579,31,36,39,YES
32,zookeeper-server/src/main/java/org/apache/zookeeper/ClientCnxn.java,ZOOKEEPER-3579,31,36,39,YES
33,zookeeper-server/src/main/java/org/apache/zookeeper/ClientCnxn.java,ZOOKEEPER-3579,31,36,39,YES
34,zookeeper-server/src/main/java/org/apache/zookeeper/ClientCnxn.java,ZOOKEEPER-3579,31,36,39,YES
35,zookeeper-server/src/main/java/org/apache/zookeeper/ClientCnxn.java,ZOOKEEPER-3579,31,36,39,YES
36,zookeeper-server/src/main/java/org/apache/zookeeper/ClientCnxn.java,ZOOKEEPER-3579,31,36,39,YES
37,zookeeper-server/src/main/java/org/apache/zookeeper/ClientCnxn.java,ZOOKEEPER-3579,31,36,39,YES
38,zookeeper-server/src/main/java/org/apache/zookeeper/ClientCnxn.java,ZOOKEEPER-3579,31,36,39,YES
31,zookeeper-server/src/main/java/org/apache/zookeeper/ZooKeeper.java,ZOOKEEPER-3579,31,36,39,YES
32,zookeeper-server/src/main/java/org/apache/zookeeper/ZooKeeper.java,ZOOKEEPER-3579,31,36,39,YES
33,zookeeper-server/src/main/java/org/apache/zookeeper/ZooKeeper.java,ZOOKEEPER-3579,31,36,39,YES
34,zookeeper-server/src/main/java/org/apache/zookeeper/ZooKeeper.java,ZOOKEEPER-3579,31,36,39,YES
35,zookeeper-server/src/main/java/org/apache/zookeeper/ZooKeeper.java,ZOOKEEPER-3579,31,36,39,YES
36,zookeeper-server/src/main/java/org/apache/zookeeper/ZooKeeper.java,ZOOKEEPER-3579,31,36,39,YES
37,zookeeper-server/src/main/java/org/apache/zookeeper/ZooKeeper.java,ZOOKEEPER-3579,31,36,39,YES
38,zookeeper-server/src/main/java/org/apache/zookeeper/ZooKeeper.java,ZOOKEEPER-3579,31,36,39,YES
22,src/java/main/org/apache/zookeeper/server/ZooKeeperServer.java,ZOOKEEPER-2247,22,23,27,YES
23,src/java/main/org/apache/zookeeper/server/ZooKeeperServer.java,ZOOKEEPER-2247,22,23,27,YES
24,src/java/main/org/apache/zookeeper/server/ZooKeeperServer.java,ZOOKEEPER-2247,22,23,27,YES
25,src/java/main/org/apache/zookeeper/server/ZooKeeperServer.java,ZOOKEEPER-2247,22,23,27,YES
26,src/java/main/org/apache/zookeeper/server/ZooKeeperServer.java,ZOOKEEPER-2247,22,23,27,YES
22,src/java/main/org/apache/zookeeper/server/ZooKeeperServerListenerImpl.java,ZOOKEEPER-2247,22,23,27,YES
23,src/java/main/org/apache/zookeeper/server/ZooKeeperServerListenerImpl.java,ZOOKEEPER-2247,22,23,27,YES
24,src/java/main/org/apache/zookeeper/server/ZooKeeperServerListenerImpl.java,ZOOKEEPER-2247,22,23,27,YES
25,src/java/main/org/apache/zookeeper/server/ZooKeeperServerListenerImpl.java,ZOOKEEPER-2247,22,23,27,YES
26,src/java/main/org/apache/zookeeper/server/ZooKeeperServerListenerImpl.java,ZOOKEEPER-2247,22,23,27,YES
22,src/java/main/org/apache/zookeeper/server/ZooKeeperServerMain.java,ZOOKEEPER-2247,22,23,27,YES
23,src/java/main/org/apache/zookeeper/server/ZooKeeperServerMain.java,ZOOKEEPER-2247,22,23,27,YES
24,src/java/main/org/apache/zookeeper/server/ZooKeeperServerMain.java,ZOOKEEPER-2247,22,23,27,YES
25,src/java/main/org/apache/zookeeper/server/ZooKeeperServerMain.java,ZOOKEEPER-2247,22,23,27,YES
26,src/java/main/org/apache/zookeeper/server/ZooKeeperServerMain.java,ZOOKEEPER-2247,22,23,27,YES
22,src/java/main/org/apache/zookeeper/server/ZooKeeperServerShutdownHandler.java,ZOOKEEPER-2247,22,23,27,YES
23,src/java/main/org/apache/zookeeper/server/ZooKeeperServerShutdownHandler.java,ZOOKEEPER-2247,22,23,27,YES
24,src/java/main/org/apache/zookeeper/server/ZooKeeperServerShutdownHandler.java,ZOOKEEPER-2247,22,23,27,YES
25,src/java/main/org/apache/zookeeper/server/ZooKeeperServerShutdownHandler.java,ZOOKEEPER-2247,22,23,27,YES
26,src/java/main/org/apache/zookeeper/server/ZooKeeperServerShutdownHandler.java,ZOOKEEPER-2247,22,23,27,YES
22,src/java/main/org/apache/zookeeper/server/quorum/Follower.java,ZOOKEEPER-2247,22,23,27,YES
23,src/java/main/org/apache/zookeeper/server/quorum/Follower.java,ZOOKEEPER-2247,22,23,27,YES
24,src/java/main/org/apache/zookeeper/server/quorum/Follower.java,ZOOKEEPER-2247,22,23,27,YES
25,src/java/main/org/apache/zookeeper/server/quorum/Follower.java,ZOOKEEPER-2247,22,23,27,YES
26,src/java/main/org/apache/zookeeper/server/quorum/Follower.java,ZOOKEEPER-2247,22,23,27,YES
22,src/java/main/org/apache/zookeeper/server/quorum/Leader.java,ZOOKEEPER-2247,22,23,27,YES
23,src/java/main/org/apache/zookeeper/server/quorum/Leader.java,ZOOKEEPER-2247,22,23,27,YES
24,src/java/main/org/apache/zookeeper/server/quorum/Leader.java,ZOOKEEPER-2247,22,23,27,YES
25,src/java/main/org/apache/zookeeper/server/quorum/Leader.java,ZOOKEEPER-2247,22,23,27,YES
26,src/java/main/org/apache/zookeeper/server/quorum/Leader.java,ZOOKEEPER-2247,22,23,27,YES
22,src/java/main/org/apache/zookeeper/server/quorum/Learner.java,ZOOKEEPER-2247,22,23,27,YES
23,src/java/main/org/apache/zookeeper/server/quorum/Learner.java,ZOOKEEPER-2247,22,23,27,YES
24,src/java/main/org/apache/zookeeper/server/quorum/Learner.java,ZOOKEEPER-2247,22,23,27,YES
25,src/java/main/org/apache/zookeeper/server/quorum/Learner.java,ZOOKEEPER-2247,22,23,27,YES
26,src/java/main/org/apache/zookeeper/server/quorum/Learner.java,ZOOKEEPER-2247,22,23,27,YES
22,src/java/main/org/apache/zookeeper/server/quorum/LearnerZooKeeperServer.java,ZOOKEEPER-2247,22,23,27,YES
23,src/java/main/org/apache/zookeeper/server/quorum/LearnerZooKeeperServer.java,ZOOKEEPER-2247,22,23,27,YES
24,src/java/main/org/apache/zookeeper/server/quorum/LearnerZooKeeperServer.java,ZOOKEEPER-2247,22,23,27,YES
25,src/java/main/org/apache/zookeeper/server/quorum/LearnerZooKeeperServer.java,ZOOKEEPER-2247,22,23,27,YES
26,src/java/main/org/apache/zookeeper/server/quorum/LearnerZooKeeperServer.java,ZOOKEEPER-2247,22,23,27,YES
22,src/java/main/org/apache/zookeeper/server/quorum/Observer.java,ZOOKEEPER-2247,22,23,27,YES
23,src/java/main/org/apache/zookeeper/server/quorum/Observer.java,ZOOKEEPER-2247,22,23,27,YES
24,src/java/main/org/apache/zookeeper/server/quorum/Observer.java,ZOOKEEPER-2247,22,23,27,YES
25,src/java/main/org/apache/zookeeper/server/quorum/Observer.java,ZOOKEEPER-2247,22,23,27,YES
26,src/java/main/org/apache/zookeeper/server/quorum/Observer.java,ZOOKEEPER-2247,22,23,27,YES
22,src/java/main/org/apache/zookeeper/server/quorum/ObserverZooKeeperServer.java,ZOOKEEPER-2247,22,23,27,YES
23,src/java/main/org/apache/zookeeper/server/quorum/ObserverZooKeeperServer.java,ZOOKEEPER-2247,22,23,27,YES
24,src/java/main/org/apache/zookeeper/server/quorum/ObserverZooKeeperServer.java,ZOOKEEPER-2247,22,23,27,YES
25,src/java/main/org/apache/zookeeper/server/quorum/ObserverZooKeeperServer.java,ZOOKEEPER-2247,22,23,27,YES
26,src/java/main/org/apache/zookeeper/server/quorum/ObserverZooKeeperServer.java,ZOOKEEPER-2247,22,23,27,YES
22,src/java/main/org/apache/zookeeper/server/quorum/QuorumZooKeeperServer.java,ZOOKEEPER-2247,22,23,27,YES
23,src/java/main/org/apache/zookeeper/server/quorum/QuorumZooKeeperServer.java,ZOOKEEPER-2247,22,23,27,YES
24,src/java/main/org/apache/zookeeper/server/quorum/QuorumZooKeeperServer.java,ZOOKEEPER-2247,22,23,27,YES
25,src/java/main/org/apache/zookeeper/server/quorum/QuorumZooKeeperServer.java,ZOOKEEPER-2247,22,23,27,YES
26,src/java/main/org/apache/zookeeper/server/quorum/QuorumZooKeeperServer.java,ZOOKEEPER-2247,22,23,27,YES
22,src/java/main/org/apache/zookeeper/server/quorum/ReadOnlyZooKeeperServer.java,ZOOKEEPER-2247,22,23,27,YES
23,src/java/main/org/apache/zookeeper/server/quorum/ReadOnlyZooKeeperServer.java,ZOOKEEPER-2247,22,23,27,YES
24,src/java/main/org/apache/zookeeper/server/quorum/ReadOnlyZooKeeperServer.java,ZOOKEEPER-2247,22,23,27,YES
25,src/java/main/org/apache/zookeeper/server/quorum/ReadOnlyZooKeeperServer.java,ZOOKEEPER-2247,22,23,27,YES
26,src/java/main/org/apache/zookeeper/server/quorum/ReadOnlyZooKeeperServer.java,ZOOKEEPER-2247,22,23,27,YES
22,src/java/main/org/apache/zookeeper/server/quorum/QuorumPeerConfig.java,ZOOKEEPER-2006,22,23,24,YES
23,src/java/main/org/apache/zookeeper/server/quorum/QuorumPeerConfig.java,ZOOKEEPER-2006,22,23,24,YES
10,src/contrib/bookkeeper/src/java/org/apache/bookkeeper/bookie/Bookie.java,ZOOKEEPER-985,10,11,12,YES
11,src/contrib/bookkeeper/src/java/org/apache/bookkeeper/bookie/Bookie.java,ZOOKEEPER-985,10,11,12,YES
10,src/contrib/bookkeeper/src/java/org/apache/bookkeeper/proto/BookieServer.java,ZOOKEEPER-985,10,11,12,YES
11,src/contrib/bookkeeper/src/java/org/apache/bookkeeper/proto/BookieServer.java,ZOOKEEPER-985,10,11,12,YES
10,src/contrib/bookkeeper/src/java/org/apache/bookkeeper/proto/NIOServerFactory.java,ZOOKEEPER-985,10,11,12,YES
11,src/contrib/bookkeeper/src/java/org/apache/bookkeeper/proto/NIOServerFactory.java,ZOOKEEPER-985,10,11,12,YES
5,src/java/main/org/apache/zookeeper/server/quorum/QuorumCnxManager.java,ZOOKEEPER-501,5,6,7,YES
6,src/java/main/org/apache/zookeeper/server/quorum/QuorumCnxManager.java,ZOOKEEPER-501,5,6,7,YES
8,src/contrib/rest/src/java/org/apache/zookeeper/server/jersey/resources/RuntimeExceptionMapper.java,ZOOKEEPER-741,8,9,10,YES
9,src/contrib/rest/src/java/org/apache/zookeeper/server/jersey/resources/RuntimeExceptionMapper.java,ZOOKEEPER-741,8,9,10,YES
8,src/contrib/rest/src/java/org/apache/zookeeper/server/jersey/resources/ZNodeResource.java,ZOOKEEPER-741,8,9,10,YES
9,src/contrib/rest/src/java/org/apache/zookeeper/server/jersey/resources/ZNodeResource.java,ZOOKEEPER-741,8,9,10,YES
5,src/java/main/org/apache/zookeeper/server/persistence/FileTxnLog.java,ZOOKEEPER-508,5,6,7,YES
6,src/java/main/org/apache/zookeeper/server/persistence/FileTxnLog.java,ZOOKEEPER-508,5,6,7,YES
5,src/java/main/org/apache/zookeeper/server/quorum/Follower.java,ZOOKEEPER-508,5,6,7,YES
6,src/java/main/org/apache/zookeeper/server/quorum/Follower.java,ZOOKEEPER-508,5,6,7,YES
5,src/java/main/org/apache/zookeeper/server/quorum/FollowerHandler.java,ZOOKEEPER-508,5,6,7,YES
6,src/java/main/org/apache/zookeeper/server/quorum/FollowerHandler.java,ZOOKEEPER-508,5,6,7,YES
5,src/java/main/org/apache/zookeeper/server/quorum/Leader.java,ZOOKEEPER-508,5,6,7,YES
6,src/java/main/org/apache/zookeeper/server/quorum/Leader.java,ZOOKEEPER-508,5,6,7,YES
5,src/java/main/org/apache/zookeeper/server/quorum/SendAckRequestProcessor.java,ZOOKEEPER-508,5,6,7,YES
6,src/java/main/org/apache/zookeeper/server/quorum/SendAckRequestProcessor.java,ZOOKEEPER-508,5,6,7,YES
33,zookeeper-server/src/main/java/org/apache/zookeeper/ZooKeeper.java,ZOOKEEPER-3100,33,34,60,YES
34,zookeeper-server/src/main/java/org/apache/zookeeper/ZooKeeper.java,ZOOKEEPER-3100,33,34,60,YES
35,zookeeper-server/src/main/java/org/apache/zookeeper/ZooKeeper.java,ZOOKEEPER-3100,33,34,60,YES
36,zookeeper-server/src/main/java/org/apache/zookeeper/ZooKeeper.java,ZOOKEEPER-3100,33,34,60,YES
37,zookeeper-server/src/main/java/org/apache/zookeeper/ZooKeeper.java,ZOOKEEPER-3100,33,34,60,YES
38,zookeeper-server/src/main/java/org/apache/zookeeper/ZooKeeper.java,ZOOKEEPER-3100,33,34,60,YES
39,zookeeper-server/src/main/java/org/apache/zookeeper/ZooKeeper.java,ZOOKEEPER-3100,33,34,60,YES
40,zookeeper-server/src/main/java/org/apache/zookeeper/ZooKeeper.java,ZOOKEEPER-3100,33,34,60,YES
41,zookeeper-server/src/main/java/org/apache/zookeeper/ZooKeeper.java,ZOOKEEPER-3100,33,34,60,YES
42,zookeeper-server/src/main/java/org/apache/zookeeper/ZooKeeper.java,ZOOKEEPER-3100,33,34,60,YES
43,zookeeper-server/src/main/java/org/apache/zookeeper/ZooKeeper.java,ZOOKEEPER-3100,33,34,60,YES
44,zookeeper-server/src/main/java/org/apache/zookeeper/ZooKeeper.java,ZOOKEEPER-3100,33,34,60,YES
45,zookeeper-server/src/main/java/org/apache/zookeeper/ZooKeeper.java,ZOOKEEPER-3100,33,34,60,YES
46,zookeeper-server/src/main/java/org/apache/zookeeper/ZooKeeper.java,ZOOKEEPER-3100,33,34,60,YES
47,zookeeper-server/src/main/java/org/apache/zookeeper/ZooKeeper.java,ZOOKEEPER-3100,33,34,60,YES
48,zookeeper-server/src/main/java/org/apache/zookeeper/ZooKeeper.java,ZOOKEEPER-3100,33,34,60,YES
49,zookeeper-server/src/main/java/org/apache/zookeeper/ZooKeeper.java,ZOOKEEPER-3100,33,34,60,YES
50,zookeeper-server/src/main/java/org/apache/zookeeper/ZooKeeper.java,ZOOKEEPER-3100,33,34,60,YES
51,zookeeper-server/src/main/java/org/apache/zookeeper/ZooKeeper.java,ZOOKEEPER-3100,33,34,60,YES
52,zookeeper-server/src/main/java/org/apache/zookeeper/ZooKeeper.java,ZOOKEEPER-3100,33,34,60,YES
53,zookeeper-server/src/main/java/org/apache/zookeeper/ZooKeeper.java,ZOOKEEPER-3100,33,34,60,YES
54,zookeeper-server/src/main/java/org/apache/zookeeper/ZooKeeper.java,ZOOKEEPER-3100,33,34,60,YES
55,zookeeper-server/src/main/java/org/apache/zookeeper/ZooKeeper.java,ZOOKEEPER-3100,33,34,60,YES
56,zookeeper-server/src/main/java/org/apache/zookeeper/ZooKeeper.java,ZOOKEEPER-3100,33,34,60,YES
57,zookeeper-server/src/main/java/org/apache/zookeeper/ZooKeeper.java,ZOOKEEPER-3100,33,34,60,YES
58,zookeeper-server/src/main/java/org/apache/zookeeper/ZooKeeper.java,ZOOKEEPER-3100,33,34,60,YES
59,zookeeper-server/src/main/java/org/apache/zookeeper/ZooKeeper.java,ZOOKEEPER-3100,33,34,60,YES
33,zookeeper-server/src/main/java/org/apache/zookeeper/client/StaticHostProvider.java,ZOOKEEPER-3100,33,34,60,YES
34,zookeeper-server/src/main/java/org/apache/zookeeper/client/StaticHostProvider.java,ZOOKEEPER-3100,33,34,60,YES
35,zookeeper-server/src/main/java/org/apache/zookeeper/client/StaticHostProvider.java,ZOOKEEPER-3100,33,34,60,YES
36,zookeeper-server/src/main/java/org/apache/zookeeper/client/StaticHostProvider.java,ZOOKEEPER-3100,33,34,60,YES
37,zookeeper-server/src/main/java/org/apache/zookeeper/client/StaticHostProvider.java,ZOOKEEPER-3100,33,34,60,YES
38,zookeeper-server/src/main/java/org/apache/zookeeper/client/StaticHostProvider.java,ZOOKEEPER-3100,33,34,60,YES
39,zookeeper-server/src/main/java/org/apache/zookeeper/client/StaticHostProvider.java,ZOOKEEPER-3100,33,34,60,YES
40,zookeeper-server/src/main/java/org/apache/zookeeper/client/StaticHostProvider.java,ZOOKEEPER-3100,33,34,60,YES
41,zookeeper-server/src/main/java/org/apache/zookeeper/client/StaticHostProvider.java,ZOOKEEPER-3100,33,34,60,YES
42,zookeeper-server/src/main/java/org/apache/zookeeper/client/StaticHostProvider.java,ZOOKEEPER-3100,33,34,60,YES
43,zookeeper-server/src/main/java/org/apache/zookeeper/client/StaticHostProvider.java,ZOOKEEPER-3100,33,34,60,YES
44,zookeeper-server/src/main/java/org/apache/zookeeper/client/StaticHostProvider.java,ZOOKEEPER-3100,33,34,60,YES
45,zookeeper-server/src/main/java/org/apache/zookeeper/client/StaticHostProvider.java,ZOOKEEPER-3100,33,34,60,YES
46,zookeeper-server/src/main/java/org/apache/zookeeper/client/StaticHostProvider.java,ZOOKEEPER-3100,33,34,60,YES
47,zookeeper-server/src/main/java/org/apache/zookeeper/client/StaticHostProvider.java,ZOOKEEPER-3100,33,34,60,YES
48,zookeeper-server/src/main/java/org/apache/zookeeper/client/StaticHostProvider.java,ZOOKEEPER-3100,33,34,60,YES
49,zookeeper-server/src/main/java/org/apache/zookeeper/client/StaticHostProvider.java,ZOOKEEPER-3100,33,34,60,YES
50,zookeeper-server/src/main/java/org/apache/zookeeper/client/StaticHostProvider.java,ZOOKEEPER-3100,33,34,60,YES
51,zookeeper-server/src/main/java/org/apache/zookeeper/client/StaticHostProvider.java,ZOOKEEPER-3100,33,34,60,YES
52,zookeeper-server/src/main/java/org/apache/zookeeper/client/StaticHostProvider.java,ZOOKEEPER-3100,33,34,60,YES
53,zookeeper-server/src/main/java/org/apache/zookeeper/client/StaticHostProvider.java,ZOOKEEPER-3100,33,34,60,YES
54,zookeeper-server/src/main/java/org/apache/zookeeper/client/StaticHostProvider.java,ZOOKEEPER-3100,33,34,60,YES
55,zookeeper-server/src/main/java/org/apache/zookeeper/client/StaticHostProvider.java,ZOOKEEPER-3100,33,34,60,YES
56,zookeeper-server/src/main/java/org/apache/zookeeper/client/StaticHostProvider.java,ZOOKEEPER-3100,33,34,60,YES
57,zookeeper-server/src/main/java/org/apache/zookeeper/client/StaticHostProvider.java,ZOOKEEPER-3100,33,34,60,YES
58,zookeeper-server/src/main/java/org/apache/zookeeper/client/StaticHostProvider.java,ZOOKEEPER-3100,33,34,60,YES
59,zookeeper-server/src/main/java/org/apache/zookeeper/client/StaticHostProvider.java,ZOOKEEPER-3100,33,34,60,YES
33,zookeeper-server/src/main/java/org/apache/zookeeper/client/ZKClientConfig.java,ZOOKEEPER-3100,33,34,60,YES
34,zookeeper-server/src/main/java/org/apache/zookeeper/client/ZKClientConfig.java,ZOOKEEPER-3100,33,34,60,YES
35,zookeeper-server/src/main/java/org/apache/zookeeper/client/ZKClientConfig.java,ZOOKEEPER-3100,33,34,60,YES
36,zookeeper-server/src/main/java/org/apache/zookeeper/client/ZKClientConfig.java,ZOOKEEPER-3100,33,34,60,YES
37,zookeeper-server/src/main/java/org/apache/zookeeper/client/ZKClientConfig.java,ZOOKEEPER-3100,33,34,60,YES
38,zookeeper-server/src/main/java/org/apache/zookeeper/client/ZKClientConfig.java,ZOOKEEPER-3100,33,34,60,YES
39,zookeeper-server/src/main/java/org/apache/zookeeper/client/ZKClientConfig.java,ZOOKEEPER-3100,33,34,60,YES
40,zookeeper-server/src/main/java/org/apache/zookeeper/client/ZKClientConfig.java,ZOOKEEPER-3100,33,34,60,YES
41,zookeeper-server/src/main/java/org/apache/zookeeper/client/ZKClientConfig.java,ZOOKEEPER-3100,33,34,60,YES
42,zookeeper-server/src/main/java/org/apache/zookeeper/client/ZKClientConfig.java,ZOOKEEPER-3100,33,34,60,YES
43,zookeeper-server/src/main/java/org/apache/zookeeper/client/ZKClientConfig.java,ZOOKEEPER-3100,33,34,60,YES
44,zookeeper-server/src/main/java/org/apache/zookeeper/client/ZKClientConfig.java,ZOOKEEPER-3100,33,34,60,YES
45,zookeeper-server/src/main/java/org/apache/zookeeper/client/ZKClientConfig.java,ZOOKEEPER-3100,33,34,60,YES
46,zookeeper-server/src/main/java/org/apache/zookeeper/client/ZKClientConfig.java,ZOOKEEPER-3100,33,34,60,YES
47,zookeeper-server/src/main/java/org/apache/zookeeper/client/ZKClientConfig.java,ZOOKEEPER-3100,33,34,60,YES
48,zookeeper-server/src/main/java/org/apache/zookeeper/client/ZKClientConfig.java,ZOOKEEPER-3100,33,34,60,YES
49,zookeeper-server/src/main/java/org/apache/zookeeper/client/ZKClientConfig.java,ZOOKEEPER-3100,33,34,60,YES
50,zookeeper-server/src/main/java/org/apache/zookeeper/client/ZKClientConfig.java,ZOOKEEPER-3100,33,34,60,YES
51,zookeeper-server/src/main/java/org/apache/zookeeper/client/ZKClientConfig.java,ZOOKEEPER-3100,33,34,60,YES
52,zookeeper-server/src/main/java/org/apache/zookeeper/client/ZKClientConfig.java,ZOOKEEPER-3100,33,34,60,YES
53,zookeeper-server/src/main/java/org/apache/zookeeper/client/ZKClientConfig.java,ZOOKEEPER-3100,33,34,60,YES
54,zookeeper-server/src/main/java/org/apache/zookeeper/client/ZKClientConfig.java,ZOOKEEPER-3100,33,34,60,YES
55,zookeeper-server/src/main/java/org/apache/zookeeper/client/ZKClientConfig.java,ZOOKEEPER-3100,33,34,60,YES
56,zookeeper-server/src/main/java/org/apache/zookeeper/client/ZKClientConfig.java,ZOOKEEPER-3100,33,34,60,YES
57,zookeeper-server/src/main/java/org/apache/zookeeper/client/ZKClientConfig.java,ZOOKEEPER-3100,33,34,60,YES
58,zookeeper-server/src/main/java/org/apache/zookeeper/client/ZKClientConfig.java,ZOOKEEPER-3100,33,34,60,YES
59,zookeeper-server/src/main/java/org/apache/zookeeper/client/ZKClientConfig.java,ZOOKEEPER-3100,33,34,60,YES
8,src/java/main/org/apache/zookeeper/server/quorum/Learner.java,ZOOKEEPER-746,8,9,10,YES
9,src/java/main/org/apache/zookeeper/server/quorum/Learner.java,ZOOKEEPER-746,8,9,10,YES
14,src/java/main/org/apache/zookeeper/ClientCnxn.java,ZOOKEEPER-2251,14,23,34,YES
15,src/java/main/org/apache/zookeeper/ClientCnxn.java,ZOOKEEPER-2251,14,23,34,YES
16,src/java/main/org/apache/zookeeper/ClientCnxn.java,ZOOKEEPER-2251,14,23,34,YES
17,src/java/main/org/apache/zookeeper/ClientCnxn.java,ZOOKEEPER-2251,14,23,34,YES
18,src/java/main/org/apache/zookeeper/ClientCnxn.java,ZOOKEEPER-2251,14,23,34,YES
19,src/java/main/org/apache/zookeeper/ClientCnxn.java,ZOOKEEPER-2251,14,23,34,YES
20,src/java/main/org/apache/zookeeper/ClientCnxn.java,ZOOKEEPER-2251,14,23,34,YES
21,src/java/main/org/apache/zookeeper/ClientCnxn.java,ZOOKEEPER-2251,14,23,34,YES
22,src/java/main/org/apache/zookeeper/ClientCnxn.java,ZOOKEEPER-2251,14,23,34,YES
23,src/java/main/org/apache/zookeeper/ClientCnxn.java,ZOOKEEPER-2251,14,23,34,YES
24,src/java/main/org/apache/zookeeper/ClientCnxn.java,ZOOKEEPER-2251,14,23,34,YES
25,src/java/main/org/apache/zookeeper/ClientCnxn.java,ZOOKEEPER-2251,14,23,34,YES
26,src/java/main/org/apache/zookeeper/ClientCnxn.java,ZOOKEEPER-2251,14,23,34,YES
27,src/java/main/org/apache/zookeeper/ClientCnxn.java,ZOOKEEPER-2251,14,23,34,YES
28,src/java/main/org/apache/zookeeper/ClientCnxn.java,ZOOKEEPER-2251,14,23,34,YES
29,src/java/main/org/apache/zookeeper/ClientCnxn.java,ZOOKEEPER-2251,14,23,34,YES
30,src/java/main/org/apache/zookeeper/ClientCnxn.java,ZOOKEEPER-2251,14,23,34,YES
31,src/java/main/org/apache/zookeeper/ClientCnxn.java,ZOOKEEPER-2251,14,23,34,YES
32,src/java/main/org/apache/zookeeper/ClientCnxn.java,ZOOKEEPER-2251,14,23,34,YES
33,src/java/main/org/apache/zookeeper/ClientCnxn.java,ZOOKEEPER-2251,14,23,34,YES
14,src/java/main/org/apache/zookeeper/KeeperException.java,ZOOKEEPER-2251,14,23,34,YES
15,src/java/main/org/apache/zookeeper/KeeperException.java,ZOOKEEPER-2251,14,23,34,YES
16,src/java/main/org/apache/zookeeper/KeeperException.java,ZOOKEEPER-2251,14,23,34,YES
17,src/java/main/org/apache/zookeeper/KeeperException.java,ZOOKEEPER-2251,14,23,34,YES
18,src/java/main/org/apache/zookeeper/KeeperException.java,ZOOKEEPER-2251,14,23,34,YES
19,src/java/main/org/apache/zookeeper/KeeperException.java,ZOOKEEPER-2251,14,23,34,YES
20,src/java/main/org/apache/zookeeper/KeeperException.java,ZOOKEEPER-2251,14,23,34,YES
21,src/java/main/org/apache/zookeeper/KeeperException.java,ZOOKEEPER-2251,14,23,34,YES
22,src/java/main/org/apache/zookeeper/KeeperException.java,ZOOKEEPER-2251,14,23,34,YES
23,src/java/main/org/apache/zookeeper/KeeperException.java,ZOOKEEPER-2251,14,23,34,YES
24,src/java/main/org/apache/zookeeper/KeeperException.java,ZOOKEEPER-2251,14,23,34,YES
25,src/java/main/org/apache/zookeeper/KeeperException.java,ZOOKEEPER-2251,14,23,34,YES
26,src/java/main/org/apache/zookeeper/KeeperException.java,ZOOKEEPER-2251,14,23,34,YES
27,src/java/main/org/apache/zookeeper/KeeperException.java,ZOOKEEPER-2251,14,23,34,YES
28,src/java/main/org/apache/zookeeper/KeeperException.java,ZOOKEEPER-2251,14,23,34,YES
29,src/java/main/org/apache/zookeeper/KeeperException.java,ZOOKEEPER-2251,14,23,34,YES
30,src/java/main/org/apache/zookeeper/KeeperException.java,ZOOKEEPER-2251,14,23,34,YES
31,src/java/main/org/apache/zookeeper/KeeperException.java,ZOOKEEPER-2251,14,23,34,YES
32,src/java/main/org/apache/zookeeper/KeeperException.java,ZOOKEEPER-2251,14,23,34,YES
33,src/java/main/org/apache/zookeeper/KeeperException.java,ZOOKEEPER-2251,14,23,34,YES
14,src/java/main/org/apache/zookeeper/ZooKeeper.java,ZOOKEEPER-2251,14,23,34,YES
15,src/java/main/org/apache/zookeeper/ZooKeeper.java,ZOOKEEPER-2251,14,23,34,YES
16,src/java/main/org/apache/zookeeper/ZooKeeper.java,ZOOKEEPER-2251,14,23,34,YES
17,src/java/main/org/apache/zookeeper/ZooKeeper.java,ZOOKEEPER-2251,14,23,34,YES
18,src/java/main/org/apache/zookeeper/ZooKeeper.java,ZOOKEEPER-2251,14,23,34,YES
19,src/java/main/org/apache/zookeeper/ZooKeeper.java,ZOOKEEPER-2251,14,23,34,YES
20,src/java/main/org/apache/zookeeper/ZooKeeper.java,ZOOKEEPER-2251,14,23,34,YES
21,src/java/main/org/apache/zookeeper/ZooKeeper.java,ZOOKEEPER-2251,14,23,34,YES
22,src/java/main/org/apache/zookeeper/ZooKeeper.java,ZOOKEEPER-2251,14,23,34,YES
23,src/java/main/org/apache/zookeeper/ZooKeeper.java,ZOOKEEPER-2251,14,23,34,YES
24,src/java/main/org/apache/zookeeper/ZooKeeper.java,ZOOKEEPER-2251,14,23,34,YES
25,src/java/main/org/apache/zookeeper/ZooKeeper.java,ZOOKEEPER-2251,14,23,34,YES
26,src/java/main/org/apache/zookeeper/ZooKeeper.java,ZOOKEEPER-2251,14,23,34,YES
27,src/java/main/org/apache/zookeeper/ZooKeeper.java,ZOOKEEPER-2251,14,23,34,YES
28,src/java/main/org/apache/zookeeper/ZooKeeper.java,ZOOKEEPER-2251,14,23,34,YES
29,src/java/main/org/apache/zookeeper/ZooKeeper.java,ZOOKEEPER-2251,14,23,34,YES
30,src/java/main/org/apache/zookeeper/ZooKeeper.java,ZOOKEEPER-2251,14,23,34,YES
31,src/java/main/org/apache/zookeeper/ZooKeeper.java,ZOOKEEPER-2251,14,23,34,YES
32,src/java/main/org/apache/zookeeper/ZooKeeper.java,ZOOKEEPER-2251,14,23,34,YES
33,src/java/main/org/apache/zookeeper/ZooKeeper.java,ZOOKEEPER-2251,14,23,34,YES
14,src/java/main/org/apache/zookeeper/client/ZKClientConfig.java,ZOOKEEPER-2251,14,23,34,YES
15,src/java/main/org/apache/zookeeper/client/ZKClientConfig.java,ZOOKEEPER-2251,14,23,34,YES
16,src/java/main/org/apache/zookeeper/client/ZKClientConfig.java,ZOOKEEPER-2251,14,23,34,YES
17,src/java/main/org/apache/zookeeper/client/ZKClientConfig.java,ZOOKEEPER-2251,14,23,34,YES
18,src/java/main/org/apache/zookeeper/client/ZKClientConfig.java,ZOOKEEPER-2251,14,23,34,YES
19,src/java/main/org/apache/zookeeper/client/ZKClientConfig.java,ZOOKEEPER-2251,14,23,34,YES
20,src/java/main/org/apache/zookeeper/client/ZKClientConfig.java,ZOOKEEPER-2251,14,23,34,YES
21,src/java/main/org/apache/zookeeper/client/ZKClientConfig.java,ZOOKEEPER-2251,14,23,34,YES
22,src/java/main/org/apache/zookeeper/client/ZKClientConfig.java,ZOOKEEPER-2251,14,23,34,YES
23,src/java/main/org/apache/zookeeper/client/ZKClientConfig.java,ZOOKEEPER-2251,14,23,34,YES
24,src/java/main/org/apache/zookeeper/client/ZKClientConfig.java,ZOOKEEPER-2251,14,23,34,YES
25,src/java/main/org/apache/zookeeper/client/ZKClientConfig.java,ZOOKEEPER-2251,14,23,34,YES
26,src/java/main/org/apache/zookeeper/client/ZKClientConfig.java,ZOOKEEPER-2251,14,23,34,YES
27,src/java/main/org/apache/zookeeper/client/ZKClientConfig.java,ZOOKEEPER-2251,14,23,34,YES
28,src/java/main/org/apache/zookeeper/client/ZKClientConfig.java,ZOOKEEPER-2251,14,23,34,YES
29,src/java/main/org/apache/zookeeper/client/ZKClientConfig.java,ZOOKEEPER-2251,14,23,34,YES
30,src/java/main/org/apache/zookeeper/client/ZKClientConfig.java,ZOOKEEPER-2251,14,23,34,YES
31,src/java/main/org/apache/zookeeper/client/ZKClientConfig.java,ZOOKEEPER-2251,14,23,34,YES
32,src/java/main/org/apache/zookeeper/client/ZKClientConfig.java,ZOOKEEPER-2251,14,23,34,YES
33,src/java/main/org/apache/zookeeper/client/ZKClientConfig.java,ZOOKEEPER-2251,14,23,34,YES
15,src/java/main/org/apache/zookeeper/server/quorum/QuorumPeer.java,ZOOKEEPER-1387,15,16,21,YES
16,src/java/main/org/apache/zookeeper/server/quorum/QuorumPeer.java,ZOOKEEPER-1387,15,16,21,YES
17,src/java/main/org/apache/zookeeper/server/quorum/QuorumPeer.java,ZOOKEEPER-1387,15,16,21,YES
18,src/java/main/org/apache/zookeeper/server/quorum/QuorumPeer.java,ZOOKEEPER-1387,15,16,21,YES
19,src/java/main/org/apache/zookeeper/server/quorum/QuorumPeer.java,ZOOKEEPER-1387,15,16,21,YES
20,src/java/main/org/apache/zookeeper/server/quorum/QuorumPeer.java,ZOOKEEPER-1387,15,16,21,YES
12,src/java/main/org/apache/zookeeper/CreateMode.java,ZOOKEEPER-1388,12,16,21,YES
13,src/java/main/org/apache/zookeeper/CreateMode.java,ZOOKEEPER-1388,12,16,21,YES
14,src/java/main/org/apache/zookeeper/CreateMode.java,ZOOKEEPER-1388,12,16,21,YES
15,src/java/main/org/apache/zookeeper/CreateMode.java,ZOOKEEPER-1388,12,16,21,YES
16,src/java/main/org/apache/zookeeper/CreateMode.java,ZOOKEEPER-1388,12,16,21,YES
17,src/java/main/org/apache/zookeeper/CreateMode.java,ZOOKEEPER-1388,12,16,21,YES
18,src/java/main/org/apache/zookeeper/CreateMode.java,ZOOKEEPER-1388,12,16,21,YES
19,src/java/main/org/apache/zookeeper/CreateMode.java,ZOOKEEPER-1388,12,16,21,YES
20,src/java/main/org/apache/zookeeper/CreateMode.java,ZOOKEEPER-1388,12,16,21,YES
12,src/java/main/org/apache/zookeeper/Op.java,ZOOKEEPER-1388,12,16,21,YES
13,src/java/main/org/apache/zookeeper/Op.java,ZOOKEEPER-1388,12,16,21,YES
14,src/java/main/org/apache/zookeeper/Op.java,ZOOKEEPER-1388,12,16,21,YES
15,src/java/main/org/apache/zookeeper/Op.java,ZOOKEEPER-1388,12,16,21,YES
16,src/java/main/org/apache/zookeeper/Op.java,ZOOKEEPER-1388,12,16,21,YES
17,src/java/main/org/apache/zookeeper/Op.java,ZOOKEEPER-1388,12,16,21,YES
18,src/java/main/org/apache/zookeeper/Op.java,ZOOKEEPER-1388,12,16,21,YES
19,src/java/main/org/apache/zookeeper/Op.java,ZOOKEEPER-1388,12,16,21,YES
20,src/java/main/org/apache/zookeeper/Op.java,ZOOKEEPER-1388,12,16,21,YES
12,src/java/main/org/apache/zookeeper/ZooKeeper.java,ZOOKEEPER-1388,12,16,21,YES
13,src/java/main/org/apache/zookeeper/ZooKeeper.java,ZOOKEEPER-1388,12,16,21,YES
14,src/java/main/org/apache/zookeeper/ZooKeeper.java,ZOOKEEPER-1388,12,16,21,YES
15,src/java/main/org/apache/zookeeper/ZooKeeper.java,ZOOKEEPER-1388,12,16,21,YES
16,src/java/main/org/apache/zookeeper/ZooKeeper.java,ZOOKEEPER-1388,12,16,21,YES
17,src/java/main/org/apache/zookeeper/ZooKeeper.java,ZOOKEEPER-1388,12,16,21,YES
18,src/java/main/org/apache/zookeeper/ZooKeeper.java,ZOOKEEPER-1388,12,16,21,YES
19,src/java/main/org/apache/zookeeper/ZooKeeper.java,ZOOKEEPER-1388,12,16,21,YES
20,src/java/main/org/apache/zookeeper/ZooKeeper.java,ZOOKEEPER-1388,12,16,21,YES
26,zookeeper-server/src/main/java/org/apache/zookeeper/ZooKeeper.java,ZOOKEEPER-2474,26,26,34,YES
27,zookeeper-server/src/main/java/org/apache/zookeeper/ZooKeeper.java,ZOOKEEPER-2474,26,26,34,YES
28,zookeeper-server/src/main/java/org/apache/zookeeper/ZooKeeper.java,ZOOKEEPER-2474,26,26,34,YES
29,zookeeper-server/src/main/java/org/apache/zookeeper/ZooKeeper.java,ZOOKEEPER-2474,26,26,34,YES
30,zookeeper-server/src/main/java/org/apache/zookeeper/ZooKeeper.java,ZOOKEEPER-2474,26,26,34,YES
31,zookeeper-server/src/main/java/org/apache/zookeeper/ZooKeeper.java,ZOOKEEPER-2474,26,26,34,YES
32,zookeeper-server/src/main/java/org/apache/zookeeper/ZooKeeper.java,ZOOKEEPER-2474,26,26,34,YES
33,zookeeper-server/src/main/java/org/apache/zookeeper/ZooKeeper.java,ZOOKEEPER-2474,26,26,34,YES
12,src/java/main/org/apache/zookeeper/server/quorum/Leader.java,ZOOKEEPER-1144,12,12,13,YES
21,src/java/main/org/apache/zookeeper/server/quorum/LocalPeerBean.java,ZOOKEEPER-2239,21,23,24,YES
22,src/java/main/org/apache/zookeeper/server/quorum/LocalPeerBean.java,ZOOKEEPER-2239,21,23,24,YES
23,src/java/main/org/apache/zookeeper/server/quorum/LocalPeerBean.java,ZOOKEEPER-2239,21,23,24,YES
43,zookeeper-server/src/main/java/org/apache/zookeeper/common/SSLContextAndOptions.java,ZOOKEEPER-4415,43,45,52,YES
44,zookeeper-server/src/main/java/org/apache/zookeeper/common/SSLContextAndOptions.java,ZOOKEEPER-4415,43,45,52,YES
45,zookeeper-server/src/main/java/org/apache/zookeeper/common/SSLContextAndOptions.java,ZOOKEEPER-4415,43,45,52,YES
46,zookeeper-server/src/main/java/org/apache/zookeeper/common/SSLContextAndOptions.java,ZOOKEEPER-4415,43,45,52,YES
47,zookeeper-server/src/main/java/org/apache/zookeeper/common/SSLContextAndOptions.java,ZOOKEEPER-4415,43,45,52,YES
48,zookeeper-server/src/main/java/org/apache/zookeeper/common/SSLContextAndOptions.java,ZOOKEEPER-4415,43,45,52,YES
49,zookeeper-server/src/main/java/org/apache/zookeeper/common/SSLContextAndOptions.java,ZOOKEEPER-4415,43,45,52,YES
50,zookeeper-server/src/main/java/org/apache/zookeeper/common/SSLContextAndOptions.java,ZOOKEEPER-4415,43,45,52,YES
51,zookeeper-server/src/main/java/org/apache/zookeeper/common/SSLContextAndOptions.java,ZOOKEEPER-4415,43,45,52,YES
43,zookeeper-server/src/main/java/org/apache/zookeeper/common/X509Util.java,ZOOKEEPER-4415,43,45,52,YES
44,zookeeper-server/src/main/java/org/apache/zookeeper/common/X509Util.java,ZOOKEEPER-4415,43,45,52,YES
45,zookeeper-server/src/main/java/org/apache/zookeeper/common/X509Util.java,ZOOKEEPER-4415,43,45,52,YES
46,zookeeper-server/src/main/java/org/apache/zookeeper/common/X509Util.java,ZOOKEEPER-4415,43,45,52,YES
47,zookeeper-server/src/main/java/org/apache/zookeeper/common/X509Util.java,ZOOKEEPER-4415,43,45,52,YES
48,zookeeper-server/src/main/java/org/apache/zookeeper/common/X509Util.java,ZOOKEEPER-4415,43,45,52,YES
49,zookeeper-server/src/main/java/org/apache/zookeeper/common/X509Util.java,ZOOKEEPER-4415,43,45,52,YES
50,zookeeper-server/src/main/java/org/apache/zookeeper/common/X509Util.java,ZOOKEEPER-4415,43,45,52,YES
51,zookeeper-server/src/main/java/org/apache/zookeeper/common/X509Util.java,ZOOKEEPER-4415,43,45,52,YES
10,src/java/main/org/apache/zookeeper/server/quorum/FastLeaderElection.java,ZOOKEEPER-975,10,11,12,YES
11,src/java/main/org/apache/zookeeper/server/quorum/FastLeaderElection.java,ZOOKEEPER-975,10,11,12,YES
10,src/java/main/org/apache/zookeeper/server/quorum/Follower.java,ZOOKEEPER-975,10,11,12,YES
11,src/java/main/org/apache/zookeeper/server/quorum/Follower.java,ZOOKEEPER-975,10,11,12,YES
10,src/java/main/org/apache/zookeeper/server/quorum/Leader.java,ZOOKEEPER-975,10,11,12,YES
11,src/java/main/org/apache/zookeeper/server/quorum/Leader.java,ZOOKEEPER-975,10,11,12,YES
10,src/java/main/org/apache/zookeeper/server/quorum/QuorumCnxManager.java,ZOOKEEPER-975,10,11,12,YES
11,src/java/main/org/apache/zookeeper/server/quorum/QuorumCnxManager.java,ZOOKEEPER-975,10,11,12,YES
10,src/java/main/org/apache/zookeeper/server/quorum/QuorumPeer.java,ZOOKEEPER-975,10,11,12,YES
11,src/java/main/org/apache/zookeeper/server/quorum/QuorumPeer.java,ZOOKEEPER-975,10,11,12,YES
10,src/java/main/org/apache/zookeeper/server/quorum/Leader.java,ZOOKEEPER-973,10,11,16,YES
11,src/java/main/org/apache/zookeeper/server/quorum/Leader.java,ZOOKEEPER-973,10,11,16,YES
12,src/java/main/org/apache/zookeeper/server/quorum/Leader.java,ZOOKEEPER-973,10,11,16,YES
13,src/java/main/org/apache/zookeeper/server/quorum/Leader.java,ZOOKEEPER-973,10,11,16,YES
14,src/java/main/org/apache/zookeeper/server/quorum/Leader.java,ZOOKEEPER-973,10,11,16,YES
15,src/java/main/org/apache/zookeeper/server/quorum/Leader.java,ZOOKEEPER-973,10,11,16,YES
8,src/java/main/org/apache/zookeeper/ZooKeeper.java,ZOOKEEPER-731,8,9,12,YES
9,src/java/main/org/apache/zookeeper/ZooKeeper.java,ZOOKEEPER-731,8,9,12,YES
10,src/java/main/org/apache/zookeeper/ZooKeeper.java,ZOOKEEPER-731,8,9,12,YES
11,src/java/main/org/apache/zookeeper/ZooKeeper.java,ZOOKEEPER-731,8,9,12,YES
8,src/java/main/org/apache/zookeeper/ZooKeeper.java,ZOOKEEPER-731,8,9,12,YES
9,src/java/main/org/apache/zookeeper/ZooKeeper.java,ZOOKEEPER-731,8,9,12,YES
10,src/java/main/org/apache/zookeeper/ZooKeeper.java,ZOOKEEPER-731,8,9,12,YES
11,src/java/main/org/apache/zookeeper/ZooKeeper.java,ZOOKEEPER-731,8,9,12,YES
32,zookeeper-server/src/main/java/org/apache/zookeeper/server/NettyServerCnxn.java,ZOOKEEPER-3331,32,34,35,YES
33,zookeeper-server/src/main/java/org/apache/zookeeper/server/NettyServerCnxn.java,ZOOKEEPER-3331,32,34,35,YES
34,zookeeper-server/src/main/java/org/apache/zookeeper/server/NettyServerCnxn.java,ZOOKEEPER-3331,32,34,35,YES
11,src/java/main/org/apache/zookeeper/server/ZooKeeperServer.java,ZOOKEEPER-1152,11,12,13,YES
12,src/java/main/org/apache/zookeeper/server/ZooKeeperServer.java,ZOOKEEPER-1152,11,12,13,YES
8,src/java/main/org/apache/zookeeper/server/NIOServerCnxn.java,ZOOKEEPER-737,8,9,10,YES
9,src/java/main/org/apache/zookeeper/server/NIOServerCnxn.java,ZOOKEEPER-737,8,9,10,YES
8,src/java/main/org/apache/jute/compiler/JRecord.java,ZOOKEEPER-738,8,9,10,YES
9,src/java/main/org/apache/jute/compiler/JRecord.java,ZOOKEEPER-738,8,9,10,YES
15,zookeeper-server/src/main/java/org/apache/zookeeper/server/FinalRequestProcessor.java,ZOOKEEPER-1392,15,16,34,YES
16,zookeeper-server/src/main/java/org/apache/zookeeper/server/FinalRequestProcessor.java,ZOOKEEPER-1392,15,16,34,YES
17,zookeeper-server/src/main/java/org/apache/zookeeper/server/FinalRequestProcessor.java,ZOOKEEPER-1392,15,16,34,YES
18,zookeeper-server/src/main/java/org/apache/zookeeper/server/FinalRequestProcessor.java,ZOOKEEPER-1392,15,16,34,YES
19,zookeeper-server/src/main/java/org/apache/zookeeper/server/FinalRequestProcessor.java,ZOOKEEPER-1392,15,16,34,YES
20,zookeeper-server/src/main/java/org/apache/zookeeper/server/FinalRequestProcessor.java,ZOOKEEPER-1392,15,16,34,YES
21,zookeeper-server/src/main/java/org/apache/zookeeper/server/FinalRequestProcessor.java,ZOOKEEPER-1392,15,16,34,YES
22,zookeeper-server/src/main/java/org/apache/zookeeper/server/FinalRequestProcessor.java,ZOOKEEPER-1392,15,16,34,YES
23,zookeeper-server/src/main/java/org/apache/zookeeper/server/FinalRequestProcessor.java,ZOOKEEPER-1392,15,16,34,YES
24,zookeeper-server/src/main/java/org/apache/zookeeper/server/FinalRequestProcessor.java,ZOOKEEPER-1392,15,16,34,YES
25,zookeeper-server/src/main/java/org/apache/zookeeper/server/FinalRequestProcessor.java,ZOOKEEPER-1392,15,16,34,YES
26,zookeeper-server/src/main/java/org/apache/zookeeper/server/FinalRequestProcessor.java,ZOOKEEPER-1392,15,16,34,YES
27,zookeeper-server/src/main/java/org/apache/zookeeper/server/FinalRequestProcessor.java,ZOOKEEPER-1392,15,16,34,YES
28,zookeeper-server/src/main/java/org/apache/zookeeper/server/FinalRequestProcessor.java,ZOOKEEPER-1392,15,16,34,YES
29,zookeeper-server/src/main/java/org/apache/zookeeper/server/FinalRequestProcessor.java,ZOOKEEPER-1392,15,16,34,YES
30,zookeeper-server/src/main/java/org/apache/zookeeper/server/FinalRequestProcessor.java,ZOOKEEPER-1392,15,16,34,YES
31,zookeeper-server/src/main/java/org/apache/zookeeper/server/FinalRequestProcessor.java,ZOOKEEPER-1392,15,16,34,YES
32,zookeeper-server/src/main/java/org/apache/zookeeper/server/FinalRequestProcessor.java,ZOOKEEPER-1392,15,16,34,YES
33,zookeeper-server/src/main/java/org/apache/zookeeper/server/FinalRequestProcessor.java,ZOOKEEPER-1392,15,16,34,YES
48,zookeeper-server/src/main/java/org/apache/zookeeper/server/quorum/QuorumCnxManager.java,ZOOKEEPER-4886,48,58,59,YES
49,zookeeper-server/src/main/java/org/apache/zookeeper/server/quorum/QuorumCnxManager.java,ZOOKEEPER-4886,48,58,59,YES
50,zookeeper-server/src/main/java/org/apache/zookeeper/server/quorum/QuorumCnxManager.java,ZOOKEEPER-4886,48,58,59,YES
51,zookeeper-server/src/main/java/org/apache/zookeeper/server/quorum/QuorumCnxManager.java,ZOOKEEPER-4886,48,58,59,YES
52,zookeeper-server/src/main/java/org/apache/zookeeper/server/quorum/QuorumCnxManager.java,ZOOKEEPER-4886,48,58,59,YES
53,zookeeper-server/src/main/java/org/apache/zookeeper/server/quorum/QuorumCnxManager.java,ZOOKEEPER-4886,48,58,59,YES
54,zookeeper-server/src/main/java/org/apache/zookeeper/server/quorum/QuorumCnxManager.java,ZOOKEEPER-4886,48,58,59,YES
55,zookeeper-server/src/main/java/org/apache/zookeeper/server/quorum/QuorumCnxManager.java,ZOOKEEPER-4886,48,58,59,YES
56,zookeeper-server/src/main/java/org/apache/zookeeper/server/quorum/QuorumCnxManager.java,ZOOKEEPER-4886,48,58,59,YES
57,zookeeper-server/src/main/java/org/apache/zookeeper/server/quorum/QuorumCnxManager.java,ZOOKEEPER-4886,48,58,59,YES
58,zookeeper-server/src/main/java/org/apache/zookeeper/server/quorum/QuorumCnxManager.java,ZOOKEEPER-4886,48,58,59,YES
12,src/java/main/org/apache/zookeeper/ClientCnxnSocket.java,ZOOKEEPER-1134,12,12,13,YES
12,src/java/main/org/apache/zookeeper/server/NIOServerCnxn.java,ZOOKEEPER-1134,12,12,13,YES
12,src/java/main/org/apache/zookeeper/server/NettyServerCnxn.java,ZOOKEEPER-1134,12,12,13,YES
12,src/java/main/org/apache/zookeeper/server/WatchManager.java,ZOOKEEPER-1134,12,12,13,YES
12,src/java/main/org/apache/zookeeper/server/quorum/LeaderElection.java,ZOOKEEPER-1134,12,12,13,YES
22,src/java/main/org/apache/zookeeper/client/FourLetterWordMain.java,ZOOKEEPER-2224,22,23,24,YES
23,src/java/main/org/apache/zookeeper/client/FourLetterWordMain.java,ZOOKEEPER-2224,22,23,24,YES
22,src/java/main/org/apache/zookeeper/server/admin/JettyAdminServer.java,ZOOKEEPER-2221,22,23,24,YES
23,src/java/main/org/apache/zookeeper/server/admin/JettyAdminServer.java,ZOOKEEPER-2221,22,23,24,YES
8,src/java/main/org/apache/zookeeper/server/NIOServerCnxn.java,ZOOKEEPER-2227,8,23,24,YES
9,src/java/main/org/apache/zookeeper/server/NIOServerCnxn.java,ZOOKEEPER-2227,8,23,24,YES
10,src/java/main/org/apache/zookeeper/server/NIOServerCnxn.java,ZOOKEEPER-2227,8,23,24,YES
11,src/java/main/org/apache/zookeeper/server/NIOServerCnxn.java,ZOOKEEPER-2227,8,23,24,YES
12,src/java/main/org/apache/zookeeper/server/NIOServerCnxn.java,ZOOKEEPER-2227,8,23,24,YES
13,src/java/main/org/apache/zookeeper/server/NIOServerCnxn.java,ZOOKEEPER-2227,8,23,24,YES
14,src/java/main/org/apache/zookeeper/server/NIOServerCnxn.java,ZOOKEEPER-2227,8,23,24,YES
15,src/java/main/org/apache/zookeeper/server/NIOServerCnxn.java,ZOOKEEPER-2227,8,23,24,YES
16,src/java/main/org/apache/zookeeper/server/NIOServerCnxn.java,ZOOKEEPER-2227,8,23,24,YES
17,src/java/main/org/apache/zookeeper/server/NIOServerCnxn.java,ZOOKEEPER-2227,8,23,24,YES
18,src/java/main/org/apache/zookeeper/server/NIOServerCnxn.java,ZOOKEEPER-2227,8,23,24,YES
19,src/java/main/org/apache/zookeeper/server/NIOServerCnxn.java,ZOOKEEPER-2227,8,23,24,YES
20,src/java/main/org/apache/zookeeper/server/NIOServerCnxn.java,ZOOKEEPER-2227,8,23,24,YES
21,src/java/main/org/apache/zookeeper/server/NIOServerCnxn.java,ZOOKEEPER-2227,8,23,24,YES
22,src/java/main/org/apache/zookeeper/server/NIOServerCnxn.java,ZOOKEEPER-2227,8,23,24,YES
23,src/java/main/org/apache/zookeeper/server/NIOServerCnxn.java,ZOOKEEPER-2227,8,23,24,YES
8,src/java/main/org/apache/zookeeper/server/NettyServerCnxn.java,ZOOKEEPER-2227,8,23,24,YES
9,src/java/main/org/apache/zookeeper/server/NettyServerCnxn.java,ZOOKEEPER-2227,8,23,24,YES
10,src/java/main/org/apache/zookeeper/server/NettyServerCnxn.java,ZOOKEEPER-2227,8,23,24,YES
11,src/java/main/org/apache/zookeeper/server/NettyServerCnxn.java,ZOOKEEPER-2227,8,23,24,YES
12,src/java/main/org/apache/zookeeper/server/NettyServerCnxn.java,ZOOKEEPER-2227,8,23,24,YES
13,src/java/main/org/apache/zookeeper/server/NettyServerCnxn.java,ZOOKEEPER-2227,8,23,24,YES
14,src/java/main/org/apache/zookeeper/server/NettyServerCnxn.java,ZOOKEEPER-2227,8,23,24,YES
15,src/java/main/org/apache/zookeeper/server/NettyServerCnxn.java,ZOOKEEPER-2227,8,23,24,YES
16,src/java/main/org/apache/zookeeper/server/NettyServerCnxn.java,ZOOKEEPER-2227,8,23,24,YES
17,src/java/main/org/apache/zookeeper/server/NettyServerCnxn.java,ZOOKEEPER-2227,8,23,24,YES
18,src/java/main/org/apache/zookeeper/server/NettyServerCnxn.java,ZOOKEEPER-2227,8,23,24,YES
19,src/java/main/org/apache/zookeeper/server/NettyServerCnxn.java,ZOOKEEPER-2227,8,23,24,YES
20,src/java/main/org/apache/zookeeper/server/NettyServerCnxn.java,ZOOKEEPER-2227,8,23,24,YES
21,src/java/main/org/apache/zookeeper/server/NettyServerCnxn.java,ZOOKEEPER-2227,8,23,24,YES
22,src/java/main/org/apache/zookeeper/server/NettyServerCnxn.java,ZOOKEEPER-2227,8,23,24,YES
23,src/java/main/org/apache/zookeeper/server/NettyServerCnxn.java,ZOOKEEPER-2227,8,23,24,YES
55,zookeeper-server/src/main/java/org/apache/zookeeper/client/ZooKeeperSaslClient.java,ZOOKEEPER-4889,55,58,59,YES
56,zookeeper-server/src/main/java/org/apache/zookeeper/client/ZooKeeperSaslClient.java,ZOOKEEPER-4889,55,58,59,YES
57,zookeeper-server/src/main/java/org/apache/zookeeper/client/ZooKeeperSaslClient.java,ZOOKEEPER-4889,55,58,59,YES
58,zookeeper-server/src/main/java/org/apache/zookeeper/client/ZooKeeperSaslClient.java,ZOOKEEPER-4889,55,58,59,YES
55,zookeeper-server/src/main/java/org/apache/zookeeper/common/X509Util.java,ZOOKEEPER-4889,55,58,59,YES
56,zookeeper-server/src/main/java/org/apache/zookeeper/common/X509Util.java,ZOOKEEPER-4889,55,58,59,YES
57,zookeeper-server/src/main/java/org/apache/zookeeper/common/X509Util.java,ZOOKEEPER-4889,55,58,59,YES
58,zookeeper-server/src/main/java/org/apache/zookeeper/common/X509Util.java,ZOOKEEPER-4889,55,58,59,YES
55,zookeeper-server/src/main/java/org/apache/zookeeper/server/auth/X509AuthenticationProvider.java,ZOOKEEPER-4889,55,58,59,YES
56,zookeeper-server/src/main/java/org/apache/zookeeper/server/auth/X509AuthenticationProvider.java,ZOOKEEPER-4889,55,58,59,YES
57,zookeeper-server/src/main/java/org/apache/zookeeper/server/auth/X509AuthenticationProvider.java,ZOOKEEPER-4889,55,58,59,YES
58,zookeeper-server/src/main/java/org/apache/zookeeper/server/auth/X509AuthenticationProvider.java,ZOOKEEPER-4889,55,58,59,YES
55,zookeeper-server/src/main/java/org/apache/zookeeper/server/quorum/auth/SaslQuorumAuthLearner.java,ZOOKEEPER-4889,55,58,59,YES
56,zookeeper-server/src/main/java/org/apache/zookeeper/server/quorum/auth/SaslQuorumAuthLearner.java,ZOOKEEPER-4889,55,58,59,YES
57,zookeeper-server/src/main/java/org/apache/zookeeper/server/quorum/auth/SaslQuorumAuthLearner.java,ZOOKEEPER-4889,55,58,59,YES
58,zookeeper-server/src/main/java/org/apache/zookeeper/server/quorum/auth/SaslQuorumAuthLearner.java,ZOOKEEPER-4889,55,58,59,YES
55,zookeeper-server/src/main/java/org/apache/zookeeper/util/SecurityUtils.java,ZOOKEEPER-4889,55,58,59,YES
56,zookeeper-server/src/main/java/org/apache/zookeeper/util/SecurityUtils.java,ZOOKEEPER-4889,55,58,59,YES
57,zookeeper-server/src/main/java/org/apache/zookeeper/util/SecurityUtils.java,ZOOKEEPER-4889,55,58,59,YES
58,zookeeper-server/src/main/java/org/apache/zookeeper/util/SecurityUtils.java,ZOOKEEPER-4889,55,58,59,YES
44,zookeeper-server/src/main/java/org/apache/zookeeper/common/ZKHostnameVerifier.java,ZOOKEEPER-4647,44,48,50,YES
45,zookeeper-server/src/main/java/org/apache/zookeeper/common/ZKHostnameVerifier.java,ZOOKEEPER-4647,44,48,50,YES
46,zookeeper-server/src/main/java/org/apache/zookeeper/common/ZKHostnameVerifier.java,ZOOKEEPER-4647,44,48,50,YES
47,zookeeper-server/src/main/java/org/apache/zookeeper/common/ZKHostnameVerifier.java,ZOOKEEPER-4647,44,48,50,YES
48,zookeeper-server/src/main/java/org/apache/zookeeper/common/ZKHostnameVerifier.java,ZOOKEEPER-4647,44,48,50,YES
49,zookeeper-server/src/main/java/org/apache/zookeeper/common/ZKHostnameVerifier.java,ZOOKEEPER-4647,44,48,50,YES
44,zookeeper-server/src/main/java/org/apache/zookeeper/common/ZKTrustManager.java,ZOOKEEPER-4647,44,48,50,YES
45,zookeeper-server/src/main/java/org/apache/zookeeper/common/ZKTrustManager.java,ZOOKEEPER-4647,44,48,50,YES
46,zookeeper-server/src/main/java/org/apache/zookeeper/common/ZKTrustManager.java,ZOOKEEPER-4647,44,48,50,YES
47,zookeeper-server/src/main/java/org/apache/zookeeper/common/ZKTrustManager.java,ZOOKEEPER-4647,44,48,50,YES
48,zookeeper-server/src/main/java/org/apache/zookeeper/common/ZKTrustManager.java,ZOOKEEPER-4647,44,48,50,YES
49,zookeeper-server/src/main/java/org/apache/zookeeper/common/ZKTrustManager.java,ZOOKEEPER-4647,44,48,50,YES
12,src/java/main/org/apache/zookeeper/ClientWatchManager.java,ZOOKEEPER-1139,12,12,13,YES
12,src/java/main/org/apache/zookeeper/Op.java,ZOOKEEPER-1139,12,12,13,YES
23,src/java/main/org/apache/zookeeper/ZooKeeperMain.java,ZOOKEEPER-2467,23,26,28,YES
24,src/java/main/org/apache/zookeeper/ZooKeeperMain.java,ZOOKEEPER-2467,23,26,28,YES
25,src/java/main/org/apache/zookeeper/ZooKeeperMain.java,ZOOKEEPER-2467,23,26,28,YES
26,src/java/main/org/apache/zookeeper/ZooKeeperMain.java,ZOOKEEPER-2467,23,26,28,YES
27,src/java/main/org/apache/zookeeper/ZooKeeperMain.java,ZOOKEEPER-2467,23,26,28,YES
11,src/java/main/org/apache/zookeeper/server/ByteBufferInputStream.java,ZOOKEEPER-1136,11,12,13,YES
12,src/java/main/org/apache/zookeeper/server/ByteBufferInputStream.java,ZOOKEEPER-1136,11,12,13,YES
11,src/java/main/org/apache/zookeeper/server/ByteBufferOutputStream.java,ZOOKEEPER-1136,11,12,13,YES
12,src/java/main/org/apache/zookeeper/server/ByteBufferOutputStream.java,ZOOKEEPER-1136,11,12,13,YES
11,src/java/main/org/apache/zookeeper/server/DataTree.java,ZOOKEEPER-1136,11,12,13,YES
12,src/java/main/org/apache/zookeeper/server/DataTree.java,ZOOKEEPER-1136,11,12,13,YES
11,src/java/main/org/apache/zookeeper/server/FinalRequestProcessor.java,ZOOKEEPER-1136,11,12,13,YES
12,src/java/main/org/apache/zookeeper/server/FinalRequestProcessor.java,ZOOKEEPER-1136,11,12,13,YES
11,src/java/main/org/apache/zookeeper/server/PrepRequestProcessor.java,ZOOKEEPER-1136,11,12,13,YES
12,src/java/main/org/apache/zookeeper/server/PrepRequestProcessor.java,ZOOKEEPER-1136,11,12,13,YES
11,src/java/main/org/apache/zookeeper/server/ZooKeeperServer.java,ZOOKEEPER-1136,11,12,13,YES
12,src/java/main/org/apache/zookeeper/server/ZooKeeperServer.java,ZOOKEEPER-1136,11,12,13,YES
11,src/java/main/org/apache/zookeeper/server/quorum/Leader.java,ZOOKEEPER-1136,11,12,13,YES
12,src/java/main/org/apache/zookeeper/server/quorum/Leader.java,ZOOKEEPER-1136,11,12,13,YES
11,src/java/main/org/apache/zookeeper/server/quorum/Learner.java,ZOOKEEPER-1136,11,12,13,YES
12,src/java/main/org/apache/zookeeper/server/quorum/Learner.java,ZOOKEEPER-1136,11,12,13,YES
11,src/java/main/org/apache/zookeeper/server/quorum/LearnerHandler.java,ZOOKEEPER-1136,11,12,13,YES
12,src/java/main/org/apache/zookeeper/server/quorum/LearnerHandler.java,ZOOKEEPER-1136,11,12,13,YES
12,src/java/main/org/apache/zookeeper/ZooKeeperMain.java,ZOOKEEPER-1379,12,16,21,YES
13,src/java/main/org/apache/zookeeper/ZooKeeperMain.java,ZOOKEEPER-1379,12,16,21,YES
14,src/java/main/org/apache/zookeeper/ZooKeeperMain.java,ZOOKEEPER-1379,12,16,21,YES
15,src/java/main/org/apache/zookeeper/ZooKeeperMain.java,ZOOKEEPER-1379,12,16,21,YES
16,src/java/main/org/apache/zookeeper/ZooKeeperMain.java,ZOOKEEPER-1379,12,16,21,YES
17,src/java/main/org/apache/zookeeper/ZooKeeperMain.java,ZOOKEEPER-1379,12,16,21,YES
18,src/java/main/org/apache/zookeeper/ZooKeeperMain.java,ZOOKEEPER-1379,12,16,21,YES
19,src/java/main/org/apache/zookeeper/ZooKeeperMain.java,ZOOKEEPER-1379,12,16,21,YES
20,src/java/main/org/apache/zookeeper/ZooKeeperMain.java,ZOOKEEPER-1379,12,16,21,YES
43,zookeeper-server/src/main/java/org/apache/zookeeper/server/quorum/SendAckRequestProcessor.java,ZOOKEEPER-4409,43,45,57,YES
44,zookeeper-server/src/main/java/org/apache/zookeeper/server/quorum/SendAckRequestProcessor.java,ZOOKEEPER-4409,43,45,57,YES
45,zookeeper-server/src/main/java/org/apache/zookeeper/server/quorum/SendAckRequestProcessor.java,ZOOKEEPER-4409,43,45,57,YES
46,zookeeper-server/src/main/java/org/apache/zookeeper/server/quorum/SendAckRequestProcessor.java,ZOOKEEPER-4409,43,45,57,YES
47,zookeeper-server/src/main/java/org/apache/zookeeper/server/quorum/SendAckRequestProcessor.java,ZOOKEEPER-4409,43,45,57,YES
48,zookeeper-server/src/main/java/org/apache/zookeeper/server/quorum/SendAckRequestProcessor.java,ZOOKEEPER-4409,43,45,57,YES
49,zookeeper-server/src/main/java/org/apache/zookeeper/server/quorum/SendAckRequestProcessor.java,ZOOKEEPER-4409,43,45,57,YES
50,zookeeper-server/src/main/java/org/apache/zookeeper/server/quorum/SendAckRequestProcessor.java,ZOOKEEPER-4409,43,45,57,YES
51,zookeeper-server/src/main/java/org/apache/zookeeper/server/quorum/SendAckRequestProcessor.java,ZOOKEEPER-4409,43,45,57,YES
52,zookeeper-server/src/main/java/org/apache/zookeeper/server/quorum/SendAckRequestProcessor.java,ZOOKEEPER-4409,43,45,57,YES
53,zookeeper-server/src/main/java/org/apache/zookeeper/server/quorum/SendAckRequestProcessor.java,ZOOKEEPER-4409,43,45,57,YES
54,zookeeper-server/src/main/java/org/apache/zookeeper/server/quorum/SendAckRequestProcessor.java,ZOOKEEPER-4409,43,45,57,YES
55,zookeeper-server/src/main/java/org/apache/zookeeper/server/quorum/SendAckRequestProcessor.java,ZOOKEEPER-4409,43,45,57,YES
56,zookeeper-server/src/main/java/org/apache/zookeeper/server/quorum/SendAckRequestProcessor.java,ZOOKEEPER-4409,43,45,57,YES
10,src/java/main/org/apache/zookeeper/server/ZKDatabase.java,ZOOKEEPER-962,10,11,12,YES
11,src/java/main/org/apache/zookeeper/server/ZKDatabase.java,ZOOKEEPER-962,10,11,12,YES
10,src/java/main/org/apache/zookeeper/server/quorum/CommitProcessor.java,ZOOKEEPER-962,10,11,12,YES
11,src/java/main/org/apache/zookeeper/server/quorum/CommitProcessor.java,ZOOKEEPER-962,10,11,12,YES
10,src/java/main/org/apache/zookeeper/server/quorum/Follower.java,ZOOKEEPER-962,10,11,12,YES
11,src/java/main/org/apache/zookeeper/server/quorum/Follower.java,ZOOKEEPER-962,10,11,12,YES
10,src/java/main/org/apache/zookeeper/server/quorum/Learner.java,ZOOKEEPER-962,10,11,12,YES
11,src/java/main/org/apache/zookeeper/server/quorum/Learner.java,ZOOKEEPER-962,10,11,12,YES
10,src/java/main/org/apache/zookeeper/server/quorum/LearnerHandler.java,ZOOKEEPER-962,10,11,12,YES
11,src/java/main/org/apache/zookeeper/server/quorum/LearnerHandler.java,ZOOKEEPER-962,10,11,12,YES
10,src/java/main/org/apache/zookeeper/server/quorum/Observer.java,ZOOKEEPER-962,10,11,12,YES
11,src/java/main/org/apache/zookeeper/server/quorum/Observer.java,ZOOKEEPER-962,10,11,12,YES
9,src/java/main/org/apache/zookeeper/ClientCnxn.java,ZOOKEEPER-961,9,11,12,YES
10,src/java/main/org/apache/zookeeper/ClientCnxn.java,ZOOKEEPER-961,9,11,12,YES
11,src/java/main/org/apache/zookeeper/ClientCnxn.java,ZOOKEEPER-961,9,11,12,YES
9,src/java/main/org/apache/zookeeper/ClientCnxn.java,ZOOKEEPER-961,9,11,12,YES
10,src/java/main/org/apache/zookeeper/ClientCnxn.java,ZOOKEEPER-961,9,11,12,YES
11,src/java/main/org/apache/zookeeper/ClientCnxn.java,ZOOKEEPER-961,9,11,12,YES
28,zookeeper-server/src/main/java/org/apache/zookeeper/server/ObserverBean.java,ZOOKEEPER-3320,28,34,36,YES
29,zookeeper-server/src/main/java/org/apache/zookeeper/server/ObserverBean.java,ZOOKEEPER-3320,28,34,36,YES
30,zookeeper-server/src/main/java/org/apache/zookeeper/server/ObserverBean.java,ZOOKEEPER-3320,28,34,36,YES
31,zookeeper-server/src/main/java/org/apache/zookeeper/server/ObserverBean.java,ZOOKEEPER-3320,28,34,36,YES
32,zookeeper-server/src/main/java/org/apache/zookeeper/server/ObserverBean.java,ZOOKEEPER-3320,28,34,36,YES
33,zookeeper-server/src/main/java/org/apache/zookeeper/server/ObserverBean.java,ZOOKEEPER-3320,28,34,36,YES
34,zookeeper-server/src/main/java/org/apache/zookeeper/server/ObserverBean.java,ZOOKEEPER-3320,28,34,36,YES
35,zookeeper-server/src/main/java/org/apache/zookeeper/server/ObserverBean.java,ZOOKEEPER-3320,28,34,36,YES
28,zookeeper-server/src/main/java/org/apache/zookeeper/server/admin/Commands.java,ZOOKEEPER-3320,28,34,36,YES
29,zookeeper-server/src/main/java/org/apache/zookeeper/server/admin/Commands.java,ZOOKEEPER-3320,28,34,36,YES
30,zookeeper-server/src/main/java/org/apache/zookeeper/server/admin/Commands.java,ZOOKEEPER-3320,28,34,36,YES
31,zookeeper-server/src/main/java/org/apache/zookeeper/server/admin/Commands.java,ZOOKEEPER-3320,28,34,36,YES
32,zookeeper-server/src/main/java/org/apache/zookeeper/server/admin/Commands.java,ZOOKEEPER-3320,28,34,36,YES
33,zookeeper-server/src/main/java/org/apache/zookeeper/server/admin/Commands.java,ZOOKEEPER-3320,28,34,36,YES
34,zookeeper-server/src/main/java/org/apache/zookeeper/server/admin/Commands.java,ZOOKEEPER-3320,28,34,36,YES
35,zookeeper-server/src/main/java/org/apache/zookeeper/server/admin/Commands.java,ZOOKEEPER-3320,28,34,36,YES
28,zookeeper-server/src/main/java/org/apache/zookeeper/server/quorum/AuthFastLeaderElection.java,ZOOKEEPER-3320,28,34,36,YES
29,zookeeper-server/src/main/java/org/apache/zookeeper/server/quorum/AuthFastLeaderElection.java,ZOOKEEPER-3320,28,34,36,YES
30,zookeeper-server/src/main/java/org/apache/zookeeper/server/quorum/AuthFastLeaderElection.java,ZOOKEEPER-3320,28,34,36,YES
31,zookeeper-server/src/main/java/org/apache/zookeeper/server/quorum/AuthFastLeaderElection.java,ZOOKEEPER-3320,28,34,36,YES
32,zookeeper-server/src/main/java/org/apache/zookeeper/server/quorum/AuthFastLeaderElection.java,ZOOKEEPER-3320,28,34,36,YES
33,zookeeper-server/src/main/java/org/apache/zookeeper/server/quorum/AuthFastLeaderElection.java,ZOOKEEPER-3320,28,34,36,YES
34,zookeeper-server/src/main/java/org/apache/zookeeper/server/quorum/AuthFastLeaderElection.java,ZOOKEEPER-3320,28,34,36,YES
35,zookeeper-server/src/main/java/org/apache/zookeeper/server/quorum/AuthFastLeaderElection.java,ZOOKEEPER-3320,28,34,36,YES
28,zookeeper-server/src/main/java/org/apache/zookeeper/server/quorum/Leader.java,ZOOKEEPER-3320,28,34,36,YES
29,zookeeper-server/src/main/java/org/apache/zookeeper/server/quorum/Leader.java,ZOOKEEPER-3320,28,34,36,YES
30,zookeeper-server/src/main/java/org/apache/zookeeper/server/quorum/Leader.java,ZOOKEEPER-3320,28,34,36,YES
31,zookeeper-server/src/main/java/org/apache/zookeeper/server/quorum/Leader.java,ZOOKEEPER-3320,28,34,36,YES
32,zookeeper-server/src/main/java/org/apache/zookeeper/server/quorum/Leader.java,ZOOKEEPER-3320,28,34,36,YES
33,zookeeper-server/src/main/java/org/apache/zookeeper/server/quorum/Leader.java,ZOOKEEPER-3320,28,34,36,YES
34,zookeeper-server/src/main/java/org/apache/zookeeper/server/quorum/Leader.java,ZOOKEEPER-3320,28,34,36,YES
35,zookeeper-server/src/main/java/org/apache/zookeeper/server/quorum/Leader.java,ZOOKEEPER-3320,28,34,36,YES
28,zookeeper-server/src/main/java/org/apache/zookeeper/server/quorum/Learner.java,ZOOKEEPER-3320,28,34,36,YES
29,zookeeper-server/src/main/java/org/apache/zookeeper/server/quorum/Learner.java,ZOOKEEPER-3320,28,34,36,YES
30,zookeeper-server/src/main/java/org/apache/zookeeper/server/quorum/Learner.java,ZOOKEEPER-3320,28,34,36,YES
31,zookeeper-server/src/main/java/org/apache/zookeeper/server/quorum/Learner.java,ZOOKEEPER-3320,28,34,36,YES
32,zookeeper-server/src/main/java/org/apache/zookeeper/server/quorum/Learner.java,ZOOKEEPER-3320,28,34,36,YES
33,zookeeper-server/src/main/java/org/apache/zookeeper/server/quorum/Learner.java,ZOOKEEPER-3320,28,34,36,YES
34,zookeeper-server/src/main/java/org/apache/zookeeper/server/quorum/Learner.java,ZOOKEEPER-3320,28,34,36,YES
35,zookeeper-server/src/main/java/org/apache/zookeeper/server/quorum/Learner.java,ZOOKEEPER-3320,28,34,36,YES
28,zookeeper-server/src/main/java/org/apache/zookeeper/server/quorum/LocalPeerBean.java,ZOOKEEPER-3320,28,34,36,YES
29,zookeeper-server/src/main/java/org/apache/zookeeper/server/quorum/LocalPeerBean.java,ZOOKEEPER-3320,28,34,36,YES
30,zookeeper-server/src/main/java/org/apache/zookeeper/server/quorum/LocalPeerBean.java,ZOOKEEPER-3320,28,34,36,YES
31,zookeeper-server/src/main/java/org/apache/zookeeper/server/quorum/LocalPeerBean.java,ZOOKEEPER-3320,28,34,36,YES
32,zookeeper-server/src/main/java/org/apache/zookeeper/server/quorum/LocalPeerBean.java,ZOOKEEPER-3320,28,34,36,YES
33,zookeeper-server/src/main/java/org/apache/zookeeper/server/quorum/LocalPeerBean.java,ZOOKEEPER-3320,28,34,36,YES
34,zookeeper-server/src/main/java/org/apache/zookeeper/server/quorum/LocalPeerBean.java,ZOOKEEPER-3320,28,34,36,YES
35,zookeeper-server/src/main/java/org/apache/zookeeper/server/quorum/LocalPeerBean.java,ZOOKEEPER-3320,28,34,36,YES
28,zookeeper-server/src/main/java/org/apache/zookeeper/server/quorum/MultipleAddresses.java,ZOOKEEPER-3320,28,34,36,YES
29,zookeeper-server/src/main/java/org/apache/zookeeper/server/quorum/MultipleAddresses.java,ZOOKEEPER-3320,28,34,36,YES
30,zookeeper-server/src/main/java/org/apache/zookeeper/server/quorum/MultipleAddresses.java,ZOOKEEPER-3320,28,34,36,YES
31,zookeeper-server/src/main/java/org/apache/zookeeper/server/quorum/MultipleAddresses.java,ZOOKEEPER-3320,28,34,36,YES
32,zookeeper-server/src/main/java/org/apache/zookeeper/server/quorum/MultipleAddresses.java,ZOOKEEPER-3320,28,34,36,YES
33,zookeeper-server/src/main/java/org/apache/zookeeper/server/quorum/MultipleAddresses.java,ZOOKEEPER-3320,28,34,36,YES
34,zookeeper-server/src/main/java/org/apache/zookeeper/server/quorum/MultipleAddresses.java,ZOOKEEPER-3320,28,34,36,YES
35,zookeeper-server/src/main/java/org/apache/zookeeper/server/quorum/MultipleAddresses.java,ZOOKEEPER-3320,28,34,36,YES
28,zookeeper-server/src/main/java/org/apache/zookeeper/server/quorum/ObserverMaster.java,ZOOKEEPER-3320,28,34,36,YES
29,zookeeper-server/src/main/java/org/apache/zookeeper/server/quorum/ObserverMaster.java,ZOOKEEPER-3320,28,34,36,YES
30,zookeeper-server/src/main/java/org/apache/zookeeper/server/quorum/ObserverMaster.java,ZOOKEEPER-3320,28,34,36,YES
31,zookeeper-server/src/main/java/org/apache/zookeeper/server/quorum/ObserverMaster.java,ZOOKEEPER-3320,28,34,36,YES
32,zookeeper-server/src/main/java/org/apache/zookeeper/server/quorum/ObserverMaster.java,ZOOKEEPER-3320,28,34,36,YES
33,zookeeper-server/src/main/java/org/apache/zookeeper/server/quorum/ObserverMaster.java,ZOOKEEPER-3320,28,34,36,YES
34,zookeeper-server/src/main/java/org/apache/zookeeper/server/quorum/ObserverMaster.java,ZOOKEEPER-3320,28,34,36,YES
35,zookeeper-server/src/main/java/org/apache/zookeeper/server/quorum/ObserverMaster.java,ZOOKEEPER-3320,28,34,36,YES
28,zookeeper-server/src/main/java/org/apache/zookeeper/server/quorum/QuorumCnxManager.java,ZOOKEEPER-3320,28,34,36,YES
29,zookeeper-server/src/main/java/org/apache/zookeeper/server/quorum/QuorumCnxManager.java,ZOOKEEPER-3320,28,34,36,YES
30,zookeeper-server/src/main/java/org/apache/zookeeper/server/quorum/QuorumCnxManager.java,ZOOKEEPER-3320,28,34,36,YES
31,zookeeper-server/src/main/java/org/apache/zookeeper/server/quorum/QuorumCnxManager.java,ZOOKEEPER-3320,28,34,36,YES
32,zookeeper-server/src/main/java/org/apache/zookeeper/server/quorum/QuorumCnxManager.java,ZOOKEEPER-3320,28,34,36,YES
33,zookeeper-server/src/main/java/org/apache/zookeeper/server/quorum/QuorumCnxManager.java,ZOOKEEPER-3320,28,34,36,YES
34,zookeeper-server/src/main/java/org/apache/zookeeper/server/quorum/QuorumCnxManager.java,ZOOKEEPER-3320,28,34,36,YES
35,zookeeper-server/src/main/java/org/apache/zookeeper/server/quorum/QuorumCnxManager.java,ZOOKEEPER-3320,28,34,36,YES
28,zookeeper-server/src/main/java/org/apache/zookeeper/server/quorum/QuorumPeer.java,ZOOKEEPER-3320,28,34,36,YES
29,zookeeper-server/src/main/java/org/apache/zookeeper/server/quorum/QuorumPeer.java,ZOOKEEPER-3320,28,34,36,YES
30,zookeeper-server/src/main/java/org/apache/zookeeper/server/quorum/QuorumPeer.java,ZOOKEEPER-3320,28,34,36,YES
31,zookeeper-server/src/main/java/org/apache/zookeeper/server/quorum/QuorumPeer.java,ZOOKEEPER-3320,28,34,36,YES
32,zookeeper-server/src/main/java/org/apache/zookeeper/server/quorum/QuorumPeer.java,ZOOKEEPER-3320,28,34,36,YES
33,zookeeper-server/src/main/java/org/apache/zookeeper/server/quorum/QuorumPeer.java,ZOOKEEPER-3320,28,34,36,YES
34,zookeeper-server/src/main/java/org/apache/zookeeper/server/quorum/QuorumPeer.java,ZOOKEEPER-3320,28,34,36,YES
35,zookeeper-server/src/main/java/org/apache/zookeeper/server/quorum/QuorumPeer.java,ZOOKEEPER-3320,28,34,36,YES
28,zookeeper-server/src/main/java/org/apache/zookeeper/server/quorum/QuorumZooKeeperServer.java,ZOOKEEPER-3320,28,34,36,YES
29,zookeeper-server/src/main/java/org/apache/zookeeper/server/quorum/QuorumZooKeeperServer.java,ZOOKEEPER-3320,28,34,36,YES
30,zookeeper-server/src/main/java/org/apache/zookeeper/server/quorum/QuorumZooKeeperServer.java,ZOOKEEPER-3320,28,34,36,YES
31,zookeeper-server/src/main/java/org/apache/zookeeper/server/quorum/QuorumZooKeeperServer.java,ZOOKEEPER-3320,28,34,36,YES
32,zookeeper-server/src/main/java/org/apache/zookeeper/server/quorum/QuorumZooKeeperServer.java,ZOOKEEPER-3320,28,34,36,YES
33,zookeeper-server/src/main/java/org/apache/zookeeper/server/quorum/QuorumZooKeeperServer.java,ZOOKEEPER-3320,28,34,36,YES
34,zookeeper-server/src/main/java/org/apache/zookeeper/server/quorum/QuorumZooKeeperServer.java,ZOOKEEPER-3320,28,34,36,YES
35,zookeeper-server/src/main/java/org/apache/zookeeper/server/quorum/QuorumZooKeeperServer.java,ZOOKEEPER-3320,28,34,36,YES
28,zookeeper-server/src/main/java/org/apache/zookeeper/server/quorum/ReadOnlyZooKeeperServer.java,ZOOKEEPER-3320,28,34,36,YES
29,zookeeper-server/src/main/java/org/apache/zookeeper/server/quorum/ReadOnlyZooKeeperServer.java,ZOOKEEPER-3320,28,34,36,YES
30,zookeeper-server/src/main/java/org/apache/zookeeper/server/quorum/ReadOnlyZooKeeperServer.java,ZOOKEEPER-3320,28,34,36,YES
31,zookeeper-server/src/main/java/org/apache/zookeeper/server/quorum/ReadOnlyZooKeeperServer.java,ZOOKEEPER-3320,28,34,36,YES
32,zookeeper-server/src/main/java/org/apache/zookeeper/server/quorum/ReadOnlyZooKeeperServer.java,ZOOKEEPER-3320,28,34,36,YES
33,zookeeper-server/src/main/java/org/apache/zookeeper/server/quorum/ReadOnlyZooKeeperServer.java,ZOOKEEPER-3320,28,34,36,YES
34,zookeeper-server/src/main/java/org/apache/zookeeper/server/quorum/ReadOnlyZooKeeperServer.java,ZOOKEEPER-3320,28,34,36,YES
35,zookeeper-server/src/main/java/org/apache/zookeeper/server/quorum/ReadOnlyZooKeeperServer.java,ZOOKEEPER-3320,28,34,36,YES
28,zookeeper-server/src/main/java/org/apache/zookeeper/server/quorum/RemotePeerBean.java,ZOOKEEPER-3320,28,34,36,YES
29,zookeeper-server/src/main/java/org/apache/zookeeper/server/quorum/RemotePeerBean.java,ZOOKEEPER-3320,28,34,36,YES
30,zookeeper-server/src/main/java/org/apache/zookeeper/server/quorum/RemotePeerBean.java,ZOOKEEPER-3320,28,34,36,YES
31,zookeeper-server/src/main/java/org/apache/zookeeper/server/quorum/RemotePeerBean.java,ZOOKEEPER-3320,28,34,36,YES
32,zookeeper-server/src/main/java/org/apache/zookeeper/server/quorum/RemotePeerBean.java,ZOOKEEPER-3320,28,34,36,YES
33,zookeeper-server/src/main/java/org/apache/zookeeper/server/quorum/RemotePeerBean.java,ZOOKEEPER-3320,28,34,36,YES
34,zookeeper-server/src/main/java/org/apache/zookeeper/server/quorum/RemotePeerBean.java,ZOOKEEPER-3320,28,34,36,YES
35,zookeeper-server/src/main/java/org/apache/zookeeper/server/quorum/RemotePeerBean.java,ZOOKEEPER-3320,28,34,36,YES
28,zookeeper-server/src/main/java/org/apache/zookeeper/server/quorum/QuorumCnxManager.java,ZOOKEEPER-3320,28,34,36,YES
29,zookeeper-server/src/main/java/org/apache/zookeeper/server/quorum/QuorumCnxManager.java,ZOOKEEPER-3320,28,34,36,YES
30,zookeeper-server/src/main/java/org/apache/zookeeper/server/quorum/QuorumCnxManager.java,ZOOKEEPER-3320,28,34,36,YES
31,zookeeper-server/src/main/java/org/apache/zookeeper/server/quorum/QuorumCnxManager.java,ZOOKEEPER-3320,28,34,36,YES
32,zookeeper-server/src/main/java/org/apache/zookeeper/server/quorum/QuorumCnxManager.java,ZOOKEEPER-3320,28,34,36,YES
33,zookeeper-server/src/main/java/org/apache/zookeeper/server/quorum/QuorumCnxManager.java,ZOOKEEPER-3320,28,34,36,YES
34,zookeeper-server/src/main/java/org/apache/zookeeper/server/quorum/QuorumCnxManager.java,ZOOKEEPER-3320,28,34,36,YES
35,zookeeper-server/src/main/java/org/apache/zookeeper/server/quorum/QuorumCnxManager.java,ZOOKEEPER-3320,28,34,36,YES
28,zookeeper-server/src/main/java/org/apache/zookeeper/server/quorum/QuorumCnxManager.java,ZOOKEEPER-3320,28,34,36,YES
29,zookeeper-server/src/main/java/org/apache/zookeeper/server/quorum/QuorumCnxManager.java,ZOOKEEPER-3320,28,34,36,YES
30,zookeeper-server/src/main/java/org/apache/zookeeper/server/quorum/QuorumCnxManager.java,ZOOKEEPER-3320,28,34,36,YES
31,zookeeper-server/src/main/java/org/apache/zookeeper/server/quorum/QuorumCnxManager.java,ZOOKEEPER-3320,28,34,36,YES
32,zookeeper-server/src/main/java/org/apache/zookeeper/server/quorum/QuorumCnxManager.java,ZOOKEEPER-3320,28,34,36,YES
33,zookeeper-server/src/main/java/org/apache/zookeeper/server/quorum/QuorumCnxManager.java,ZOOKEEPER-3320,28,34,36,YES
34,zookeeper-server/src/main/java/org/apache/zookeeper/server/quorum/QuorumCnxManager.java,ZOOKEEPER-3320,28,34,36,YES
35,zookeeper-server/src/main/java/org/apache/zookeeper/server/quorum/QuorumCnxManager.java,ZOOKEEPER-3320,28,34,36,YES
28,zookeeper-server/src/main/java/org/apache/zookeeper/server/quorum/QuorumCnxManager.java,ZOOKEEPER-3320,28,34,36,YES
29,zookeeper-server/src/main/java/org/apache/zookeeper/server/quorum/QuorumCnxManager.java,ZOOKEEPER-3320,28,34,36,YES
30,zookeeper-server/src/main/java/org/apache/zookeeper/server/quorum/QuorumCnxManager.java,ZOOKEEPER-3320,28,34,36,YES
31,zookeeper-server/src/main/java/org/apache/zookeeper/server/quorum/QuorumCnxManager.java,ZOOKEEPER-3320,28,34,36,YES
32,zookeeper-server/src/main/java/org/apache/zookeeper/server/quorum/QuorumCnxManager.java,ZOOKEEPER-3320,28,34,36,YES
33,zookeeper-server/src/main/java/org/apache/zookeeper/server/quorum/QuorumCnxManager.java,ZOOKEEPER-3320,28,34,36,YES
34,zookeeper-server/src/main/java/org/apache/zookeeper/server/quorum/QuorumCnxManager.java,ZOOKEEPER-3320,28,34,36,YES
35,zookeeper-server/src/main/java/org/apache/zookeeper/server/quorum/QuorumCnxManager.java,ZOOKEEPER-3320,28,34,36,YES
12,src/java/main/org/apache/zookeeper/server/NIOServerCnxn.java,ZOOKEEPER-1142,12,12,13,YES
12,src/java/main/org/apache/zookeeper/server/NettyServerCnxn.java,ZOOKEEPER-1142,12,12,13,YES
12,src/java/main/org/apache/zookeeper/server/ServerCnxn.java,ZOOKEEPER-1142,12,12,13,YES
23,src/java/main/org/apache/zookeeper/server/ServerConfig.java,ZOOKEEPER-2470,23,26,28,YES
24,src/java/main/org/apache/zookeeper/server/ServerConfig.java,ZOOKEEPER-2470,23,26,28,YES
25,src/java/main/org/apache/zookeeper/server/ServerConfig.java,ZOOKEEPER-2470,23,26,28,YES
26,src/java/main/org/apache/zookeeper/server/ServerConfig.java,ZOOKEEPER-2470,23,26,28,YES
27,src/java/main/org/apache/zookeeper/server/ServerConfig.java,ZOOKEEPER-2470,23,26,28,YES
6,src/java/main/org/apache/zookeeper/server/NIOServerCnxn.java,ZOOKEEPER-1382,6,16,21,YES
7,src/java/main/org/apache/zookeeper/server/NIOServerCnxn.java,ZOOKEEPER-1382,6,16,21,YES
8,src/java/main/org/apache/zookeeper/server/NIOServerCnxn.java,ZOOKEEPER-1382,6,16,21,YES
9,src/java/main/org/apache/zookeeper/server/NIOServerCnxn.java,ZOOKEEPER-1382,6,16,21,YES
10,src/java/main/org/apache/zookeeper/server/NIOServerCnxn.java,ZOOKEEPER-1382,6,16,21,YES
11,src/java/main/org/apache/zookeeper/server/NIOServerCnxn.java,ZOOKEEPER-1382,6,16,21,YES
12,src/java/main/org/apache/zookeeper/server/NIOServerCnxn.java,ZOOKEEPER-1382,6,16,21,YES
13,src/java/main/org/apache/zookeeper/server/NIOServerCnxn.java,ZOOKEEPER-1382,6,16,21,YES
14,src/java/main/org/apache/zookeeper/server/NIOServerCnxn.java,ZOOKEEPER-1382,6,16,21,YES
15,src/java/main/org/apache/zookeeper/server/NIOServerCnxn.java,ZOOKEEPER-1382,6,16,21,YES
16,src/java/main/org/apache/zookeeper/server/NIOServerCnxn.java,ZOOKEEPER-1382,6,16,21,YES
17,src/java/main/org/apache/zookeeper/server/NIOServerCnxn.java,ZOOKEEPER-1382,6,16,21,YES
18,src/java/main/org/apache/zookeeper/server/NIOServerCnxn.java,ZOOKEEPER-1382,6,16,21,YES
19,src/java/main/org/apache/zookeeper/server/NIOServerCnxn.java,ZOOKEEPER-1382,6,16,21,YES
20,src/java/main/org/apache/zookeeper/server/NIOServerCnxn.java,ZOOKEEPER-1382,6,16,21,YES
6,src/java/main/org/apache/zookeeper/server/ZooKeeperServer.java,ZOOKEEPER-1382,6,16,21,YES
7,src/java/main/org/apache/zookeeper/server/ZooKeeperServer.java,ZOOKEEPER-1382,6,16,21,YES
8,src/java/main/org/apache/zookeeper/server/ZooKeeperServer.java,ZOOKEEPER-1382,6,16,21,YES
9,src/java/main/org/apache/zookeeper/server/ZooKeeperServer.java,ZOOKEEPER-1382,6,16,21,YES
10,src/java/main/org/apache/zookeeper/server/ZooKeeperServer.java,ZOOKEEPER-1382,6,16,21,YES
11,src/java/main/org/apache/zookeeper/server/ZooKeeperServer.java,ZOOKEEPER-1382,6,16,21,YES
12,src/java/main/org/apache/zookeeper/server/ZooKeeperServer.java,ZOOKEEPER-1382,6,16,21,YES
13,src/java/main/org/apache/zookeeper/server/ZooKeeperServer.java,ZOOKEEPER-1382,6,16,21,YES
14,src/java/main/org/apache/zookeeper/server/ZooKeeperServer.java,ZOOKEEPER-1382,6,16,21,YES
15,src/java/main/org/apache/zookeeper/server/ZooKeeperServer.java,ZOOKEEPER-1382,6,16,21,YES
16,src/java/main/org/apache/zookeeper/server/ZooKeeperServer.java,ZOOKEEPER-1382,6,16,21,YES
17,src/java/main/org/apache/zookeeper/server/ZooKeeperServer.java,ZOOKEEPER-1382,6,16,21,YES
18,src/java/main/org/apache/zookeeper/server/ZooKeeperServer.java,ZOOKEEPER-1382,6,16,21,YES
19,src/java/main/org/apache/zookeeper/server/ZooKeeperServer.java,ZOOKEEPER-1382,6,16,21,YES
20,src/java/main/org/apache/zookeeper/server/ZooKeeperServer.java,ZOOKEEPER-1382,6,16,21,YES
12,src/java/main/org/apache/zookeeper/server/quorum/LearnerHandler.java,ZOOKEEPER-1140,12,12,13,YES
12,src/java/main/org/apache/zookeeper/server/quorum/QuorumPeer.java,ZOOKEEPER-1140,12,12,13,YES
12,src/java/main/org/apache/zookeeper/server/quorum/ReadOnlyZooKeeperServer.java,ZOOKEEPER-1140,12,12,13,YES
40,zookeeper-server/src/main/java/org/apache/zookeeper/ClientCnxn.java,ZOOKEEPER-4236,40,43,55,YES
41,zookeeper-server/src/main/java/org/apache/zookeeper/ClientCnxn.java,ZOOKEEPER-4236,40,43,55,YES
42,zookeeper-server/src/main/java/org/apache/zookeeper/ClientCnxn.java,ZOOKEEPER-4236,40,43,55,YES
43,zookeeper-server/src/main/java/org/apache/zookeeper/ClientCnxn.java,ZOOKEEPER-4236,40,43,55,YES
44,zookeeper-server/src/main/java/org/apache/zookeeper/ClientCnxn.java,ZOOKEEPER-4236,40,43,55,YES
45,zookeeper-server/src/main/java/org/apache/zookeeper/ClientCnxn.java,ZOOKEEPER-4236,40,43,55,YES
46,zookeeper-server/src/main/java/org/apache/zookeeper/ClientCnxn.java,ZOOKEEPER-4236,40,43,55,YES
47,zookeeper-server/src/main/java/org/apache/zookeeper/ClientCnxn.java,ZOOKEEPER-4236,40,43,55,YES
48,zookeeper-server/src/main/java/org/apache/zookeeper/ClientCnxn.java,ZOOKEEPER-4236,40,43,55,YES
49,zookeeper-server/src/main/java/org/apache/zookeeper/ClientCnxn.java,ZOOKEEPER-4236,40,43,55,YES
50,zookeeper-server/src/main/java/org/apache/zookeeper/ClientCnxn.java,ZOOKEEPER-4236,40,43,55,YES
51,zookeeper-server/src/main/java/org/apache/zookeeper/ClientCnxn.java,ZOOKEEPER-4236,40,43,55,YES
52,zookeeper-server/src/main/java/org/apache/zookeeper/ClientCnxn.java,ZOOKEEPER-4236,40,43,55,YES
53,zookeeper-server/src/main/java/org/apache/zookeeper/ClientCnxn.java,ZOOKEEPER-4236,40,43,55,YES
54,zookeeper-server/src/main/java/org/apache/zookeeper/ClientCnxn.java,ZOOKEEPER-4236,40,43,55,YES
40,zookeeper-server/src/main/java/org/apache/zookeeper/client/ZooKeeperSaslClient.java,ZOOKEEPER-4236,40,43,55,YES
41,zookeeper-server/src/main/java/org/apache/zookeeper/client/ZooKeeperSaslClient.java,ZOOKEEPER-4236,40,43,55,YES
42,zookeeper-server/src/main/java/org/apache/zookeeper/client/ZooKeeperSaslClient.java,ZOOKEEPER-4236,40,43,55,YES
43,zookeeper-server/src/main/java/org/apache/zookeeper/client/ZooKeeperSaslClient.java,ZOOKEEPER-4236,40,43,55,YES
44,zookeeper-server/src/main/java/org/apache/zookeeper/client/ZooKeeperSaslClient.java,ZOOKEEPER-4236,40,43,55,YES
45,zookeeper-server/src/main/java/org/apache/zookeeper/client/ZooKeeperSaslClient.java,ZOOKEEPER-4236,40,43,55,YES
46,zookeeper-server/src/main/java/org/apache/zookeeper/client/ZooKeeperSaslClient.java,ZOOKEEPER-4236,40,43,55,YES
47,zookeeper-server/src/main/java/org/apache/zookeeper/client/ZooKeeperSaslClient.java,ZOOKEEPER-4236,40,43,55,YES
48,zookeeper-server/src/main/java/org/apache/zookeeper/client/ZooKeeperSaslClient.java,ZOOKEEPER-4236,40,43,55,YES
49,zookeeper-server/src/main/java/org/apache/zookeeper/client/ZooKeeperSaslClient.java,ZOOKEEPER-4236,40,43,55,YES
50,zookeeper-server/src/main/java/org/apache/zookeeper/client/ZooKeeperSaslClient.java,ZOOKEEPER-4236,40,43,55,YES
51,zookeeper-server/src/main/java/org/apache/zookeeper/client/ZooKeeperSaslClient.java,ZOOKEEPER-4236,40,43,55,YES
52,zookeeper-server/src/main/java/org/apache/zookeeper/client/ZooKeeperSaslClient.java,ZOOKEEPER-4236,40,43,55,YES
53,zookeeper-server/src/main/java/org/apache/zookeeper/client/ZooKeeperSaslClient.java,ZOOKEEPER-4236,40,43,55,YES
54,zookeeper-server/src/main/java/org/apache/zookeeper/client/ZooKeeperSaslClient.java,ZOOKEEPER-4236,40,43,55,YES
42,zookeeper-server/src/main/java/org/apache/zookeeper/Login.java,ZOOKEEPER-4477,42,45,46,YES
43,zookeeper-server/src/main/java/org/apache/zookeeper/Login.java,ZOOKEEPER-4477,42,45,46,YES
44,zookeeper-server/src/main/java/org/apache/zookeeper/Login.java,ZOOKEEPER-4477,42,45,46,YES
45,zookeeper-server/src/main/java/org/apache/zookeeper/Login.java,ZOOKEEPER-4477,42,45,46,YES
32,zookeeper-server/src/main/java/org/apache/zookeeper/server/DataTree.java,ZOOKEEPER-3145,32,34,36,YES
33,zookeeper-server/src/main/java/org/apache/zookeeper/server/DataTree.java,ZOOKEEPER-3145,32,34,36,YES
34,zookeeper-server/src/main/java/org/apache/zookeeper/server/DataTree.java,ZOOKEEPER-3145,32,34,36,YES
35,zookeeper-server/src/main/java/org/apache/zookeeper/server/DataTree.java,ZOOKEEPER-3145,32,34,36,YES
32,zookeeper-server/src/main/java/org/apache/zookeeper/server/PrepRequestProcessor.java,ZOOKEEPER-3145,32,34,36,YES
33,zookeeper-server/src/main/java/org/apache/zookeeper/server/PrepRequestProcessor.java,ZOOKEEPER-3145,32,34,36,YES
34,zookeeper-server/src/main/java/org/apache/zookeeper/server/PrepRequestProcessor.java,ZOOKEEPER-3145,32,34,36,YES
35,zookeeper-server/src/main/java/org/apache/zookeeper/server/PrepRequestProcessor.java,ZOOKEEPER-3145,32,34,36,YES
32,zookeeper-server/src/main/java/org/apache/zookeeper/server/ZooKeeperServer.java,ZOOKEEPER-3145,32,34,36,YES
33,zookeeper-server/src/main/java/org/apache/zookeeper/server/ZooKeeperServer.java,ZOOKEEPER-3145,32,34,36,YES
34,zookeeper-server/src/main/java/org/apache/zookeeper/server/ZooKeeperServer.java,ZOOKEEPER-3145,32,34,36,YES
35,zookeeper-server/src/main/java/org/apache/zookeeper/server/ZooKeeperServer.java,ZOOKEEPER-3145,32,34,36,YES
32,zookeeper-server/src/main/java/org/apache/zookeeper/server/util/SerializeUtils.java,ZOOKEEPER-3145,32,34,36,YES
33,zookeeper-server/src/main/java/org/apache/zookeeper/server/util/SerializeUtils.java,ZOOKEEPER-3145,32,34,36,YES
34,zookeeper-server/src/main/java/org/apache/zookeeper/server/util/SerializeUtils.java,ZOOKEEPER-3145,32,34,36,YES
35,zookeeper-server/src/main/java/org/apache/zookeeper/server/util/SerializeUtils.java,ZOOKEEPER-3145,32,34,36,YES
20,src/java/main/org/apache/zookeeper/server/quorum/LocalPeerBean.java,ZOOKEEPER-2299,20,24,25,YES
21,src/java/main/org/apache/zookeeper/server/quorum/LocalPeerBean.java,ZOOKEEPER-2299,20,24,25,YES
22,src/java/main/org/apache/zookeeper/server/quorum/LocalPeerBean.java,ZOOKEEPER-2299,20,24,25,YES
23,src/java/main/org/apache/zookeeper/server/quorum/LocalPeerBean.java,ZOOKEEPER-2299,20,24,25,YES
24,src/java/main/org/apache/zookeeper/server/quorum/LocalPeerBean.java,ZOOKEEPER-2299,20,24,25,YES
9,src/java/main/org/apache/zookeeper/server/NIOServerCnxn.java,ZOOKEEPER-790,9,10,11,YES
10,src/java/main/org/apache/zookeeper/server/NIOServerCnxn.java,ZOOKEEPER-790,9,10,11,YES
9,src/java/main/org/apache/zookeeper/server/ZooKeeperServer.java,ZOOKEEPER-790,9,10,11,YES
10,src/java/main/org/apache/zookeeper/server/ZooKeeperServer.java,ZOOKEEPER-790,9,10,11,YES
9,src/java/main/org/apache/zookeeper/server/quorum/Leader.java,ZOOKEEPER-790,9,10,11,YES
10,src/java/main/org/apache/zookeeper/server/quorum/Leader.java,ZOOKEEPER-790,9,10,11,YES
9,src/java/main/org/apache/zookeeper/server/quorum/LearnerHandler.java,ZOOKEEPER-790,9,10,11,YES
10,src/java/main/org/apache/zookeeper/server/quorum/LearnerHandler.java,ZOOKEEPER-790,9,10,11,YES
9,src/java/main/org/apache/zookeeper/server/persistence/FileTxnLog.java,ZOOKEEPER-790,9,10,11,YES
10,src/java/main/org/apache/zookeeper/server/persistence/FileTxnLog.java,ZOOKEEPER-790,9,10,11,YES
9,src/java/main/org/apache/zookeeper/server/quorum/Leader.java,ZOOKEEPER-790,9,10,11,YES
10,src/java/main/org/apache/zookeeper/server/quorum/Leader.java,ZOOKEEPER-790,9,10,11,YES
9,src/java/main/org/apache/zookeeper/server/quorum/Learner.java,ZOOKEEPER-790,9,10,11,YES
10,src/java/main/org/apache/zookeeper/server/quorum/Learner.java,ZOOKEEPER-790,9,10,11,YES
6,src/java/main/org/apache/zookeeper/ClientCnxn.java,ZOOKEEPER-558,6,7,8,YES
7,src/java/main/org/apache/zookeeper/ClientCnxn.java,ZOOKEEPER-558,6,7,8,YES
6,src/java/main/org/apache/zookeeper/ZooKeeper.java,ZOOKEEPER-558,6,7,8,YES
7,src/java/main/org/apache/zookeeper/ZooKeeper.java,ZOOKEEPER-558,6,7,8,YES
6,src/java/main/org/apache/zookeeper/server/ConnectionBean.java,ZOOKEEPER-558,6,7,8,YES
7,src/java/main/org/apache/zookeeper/server/ConnectionBean.java,ZOOKEEPER-558,6,7,8,YES
6,src/java/main/org/apache/zookeeper/server/FinalRequestProcessor.java,ZOOKEEPER-558,6,7,8,YES
7,src/java/main/org/apache/zookeeper/server/FinalRequestProcessor.java,ZOOKEEPER-558,6,7,8,YES
6,src/java/main/org/apache/zookeeper/server/NIOServerCnxn.java,ZOOKEEPER-558,6,7,8,YES
7,src/java/main/org/apache/zookeeper/server/NIOServerCnxn.java,ZOOKEEPER-558,6,7,8,YES
6,src/java/main/org/apache/zookeeper/server/PrepRequestProcessor.java,ZOOKEEPER-558,6,7,8,YES
7,src/java/main/org/apache/zookeeper/server/PrepRequestProcessor.java,ZOOKEEPER-558,6,7,8,YES
6,src/java/main/org/apache/zookeeper/server/ServerCnxn.java,ZOOKEEPER-558,6,7,8,YES
7,src/java/main/org/apache/zookeeper/server/ServerCnxn.java,ZOOKEEPER-558,6,7,8,YES
6,src/java/main/org/apache/zookeeper/server/SessionTracker.java,ZOOKEEPER-558,6,7,8,YES
7,src/java/main/org/apache/zookeeper/server/SessionTracker.java,ZOOKEEPER-558,6,7,8,YES
6,src/java/main/org/apache/zookeeper/server/SessionTrackerImpl.java,ZOOKEEPER-558,6,7,8,YES
7,src/java/main/org/apache/zookeeper/server/SessionTrackerImpl.java,ZOOKEEPER-558,6,7,8,YES
6,src/java/main/org/apache/zookeeper/server/ZooKeeperServer.java,ZOOKEEPER-558,6,7,8,YES
7,src/java/main/org/apache/zookeeper/server/ZooKeeperServer.java,ZOOKEEPER-558,6,7,8,YES
9,src/java/main/org/apache/zookeeper/ClientCnxn.java,ZOOKEEPER-795,9,10,11,YES
10,src/java/main/org/apache/zookeeper/ClientCnxn.java,ZOOKEEPER-795,9,10,11,YES
6,src/java/main/org/apache/zookeeper/ClientCnxn.java,ZOOKEEPER-551,6,7,8,YES
7,src/java/main/org/apache/zookeeper/ClientCnxn.java,ZOOKEEPER-551,6,7,8,YES
9,src/java/main/org/apache/zookeeper/ClientCnxn.java,ZOOKEEPER-794,9,10,11,YES
10,src/java/main/org/apache/zookeeper/ClientCnxn.java,ZOOKEEPER-794,9,10,11,YES
41,zookeeper-server/src/main/java/org/apache/zookeeper/server/auth/IPAuthenticationProvider.java,ZOOKEEPER-4240,41,43,58,YES
42,zookeeper-server/src/main/java/org/apache/zookeeper/server/auth/IPAuthenticationProvider.java,ZOOKEEPER-4240,41,43,58,YES
43,zookeeper-server/src/main/java/org/apache/zookeeper/server/auth/IPAuthenticationProvider.java,ZOOKEEPER-4240,41,43,58,YES
44,zookeeper-server/src/main/java/org/apache/zookeeper/server/auth/IPAuthenticationProvider.java,ZOOKEEPER-4240,41,43,58,YES
45,zookeeper-server/src/main/java/org/apache/zookeeper/server/auth/IPAuthenticationProvider.java,ZOOKEEPER-4240,41,43,58,YES
46,zookeeper-server/src/main/java/org/apache/zookeeper/server/auth/IPAuthenticationProvider.java,ZOOKEEPER-4240,41,43,58,YES
47,zookeeper-server/src/main/java/org/apache/zookeeper/server/auth/IPAuthenticationProvider.java,ZOOKEEPER-4240,41,43,58,YES
48,zookeeper-server/src/main/java/org/apache/zookeeper/server/auth/IPAuthenticationProvider.java,ZOOKEEPER-4240,41,43,58,YES
49,zookeeper-server/src/main/java/org/apache/zookeeper/server/auth/IPAuthenticationProvider.java,ZOOKEEPER-4240,41,43,58,YES
50,zookeeper-server/src/main/java/org/apache/zookeeper/server/auth/IPAuthenticationProvider.java,ZOOKEEPER-4240,41,43,58,YES
51,zookeeper-server/src/main/java/org/apache/zookeeper/server/auth/IPAuthenticationProvider.java,ZOOKEEPER-4240,41,43,58,YES
52,zookeeper-server/src/main/java/org/apache/zookeeper/server/auth/IPAuthenticationProvider.java,ZOOKEEPER-4240,41,43,58,YES
53,zookeeper-server/src/main/java/org/apache/zookeeper/server/auth/IPAuthenticationProvider.java,ZOOKEEPER-4240,41,43,58,YES
54,zookeeper-server/src/main/java/org/apache/zookeeper/server/auth/IPAuthenticationProvider.java,ZOOKEEPER-4240,41,43,58,YES
55,zookeeper-server/src/main/java/org/apache/zookeeper/server/auth/IPAuthenticationProvider.java,ZOOKEEPER-4240,41,43,58,YES
56,zookeeper-server/src/main/java/org/apache/zookeeper/server/auth/IPAuthenticationProvider.java,ZOOKEEPER-4240,41,43,58,YES
57,zookeeper-server/src/main/java/org/apache/zookeeper/server/auth/IPAuthenticationProvider.java,ZOOKEEPER-4240,41,43,58,YES
21,src/java/main/org/apache/zookeeper/server/NettyServerCnxnFactory.java,ZOOKEEPER-2060,21,23,24,YES
22,src/java/main/org/apache/zookeeper/server/NettyServerCnxnFactory.java,ZOOKEEPER-2060,21,23,24,YES
23,src/java/main/org/apache/zookeeper/server/NettyServerCnxnFactory.java,ZOOKEEPER-2060,21,23,24,YES
21,src/contrib/loggraph/src/java/org/apache/zookeeper/graph/Log4JSource.java,ZOOKEEPER-2064,21,23,24,YES
22,src/contrib/loggraph/src/java/org/apache/zookeeper/graph/Log4JSource.java,ZOOKEEPER-2064,21,23,24,YES
23,src/contrib/loggraph/src/java/org/apache/zookeeper/graph/Log4JSource.java,ZOOKEEPER-2064,21,23,24,YES
21,src/contrib/loggraph/src/java/org/apache/zookeeper/graph/RandomAccessFileReader.java,ZOOKEEPER-2064,21,23,24,YES
22,src/contrib/loggraph/src/java/org/apache/zookeeper/graph/RandomAccessFileReader.java,ZOOKEEPER-2064,21,23,24,YES
23,src/contrib/loggraph/src/java/org/apache/zookeeper/graph/RandomAccessFileReader.java,ZOOKEEPER-2064,21,23,24,YES
21,src/contrib/loggraph/src/java/org/apache/zookeeper/graph/servlets/NumEvents.java,ZOOKEEPER-2064,21,23,24,YES
22,src/contrib/loggraph/src/java/org/apache/zookeeper/graph/servlets/NumEvents.java,ZOOKEEPER-2064,21,23,24,YES
23,src/contrib/loggraph/src/java/org/apache/zookeeper/graph/servlets/NumEvents.java,ZOOKEEPER-2064,21,23,24,YES
21,src/contrib/loggraph/src/java/org/apache/zookeeper/graph/servlets/StaticContent.java,ZOOKEEPER-2064,21,23,24,YES
22,src/contrib/loggraph/src/java/org/apache/zookeeper/graph/servlets/StaticContent.java,ZOOKEEPER-2064,21,23,24,YES
23,src/contrib/loggraph/src/java/org/apache/zookeeper/graph/servlets/StaticContent.java,ZOOKEEPER-2064,21,23,24,YES
21,src/contrib/rest/src/java/org/apache/zookeeper/server/jersey/cfg/RestCfg.java,ZOOKEEPER-2064,21,23,24,YES
22,src/contrib/rest/src/java/org/apache/zookeeper/server/jersey/cfg/RestCfg.java,ZOOKEEPER-2064,21,23,24,YES
23,src/contrib/rest/src/java/org/apache/zookeeper/server/jersey/cfg/RestCfg.java,ZOOKEEPER-2064,21,23,24,YES
44,zookeeper-server/src/main/java/org/apache/zookeeper/Watcher.java,ZOOKEEPER-4466,44,45,50,YES
45,zookeeper-server/src/main/java/org/apache/zookeeper/Watcher.java,ZOOKEEPER-4466,44,45,50,YES
46,zookeeper-server/src/main/java/org/apache/zookeeper/Watcher.java,ZOOKEEPER-4466,44,45,50,YES
47,zookeeper-server/src/main/java/org/apache/zookeeper/Watcher.java,ZOOKEEPER-4466,44,45,50,YES
48,zookeeper-server/src/main/java/org/apache/zookeeper/Watcher.java,ZOOKEEPER-4466,44,45,50,YES
49,zookeeper-server/src/main/java/org/apache/zookeeper/Watcher.java,ZOOKEEPER-4466,44,45,50,YES
44,zookeeper-server/src/main/java/org/apache/zookeeper/ZKWatchManager.java,ZOOKEEPER-4466,44,45,50,YES
45,zookeeper-server/src/main/java/org/apache/zookeeper/ZKWatchManager.java,ZOOKEEPER-4466,44,45,50,YES
46,zookeeper-server/src/main/java/org/apache/zookeeper/ZKWatchManager.java,ZOOKEEPER-4466,44,45,50,YES
47,zookeeper-server/src/main/java/org/apache/zookeeper/ZKWatchManager.java,ZOOKEEPER-4466,44,45,50,YES
48,zookeeper-server/src/main/java/org/apache/zookeeper/ZKWatchManager.java,ZOOKEEPER-4466,44,45,50,YES
49,zookeeper-server/src/main/java/org/apache/zookeeper/ZKWatchManager.java,ZOOKEEPER-4466,44,45,50,YES
44,zookeeper-server/src/main/java/org/apache/zookeeper/cli/RemoveWatchesCommand.java,ZOOKEEPER-4466,44,45,50,YES
45,zookeeper-server/src/main/java/org/apache/zookeeper/cli/RemoveWatchesCommand.java,ZOOKEEPER-4466,44,45,50,YES
46,zookeeper-server/src/main/java/org/apache/zookeeper/cli/RemoveWatchesCommand.java,ZOOKEEPER-4466,44,45,50,YES
47,zookeeper-server/src/main/java/org/apache/zookeeper/cli/RemoveWatchesCommand.java,ZOOKEEPER-4466,44,45,50,YES
48,zookeeper-server/src/main/java/org/apache/zookeeper/cli/RemoveWatchesCommand.java,ZOOKEEPER-4466,44,45,50,YES
49,zookeeper-server/src/main/java/org/apache/zookeeper/cli/RemoveWatchesCommand.java,ZOOKEEPER-4466,44,45,50,YES
44,zookeeper-server/src/main/java/org/apache/zookeeper/server/DataTree.java,ZOOKEEPER-4466,44,45,50,YES
45,zookeeper-server/src/main/java/org/apache/zookeeper/server/DataTree.java,ZOOKEEPER-4466,44,45,50,YES
46,zookeeper-server/src/main/java/org/apache/zookeeper/server/DataTree.java,ZOOKEEPER-4466,44,45,50,YES
47,zookeeper-server/src/main/java/org/apache/zookeeper/server/DataTree.java,ZOOKEEPER-4466,44,45,50,YES
48,zookeeper-server/src/main/java/org/apache/zookeeper/server/DataTree.java,ZOOKEEPER-4466,44,45,50,YES
49,zookeeper-server/src/main/java/org/apache/zookeeper/server/DataTree.java,ZOOKEEPER-4466,44,45,50,YES
44,zookeeper-server/src/main/java/org/apache/zookeeper/server/DataTree.java,ZOOKEEPER-4466,44,45,50,YES
45,zookeeper-server/src/main/java/org/apache/zookeeper/server/DataTree.java,ZOOKEEPER-4466,44,45,50,YES
46,zookeeper-server/src/main/java/org/apache/zookeeper/server/DataTree.java,ZOOKEEPER-4466,44,45,50,YES
47,zookeeper-server/src/main/java/org/apache/zookeeper/server/DataTree.java,ZOOKEEPER-4466,44,45,50,YES
48,zookeeper-server/src/main/java/org/apache/zookeeper/server/DataTree.java,ZOOKEEPER-4466,44,45,50,YES
49,zookeeper-server/src/main/java/org/apache/zookeeper/server/DataTree.java,ZOOKEEPER-4466,44,45,50,YES
44,zookeeper-server/src/main/java/org/apache/zookeeper/server/watch/IWatchManager.java,ZOOKEEPER-4466,44,45,50,YES
45,zookeeper-server/src/main/java/org/apache/zookeeper/server/watch/IWatchManager.java,ZOOKEEPER-4466,44,45,50,YES
46,zookeeper-server/src/main/java/org/apache/zookeeper/server/watch/IWatchManager.java,ZOOKEEPER-4466,44,45,50,YES
47,zookeeper-server/src/main/java/org/apache/zookeeper/server/watch/IWatchManager.java,ZOOKEEPER-4466,44,45,50,YES
48,zookeeper-server/src/main/java/org/apache/zookeeper/server/watch/IWatchManager.java,ZOOKEEPER-4466,44,45,50,YES
49,zookeeper-server/src/main/java/org/apache/zookeeper/server/watch/IWatchManager.java,ZOOKEEPER-4466,44,45,50,YES
44,zookeeper-server/src/main/java/org/apache/zookeeper/server/watch/WatchManager.java,ZOOKEEPER-4466,44,45,50,YES
45,zookeeper-server/src/main/java/org/apache/zookeeper/server/watch/WatchManager.java,ZOOKEEPER-4466,44,45,50,YES
46,zookeeper-server/src/main/java/org/apache/zookeeper/server/watch/WatchManager.java,ZOOKEEPER-4466,44,45,50,YES
47,zookeeper-server/src/main/java/org/apache/zookeeper/server/watch/WatchManager.java,ZOOKEEPER-4466,44,45,50,YES
48,zookeeper-server/src/main/java/org/apache/zookeeper/server/watch/WatchManager.java,ZOOKEEPER-4466,44,45,50,YES
49,zookeeper-server/src/main/java/org/apache/zookeeper/server/watch/WatchManager.java,ZOOKEEPER-4466,44,45,50,YES
44,zookeeper-server/src/main/java/org/apache/zookeeper/server/watch/WatchStats.java,ZOOKEEPER-4466,44,45,50,YES
45,zookeeper-server/src/main/java/org/apache/zookeeper/server/watch/WatchStats.java,ZOOKEEPER-4466,44,45,50,YES
46,zookeeper-server/src/main/java/org/apache/zookeeper/server/watch/WatchStats.java,ZOOKEEPER-4466,44,45,50,YES
47,zookeeper-server/src/main/java/org/apache/zookeeper/server/watch/WatchStats.java,ZOOKEEPER-4466,44,45,50,YES
48,zookeeper-server/src/main/java/org/apache/zookeeper/server/watch/WatchStats.java,ZOOKEEPER-4466,44,45,50,YES
49,zookeeper-server/src/main/java/org/apache/zookeeper/server/watch/WatchStats.java,ZOOKEEPER-4466,44,45,50,YES
44,zookeeper-server/src/main/java/org/apache/zookeeper/server/watch/WatcherMode.java,ZOOKEEPER-4466,44,45,50,YES
45,zookeeper-server/src/main/java/org/apache/zookeeper/server/watch/WatcherMode.java,ZOOKEEPER-4466,44,45,50,YES
46,zookeeper-server/src/main/java/org/apache/zookeeper/server/watch/WatcherMode.java,ZOOKEEPER-4466,44,45,50,YES
47,zookeeper-server/src/main/java/org/apache/zookeeper/server/watch/WatcherMode.java,ZOOKEEPER-4466,44,45,50,YES
48,zookeeper-server/src/main/java/org/apache/zookeeper/server/watch/WatcherMode.java,ZOOKEEPER-4466,44,45,50,YES
49,zookeeper-server/src/main/java/org/apache/zookeeper/server/watch/WatcherMode.java,ZOOKEEPER-4466,44,45,50,YES
44,zookeeper-server/src/main/java/org/apache/zookeeper/server/watch/WatcherModeManager.java,ZOOKEEPER-4466,44,45,50,YES
45,zookeeper-server/src/main/java/org/apache/zookeeper/server/watch/WatcherModeManager.java,ZOOKEEPER-4466,44,45,50,YES
46,zookeeper-server/src/main/java/org/apache/zookeeper/server/watch/WatcherModeManager.java,ZOOKEEPER-4466,44,45,50,YES
47,zookeeper-server/src/main/java/org/apache/zookeeper/server/watch/WatcherModeManager.java,ZOOKEEPER-4466,44,45,50,YES
48,zookeeper-server/src/main/java/org/apache/zookeeper/server/watch/WatcherModeManager.java,ZOOKEEPER-4466,44,45,50,YES
49,zookeeper-server/src/main/java/org/apache/zookeeper/server/watch/WatcherModeManager.java,ZOOKEEPER-4466,44,45,50,YES
5,src/java/main/org/apache/zookeeper/server/quorum/QuorumCnxManager.java,ZOOKEEPER-547,5,7,8,YES
6,src/java/main/org/apache/zookeeper/server/quorum/QuorumCnxManager.java,ZOOKEEPER-547,5,7,8,YES
7,src/java/main/org/apache/zookeeper/server/quorum/QuorumCnxManager.java,ZOOKEEPER-547,5,7,8,YES
9,src/java/main/org/apache/zookeeper/ClientCnxnSocketNIO.java,ZOOKEEPER-786,9,10,12,YES
10,src/java/main/org/apache/zookeeper/ClientCnxnSocketNIO.java,ZOOKEEPER-786,9,10,12,YES
11,src/java/main/org/apache/zookeeper/ClientCnxnSocketNIO.java,ZOOKEEPER-786,9,10,12,YES
9,src/java/main/org/apache/zookeeper/ClientCnxnSocketNIO.java,ZOOKEEPER-786,9,10,12,YES
10,src/java/main/org/apache/zookeeper/ClientCnxnSocketNIO.java,ZOOKEEPER-786,9,10,12,YES
11,src/java/main/org/apache/zookeeper/ClientCnxnSocketNIO.java,ZOOKEEPER-786,9,10,12,YES
3,src/java/main/org/apache/zookeeper/jmx/MBeanRegistry.java,ZOOKEEPER-302,3,3,4,YES
3,src/java/main/org/apache/zookeeper/server/ConnectionBean.java,ZOOKEEPER-302,3,3,4,YES
3,src/java/main/org/apache/zookeeper/server/NIOServerCnxn.java,ZOOKEEPER-302,3,3,4,YES
3,src/java/main/org/apache/zookeeper/server/ZooKeeperServer.java,ZOOKEEPER-302,3,3,4,YES
3,src/java/main/org/apache/zookeeper/server/ZooKeeperServerBean.java,ZOOKEEPER-302,3,3,4,YES
3,src/java/main/org/apache/zookeeper/server/quorum/FollowerZooKeeperServer.java,ZOOKEEPER-302,3,3,4,YES
3,src/java/main/org/apache/zookeeper/server/quorum/LeaderZooKeeperServer.java,ZOOKEEPER-302,3,3,4,YES
3,src/java/main/org/apache/zookeeper/server/quorum/QuorumPeer.java,ZOOKEEPER-302,3,3,4,YES
9,src/java/main/org/apache/zookeeper/server/quorum/QuorumPeerConfig.java,ZOOKEEPER-785,9,10,11,YES
10,src/java/main/org/apache/zookeeper/server/quorum/QuorumPeerConfig.java,ZOOKEEPER-785,9,10,11,YES
9,src/java/main/org/apache/zookeeper/server/ZKDatabase.java,ZOOKEEPER-783,9,10,11,YES
10,src/java/main/org/apache/zookeeper/server/ZKDatabase.java,ZOOKEEPER-783,9,10,11,YES
43,zookeeper-server/src/main/java/org/apache/zookeeper/server/DataTree.java,ZOOKEEPER-4471,43,45,50,YES
44,zookeeper-server/src/main/java/org/apache/zookeeper/server/DataTree.java,ZOOKEEPER-4471,43,45,50,YES
45,zookeeper-server/src/main/java/org/apache/zookeeper/server/DataTree.java,ZOOKEEPER-4471,43,45,50,YES
46,zookeeper-server/src/main/java/org/apache/zookeeper/server/DataTree.java,ZOOKEEPER-4471,43,45,50,YES
47,zookeeper-server/src/main/java/org/apache/zookeeper/server/DataTree.java,ZOOKEEPER-4471,43,45,50,YES
48,zookeeper-server/src/main/java/org/apache/zookeeper/server/DataTree.java,ZOOKEEPER-4471,43,45,50,YES
49,zookeeper-server/src/main/java/org/apache/zookeeper/server/DataTree.java,ZOOKEEPER-4471,43,45,50,YES
43,zookeeper-server/src/main/java/org/apache/zookeeper/server/watch/IWatchManager.java,ZOOKEEPER-4471,43,45,50,YES
44,zookeeper-server/src/main/java/org/apache/zookeeper/server/watch/IWatchManager.java,ZOOKEEPER-4471,43,45,50,YES
45,zookeeper-server/src/main/java/org/apache/zookeeper/server/watch/IWatchManager.java,ZOOKEEPER-4471,43,45,50,YES
46,zookeeper-server/src/main/java/org/apache/zookeeper/server/watch/IWatchManager.java,ZOOKEEPER-4471,43,45,50,YES
47,zookeeper-server/src/main/java/org/apache/zookeeper/server/watch/IWatchManager.java,ZOOKEEPER-4471,43,45,50,YES
48,zookeeper-server/src/main/java/org/apache/zookeeper/server/watch/IWatchManager.java,ZOOKEEPER-4471,43,45,50,YES
49,zookeeper-server/src/main/java/org/apache/zookeeper/server/watch/IWatchManager.java,ZOOKEEPER-4471,43,45,50,YES
43,zookeeper-server/src/main/java/org/apache/zookeeper/server/watch/WatchManager.java,ZOOKEEPER-4471,43,45,50,YES
44,zookeeper-server/src/main/java/org/apache/zookeeper/server/watch/WatchManager.java,ZOOKEEPER-4471,43,45,50,YES
45,zookeeper-server/src/main/java/org/apache/zookeeper/server/watch/WatchManager.java,ZOOKEEPER-4471,43,45,50,YES
46,zookeeper-server/src/main/java/org/apache/zookeeper/server/watch/WatchManager.java,ZOOKEEPER-4471,43,45,50,YES
47,zookeeper-server/src/main/java/org/apache/zookeeper/server/watch/WatchManager.java,ZOOKEEPER-4471,43,45,50,YES
48,zookeeper-server/src/main/java/org/apache/zookeeper/server/watch/WatchManager.java,ZOOKEEPER-4471,43,45,50,YES
49,zookeeper-server/src/main/java/org/apache/zookeeper/server/watch/WatchManager.java,ZOOKEEPER-4471,43,45,50,YES
43,zookeeper-server/src/main/java/org/apache/zookeeper/ZKWatchManager.java,ZOOKEEPER-4475,43,45,50,YES
44,zookeeper-server/src/main/java/org/apache/zookeeper/ZKWatchManager.java,ZOOKEEPER-4475,43,45,50,YES
45,zookeeper-server/src/main/java/org/apache/zookeeper/ZKWatchManager.java,ZOOKEEPER-4475,43,45,50,YES
46,zookeeper-server/src/main/java/org/apache/zookeeper/ZKWatchManager.java,ZOOKEEPER-4475,43,45,50,YES
47,zookeeper-server/src/main/java/org/apache/zookeeper/ZKWatchManager.java,ZOOKEEPER-4475,43,45,50,YES
48,zookeeper-server/src/main/java/org/apache/zookeeper/ZKWatchManager.java,ZOOKEEPER-4475,43,45,50,YES
49,zookeeper-server/src/main/java/org/apache/zookeeper/ZKWatchManager.java,ZOOKEEPER-4475,43,45,50,YES
32,src/java/main/org/apache/zookeeper/server/ZooKeeperServer.java,ZOOKEEPER-3144,32,34,35,YES
33,src/java/main/org/apache/zookeeper/server/ZooKeeperServer.java,ZOOKEEPER-3144,32,34,35,YES
34,src/java/main/org/apache/zookeeper/server/ZooKeeperServer.java,ZOOKEEPER-3144,32,34,35,YES
23,src/java/main/org/apache/zookeeper/server/auth/ProviderRegistry.java,ZOOKEEPER-2297,23,24,26,YES
24,src/java/main/org/apache/zookeeper/server/auth/ProviderRegistry.java,ZOOKEEPER-2297,23,24,26,YES
25,src/java/main/org/apache/zookeeper/server/auth/ProviderRegistry.java,ZOOKEEPER-2297,23,24,26,YES
23,src/java/main/org/apache/zookeeper/server/quorum/QuorumPeerConfig.java,ZOOKEEPER-2297,23,24,26,YES
24,src/java/main/org/apache/zookeeper/server/quorum/QuorumPeerConfig.java,ZOOKEEPER-2297,23,24,26,YES
25,src/java/main/org/apache/zookeeper/server/quorum/QuorumPeerConfig.java,ZOOKEEPER-2297,23,24,26,YES
23,src/java/main/org/apache/zookeeper/server/auth/ProviderRegistry.java,ZOOKEEPER-2297,23,24,26,YES
24,src/java/main/org/apache/zookeeper/server/auth/ProviderRegistry.java,ZOOKEEPER-2297,23,24,26,YES
25,src/java/main/org/apache/zookeeper/server/auth/ProviderRegistry.java,ZOOKEEPER-2297,23,24,26,YES
23,src/java/main/org/apache/zookeeper/server/auth/ProviderRegistry.java,ZOOKEEPER-2297,23,24,26,YES
24,src/java/main/org/apache/zookeeper/server/auth/ProviderRegistry.java,ZOOKEEPER-2297,23,24,26,YES
25,src/java/main/org/apache/zookeeper/server/auth/ProviderRegistry.java,ZOOKEEPER-2297,23,24,26,YES
41,zookeeper-contrib/zookeeper-contrib-zooinspector/src/main/java/org/apache/zookeeper/inspector/gui/ZooInspectorTreeView.java,ZOOKEEPER-4473,41,45,46,YES
42,zookeeper-contrib/zookeeper-contrib-zooinspector/src/main/java/org/apache/zookeeper/inspector/gui/ZooInspectorTreeView.java,ZOOKEEPER-4473,41,45,46,YES
43,zookeeper-contrib/zookeeper-contrib-zooinspector/src/main/java/org/apache/zookeeper/inspector/gui/ZooInspectorTreeView.java,ZOOKEEPER-4473,41,45,46,YES
44,zookeeper-contrib/zookeeper-contrib-zooinspector/src/main/java/org/apache/zookeeper/inspector/gui/ZooInspectorTreeView.java,ZOOKEEPER-4473,41,45,46,YES
45,zookeeper-contrib/zookeeper-contrib-zooinspector/src/main/java/org/apache/zookeeper/inspector/gui/ZooInspectorTreeView.java,ZOOKEEPER-4473,41,45,46,YES
41,zookeeper-contrib/zookeeper-contrib-zooinspector/src/main/java/org/apache/zookeeper/inspector/manager/ZooInspectorManagerImpl.java,ZOOKEEPER-4473,41,45,46,YES
42,zookeeper-contrib/zookeeper-contrib-zooinspector/src/main/java/org/apache/zookeeper/inspector/manager/ZooInspectorManagerImpl.java,ZOOKEEPER-4473,41,45,46,YES
43,zookeeper-contrib/zookeeper-contrib-zooinspector/src/main/java/org/apache/zookeeper/inspector/manager/ZooInspectorManagerImpl.java,ZOOKEEPER-4473,41,45,46,YES
44,zookeeper-contrib/zookeeper-contrib-zooinspector/src/main/java/org/apache/zookeeper/inspector/manager/ZooInspectorManagerImpl.java,ZOOKEEPER-4473,41,45,46,YES
45,zookeeper-contrib/zookeeper-contrib-zooinspector/src/main/java/org/apache/zookeeper/inspector/manager/ZooInspectorManagerImpl.java,ZOOKEEPER-4473,41,45,46,YES
21,src/java/main/org/apache/zookeeper/server/PrepRequestProcessor.java,ZOOKEEPER-2052,21,23,24,YES
22,src/java/main/org/apache/zookeeper/server/PrepRequestProcessor.java,ZOOKEEPER-2052,21,23,24,YES
23,src/java/main/org/apache/zookeeper/server/PrepRequestProcessor.java,ZOOKEEPER-2052,21,23,24,YES
42,zookeeper-contrib/zookeeper-contrib-rest/src/main/java/org/apache/zookeeper/server/jersey/RestMain.java,ZOOKEEPER-4230,42,43,44,YES
43,zookeeper-contrib/zookeeper-contrib-rest/src/main/java/org/apache/zookeeper/server/jersey/RestMain.java,ZOOKEEPER-4230,42,43,44,YES
23,src/java/main/org/apache/zookeeper/Login.java,ZOOKEEPER-2295,23,24,25,YES
24,src/java/main/org/apache/zookeeper/Login.java,ZOOKEEPER-2295,23,24,25,YES
11,src/java/main/org/apache/zookeeper/server/persistence/Util.java,ZOOKEEPER-1189,11,12,13,YES
12,src/java/main/org/apache/zookeeper/server/persistence/Util.java,ZOOKEEPER-1189,11,12,13,YES
33,zookeeper-server/src/main/java/org/apache/zookeeper/server/DataTree.java,ZOOKEEPER-3125,33,34,35,YES
34,zookeeper-server/src/main/java/org/apache/zookeeper/server/DataTree.java,ZOOKEEPER-3125,33,34,35,YES
33,src/java/main/org/apache/zookeeper/server/DataTree.java,ZOOKEEPER-3125,33,34,35,YES
34,src/java/main/org/apache/zookeeper/server/DataTree.java,ZOOKEEPER-3125,33,34,35,YES
22,src/java/main/org/apache/zookeeper/server/quorum/QuorumPeer.java,ZOOKEEPER-2279,22,24,25,YES
23,src/java/main/org/apache/zookeeper/server/quorum/QuorumPeer.java,ZOOKEEPER-2279,22,24,25,YES
24,src/java/main/org/apache/zookeeper/server/quorum/QuorumPeer.java,ZOOKEEPER-2279,22,24,25,YES
43,zookeeper-server/src/main/java/org/apache/zookeeper/server/PrepRequestProcessor.java,ZOOKEEPER-4219,43,43,44,YES
43,zookeeper-server/src/main/java/org/apache/zookeeper/server/ZooKeeperServer.java,ZOOKEEPER-4219,43,43,44,YES
28,zookeeper-server/src/main/java/org/apache/zookeeper/cli/GetCommand.java,ZOOKEEPER-3128,28,34,44,YES
29,zookeeper-server/src/main/java/org/apache/zookeeper/cli/GetCommand.java,ZOOKEEPER-3128,28,34,44,YES
30,zookeeper-server/src/main/java/org/apache/zookeeper/cli/GetCommand.java,ZOOKEEPER-3128,28,34,44,YES
31,zookeeper-server/src/main/java/org/apache/zookeeper/cli/GetCommand.java,ZOOKEEPER-3128,28,34,44,YES
32,zookeeper-server/src/main/java/org/apache/zookeeper/cli/GetCommand.java,ZOOKEEPER-3128,28,34,44,YES
33,zookeeper-server/src/main/java/org/apache/zookeeper/cli/GetCommand.java,ZOOKEEPER-3128,28,34,44,YES
34,zookeeper-server/src/main/java/org/apache/zookeeper/cli/GetCommand.java,ZOOKEEPER-3128,28,34,44,YES
35,zookeeper-server/src/main/java/org/apache/zookeeper/cli/GetCommand.java,ZOOKEEPER-3128,28,34,44,YES
36,zookeeper-server/src/main/java/org/apache/zookeeper/cli/GetCommand.java,ZOOKEEPER-3128,28,34,44,YES
37,zookeeper-server/src/main/java/org/apache/zookeeper/cli/GetCommand.java,ZOOKEEPER-3128,28,34,44,YES
38,zookeeper-server/src/main/java/org/apache/zookeeper/cli/GetCommand.java,ZOOKEEPER-3128,28,34,44,YES
39,zookeeper-server/src/main/java/org/apache/zookeeper/cli/GetCommand.java,ZOOKEEPER-3128,28,34,44,YES
40,zookeeper-server/src/main/java/org/apache/zookeeper/cli/GetCommand.java,ZOOKEEPER-3128,28,34,44,YES
41,zookeeper-server/src/main/java/org/apache/zookeeper/cli/GetCommand.java,ZOOKEEPER-3128,28,34,44,YES
42,zookeeper-server/src/main/java/org/apache/zookeeper/cli/GetCommand.java,ZOOKEEPER-3128,28,34,44,YES
43,zookeeper-server/src/main/java/org/apache/zookeeper/cli/GetCommand.java,ZOOKEEPER-3128,28,34,44,YES
32,src/java/main/org/apache/zookeeper/server/DataTree.java,ZOOKEEPER-3127,32,34,35,YES
33,src/java/main/org/apache/zookeeper/server/DataTree.java,ZOOKEEPER-3127,32,34,35,YES
34,src/java/main/org/apache/zookeeper/server/DataTree.java,ZOOKEEPER-3127,32,34,35,YES
32,src/java/main/org/apache/zookeeper/server/ZKDatabase.java,ZOOKEEPER-3127,32,34,35,YES
33,src/java/main/org/apache/zookeeper/server/ZKDatabase.java,ZOOKEEPER-3127,32,34,35,YES
34,src/java/main/org/apache/zookeeper/server/ZKDatabase.java,ZOOKEEPER-3127,32,34,35,YES
21,src/java/main/org/apache/jute/Utils.java,ZOOKEEPER-2039,21,23,24,YES
22,src/java/main/org/apache/jute/Utils.java,ZOOKEEPER-2039,21,23,24,YES
23,src/java/main/org/apache/jute/Utils.java,ZOOKEEPER-2039,21,23,24,YES
38,zookeeper-server/src/main/java/org/apache/zookeeper/server/admin/Commands.java,ZOOKEEPER-4460,38,45,48,YES
39,zookeeper-server/src/main/java/org/apache/zookeeper/server/admin/Commands.java,ZOOKEEPER-4460,38,45,48,YES
40,zookeeper-server/src/main/java/org/apache/zookeeper/server/admin/Commands.java,ZOOKEEPER-4460,38,45,48,YES
41,zookeeper-server/src/main/java/org/apache/zookeeper/server/admin/Commands.java,ZOOKEEPER-4460,38,45,48,YES
42,zookeeper-server/src/main/java/org/apache/zookeeper/server/admin/Commands.java,ZOOKEEPER-4460,38,45,48,YES
43,zookeeper-server/src/main/java/org/apache/zookeeper/server/admin/Commands.java,ZOOKEEPER-4460,38,45,48,YES
44,zookeeper-server/src/main/java/org/apache/zookeeper/server/admin/Commands.java,ZOOKEEPER-4460,38,45,48,YES
45,zookeeper-server/src/main/java/org/apache/zookeeper/server/admin/Commands.java,ZOOKEEPER-4460,38,45,48,YES
46,zookeeper-server/src/main/java/org/apache/zookeeper/server/admin/Commands.java,ZOOKEEPER-4460,38,45,48,YES
47,zookeeper-server/src/main/java/org/apache/zookeeper/server/admin/Commands.java,ZOOKEEPER-4460,38,45,48,YES
38,zookeeper-server/src/main/java/org/apache/zookeeper/server/quorum/AckRequestProcessor.java,ZOOKEEPER-4460,38,45,48,YES
39,zookeeper-server/src/main/java/org/apache/zookeeper/server/quorum/AckRequestProcessor.java,ZOOKEEPER-4460,38,45,48,YES
40,zookeeper-server/src/main/java/org/apache/zookeeper/server/quorum/AckRequestProcessor.java,ZOOKEEPER-4460,38,45,48,YES
41,zookeeper-server/src/main/java/org/apache/zookeeper/server/quorum/AckRequestProcessor.java,ZOOKEEPER-4460,38,45,48,YES
42,zookeeper-server/src/main/java/org/apache/zookeeper/server/quorum/AckRequestProcessor.java,ZOOKEEPER-4460,38,45,48,YES
43,zookeeper-server/src/main/java/org/apache/zookeeper/server/quorum/AckRequestProcessor.java,ZOOKEEPER-4460,38,45,48,YES
44,zookeeper-server/src/main/java/org/apache/zookeeper/server/quorum/AckRequestProcessor.java,ZOOKEEPER-4460,38,45,48,YES
45,zookeeper-server/src/main/java/org/apache/zookeeper/server/quorum/AckRequestProcessor.java,ZOOKEEPER-4460,38,45,48,YES
46,zookeeper-server/src/main/java/org/apache/zookeeper/server/quorum/AckRequestProcessor.java,ZOOKEEPER-4460,38,45,48,YES
47,zookeeper-server/src/main/java/org/apache/zookeeper/server/quorum/AckRequestProcessor.java,ZOOKEEPER-4460,38,45,48,YES
38,zookeeper-server/src/main/java/org/apache/zookeeper/server/quorum/FastLeaderElection.java,ZOOKEEPER-4460,38,45,48,YES
39,zookeeper-server/src/main/java/org/apache/zookeeper/server/quorum/FastLeaderElection.java,ZOOKEEPER-4460,38,45,48,YES
40,zookeeper-server/src/main/java/org/apache/zookeeper/server/quorum/FastLeaderElection.java,ZOOKEEPER-4460,38,45,48,YES
41,zookeeper-server/src/main/java/org/apache/zookeeper/server/quorum/FastLeaderElection.java,ZOOKEEPER-4460,38,45,48,YES
42,zookeeper-server/src/main/java/org/apache/zookeeper/server/quorum/FastLeaderElection.java,ZOOKEEPER-4460,38,45,48,YES
43,zookeeper-server/src/main/java/org/apache/zookeeper/server/quorum/FastLeaderElection.java,ZOOKEEPER-4460,38,45,48,YES
44,zookeeper-server/src/main/java/org/apache/zookeeper/server/quorum/FastLeaderElection.java,ZOOKEEPER-4460,38,45,48,YES
45,zookeeper-server/src/main/java/org/apache/zookeeper/server/quorum/FastLeaderElection.java,ZOOKEEPER-4460,38,45,48,YES
46,zookeeper-server/src/main/java/org/apache/zookeeper/server/quorum/FastLeaderElection.java,ZOOKEEPER-4460,38,45,48,YES
47,zookeeper-server/src/main/java/org/apache/zookeeper/server/quorum/FastLeaderElection.java,ZOOKEEPER-4460,38,45,48,YES
38,zookeeper-server/src/main/java/org/apache/zookeeper/server/quorum/Leader.java,ZOOKEEPER-4460,38,45,48,YES
39,zookeeper-server/src/main/java/org/apache/zookeeper/server/quorum/Leader.java,ZOOKEEPER-4460,38,45,48,YES
40,zookeeper-server/src/main/java/org/apache/zookeeper/server/quorum/Leader.java,ZOOKEEPER-4460,38,45,48,YES
41,zookeeper-server/src/main/java/org/apache/zookeeper/server/quorum/Leader.java,ZOOKEEPER-4460,38,45,48,YES
42,zookeeper-server/src/main/java/org/apache/zookeeper/server/quorum/Leader.java,ZOOKEEPER-4460,38,45,48,YES
43,zookeeper-server/src/main/java/org/apache/zookeeper/server/quorum/Leader.java,ZOOKEEPER-4460,38,45,48,YES
44,zookeeper-server/src/main/java/org/apache/zookeeper/server/quorum/Leader.java,ZOOKEEPER-4460,38,45,48,YES
45,zookeeper-server/src/main/java/org/apache/zookeeper/server/quorum/Leader.java,ZOOKEEPER-4460,38,45,48,YES
46,zookeeper-server/src/main/java/org/apache/zookeeper/server/quorum/Leader.java,ZOOKEEPER-4460,38,45,48,YES
47,zookeeper-server/src/main/java/org/apache/zookeeper/server/quorum/Leader.java,ZOOKEEPER-4460,38,45,48,YES
38,zookeeper-server/src/main/java/org/apache/zookeeper/server/quorum/LeaderZooKeeperServer.java,ZOOKEEPER-4460,38,45,48,YES
39,zookeeper-server/src/main/java/org/apache/zookeeper/server/quorum/LeaderZooKeeperServer.java,ZOOKEEPER-4460,38,45,48,YES
40,zookeeper-server/src/main/java/org/apache/zookeeper/server/quorum/LeaderZooKeeperServer.java,ZOOKEEPER-4460,38,45,48,YES
41,zookeeper-server/src/main/java/org/apache/zookeeper/server/quorum/LeaderZooKeeperServer.java,ZOOKEEPER-4460,38,45,48,YES
42,zookeeper-server/src/main/java/org/apache/zookeeper/server/quorum/LeaderZooKeeperServer.java,ZOOKEEPER-4460,38,45,48,YES
43,zookeeper-server/src/main/java/org/apache/zookeeper/server/quorum/LeaderZooKeeperServer.java,ZOOKEEPER-4460,38,45,48,YES
44,zookeeper-server/src/main/java/org/apache/zookeeper/server/quorum/LeaderZooKeeperServer.java,ZOOKEEPER-4460,38,45,48,YES
45,zookeeper-server/src/main/java/org/apache/zookeeper/server/quorum/LeaderZooKeeperServer.java,ZOOKEEPER-4460,38,45,48,YES
46,zookeeper-server/src/main/java/org/apache/zookeeper/server/quorum/LeaderZooKeeperServer.java,ZOOKEEPER-4460,38,45,48,YES
47,zookeeper-server/src/main/java/org/apache/zookeeper/server/quorum/LeaderZooKeeperServer.java,ZOOKEEPER-4460,38,45,48,YES
38,zookeeper-server/src/main/java/org/apache/zookeeper/server/quorum/Learner.java,ZOOKEEPER-4460,38,45,48,YES
39,zookeeper-server/src/main/java/org/apache/zookeeper/server/quorum/Learner.java,ZOOKEEPER-4460,38,45,48,YES
40,zookeeper-server/src/main/java/org/apache/zookeeper/server/quorum/Learner.java,ZOOKEEPER-4460,38,45,48,YES
41,zookeeper-server/src/main/java/org/apache/zookeeper/server/quorum/Learner.java,ZOOKEEPER-4460,38,45,48,YES
42,zookeeper-server/src/main/java/org/apache/zookeeper/server/quorum/Learner.java,ZOOKEEPER-4460,38,45,48,YES
43,zookeeper-server/src/main/java/org/apache/zookeeper/server/quorum/Learner.java,ZOOKEEPER-4460,38,45,48,YES
44,zookeeper-server/src/main/java/org/apache/zookeeper/server/quorum/Learner.java,ZOOKEEPER-4460,38,45,48,YES
45,zookeeper-server/src/main/java/org/apache/zookeeper/server/quorum/Learner.java,ZOOKEEPER-4460,38,45,48,YES
46,zookeeper-server/src/main/java/org/apache/zookeeper/server/quorum/Learner.java,ZOOKEEPER-4460,38,45,48,YES
47,zookeeper-server/src/main/java/org/apache/zookeeper/server/quorum/Learner.java,ZOOKEEPER-4460,38,45,48,YES
38,zookeeper-server/src/main/java/org/apache/zookeeper/server/quorum/LearnerZooKeeperServer.java,ZOOKEEPER-4460,38,45,48,YES
39,zookeeper-server/src/main/java/org/apache/zookeeper/server/quorum/LearnerZooKeeperServer.java,ZOOKEEPER-4460,38,45,48,YES
40,zookeeper-server/src/main/java/org/apache/zookeeper/server/quorum/LearnerZooKeeperServer.java,ZOOKEEPER-4460,38,45,48,YES
41,zookeeper-server/src/main/java/org/apache/zookeeper/server/quorum/LearnerZooKeeperServer.java,ZOOKEEPER-4460,38,45,48,YES
42,zookeeper-server/src/main/java/org/apache/zookeeper/server/quorum/LearnerZooKeeperServer.java,ZOOKEEPER-4460,38,45,48,YES
43,zookeeper-server/src/main/java/org/apache/zookeeper/server/quorum/LearnerZooKeeperServer.java,ZOOKEEPER-4460,38,45,48,YES
44,zookeeper-server/src/main/java/org/apache/zookeeper/server/quorum/LearnerZooKeeperServer.java,ZOOKEEPER-4460,38,45,48,YES
45,zookeeper-server/src/main/java/org/apache/zookeeper/server/quorum/LearnerZooKeeperServer.java,ZOOKEEPER-4460,38,45,48,YES
46,zookeeper-server/src/main/java/org/apache/zookeeper/server/quorum/LearnerZooKeeperServer.java,ZOOKEEPER-4460,38,45,48,YES
47,zookeeper-server/src/main/java/org/apache/zookeeper/server/quorum/LearnerZooKeeperServer.java,ZOOKEEPER-4460,38,45,48,YES
38,zookeeper-server/src/main/java/org/apache/zookeeper/server/quorum/LocalPeerBean.java,ZOOKEEPER-4460,38,45,48,YES
39,zookeeper-server/src/main/java/org/apache/zookeeper/server/quorum/LocalPeerBean.java,ZOOKEEPER-4460,38,45,48,YES
40,zookeeper-server/src/main/java/org/apache/zookeeper/server/quorum/LocalPeerBean.java,ZOOKEEPER-4460,38,45,48,YES
41,zookeeper-server/src/main/java/org/apache/zookeeper/server/quorum/LocalPeerBean.java,ZOOKEEPER-4460,38,45,48,YES
42,zookeeper-server/src/main/java/org/apache/zookeeper/server/quorum/LocalPeerBean.java,ZOOKEEPER-4460,38,45,48,YES
43,zookeeper-server/src/main/java/org/apache/zookeeper/server/quorum/LocalPeerBean.java,ZOOKEEPER-4460,38,45,48,YES
44,zookeeper-server/src/main/java/org/apache/zookeeper/server/quorum/LocalPeerBean.java,ZOOKEEPER-4460,38,45,48,YES
45,zookeeper-server/src/main/java/org/apache/zookeeper/server/quorum/LocalPeerBean.java,ZOOKEEPER-4460,38,45,48,YES
46,zookeeper-server/src/main/java/org/apache/zookeeper/server/quorum/LocalPeerBean.java,ZOOKEEPER-4460,38,45,48,YES
47,zookeeper-server/src/main/java/org/apache/zookeeper/server/quorum/LocalPeerBean.java,ZOOKEEPER-4460,38,45,48,YES
38,zookeeper-server/src/main/java/org/apache/zookeeper/server/quorum/QuorumBean.java,ZOOKEEPER-4460,38,45,48,YES
39,zookeeper-server/src/main/java/org/apache/zookeeper/server/quorum/QuorumBean.java,ZOOKEEPER-4460,38,45,48,YES
40,zookeeper-server/src/main/java/org/apache/zookeeper/server/quorum/QuorumBean.java,ZOOKEEPER-4460,38,45,48,YES
41,zookeeper-server/src/main/java/org/apache/zookeeper/server/quorum/QuorumBean.java,ZOOKEEPER-4460,38,45,48,YES
42,zookeeper-server/src/main/java/org/apache/zookeeper/server/quorum/QuorumBean.java,ZOOKEEPER-4460,38,45,48,YES
43,zookeeper-server/src/main/java/org/apache/zookeeper/server/quorum/QuorumBean.java,ZOOKEEPER-4460,38,45,48,YES
44,zookeeper-server/src/main/java/org/apache/zookeeper/server/quorum/QuorumBean.java,ZOOKEEPER-4460,38,45,48,YES
45,zookeeper-server/src/main/java/org/apache/zookeeper/server/quorum/QuorumBean.java,ZOOKEEPER-4460,38,45,48,YES
46,zookeeper-server/src/main/java/org/apache/zookeeper/server/quorum/QuorumBean.java,ZOOKEEPER-4460,38,45,48,YES
47,zookeeper-server/src/main/java/org/apache/zookeeper/server/quorum/QuorumBean.java,ZOOKEEPER-4460,38,45,48,YES
38,zookeeper-server/src/main/java/org/apache/zookeeper/server/quorum/QuorumCnxManager.java,ZOOKEEPER-4460,38,45,48,YES
39,zookeeper-server/src/main/java/org/apache/zookeeper/server/quorum/QuorumCnxManager.java,ZOOKEEPER-4460,38,45,48,YES
40,zookeeper-server/src/main/java/org/apache/zookeeper/server/quorum/QuorumCnxManager.java,ZOOKEEPER-4460,38,45,48,YES
41,zookeeper-server/src/main/java/org/apache/zookeeper/server/quorum/QuorumCnxManager.java,ZOOKEEPER-4460,38,45,48,YES
42,zookeeper-server/src/main/java/org/apache/zookeeper/server/quorum/QuorumCnxManager.java,ZOOKEEPER-4460,38,45,48,YES
43,zookeeper-server/src/main/java/org/apache/zookeeper/server/quorum/QuorumCnxManager.java,ZOOKEEPER-4460,38,45,48,YES
44,zookeeper-server/src/main/java/org/apache/zookeeper/server/quorum/QuorumCnxManager.java,ZOOKEEPER-4460,38,45,48,YES
45,zookeeper-server/src/main/java/org/apache/zookeeper/server/quorum/QuorumCnxManager.java,ZOOKEEPER-4460,38,45,48,YES
46,zookeeper-server/src/main/java/org/apache/zookeeper/server/quorum/QuorumCnxManager.java,ZOOKEEPER-4460,38,45,48,YES
47,zookeeper-server/src/main/java/org/apache/zookeeper/server/quorum/QuorumCnxManager.java,ZOOKEEPER-4460,38,45,48,YES
38,zookeeper-server/src/main/java/org/apache/zookeeper/server/quorum/QuorumPeer.java,ZOOKEEPER-4460,38,45,48,YES
39,zookeeper-server/src/main/java/org/apache/zookeeper/server/quorum/QuorumPeer.java,ZOOKEEPER-4460,38,45,48,YES
40,zookeeper-server/src/main/java/org/apache/zookeeper/server/quorum/QuorumPeer.java,ZOOKEEPER-4460,38,45,48,YES
41,zookeeper-server/src/main/java/org/apache/zookeeper/server/quorum/QuorumPeer.java,ZOOKEEPER-4460,38,45,48,YES
42,zookeeper-server/src/main/java/org/apache/zookeeper/server/quorum/QuorumPeer.java,ZOOKEEPER-4460,38,45,48,YES
43,zookeeper-server/src/main/java/org/apache/zookeeper/server/quorum/QuorumPeer.java,ZOOKEEPER-4460,38,45,48,YES
44,zookeeper-server/src/main/java/org/apache/zookeeper/server/quorum/QuorumPeer.java,ZOOKEEPER-4460,38,45,48,YES
45,zookeeper-server/src/main/java/org/apache/zookeeper/server/quorum/QuorumPeer.java,ZOOKEEPER-4460,38,45,48,YES
46,zookeeper-server/src/main/java/org/apache/zookeeper/server/quorum/QuorumPeer.java,ZOOKEEPER-4460,38,45,48,YES
47,zookeeper-server/src/main/java/org/apache/zookeeper/server/quorum/QuorumPeer.java,ZOOKEEPER-4460,38,45,48,YES
38,zookeeper-server/src/main/java/org/apache/zookeeper/server/quorum/ReadOnlyZooKeeperServer.java,ZOOKEEPER-4460,38,45,48,YES
39,zookeeper-server/src/main/java/org/apache/zookeeper/server/quorum/ReadOnlyZooKeeperServer.java,ZOOKEEPER-4460,38,45,48,YES
40,zookeeper-server/src/main/java/org/apache/zookeeper/server/quorum/ReadOnlyZooKeeperServer.java,ZOOKEEPER-4460,38,45,48,YES
41,zookeeper-server/src/main/java/org/apache/zookeeper/server/quorum/ReadOnlyZooKeeperServer.java,ZOOKEEPER-4460,38,45,48,YES
42,zookeeper-server/src/main/java/org/apache/zookeeper/server/quorum/ReadOnlyZooKeeperServer.java,ZOOKEEPER-4460,38,45,48,YES
43,zookeeper-server/src/main/java/org/apache/zookeeper/server/quorum/ReadOnlyZooKeeperServer.java,ZOOKEEPER-4460,38,45,48,YES
44,zookeeper-server/src/main/java/org/apache/zookeeper/server/quorum/ReadOnlyZooKeeperServer.java,ZOOKEEPER-4460,38,45,48,YES
45,zookeeper-server/src/main/java/org/apache/zookeeper/server/quorum/ReadOnlyZooKeeperServer.java,ZOOKEEPER-4460,38,45,48,YES
46,zookeeper-server/src/main/java/org/apache/zookeeper/server/quorum/ReadOnlyZooKeeperServer.java,ZOOKEEPER-4460,38,45,48,YES
47,zookeeper-server/src/main/java/org/apache/zookeeper/server/quorum/ReadOnlyZooKeeperServer.java,ZOOKEEPER-4460,38,45,48,YES
12,src/java/main/org/apache/zookeeper/server/quorum/Leader.java,ZOOKEEPER-1192,12,12,13,YES
41,zookeeper-server/src/main/java/org/apache/zookeeper/server/quorum/QuorumCnxManager.java,ZOOKEEPER-4220,41,43,44,YES
42,zookeeper-server/src/main/java/org/apache/zookeeper/server/quorum/QuorumCnxManager.java,ZOOKEEPER-4220,41,43,44,YES
43,zookeeper-server/src/main/java/org/apache/zookeeper/server/quorum/QuorumCnxManager.java,ZOOKEEPER-4220,41,43,44,YES
29,src/java/main/org/apache/zookeeper/server/NettyServerCnxn.java,ZOOKEEPER-3131,29,34,35,YES
30,src/java/main/org/apache/zookeeper/server/NettyServerCnxn.java,ZOOKEEPER-3131,29,34,35,YES
31,src/java/main/org/apache/zookeeper/server/NettyServerCnxn.java,ZOOKEEPER-3131,29,34,35,YES
32,src/java/main/org/apache/zookeeper/server/NettyServerCnxn.java,ZOOKEEPER-3131,29,34,35,YES
33,src/java/main/org/apache/zookeeper/server/NettyServerCnxn.java,ZOOKEEPER-3131,29,34,35,YES
34,src/java/main/org/apache/zookeeper/server/NettyServerCnxn.java,ZOOKEEPER-3131,29,34,35,YES
22,zookeeper-server/src/main/java/org/apache/zookeeper/ZKUtil.java,ZOOKEEPER-2284,22,24,34,YES
23,zookeeper-server/src/main/java/org/apache/zookeeper/ZKUtil.java,ZOOKEEPER-2284,22,24,34,YES
24,zookeeper-server/src/main/java/org/apache/zookeeper/ZKUtil.java,ZOOKEEPER-2284,22,24,34,YES
25,zookeeper-server/src/main/java/org/apache/zookeeper/ZKUtil.java,ZOOKEEPER-2284,22,24,34,YES
26,zookeeper-server/src/main/java/org/apache/zookeeper/ZKUtil.java,ZOOKEEPER-2284,22,24,34,YES
27,zookeeper-server/src/main/java/org/apache/zookeeper/ZKUtil.java,ZOOKEEPER-2284,22,24,34,YES
28,zookeeper-server/src/main/java/org/apache/zookeeper/ZKUtil.java,ZOOKEEPER-2284,22,24,34,YES
29,zookeeper-server/src/main/java/org/apache/zookeeper/ZKUtil.java,ZOOKEEPER-2284,22,24,34,YES
30,zookeeper-server/src/main/java/org/apache/zookeeper/ZKUtil.java,ZOOKEEPER-2284,22,24,34,YES
31,zookeeper-server/src/main/java/org/apache/zookeeper/ZKUtil.java,ZOOKEEPER-2284,22,24,34,YES
32,zookeeper-server/src/main/java/org/apache/zookeeper/ZKUtil.java,ZOOKEEPER-2284,22,24,34,YES
33,zookeeper-server/src/main/java/org/apache/zookeeper/ZKUtil.java,ZOOKEEPER-2284,22,24,34,YES
22,zookeeper-server/src/main/java/org/apache/zookeeper/server/LogFormatter.java,ZOOKEEPER-2284,22,24,34,YES
23,zookeeper-server/src/main/java/org/apache/zookeeper/server/LogFormatter.java,ZOOKEEPER-2284,22,24,34,YES
24,zookeeper-server/src/main/java/org/apache/zookeeper/server/LogFormatter.java,ZOOKEEPER-2284,22,24,34,YES
25,zookeeper-server/src/main/java/org/apache/zookeeper/server/LogFormatter.java,ZOOKEEPER-2284,22,24,34,YES
26,zookeeper-server/src/main/java/org/apache/zookeeper/server/LogFormatter.java,ZOOKEEPER-2284,22,24,34,YES
27,zookeeper-server/src/main/java/org/apache/zookeeper/server/LogFormatter.java,ZOOKEEPER-2284,22,24,34,YES
28,zookeeper-server/src/main/java/org/apache/zookeeper/server/LogFormatter.java,ZOOKEEPER-2284,22,24,34,YES
29,zookeeper-server/src/main/java/org/apache/zookeeper/server/LogFormatter.java,ZOOKEEPER-2284,22,24,34,YES
30,zookeeper-server/src/main/java/org/apache/zookeeper/server/LogFormatter.java,ZOOKEEPER-2284,22,24,34,YES
31,zookeeper-server/src/main/java/org/apache/zookeeper/server/LogFormatter.java,ZOOKEEPER-2284,22,24,34,YES
32,zookeeper-server/src/main/java/org/apache/zookeeper/server/LogFormatter.java,ZOOKEEPER-2284,22,24,34,YES
33,zookeeper-server/src/main/java/org/apache/zookeeper/server/LogFormatter.java,ZOOKEEPER-2284,22,24,34,YES
22,zookeeper-server/src/main/java/org/apache/zookeeper/server/SnapshotFormatter.java,ZOOKEEPER-2284,22,24,34,YES
23,zookeeper-server/src/main/java/org/apache/zookeeper/server/SnapshotFormatter.java,ZOOKEEPER-2284,22,24,34,YES
24,zookeeper-server/src/main/java/org/apache/zookeeper/server/SnapshotFormatter.java,ZOOKEEPER-2284,22,24,34,YES
25,zookeeper-server/src/main/java/org/apache/zookeeper/server/SnapshotFormatter.java,ZOOKEEPER-2284,22,24,34,YES
26,zookeeper-server/src/main/java/org/apache/zookeeper/server/SnapshotFormatter.java,ZOOKEEPER-2284,22,24,34,YES
27,zookeeper-server/src/main/java/org/apache/zookeeper/server/SnapshotFormatter.java,ZOOKEEPER-2284,22,24,34,YES
28,zookeeper-server/src/main/java/org/apache/zookeeper/server/SnapshotFormatter.java,ZOOKEEPER-2284,22,24,34,YES
29,zookeeper-server/src/main/java/org/apache/zookeeper/server/SnapshotFormatter.java,ZOOKEEPER-2284,22,24,34,YES
30,zookeeper-server/src/main/java/org/apache/zookeeper/server/SnapshotFormatter.java,ZOOKEEPER-2284,22,24,34,YES
31,zookeeper-server/src/main/java/org/apache/zookeeper/server/SnapshotFormatter.java,ZOOKEEPER-2284,22,24,34,YES
32,zookeeper-server/src/main/java/org/apache/zookeeper/server/SnapshotFormatter.java,ZOOKEEPER-2284,22,24,34,YES
33,zookeeper-server/src/main/java/org/apache/zookeeper/server/SnapshotFormatter.java,ZOOKEEPER-2284,22,24,34,YES
32,zookeeper-server/src/main/java/org/apache/zookeeper/server/NettyServerCnxn.java,ZOOKEEPER-3356,32,35,36,YES
33,zookeeper-server/src/main/java/org/apache/zookeeper/server/NettyServerCnxn.java,ZOOKEEPER-3356,32,35,36,YES
34,zookeeper-server/src/main/java/org/apache/zookeeper/server/NettyServerCnxn.java,ZOOKEEPER-3356,32,35,36,YES
35,zookeeper-server/src/main/java/org/apache/zookeeper/server/NettyServerCnxn.java,ZOOKEEPER-3356,32,35,36,YES
32,zookeeper-server/src/main/java/org/apache/zookeeper/server/NettyServerCnxnFactory.java,ZOOKEEPER-3356,32,35,36,YES
33,zookeeper-server/src/main/java/org/apache/zookeeper/server/NettyServerCnxnFactory.java,ZOOKEEPER-3356,32,35,36,YES
34,zookeeper-server/src/main/java/org/apache/zookeeper/server/NettyServerCnxnFactory.java,ZOOKEEPER-3356,32,35,36,YES
35,zookeeper-server/src/main/java/org/apache/zookeeper/server/NettyServerCnxnFactory.java,ZOOKEEPER-3356,32,35,36,YES
32,zookeeper-server/src/main/java/org/apache/zookeeper/server/ServerMetrics.java,ZOOKEEPER-3356,32,35,36,YES
33,zookeeper-server/src/main/java/org/apache/zookeeper/server/ServerMetrics.java,ZOOKEEPER-3356,32,35,36,YES
34,zookeeper-server/src/main/java/org/apache/zookeeper/server/ServerMetrics.java,ZOOKEEPER-3356,32,35,36,YES
35,zookeeper-server/src/main/java/org/apache/zookeeper/server/ServerMetrics.java,ZOOKEEPER-3356,32,35,36,YES
21,src/java/main/org/apache/zookeeper/server/NIOServerCnxnFactory.java,ZOOKEEPER-2026,21,23,24,YES
22,src/java/main/org/apache/zookeeper/server/NIOServerCnxnFactory.java,ZOOKEEPER-2026,21,23,24,YES
23,src/java/main/org/apache/zookeeper/server/NIOServerCnxnFactory.java,ZOOKEEPER-2026,21,23,24,YES
21,src/java/main/org/apache/zookeeper/server/NettyServerCnxnFactory.java,ZOOKEEPER-2026,21,23,24,YES
22,src/java/main/org/apache/zookeeper/server/NettyServerCnxnFactory.java,ZOOKEEPER-2026,21,23,24,YES
23,src/java/main/org/apache/zookeeper/server/NettyServerCnxnFactory.java,ZOOKEEPER-2026,21,23,24,YES
12,src/java/main/org/apache/zookeeper/server/NettyServerCnxn.java,ZOOKEEPER-1179,12,12,21,YES
13,src/java/main/org/apache/zookeeper/server/NettyServerCnxn.java,ZOOKEEPER-1179,12,12,21,YES
14,src/java/main/org/apache/zookeeper/server/NettyServerCnxn.java,ZOOKEEPER-1179,12,12,21,YES
15,src/java/main/org/apache/zookeeper/server/NettyServerCnxn.java,ZOOKEEPER-1179,12,12,21,YES
16,src/java/main/org/apache/zookeeper/server/NettyServerCnxn.java,ZOOKEEPER-1179,12,12,21,YES
17,src/java/main/org/apache/zookeeper/server/NettyServerCnxn.java,ZOOKEEPER-1179,12,12,21,YES
18,src/java/main/org/apache/zookeeper/server/NettyServerCnxn.java,ZOOKEEPER-1179,12,12,21,YES
19,src/java/main/org/apache/zookeeper/server/NettyServerCnxn.java,ZOOKEEPER-1179,12,12,21,YES
20,src/java/main/org/apache/zookeeper/server/NettyServerCnxn.java,ZOOKEEPER-1179,12,12,21,YES
32,zookeeper-server/src/main/java/org/apache/zookeeper/ClientCnxnSocketNIO.java,ZOOKEEPER-3112,32,34,41,YES
33,zookeeper-server/src/main/java/org/apache/zookeeper/ClientCnxnSocketNIO.java,ZOOKEEPER-3112,32,34,41,YES
34,zookeeper-server/src/main/java/org/apache/zookeeper/ClientCnxnSocketNIO.java,ZOOKEEPER-3112,32,34,41,YES
35,zookeeper-server/src/main/java/org/apache/zookeeper/ClientCnxnSocketNIO.java,ZOOKEEPER-3112,32,34,41,YES
36,zookeeper-server/src/main/java/org/apache/zookeeper/ClientCnxnSocketNIO.java,ZOOKEEPER-3112,32,34,41,YES
37,zookeeper-server/src/main/java/org/apache/zookeeper/ClientCnxnSocketNIO.java,ZOOKEEPER-3112,32,34,41,YES
38,zookeeper-server/src/main/java/org/apache/zookeeper/ClientCnxnSocketNIO.java,ZOOKEEPER-3112,32,34,41,YES
39,zookeeper-server/src/main/java/org/apache/zookeeper/ClientCnxnSocketNIO.java,ZOOKEEPER-3112,32,34,41,YES
40,zookeeper-server/src/main/java/org/apache/zookeeper/ClientCnxnSocketNIO.java,ZOOKEEPER-3112,32,34,41,YES
21,src/java/main/org/apache/zookeeper/server/quorum/Leader.java,ZOOKEEPER-2029,21,23,24,YES
22,src/java/main/org/apache/zookeeper/server/quorum/Leader.java,ZOOKEEPER-2029,21,23,24,YES
23,src/java/main/org/apache/zookeeper/server/quorum/Leader.java,ZOOKEEPER-2029,21,23,24,YES
31,src/java/main/org/apache/zookeeper/server/admin/Commands.java,ZOOKEEPER-3117,31,34,35,YES
32,src/java/main/org/apache/zookeeper/server/admin/Commands.java,ZOOKEEPER-3117,31,34,35,YES
33,src/java/main/org/apache/zookeeper/server/admin/Commands.java,ZOOKEEPER-3117,31,34,35,YES
34,src/java/main/org/apache/zookeeper/server/admin/Commands.java,ZOOKEEPER-3117,31,34,35,YES
31,src/java/main/org/apache/zookeeper/server/command/MonitorCommand.java,ZOOKEEPER-3117,31,34,35,YES
32,src/java/main/org/apache/zookeeper/server/command/MonitorCommand.java,ZOOKEEPER-3117,31,34,35,YES
33,src/java/main/org/apache/zookeeper/server/command/MonitorCommand.java,ZOOKEEPER-3117,31,34,35,YES
34,src/java/main/org/apache/zookeeper/server/command/MonitorCommand.java,ZOOKEEPER-3117,31,34,35,YES
31,src/java/main/org/apache/zookeeper/server/quorum/Leader.java,ZOOKEEPER-3117,31,34,35,YES
32,src/java/main/org/apache/zookeeper/server/quorum/Leader.java,ZOOKEEPER-3117,31,34,35,YES
33,src/java/main/org/apache/zookeeper/server/quorum/Leader.java,ZOOKEEPER-3117,31,34,35,YES
34,src/java/main/org/apache/zookeeper/server/quorum/Leader.java,ZOOKEEPER-3117,31,34,35,YES
31,src/java/main/org/apache/zookeeper/server/quorum/LeaderBean.java,ZOOKEEPER-3117,31,34,35,YES
32,src/java/main/org/apache/zookeeper/server/quorum/LeaderBean.java,ZOOKEEPER-3117,31,34,35,YES
33,src/java/main/org/apache/zookeeper/server/quorum/LeaderBean.java,ZOOKEEPER-3117,31,34,35,YES
34,src/java/main/org/apache/zookeeper/server/quorum/LeaderBean.java,ZOOKEEPER-3117,31,34,35,YES
22,src/java/main/org/apache/zookeeper/server/quorum/RemotePeerBean.java,ZOOKEEPER-2269,22,24,25,YES
23,src/java/main/org/apache/zookeeper/server/quorum/RemotePeerBean.java,ZOOKEEPER-2269,22,24,25,YES
24,src/java/main/org/apache/zookeeper/server/quorum/RemotePeerBean.java,ZOOKEEPER-2269,22,24,25,YES
8,src/java/main/org/apache/zookeeper/server/quorum/FastLeaderElection.java,ZOOKEEPER-764,8,9,10,YES
9,src/java/main/org/apache/zookeeper/server/quorum/FastLeaderElection.java,ZOOKEEPER-764,8,9,10,YES
8,src/java/main/org/apache/zookeeper/server/quorum/LeaderElection.java,ZOOKEEPER-764,8,9,10,YES
9,src/java/main/org/apache/zookeeper/server/quorum/LeaderElection.java,ZOOKEEPER-764,8,9,10,YES
8,src/java/main/org/apache/zookeeper/server/quorum/QuorumPeer.java,ZOOKEEPER-764,8,9,10,YES
9,src/java/main/org/apache/zookeeper/server/quorum/QuorumPeer.java,ZOOKEEPER-764,8,9,10,YES
8,src/java/main/org/apache/zookeeper/server/quorum/QuorumPeerMain.java,ZOOKEEPER-764,8,9,10,YES
9,src/java/main/org/apache/zookeeper/server/quorum/QuorumPeerMain.java,ZOOKEEPER-764,8,9,10,YES
8,src/java/main/org/apache/zookeeper/server/quorum/QuorumZooKeeperServer.java,ZOOKEEPER-764,8,9,10,YES
9,src/java/main/org/apache/zookeeper/server/quorum/QuorumZooKeeperServer.java,ZOOKEEPER-764,8,9,10,YES
12,src/java/main/org/apache/zookeeper/Login.java,ZOOKEEPER-1181,12,12,13,YES
12,src/java/main/org/apache/zookeeper/ClientCnxn.java,ZOOKEEPER-1185,12,12,13,YES
12,src/java/main/org/apache/zookeeper/client/ZooKeeperSaslClient.java,ZOOKEEPER-1185,12,12,13,YES
22,src/java/main/org/apache/zookeeper/server/quorum/QuorumPeerConfig.java,ZOOKEEPER-2030,22,23,24,YES
23,src/java/main/org/apache/zookeeper/server/quorum/QuorumPeerConfig.java,ZOOKEEPER-2030,22,23,24,YES
8,src/java/main/org/apache/zookeeper/server/quorum/QuorumPeerConfig.java,ZOOKEEPER-769,8,9,10,YES
9,src/java/main/org/apache/zookeeper/server/quorum/QuorumPeerConfig.java,ZOOKEEPER-769,8,9,10,YES
6,src/java/main/org/apache/zookeeper/ClientCnxn.java,ZOOKEEPER-593,6,7,8,YES
7,src/java/main/org/apache/zookeeper/ClientCnxn.java,ZOOKEEPER-593,6,7,8,YES
6,src/java/main/org/apache/zookeeper/ZooKeeper.java,ZOOKEEPER-593,6,7,8,YES
7,src/java/main/org/apache/zookeeper/ZooKeeper.java,ZOOKEEPER-593,6,7,8,YES
1,src/java/main/org/apache/zookeeper/server/quorum/Leader.java,ZOOKEEPER-117,1,1,2,YES
1,src/java/main/org/apache/zookeeper/server/quorum/FollowerRequestProcessor.java,ZOOKEEPER-118,1,1,2,YES
4,src/java/main/org/apache/zookeeper/server/NIOServerCnxn.java,ZOOKEEPER-597,4,7,8,YES
5,src/java/main/org/apache/zookeeper/server/NIOServerCnxn.java,ZOOKEEPER-597,4,7,8,YES
6,src/java/main/org/apache/zookeeper/server/NIOServerCnxn.java,ZOOKEEPER-597,4,7,8,YES
7,src/java/main/org/apache/zookeeper/server/NIOServerCnxn.java,ZOOKEEPER-597,4,7,8,YES
4,src/java/main/org/apache/zookeeper/server/NIOServerCnxn.java,ZOOKEEPER-597,4,7,8,YES
5,src/java/main/org/apache/zookeeper/server/NIOServerCnxn.java,ZOOKEEPER-597,4,7,8,YES
6,src/java/main/org/apache/zookeeper/server/NIOServerCnxn.java,ZOOKEEPER-597,4,7,8,YES
7,src/java/main/org/apache/zookeeper/server/NIOServerCnxn.java,ZOOKEEPER-597,4,7,8,YES
4,src/java/main/org/apache/zookeeper/server/quorum/CommitProcessor.java,ZOOKEEPER-597,4,7,8,YES
5,src/java/main/org/apache/zookeeper/server/quorum/CommitProcessor.java,ZOOKEEPER-597,4,7,8,YES
6,src/java/main/org/apache/zookeeper/server/quorum/CommitProcessor.java,ZOOKEEPER-597,4,7,8,YES
7,src/java/main/org/apache/zookeeper/server/quorum/CommitProcessor.java,ZOOKEEPER-597,4,7,8,YES
4,src/java/main/org/apache/zookeeper/server/NIOServerCnxn.java,ZOOKEEPER-597,4,7,8,YES
5,src/java/main/org/apache/zookeeper/server/NIOServerCnxn.java,ZOOKEEPER-597,4,7,8,YES
6,src/java/main/org/apache/zookeeper/server/NIOServerCnxn.java,ZOOKEEPER-597,4,7,8,YES
7,src/java/main/org/apache/zookeeper/server/NIOServerCnxn.java,ZOOKEEPER-597,4,7,8,YES
3,src/java/main/org/apache/zookeeper/common/PathUtils.java,ZOOKEEPER-355,3,4,5,YES
4,src/java/main/org/apache/zookeeper/common/PathUtils.java,ZOOKEEPER-355,3,4,5,YES
3,src/java/main/org/apache/zookeeper/ZooKeeper.java,ZOOKEEPER-355,3,4,5,YES
4,src/java/main/org/apache/zookeeper/ZooKeeper.java,ZOOKEEPER-355,3,4,5,YES
3,src/java/main/org/apache/zookeeper/server/PrepRequestProcessor.java,ZOOKEEPER-355,3,4,5,YES
4,src/java/main/org/apache/zookeeper/server/PrepRequestProcessor.java,ZOOKEEPER-355,3,4,5,YES
5,src/java/main/org/apache/zookeeper/server/quorum/LearnerHandler.java,ZOOKEEPER-598,5,7,8,YES
6,src/java/main/org/apache/zookeeper/server/quorum/LearnerHandler.java,ZOOKEEPER-598,5,7,8,YES
7,src/java/main/org/apache/zookeeper/server/quorum/LearnerHandler.java,ZOOKEEPER-598,5,7,8,YES
6,src/java/main/org/apache/zookeeper/server/ConnectionBean.java,ZOOKEEPER-596,6,7,8,YES
7,src/java/main/org/apache/zookeeper/server/ConnectionBean.java,ZOOKEEPER-596,6,7,8,YES
6,src/java/main/org/apache/zookeeper/server/FinalRequestProcessor.java,ZOOKEEPER-596,6,7,8,YES
7,src/java/main/org/apache/zookeeper/server/FinalRequestProcessor.java,ZOOKEEPER-596,6,7,8,YES
6,src/java/main/org/apache/zookeeper/server/NIOServerCnxn.java,ZOOKEEPER-596,6,7,8,YES
7,src/java/main/org/apache/zookeeper/server/NIOServerCnxn.java,ZOOKEEPER-596,6,7,8,YES
6,src/java/main/org/apache/zookeeper/server/PrepRequestProcessor.java,ZOOKEEPER-596,6,7,8,YES
7,src/java/main/org/apache/zookeeper/server/PrepRequestProcessor.java,ZOOKEEPER-596,6,7,8,YES
6,src/java/main/org/apache/zookeeper/server/SyncRequestProcessor.java,ZOOKEEPER-596,6,7,8,YES
7,src/java/main/org/apache/zookeeper/server/SyncRequestProcessor.java,ZOOKEEPER-596,6,7,8,YES
6,src/java/main/org/apache/zookeeper/server/ZKDatabase.java,ZOOKEEPER-596,6,7,8,YES
7,src/java/main/org/apache/zookeeper/server/ZKDatabase.java,ZOOKEEPER-596,6,7,8,YES
6,src/java/main/org/apache/zookeeper/server/ZooKeeperServer.java,ZOOKEEPER-596,6,7,8,YES
7,src/java/main/org/apache/zookeeper/server/ZooKeeperServer.java,ZOOKEEPER-596,6,7,8,YES
6,src/java/main/org/apache/zookeeper/server/persistence/FileSnap.java,ZOOKEEPER-596,6,7,8,YES
7,src/java/main/org/apache/zookeeper/server/persistence/FileSnap.java,ZOOKEEPER-596,6,7,8,YES
6,src/java/main/org/apache/zookeeper/server/quorum/FollowerZooKeeperServer.java,ZOOKEEPER-596,6,7,8,YES
7,src/java/main/org/apache/zookeeper/server/quorum/FollowerZooKeeperServer.java,ZOOKEEPER-596,6,7,8,YES
6,src/java/main/org/apache/zookeeper/server/quorum/Leader.java,ZOOKEEPER-596,6,7,8,YES
7,src/java/main/org/apache/zookeeper/server/quorum/Leader.java,ZOOKEEPER-596,6,7,8,YES
6,src/java/main/org/apache/zookeeper/server/quorum/LeaderZooKeeperServer.java,ZOOKEEPER-596,6,7,8,YES
7,src/java/main/org/apache/zookeeper/server/quorum/LeaderZooKeeperServer.java,ZOOKEEPER-596,6,7,8,YES
6,src/java/main/org/apache/zookeeper/server/quorum/Learner.java,ZOOKEEPER-596,6,7,8,YES
7,src/java/main/org/apache/zookeeper/server/quorum/Learner.java,ZOOKEEPER-596,6,7,8,YES
6,src/java/main/org/apache/zookeeper/server/quorum/LearnerHandler.java,ZOOKEEPER-596,6,7,8,YES
7,src/java/main/org/apache/zookeeper/server/quorum/LearnerHandler.java,ZOOKEEPER-596,6,7,8,YES
6,src/java/main/org/apache/zookeeper/server/quorum/LearnerZooKeeperServer.java,ZOOKEEPER-596,6,7,8,YES
7,src/java/main/org/apache/zookeeper/server/quorum/LearnerZooKeeperServer.java,ZOOKEEPER-596,6,7,8,YES
6,src/java/main/org/apache/zookeeper/server/quorum/ObserverZooKeeperServer.java,ZOOKEEPER-596,6,7,8,YES
7,src/java/main/org/apache/zookeeper/server/quorum/ObserverZooKeeperServer.java,ZOOKEEPER-596,6,7,8,YES
6,src/java/main/org/apache/zookeeper/server/quorum/QuorumPeer.java,ZOOKEEPER-596,6,7,8,YES
7,src/java/main/org/apache/zookeeper/server/quorum/QuorumPeer.java,ZOOKEEPER-596,6,7,8,YES
6,src/java/main/org/apache/zookeeper/server/quorum/QuorumPeerMain.java,ZOOKEEPER-596,6,7,8,YES
7,src/java/main/org/apache/zookeeper/server/quorum/QuorumPeerMain.java,ZOOKEEPER-596,6,7,8,YES
1,src/java/main/org/apache/zookeeper/ClientCnxn.java,ZOOKEEPER-112,1,1,2,YES
1,src/java/main/org/apache/zookeeper/ZooKeeper.java,ZOOKEEPER-112,1,1,2,YES
43,zookeeper-server/src/main/java/org/apache/zookeeper/common/AtomicFileOutputStream.java,ZOOKEEPER-4269,43,44,45,YES
44,zookeeper-server/src/main/java/org/apache/zookeeper/common/AtomicFileOutputStream.java,ZOOKEEPER-4269,43,44,45,YES
43,zookeeper-server/src/main/java/org/apache/zookeeper/server/quorum/QuorumPeer.java,ZOOKEEPER-4269,43,44,45,YES
44,zookeeper-server/src/main/java/org/apache/zookeeper/server/quorum/QuorumPeer.java,ZOOKEEPER-4269,43,44,45,YES
40,zookeeper-server/src/main/java/org/apache/zookeeper/CreateOptions.java,ZOOKEEPER-4026,40,42,50,YES
41,zookeeper-server/src/main/java/org/apache/zookeeper/CreateOptions.java,ZOOKEEPER-4026,40,42,50,YES
42,zookeeper-server/src/main/java/org/apache/zookeeper/CreateOptions.java,ZOOKEEPER-4026,40,42,50,YES
43,zookeeper-server/src/main/java/org/apache/zookeeper/CreateOptions.java,ZOOKEEPER-4026,40,42,50,YES
44,zookeeper-server/src/main/java/org/apache/zookeeper/CreateOptions.java,ZOOKEEPER-4026,40,42,50,YES
45,zookeeper-server/src/main/java/org/apache/zookeeper/CreateOptions.java,ZOOKEEPER-4026,40,42,50,YES
46,zookeeper-server/src/main/java/org/apache/zookeeper/CreateOptions.java,ZOOKEEPER-4026,40,42,50,YES
47,zookeeper-server/src/main/java/org/apache/zookeeper/CreateOptions.java,ZOOKEEPER-4026,40,42,50,YES
48,zookeeper-server/src/main/java/org/apache/zookeeper/CreateOptions.java,ZOOKEEPER-4026,40,42,50,YES
49,zookeeper-server/src/main/java/org/apache/zookeeper/CreateOptions.java,ZOOKEEPER-4026,40,42,50,YES
40,zookeeper-server/src/main/java/org/apache/zookeeper/MultiOperationRecord.java,ZOOKEEPER-4026,40,42,50,YES
41,zookeeper-server/src/main/java/org/apache/zookeeper/MultiOperationRecord.java,ZOOKEEPER-4026,40,42,50,YES
42,zookeeper-server/src/main/java/org/apache/zookeeper/MultiOperationRecord.java,ZOOKEEPER-4026,40,42,50,YES
43,zookeeper-server/src/main/java/org/apache/zookeeper/MultiOperationRecord.java,ZOOKEEPER-4026,40,42,50,YES
44,zookeeper-server/src/main/java/org/apache/zookeeper/MultiOperationRecord.java,ZOOKEEPER-4026,40,42,50,YES
45,zookeeper-server/src/main/java/org/apache/zookeeper/MultiOperationRecord.java,ZOOKEEPER-4026,40,42,50,YES
46,zookeeper-server/src/main/java/org/apache/zookeeper/MultiOperationRecord.java,ZOOKEEPER-4026,40,42,50,YES
47,zookeeper-server/src/main/java/org/apache/zookeeper/MultiOperationRecord.java,ZOOKEEPER-4026,40,42,50,YES
48,zookeeper-server/src/main/java/org/apache/zookeeper/MultiOperationRecord.java,ZOOKEEPER-4026,40,42,50,YES
49,zookeeper-server/src/main/java/org/apache/zookeeper/MultiOperationRecord.java,ZOOKEEPER-4026,40,42,50,YES
40,zookeeper-server/src/main/java/org/apache/zookeeper/Op.java,ZOOKEEPER-4026,40,42,50,YES
41,zookeeper-server/src/main/java/org/apache/zookeeper/Op.java,ZOOKEEPER-4026,40,42,50,YES
42,zookeeper-server/src/main/java/org/apache/zookeeper/Op.java,ZOOKEEPER-4026,40,42,50,YES
43,zookeeper-server/src/main/java/org/apache/zookeeper/Op.java,ZOOKEEPER-4026,40,42,50,YES
44,zookeeper-server/src/main/java/org/apache/zookeeper/Op.java,ZOOKEEPER-4026,40,42,50,YES
45,zookeeper-server/src/main/java/org/apache/zookeeper/Op.java,ZOOKEEPER-4026,40,42,50,YES
46,zookeeper-server/src/main/java/org/apache/zookeeper/Op.java,ZOOKEEPER-4026,40,42,50,YES
47,zookeeper-server/src/main/java/org/apache/zookeeper/Op.java,ZOOKEEPER-4026,40,42,50,YES
48,zookeeper-server/src/main/java/org/apache/zookeeper/Op.java,ZOOKEEPER-4026,40,42,50,YES
49,zookeeper-server/src/main/java/org/apache/zookeeper/Op.java,ZOOKEEPER-4026,40,42,50,YES
40,zookeeper-server/src/main/java/org/apache/zookeeper/server/DataTree.java,ZOOKEEPER-4026,40,42,50,YES
41,zookeeper-server/src/main/java/org/apache/zookeeper/server/DataTree.java,ZOOKEEPER-4026,40,42,50,YES
42,zookeeper-server/src/main/java/org/apache/zookeeper/server/DataTree.java,ZOOKEEPER-4026,40,42,50,YES
43,zookeeper-server/src/main/java/org/apache/zookeeper/server/DataTree.java,ZOOKEEPER-4026,40,42,50,YES
44,zookeeper-server/src/main/java/org/apache/zookeeper/server/DataTree.java,ZOOKEEPER-4026,40,42,50,YES
45,zookeeper-server/src/main/java/org/apache/zookeeper/server/DataTree.java,ZOOKEEPER-4026,40,42,50,YES
46,zookeeper-server/src/main/java/org/apache/zookeeper/server/DataTree.java,ZOOKEEPER-4026,40,42,50,YES
47,zookeeper-server/src/main/java/org/apache/zookeeper/server/DataTree.java,ZOOKEEPER-4026,40,42,50,YES
48,zookeeper-server/src/main/java/org/apache/zookeeper/server/DataTree.java,ZOOKEEPER-4026,40,42,50,YES
49,zookeeper-server/src/main/java/org/apache/zookeeper/server/DataTree.java,ZOOKEEPER-4026,40,42,50,YES
4,src/java/main/org/apache/zookeeper/server/quorum/Follower.java,ZOOKEEPER-582,4,7,8,YES
5,src/java/main/org/apache/zookeeper/server/quorum/Follower.java,ZOOKEEPER-582,4,7,8,YES
6,src/java/main/org/apache/zookeeper/server/quorum/Follower.java,ZOOKEEPER-582,4,7,8,YES
7,src/java/main/org/apache/zookeeper/server/quorum/Follower.java,ZOOKEEPER-582,4,7,8,YES
4,src/java/main/org/apache/zookeeper/server/quorum/QuorumPeer.java,ZOOKEEPER-582,4,7,8,YES
5,src/java/main/org/apache/zookeeper/server/quorum/QuorumPeer.java,ZOOKEEPER-582,4,7,8,YES
6,src/java/main/org/apache/zookeeper/server/quorum/QuorumPeer.java,ZOOKEEPER-582,4,7,8,YES
7,src/java/main/org/apache/zookeeper/server/quorum/QuorumPeer.java,ZOOKEEPER-582,4,7,8,YES
3,src/java/main/org/apache/zookeeper/server/quorum/QuorumPeerConfig.java,ZOOKEEPER-341,3,4,5,YES
4,src/java/main/org/apache/zookeeper/server/quorum/QuorumPeerConfig.java,ZOOKEEPER-341,3,4,5,YES
6,src/java/main/org/apache/zookeeper/KeeperException.java,ZOOKEEPER-588,6,7,8,YES
7,src/java/main/org/apache/zookeeper/KeeperException.java,ZOOKEEPER-588,6,7,8,YES
6,src/java/main/org/apache/zookeeper/server/PrepRequestProcessor.java,ZOOKEEPER-588,6,7,8,YES
7,src/java/main/org/apache/zookeeper/server/PrepRequestProcessor.java,ZOOKEEPER-588,6,7,8,YES
6,src/java/main/org/apache/zookeeper/server/Request.java,ZOOKEEPER-588,6,7,8,YES
7,src/java/main/org/apache/zookeeper/server/Request.java,ZOOKEEPER-588,6,7,8,YES
1,src/java/main/org/apache/zookeeper/server/NIOServerCnxn.java,ZOOKEEPER-346,1,4,5,YES
2,src/java/main/org/apache/zookeeper/server/NIOServerCnxn.java,ZOOKEEPER-346,1,4,5,YES
3,src/java/main/org/apache/zookeeper/server/NIOServerCnxn.java,ZOOKEEPER-346,1,4,5,YES
4,src/java/main/org/apache/zookeeper/server/NIOServerCnxn.java,ZOOKEEPER-346,1,4,5,YES
1,src/java/main/org/apache/zookeeper/server/ServerCnxn.java,ZOOKEEPER-346,1,4,5,YES
2,src/java/main/org/apache/zookeeper/server/ServerCnxn.java,ZOOKEEPER-346,1,4,5,YES
3,src/java/main/org/apache/zookeeper/server/ServerCnxn.java,ZOOKEEPER-346,1,4,5,YES
4,src/java/main/org/apache/zookeeper/server/ServerCnxn.java,ZOOKEEPER-346,1,4,5,YES
1,src/java/main/org/apache/zookeeper/ZooKeeper.java,ZOOKEEPER-105,1,1,2,YES
6,src/java/main/org/apache/zookeeper/ClientCnxn.java,ZOOKEEPER-587,6,7,8,YES
7,src/java/main/org/apache/zookeeper/ClientCnxn.java,ZOOKEEPER-587,6,7,8,YES
6,src/java/main/org/apache/zookeeper/server/NIOServerCnxn.java,ZOOKEEPER-587,6,7,8,YES
7,src/java/main/org/apache/zookeeper/server/NIOServerCnxn.java,ZOOKEEPER-587,6,7,8,YES
40,zookeeper-server/src/main/java/org/apache/zookeeper/client/FourLetterWordMain.java,ZOOKEEPER-4276,40,44,56,YES
41,zookeeper-server/src/main/java/org/apache/zookeeper/client/FourLetterWordMain.java,ZOOKEEPER-4276,40,44,56,YES
42,zookeeper-server/src/main/java/org/apache/zookeeper/client/FourLetterWordMain.java,ZOOKEEPER-4276,40,44,56,YES
43,zookeeper-server/src/main/java/org/apache/zookeeper/client/FourLetterWordMain.java,ZOOKEEPER-4276,40,44,56,YES
44,zookeeper-server/src/main/java/org/apache/zookeeper/client/FourLetterWordMain.java,ZOOKEEPER-4276,40,44,56,YES
45,zookeeper-server/src/main/java/org/apache/zookeeper/client/FourLetterWordMain.java,ZOOKEEPER-4276,40,44,56,YES
46,zookeeper-server/src/main/java/org/apache/zookeeper/client/FourLetterWordMain.java,ZOOKEEPER-4276,40,44,56,YES
47,zookeeper-server/src/main/java/org/apache/zookeeper/client/FourLetterWordMain.java,ZOOKEEPER-4276,40,44,56,YES
48,zookeeper-server/src/main/java/org/apache/zookeeper/client/FourLetterWordMain.java,ZOOKEEPER-4276,40,44,56,YES
49,zookeeper-server/src/main/java/org/apache/zookeeper/client/FourLetterWordMain.java,ZOOKEEPER-4276,40,44,56,YES
50,zookeeper-server/src/main/java/org/apache/zookeeper/client/FourLetterWordMain.java,ZOOKEEPER-4276,40,44,56,YES
51,zookeeper-server/src/main/java/org/apache/zookeeper/client/FourLetterWordMain.java,ZOOKEEPER-4276,40,44,56,YES
52,zookeeper-server/src/main/java/org/apache/zookeeper/client/FourLetterWordMain.java,ZOOKEEPER-4276,40,44,56,YES
53,zookeeper-server/src/main/java/org/apache/zookeeper/client/FourLetterWordMain.java,ZOOKEEPER-4276,40,44,56,YES
54,zookeeper-server/src/main/java/org/apache/zookeeper/client/FourLetterWordMain.java,ZOOKEEPER-4276,40,44,56,YES
55,zookeeper-server/src/main/java/org/apache/zookeeper/client/FourLetterWordMain.java,ZOOKEEPER-4276,40,44,56,YES
40,zookeeper-server/src/main/java/org/apache/zookeeper/server/PrepRequestProcessor.java,ZOOKEEPER-4276,40,44,56,YES
41,zookeeper-server/src/main/java/org/apache/zookeeper/server/PrepRequestProcessor.java,ZOOKEEPER-4276,40,44,56,YES
42,zookeeper-server/src/main/java/org/apache/zookeeper/server/PrepRequestProcessor.java,ZOOKEEPER-4276,40,44,56,YES
43,zookeeper-server/src/main/java/org/apache/zookeeper/server/PrepRequestProcessor.java,ZOOKEEPER-4276,40,44,56,YES
44,zookeeper-server/src/main/java/org/apache/zookeeper/server/PrepRequestProcessor.java,ZOOKEEPER-4276,40,44,56,YES
45,zookeeper-server/src/main/java/org/apache/zookeeper/server/PrepRequestProcessor.java,ZOOKEEPER-4276,40,44,56,YES
46,zookeeper-server/src/main/java/org/apache/zookeeper/server/PrepRequestProcessor.java,ZOOKEEPER-4276,40,44,56,YES
47,zookeeper-server/src/main/java/org/apache/zookeeper/server/PrepRequestProcessor.java,ZOOKEEPER-4276,40,44,56,YES
48,zookeeper-server/src/main/java/org/apache/zookeeper/server/PrepRequestProcessor.java,ZOOKEEPER-4276,40,44,56,YES
49,zookeeper-server/src/main/java/org/apache/zookeeper/server/PrepRequestProcessor.java,ZOOKEEPER-4276,40,44,56,YES
50,zookeeper-server/src/main/java/org/apache/zookeeper/server/PrepRequestProcessor.java,ZOOKEEPER-4276,40,44,56,YES
51,zookeeper-server/src/main/java/org/apache/zookeeper/server/PrepRequestProcessor.java,ZOOKEEPER-4276,40,44,56,YES
52,zookeeper-server/src/main/java/org/apache/zookeeper/server/PrepRequestProcessor.java,ZOOKEEPER-4276,40,44,56,YES
53,zookeeper-server/src/main/java/org/apache/zookeeper/server/PrepRequestProcessor.java,ZOOKEEPER-4276,40,44,56,YES
54,zookeeper-server/src/main/java/org/apache/zookeeper/server/PrepRequestProcessor.java,ZOOKEEPER-4276,40,44,56,YES
55,zookeeper-server/src/main/java/org/apache/zookeeper/server/PrepRequestProcessor.java,ZOOKEEPER-4276,40,44,56,YES
40,zookeeper-server/src/main/java/org/apache/zookeeper/server/quorum/QuorumPeer.java,ZOOKEEPER-4276,40,44,56,YES
41,zookeeper-server/src/main/java/org/apache/zookeeper/server/quorum/QuorumPeer.java,ZOOKEEPER-4276,40,44,56,YES
42,zookeeper-server/src/main/java/org/apache/zookeeper/server/quorum/QuorumPeer.java,ZOOKEEPER-4276,40,44,56,YES
43,zookeeper-server/src/main/java/org/apache/zookeeper/server/quorum/QuorumPeer.java,ZOOKEEPER-4276,40,44,56,YES
44,zookeeper-server/src/main/java/org/apache/zookeeper/server/quorum/QuorumPeer.java,ZOOKEEPER-4276,40,44,56,YES
45,zookeeper-server/src/main/java/org/apache/zookeeper/server/quorum/QuorumPeer.java,ZOOKEEPER-4276,40,44,56,YES
46,zookeeper-server/src/main/java/org/apache/zookeeper/server/quorum/QuorumPeer.java,ZOOKEEPER-4276,40,44,56,YES
47,zookeeper-server/src/main/java/org/apache/zookeeper/server/quorum/QuorumPeer.java,ZOOKEEPER-4276,40,44,56,YES
48,zookeeper-server/src/main/java/org/apache/zookeeper/server/quorum/QuorumPeer.java,ZOOKEEPER-4276,40,44,56,YES
49,zookeeper-server/src/main/java/org/apache/zookeeper/server/quorum/QuorumPeer.java,ZOOKEEPER-4276,40,44,56,YES
50,zookeeper-server/src/main/java/org/apache/zookeeper/server/quorum/QuorumPeer.java,ZOOKEEPER-4276,40,44,56,YES
51,zookeeper-server/src/main/java/org/apache/zookeeper/server/quorum/QuorumPeer.java,ZOOKEEPER-4276,40,44,56,YES
52,zookeeper-server/src/main/java/org/apache/zookeeper/server/quorum/QuorumPeer.java,ZOOKEEPER-4276,40,44,56,YES
53,zookeeper-server/src/main/java/org/apache/zookeeper/server/quorum/QuorumPeer.java,ZOOKEEPER-4276,40,44,56,YES
54,zookeeper-server/src/main/java/org/apache/zookeeper/server/quorum/QuorumPeer.java,ZOOKEEPER-4276,40,44,56,YES
55,zookeeper-server/src/main/java/org/apache/zookeeper/server/quorum/QuorumPeer.java,ZOOKEEPER-4276,40,44,56,YES
40,zookeeper-server/src/main/java/org/apache/zookeeper/server/quorum/QuorumPeerConfig.java,ZOOKEEPER-4276,40,44,56,YES
41,zookeeper-server/src/main/java/org/apache/zookeeper/server/quorum/QuorumPeerConfig.java,ZOOKEEPER-4276,40,44,56,YES
42,zookeeper-server/src/main/java/org/apache/zookeeper/server/quorum/QuorumPeerConfig.java,ZOOKEEPER-4276,40,44,56,YES
43,zookeeper-server/src/main/java/org/apache/zookeeper/server/quorum/QuorumPeerConfig.java,ZOOKEEPER-4276,40,44,56,YES
44,zookeeper-server/src/main/java/org/apache/zookeeper/server/quorum/QuorumPeerConfig.java,ZOOKEEPER-4276,40,44,56,YES
45,zookeeper-server/src/main/java/org/apache/zookeeper/server/quorum/QuorumPeerConfig.java,ZOOKEEPER-4276,40,44,56,YES
46,zookeeper-server/src/main/java/org/apache/zookeeper/server/quorum/QuorumPeerConfig.java,ZOOKEEPER-4276,40,44,56,YES
47,zookeeper-server/src/main/java/org/apache/zookeeper/server/quorum/QuorumPeerConfig.java,ZOOKEEPER-4276,40,44,56,YES
48,zookeeper-server/src/main/java/org/apache/zookeeper/server/quorum/QuorumPeerConfig.java,ZOOKEEPER-4276,40,44,56,YES
49,zookeeper-server/src/main/java/org/apache/zookeeper/server/quorum/QuorumPeerConfig.java,ZOOKEEPER-4276,40,44,56,YES
50,zookeeper-server/src/main/java/org/apache/zookeeper/server/quorum/QuorumPeerConfig.java,ZOOKEEPER-4276,40,44,56,YES
51,zookeeper-server/src/main/java/org/apache/zookeeper/server/quorum/QuorumPeerConfig.java,ZOOKEEPER-4276,40,44,56,YES
52,zookeeper-server/src/main/java/org/apache/zookeeper/server/quorum/QuorumPeerConfig.java,ZOOKEEPER-4276,40,44,56,YES
53,zookeeper-server/src/main/java/org/apache/zookeeper/server/quorum/QuorumPeerConfig.java,ZOOKEEPER-4276,40,44,56,YES
54,zookeeper-server/src/main/java/org/apache/zookeeper/server/quorum/QuorumPeerConfig.java,ZOOKEEPER-4276,40,44,56,YES
55,zookeeper-server/src/main/java/org/apache/zookeeper/server/quorum/QuorumPeerConfig.java,ZOOKEEPER-4276,40,44,56,YES
40,zookeeper-server/src/main/java/org/apache/zookeeper/server/quorum/QuorumPeerMain.java,ZOOKEEPER-4276,40,44,56,YES
41,zookeeper-server/src/main/java/org/apache/zookeeper/server/quorum/QuorumPeerMain.java,ZOOKEEPER-4276,40,44,56,YES
42,zookeeper-server/src/main/java/org/apache/zookeeper/server/quorum/QuorumPeerMain.java,ZOOKEEPER-4276,40,44,56,YES
43,zookeeper-server/src/main/java/org/apache/zookeeper/server/quorum/QuorumPeerMain.java,ZOOKEEPER-4276,40,44,56,YES
44,zookeeper-server/src/main/java/org/apache/zookeeper/server/quorum/QuorumPeerMain.java,ZOOKEEPER-4276,40,44,56,YES
45,zookeeper-server/src/main/java/org/apache/zookeeper/server/quorum/QuorumPeerMain.java,ZOOKEEPER-4276,40,44,56,YES
46,zookeeper-server/src/main/java/org/apache/zookeeper/server/quorum/QuorumPeerMain.java,ZOOKEEPER-4276,40,44,56,YES
47,zookeeper-server/src/main/java/org/apache/zookeeper/server/quorum/QuorumPeerMain.java,ZOOKEEPER-4276,40,44,56,YES
48,zookeeper-server/src/main/java/org/apache/zookeeper/server/quorum/QuorumPeerMain.java,ZOOKEEPER-4276,40,44,56,YES
49,zookeeper-server/src/main/java/org/apache/zookeeper/server/quorum/QuorumPeerMain.java,ZOOKEEPER-4276,40,44,56,YES
50,zookeeper-server/src/main/java/org/apache/zookeeper/server/quorum/QuorumPeerMain.java,ZOOKEEPER-4276,40,44,56,YES
51,zookeeper-server/src/main/java/org/apache/zookeeper/server/quorum/QuorumPeerMain.java,ZOOKEEPER-4276,40,44,56,YES
52,zookeeper-server/src/main/java/org/apache/zookeeper/server/quorum/QuorumPeerMain.java,ZOOKEEPER-4276,40,44,56,YES
53,zookeeper-server/src/main/java/org/apache/zookeeper/server/quorum/QuorumPeerMain.java,ZOOKEEPER-4276,40,44,56,YES
54,zookeeper-server/src/main/java/org/apache/zookeeper/server/quorum/QuorumPeerMain.java,ZOOKEEPER-4276,40,44,56,YES
55,zookeeper-server/src/main/java/org/apache/zookeeper/server/quorum/QuorumPeerMain.java,ZOOKEEPER-4276,40,44,56,YES
42,zookeeper-server/src/main/java/org/apache/zookeeper/ClientCnxn.java,ZOOKEEPER-4275,42,44,45,YES
43,zookeeper-server/src/main/java/org/apache/zookeeper/ClientCnxn.java,ZOOKEEPER-4275,42,44,45,YES
44,zookeeper-server/src/main/java/org/apache/zookeeper/ClientCnxn.java,ZOOKEEPER-4275,42,44,45,YES
1,src/java/main/org/apache/zookeeper/server/FinalRequestProcessor.java,ZOOKEEPER-108,1,1,2,YES
1,src/java/main/org/apache/zookeeper/server/quorum/CommitProcessor.java,ZOOKEEPER-108,1,1,2,YES
1,src/java/main/org/apache/zookeeper/server/quorum/FollowerRequestProcessor.java,ZOOKEEPER-108,1,1,2,YES
1,src/java/main/org/apache/zookeeper/server/quorum/FollowerZooKeeperServer.java,ZOOKEEPER-108,1,1,2,YES
1,src/java/main/org/apache/zookeeper/server/quorum/Leader.java,ZOOKEEPER-108,1,1,2,YES
1,src/java/main/org/apache/zookeeper/server/quorum/ProposalRequestProcessor.java,ZOOKEEPER-108,1,1,2,YES
4,src/java/main/org/apache/zookeeper/server/ServerConfig.java,ZOOKEEPER-330,4,4,5,YES
4,src/java/main/org/apache/zookeeper/server/ZooKeeperServer.java,ZOOKEEPER-330,4,4,5,YES
4,src/java/main/org/apache/zookeeper/server/ZooKeeperServerMain.java,ZOOKEEPER-330,4,4,5,YES
4,src/java/main/org/apache/zookeeper/server/quorum/QuorumPeerConfig.java,ZOOKEEPER-330,4,4,5,YES
3,src/java/main/org/apache/zookeeper/server/ZooKeeperServer.java,ZOOKEEPER-335,3,4,12,YES
4,src/java/main/org/apache/zookeeper/server/ZooKeeperServer.java,ZOOKEEPER-335,3,4,12,YES
5,src/java/main/org/apache/zookeeper/server/ZooKeeperServer.java,ZOOKEEPER-335,3,4,12,YES
6,src/java/main/org/apache/zookeeper/server/ZooKeeperServer.java,ZOOKEEPER-335,3,4,12,YES
7,src/java/main/org/apache/zookeeper/server/ZooKeeperServer.java,ZOOKEEPER-335,3,4,12,YES
8,src/java/main/org/apache/zookeeper/server/ZooKeeperServer.java,ZOOKEEPER-335,3,4,12,YES
9,src/java/main/org/apache/zookeeper/server/ZooKeeperServer.java,ZOOKEEPER-335,3,4,12,YES
10,src/java/main/org/apache/zookeeper/server/ZooKeeperServer.java,ZOOKEEPER-335,3,4,12,YES
11,src/java/main/org/apache/zookeeper/server/ZooKeeperServer.java,ZOOKEEPER-335,3,4,12,YES
3,src/java/main/org/apache/zookeeper/server/quorum/FastLeaderElection.java,ZOOKEEPER-335,3,4,12,YES
4,src/java/main/org/apache/zookeeper/server/quorum/FastLeaderElection.java,ZOOKEEPER-335,3,4,12,YES
5,src/java/main/org/apache/zookeeper/server/quorum/FastLeaderElection.java,ZOOKEEPER-335,3,4,12,YES
6,src/java/main/org/apache/zookeeper/server/quorum/FastLeaderElection.java,ZOOKEEPER-335,3,4,12,YES
7,src/java/main/org/apache/zookeeper/server/quorum/FastLeaderElection.java,ZOOKEEPER-335,3,4,12,YES
8,src/java/main/org/apache/zookeeper/server/quorum/FastLeaderElection.java,ZOOKEEPER-335,3,4,12,YES
9,src/java/main/org/apache/zookeeper/server/quorum/FastLeaderElection.java,ZOOKEEPER-335,3,4,12,YES
10,src/java/main/org/apache/zookeeper/server/quorum/FastLeaderElection.java,ZOOKEEPER-335,3,4,12,YES
11,src/java/main/org/apache/zookeeper/server/quorum/FastLeaderElection.java,ZOOKEEPER-335,3,4,12,YES
3,src/java/main/org/apache/zookeeper/server/quorum/Follower.java,ZOOKEEPER-335,3,4,12,YES
4,src/java/main/org/apache/zookeeper/server/quorum/Follower.java,ZOOKEEPER-335,3,4,12,YES
5,src/java/main/org/apache/zookeeper/server/quorum/Follower.java,ZOOKEEPER-335,3,4,12,YES
6,src/java/main/org/apache/zookeeper/server/quorum/Follower.java,ZOOKEEPER-335,3,4,12,YES
7,src/java/main/org/apache/zookeeper/server/quorum/Follower.java,ZOOKEEPER-335,3,4,12,YES
8,src/java/main/org/apache/zookeeper/server/quorum/Follower.java,ZOOKEEPER-335,3,4,12,YES
9,src/java/main/org/apache/zookeeper/server/quorum/Follower.java,ZOOKEEPER-335,3,4,12,YES
10,src/java/main/org/apache/zookeeper/server/quorum/Follower.java,ZOOKEEPER-335,3,4,12,YES
11,src/java/main/org/apache/zookeeper/server/quorum/Follower.java,ZOOKEEPER-335,3,4,12,YES
3,src/java/main/org/apache/zookeeper/server/quorum/Leader.java,ZOOKEEPER-335,3,4,12,YES
4,src/java/main/org/apache/zookeeper/server/quorum/Leader.java,ZOOKEEPER-335,3,4,12,YES
5,src/java/main/org/apache/zookeeper/server/quorum/Leader.java,ZOOKEEPER-335,3,4,12,YES
6,src/java/main/org/apache/zookeeper/server/quorum/Leader.java,ZOOKEEPER-335,3,4,12,YES
7,src/java/main/org/apache/zookeeper/server/quorum/Leader.java,ZOOKEEPER-335,3,4,12,YES
8,src/java/main/org/apache/zookeeper/server/quorum/Leader.java,ZOOKEEPER-335,3,4,12,YES
9,src/java/main/org/apache/zookeeper/server/quorum/Leader.java,ZOOKEEPER-335,3,4,12,YES
10,src/java/main/org/apache/zookeeper/server/quorum/Leader.java,ZOOKEEPER-335,3,4,12,YES
11,src/java/main/org/apache/zookeeper/server/quorum/Leader.java,ZOOKEEPER-335,3,4,12,YES
3,src/java/main/org/apache/zookeeper/server/quorum/Learner.java,ZOOKEEPER-335,3,4,12,YES
4,src/java/main/org/apache/zookeeper/server/quorum/Learner.java,ZOOKEEPER-335,3,4,12,YES
5,src/java/main/org/apache/zookeeper/server/quorum/Learner.java,ZOOKEEPER-335,3,4,12,YES
6,src/java/main/org/apache/zookeeper/server/quorum/Learner.java,ZOOKEEPER-335,3,4,12,YES
7,src/java/main/org/apache/zookeeper/server/quorum/Learner.java,ZOOKEEPER-335,3,4,12,YES
8,src/java/main/org/apache/zookeeper/server/quorum/Learner.java,ZOOKEEPER-335,3,4,12,YES
9,src/java/main/org/apache/zookeeper/server/quorum/Learner.java,ZOOKEEPER-335,3,4,12,YES
10,src/java/main/org/apache/zookeeper/server/quorum/Learner.java,ZOOKEEPER-335,3,4,12,YES
11,src/java/main/org/apache/zookeeper/server/quorum/Learner.java,ZOOKEEPER-335,3,4,12,YES
3,src/java/main/org/apache/zookeeper/server/quorum/LearnerHandler.java,ZOOKEEPER-335,3,4,12,YES
4,src/java/main/org/apache/zookeeper/server/quorum/LearnerHandler.java,ZOOKEEPER-335,3,4,12,YES
5,src/java/main/org/apache/zookeeper/server/quorum/LearnerHandler.java,ZOOKEEPER-335,3,4,12,YES
6,src/java/main/org/apache/zookeeper/server/quorum/LearnerHandler.java,ZOOKEEPER-335,3,4,12,YES
7,src/java/main/org/apache/zookeeper/server/quorum/LearnerHandler.java,ZOOKEEPER-335,3,4,12,YES
8,src/java/main/org/apache/zookeeper/server/quorum/LearnerHandler.java,ZOOKEEPER-335,3,4,12,YES
9,src/java/main/org/apache/zookeeper/server/quorum/LearnerHandler.java,ZOOKEEPER-335,3,4,12,YES
10,src/java/main/org/apache/zookeeper/server/quorum/LearnerHandler.java,ZOOKEEPER-335,3,4,12,YES
11,src/java/main/org/apache/zookeeper/server/quorum/LearnerHandler.java,ZOOKEEPER-335,3,4,12,YES
3,src/java/main/org/apache/zookeeper/server/quorum/QuorumPeer.java,ZOOKEEPER-335,3,4,12,YES
4,src/java/main/org/apache/zookeeper/server/quorum/QuorumPeer.java,ZOOKEEPER-335,3,4,12,YES
5,src/java/main/org/apache/zookeeper/server/quorum/QuorumPeer.java,ZOOKEEPER-335,3,4,12,YES
6,src/java/main/org/apache/zookeeper/server/quorum/QuorumPeer.java,ZOOKEEPER-335,3,4,12,YES
7,src/java/main/org/apache/zookeeper/server/quorum/QuorumPeer.java,ZOOKEEPER-335,3,4,12,YES
8,src/java/main/org/apache/zookeeper/server/quorum/QuorumPeer.java,ZOOKEEPER-335,3,4,12,YES
9,src/java/main/org/apache/zookeeper/server/quorum/QuorumPeer.java,ZOOKEEPER-335,3,4,12,YES
10,src/java/main/org/apache/zookeeper/server/quorum/QuorumPeer.java,ZOOKEEPER-335,3,4,12,YES
11,src/java/main/org/apache/zookeeper/server/quorum/QuorumPeer.java,ZOOKEEPER-335,3,4,12,YES
3,src/java/main/org/apache/zookeeper/server/quorum/StateSummary.java,ZOOKEEPER-335,3,4,12,YES
4,src/java/main/org/apache/zookeeper/server/quorum/StateSummary.java,ZOOKEEPER-335,3,4,12,YES
5,src/java/main/org/apache/zookeeper/server/quorum/StateSummary.java,ZOOKEEPER-335,3,4,12,YES
6,src/java/main/org/apache/zookeeper/server/quorum/StateSummary.java,ZOOKEEPER-335,3,4,12,YES
7,src/java/main/org/apache/zookeeper/server/quorum/StateSummary.java,ZOOKEEPER-335,3,4,12,YES
8,src/java/main/org/apache/zookeeper/server/quorum/StateSummary.java,ZOOKEEPER-335,3,4,12,YES
9,src/java/main/org/apache/zookeeper/server/quorum/StateSummary.java,ZOOKEEPER-335,3,4,12,YES
10,src/java/main/org/apache/zookeeper/server/quorum/StateSummary.java,ZOOKEEPER-335,3,4,12,YES
11,src/java/main/org/apache/zookeeper/server/quorum/StateSummary.java,ZOOKEEPER-335,3,4,12,YES
3,src/java/main/org/apache/zookeeper/server/quorum/Vote.java,ZOOKEEPER-335,3,4,12,YES
4,src/java/main/org/apache/zookeeper/server/quorum/Vote.java,ZOOKEEPER-335,3,4,12,YES
5,src/java/main/org/apache/zookeeper/server/quorum/Vote.java,ZOOKEEPER-335,3,4,12,YES
6,src/java/main/org/apache/zookeeper/server/quorum/Vote.java,ZOOKEEPER-335,3,4,12,YES
7,src/java/main/org/apache/zookeeper/server/quorum/Vote.java,ZOOKEEPER-335,3,4,12,YES
8,src/java/main/org/apache/zookeeper/server/quorum/Vote.java,ZOOKEEPER-335,3,4,12,YES
9,src/java/main/org/apache/zookeeper/server/quorum/Vote.java,ZOOKEEPER-335,3,4,12,YES
10,src/java/main/org/apache/zookeeper/server/quorum/Vote.java,ZOOKEEPER-335,3,4,12,YES
11,src/java/main/org/apache/zookeeper/server/quorum/Vote.java,ZOOKEEPER-335,3,4,12,YES
3,src/java/main/org/apache/zookeeper/server/util/ZxidUtils.java,ZOOKEEPER-335,3,4,12,YES
4,src/java/main/org/apache/zookeeper/server/util/ZxidUtils.java,ZOOKEEPER-335,3,4,12,YES
5,src/java/main/org/apache/zookeeper/server/util/ZxidUtils.java,ZOOKEEPER-335,3,4,12,YES
6,src/java/main/org/apache/zookeeper/server/util/ZxidUtils.java,ZOOKEEPER-335,3,4,12,YES
7,src/java/main/org/apache/zookeeper/server/util/ZxidUtils.java,ZOOKEEPER-335,3,4,12,YES
8,src/java/main/org/apache/zookeeper/server/util/ZxidUtils.java,ZOOKEEPER-335,3,4,12,YES
9,src/java/main/org/apache/zookeeper/server/util/ZxidUtils.java,ZOOKEEPER-335,3,4,12,YES
10,src/java/main/org/apache/zookeeper/server/util/ZxidUtils.java,ZOOKEEPER-335,3,4,12,YES
11,src/java/main/org/apache/zookeeper/server/util/ZxidUtils.java,ZOOKEEPER-335,3,4,12,YES
41,zookeeper-server/src/main/java/org/apache/zookeeper/server/NettyServerCnxn.java,ZOOKEEPER-4247,41,43,45,YES
42,zookeeper-server/src/main/java/org/apache/zookeeper/server/NettyServerCnxn.java,ZOOKEEPER-4247,41,43,45,YES
43,zookeeper-server/src/main/java/org/apache/zookeeper/server/NettyServerCnxn.java,ZOOKEEPER-4247,41,43,45,YES
44,zookeeper-server/src/main/java/org/apache/zookeeper/server/NettyServerCnxn.java,ZOOKEEPER-4247,41,43,45,YES
41,zookeeper-server/src/main/java/org/apache/zookeeper/server/persistence/SnapStream.java,ZOOKEEPER-4246,41,43,45,YES
42,zookeeper-server/src/main/java/org/apache/zookeeper/server/persistence/SnapStream.java,ZOOKEEPER-4246,41,43,45,YES
43,zookeeper-server/src/main/java/org/apache/zookeeper/server/persistence/SnapStream.java,ZOOKEEPER-4246,41,43,45,YES
44,zookeeper-server/src/main/java/org/apache/zookeeper/server/persistence/SnapStream.java,ZOOKEEPER-4246,41,43,45,YES
34,zookeeper-server/src/main/java/org/apache/zookeeper/server/quorum/FollowerZooKeeperServer.java,ZOOKEEPER-3399,34,36,37,YES
35,zookeeper-server/src/main/java/org/apache/zookeeper/server/quorum/FollowerZooKeeperServer.java,ZOOKEEPER-3399,34,36,37,YES
36,zookeeper-server/src/main/java/org/apache/zookeeper/server/quorum/FollowerZooKeeperServer.java,ZOOKEEPER-3399,34,36,37,YES
34,zookeeper-server/src/main/java/org/apache/zookeeper/server/quorum/LeaderZooKeeperServer.java,ZOOKEEPER-3399,34,36,37,YES
35,zookeeper-server/src/main/java/org/apache/zookeeper/server/quorum/LeaderZooKeeperServer.java,ZOOKEEPER-3399,34,36,37,YES
36,zookeeper-server/src/main/java/org/apache/zookeeper/server/quorum/LeaderZooKeeperServer.java,ZOOKEEPER-3399,34,36,37,YES
33,zookeeper-server/src/main/java/org/apache/zookeeper/ClientCnxn.java,ZOOKEEPER-3156,33,34,35,YES
34,zookeeper-server/src/main/java/org/apache/zookeeper/ClientCnxn.java,ZOOKEEPER-3156,33,34,35,YES
33,zookeeper-server/src/main/java/org/apache/zookeeper/SaslServerPrincipal.java,ZOOKEEPER-3156,33,34,35,YES
34,zookeeper-server/src/main/java/org/apache/zookeeper/SaslServerPrincipal.java,ZOOKEEPER-3156,33,34,35,YES
33,zookeeper-server/src/main/java/org/apache/zookeeper/client/ZKClientConfig.java,ZOOKEEPER-3156,33,34,35,YES
34,zookeeper-server/src/main/java/org/apache/zookeeper/client/ZKClientConfig.java,ZOOKEEPER-3156,33,34,35,YES
39,zookeeper-server/src/main/java/org/apache/zookeeper/ZKUtil.java,ZOOKEEPER-4007,39,42,43,YES
40,zookeeper-server/src/main/java/org/apache/zookeeper/ZKUtil.java,ZOOKEEPER-4007,39,42,43,YES
41,zookeeper-server/src/main/java/org/apache/zookeeper/ZKUtil.java,ZOOKEEPER-4007,39,42,43,YES
42,zookeeper-server/src/main/java/org/apache/zookeeper/ZKUtil.java,ZOOKEEPER-4007,39,42,43,YES
39,zookeeper-server/src/main/java/org/apache/zookeeper/ZKUtil.java,ZOOKEEPER-4007,39,42,43,YES
40,zookeeper-server/src/main/java/org/apache/zookeeper/ZKUtil.java,ZOOKEEPER-4007,39,42,43,YES
41,zookeeper-server/src/main/java/org/apache/zookeeper/ZKUtil.java,ZOOKEEPER-4007,39,42,43,YES
42,zookeeper-server/src/main/java/org/apache/zookeeper/ZKUtil.java,ZOOKEEPER-4007,39,42,43,YES
39,zookeeper-server/src/main/java/org/apache/zookeeper/ZKUtil.java,ZOOKEEPER-4007,39,42,43,YES
40,zookeeper-server/src/main/java/org/apache/zookeeper/ZKUtil.java,ZOOKEEPER-4007,39,42,43,YES
41,zookeeper-server/src/main/java/org/apache/zookeeper/ZKUtil.java,ZOOKEEPER-4007,39,42,43,YES
42,zookeeper-server/src/main/java/org/apache/zookeeper/ZKUtil.java,ZOOKEEPER-4007,39,42,43,YES
6,src/java/main/org/apache/zookeeper/server/SyncRequestProcessor.java,ZOOKEEPER-568,6,7,8,YES
7,src/java/main/org/apache/zookeeper/server/SyncRequestProcessor.java,ZOOKEEPER-568,6,7,8,YES
6,src/java/main/org/apache/zookeeper/server/persistence/FileTxnLog.java,ZOOKEEPER-568,6,7,8,YES
7,src/java/main/org/apache/zookeeper/server/persistence/FileTxnLog.java,ZOOKEEPER-568,6,7,8,YES
6,src/java/main/org/apache/zookeeper/server/persistence/FileTxnSnapLog.java,ZOOKEEPER-568,6,7,8,YES
7,src/java/main/org/apache/zookeeper/server/persistence/FileTxnSnapLog.java,ZOOKEEPER-568,6,7,8,YES
6,src/java/main/org/apache/zookeeper/server/persistence/TxnLog.java,ZOOKEEPER-568,6,7,8,YES
7,src/java/main/org/apache/zookeeper/server/persistence/TxnLog.java,ZOOKEEPER-568,6,7,8,YES
1,src/java/main/org/apache/zookeeper/server/ZooKeeperServerMain.java,ZOOKEEPER-326,1,4,5,YES
2,src/java/main/org/apache/zookeeper/server/ZooKeeperServerMain.java,ZOOKEEPER-326,1,4,5,YES
3,src/java/main/org/apache/zookeeper/server/ZooKeeperServerMain.java,ZOOKEEPER-326,1,4,5,YES
4,src/java/main/org/apache/zookeeper/server/ZooKeeperServerMain.java,ZOOKEEPER-326,1,4,5,YES
6,src/java/main/org/apache/zookeeper/server/quorum/LeaderElection.java,ZOOKEEPER-569,6,7,8,YES
7,src/java/main/org/apache/zookeeper/server/quorum/LeaderElection.java,ZOOKEEPER-569,6,7,8,YES
6,src/java/main/org/apache/zookeeper/server/quorum/QuorumPeer.java,ZOOKEEPER-569,6,7,8,YES
7,src/java/main/org/apache/zookeeper/server/quorum/QuorumPeer.java,ZOOKEEPER-569,6,7,8,YES
6,src/java/main/org/apache/zookeeper/server/ConnectionBean.java,ZOOKEEPER-566,6,7,8,YES
7,src/java/main/org/apache/zookeeper/server/ConnectionBean.java,ZOOKEEPER-566,6,7,8,YES
6,src/java/main/org/apache/zookeeper/server/ConnectionMXBean.java,ZOOKEEPER-566,6,7,8,YES
7,src/java/main/org/apache/zookeeper/server/ConnectionMXBean.java,ZOOKEEPER-566,6,7,8,YES
6,src/java/main/org/apache/zookeeper/server/FinalRequestProcessor.java,ZOOKEEPER-566,6,7,8,YES
7,src/java/main/org/apache/zookeeper/server/FinalRequestProcessor.java,ZOOKEEPER-566,6,7,8,YES
6,src/java/main/org/apache/zookeeper/server/NIOServerCnxn.java,ZOOKEEPER-566,6,7,8,YES
7,src/java/main/org/apache/zookeeper/server/NIOServerCnxn.java,ZOOKEEPER-566,6,7,8,YES
6,src/java/main/org/apache/zookeeper/server/ServerCnxn.java,ZOOKEEPER-566,6,7,8,YES
7,src/java/main/org/apache/zookeeper/server/ServerCnxn.java,ZOOKEEPER-566,6,7,8,YES
6,src/java/main/org/apache/zookeeper/server/SessionTrackerImpl.java,ZOOKEEPER-566,6,7,8,YES
7,src/java/main/org/apache/zookeeper/server/SessionTrackerImpl.java,ZOOKEEPER-566,6,7,8,YES
6,src/java/main/org/apache/zookeeper/ZooKeeper.java,ZOOKEEPER-567,6,7,8,YES
7,src/java/main/org/apache/zookeeper/ZooKeeper.java,ZOOKEEPER-567,6,7,8,YES
21,src/java/main/org/apache/zookeeper/server/NettyServerCnxnFactory.java,ZOOKEEPER-2072,21,23,24,YES
22,src/java/main/org/apache/zookeeper/server/NettyServerCnxnFactory.java,ZOOKEEPER-2072,21,23,24,YES
23,src/java/main/org/apache/zookeeper/server/NettyServerCnxnFactory.java,ZOOKEEPER-2072,21,23,24,YES
33,zookeeper-client/zookeeper-client-java/src/main/java/org/apache/zookeeper/client/FourLetterWordMain.java,ZOOKEEPER-3165,33,34,35,YES
34,zookeeper-client/zookeeper-client-java/src/main/java/org/apache/zookeeper/client/FourLetterWordMain.java,ZOOKEEPER-3165,33,34,35,YES
33,zookeeper-common/src/main/java/org/apache/zookeeper/ClientCnxnSocketNetty.java,ZOOKEEPER-3165,33,34,35,YES
34,zookeeper-common/src/main/java/org/apache/zookeeper/ClientCnxnSocketNetty.java,ZOOKEEPER-3165,33,34,35,YES
33,zookeeper-common/src/main/java/org/apache/zookeeper/ZKHostnameVerifier.java,ZOOKEEPER-3165,33,34,35,YES
34,zookeeper-common/src/main/java/org/apache/zookeeper/ZKHostnameVerifier.java,ZOOKEEPER-3165,33,34,35,YES
33,zookeeper-common/src/main/java/org/apache/zookeeper/ZKTrustManager.java,ZOOKEEPER-3165,33,34,35,YES
34,zookeeper-common/src/main/java/org/apache/zookeeper/ZKTrustManager.java,ZOOKEEPER-3165,33,34,35,YES
33,zookeeper-common/src/main/java/org/apache/zookeeper/common/ClientX509Util.java,ZOOKEEPER-3165,33,34,35,YES
34,zookeeper-common/src/main/java/org/apache/zookeeper/common/ClientX509Util.java,ZOOKEEPER-3165,33,34,35,YES
33,zookeeper-common/src/main/java/org/apache/zookeeper/common/QuorumX509Util.java,ZOOKEEPER-3165,33,34,35,YES
34,zookeeper-common/src/main/java/org/apache/zookeeper/common/QuorumX509Util.java,ZOOKEEPER-3165,33,34,35,YES
33,zookeeper-common/src/main/java/org/apache/zookeeper/common/X509Util.java,ZOOKEEPER-3165,33,34,35,YES
34,zookeeper-common/src/main/java/org/apache/zookeeper/common/X509Util.java,ZOOKEEPER-3165,33,34,35,YES
33,zookeeper-common/src/main/java/org/apache/zookeeper/common/ZKConfig.java,ZOOKEEPER-3165,33,34,35,YES
34,zookeeper-common/src/main/java/org/apache/zookeeper/common/ZKConfig.java,ZOOKEEPER-3165,33,34,35,YES
33,zookeeper-server/src/main/java/org/apache/zookeeper/server/NettyServerCnxnFactory.java,ZOOKEEPER-3165,33,34,35,YES
34,zookeeper-server/src/main/java/org/apache/zookeeper/server/NettyServerCnxnFactory.java,ZOOKEEPER-3165,33,34,35,YES
33,zookeeper-server/src/main/java/org/apache/zookeeper/server/auth/X509AuthenticationProvider.java,ZOOKEEPER-3165,33,34,35,YES
34,zookeeper-server/src/main/java/org/apache/zookeeper/server/auth/X509AuthenticationProvider.java,ZOOKEEPER-3165,33,34,35,YES
33,zookeeper-server/src/main/java/org/apache/zookeeper/server/quorum/Leader.java,ZOOKEEPER-3165,33,34,35,YES
34,zookeeper-server/src/main/java/org/apache/zookeeper/server/quorum/Leader.java,ZOOKEEPER-3165,33,34,35,YES
33,zookeeper-server/src/main/java/org/apache/zookeeper/server/quorum/Learner.java,ZOOKEEPER-3165,33,34,35,YES
34,zookeeper-server/src/main/java/org/apache/zookeeper/server/quorum/Learner.java,ZOOKEEPER-3165,33,34,35,YES
33,zookeeper-server/src/main/java/org/apache/zookeeper/server/quorum/PrependableSocket.java,ZOOKEEPER-3165,33,34,35,YES
34,zookeeper-server/src/main/java/org/apache/zookeeper/server/quorum/PrependableSocket.java,ZOOKEEPER-3165,33,34,35,YES
33,zookeeper-server/src/main/java/org/apache/zookeeper/server/quorum/QuorumBean.java,ZOOKEEPER-3165,33,34,35,YES
34,zookeeper-server/src/main/java/org/apache/zookeeper/server/quorum/QuorumBean.java,ZOOKEEPER-3165,33,34,35,YES
33,zookeeper-server/src/main/java/org/apache/zookeeper/server/quorum/QuorumCnxManager.java,ZOOKEEPER-3165,33,34,35,YES
34,zookeeper-server/src/main/java/org/apache/zookeeper/server/quorum/QuorumCnxManager.java,ZOOKEEPER-3165,33,34,35,YES
33,zookeeper-server/src/main/java/org/apache/zookeeper/server/quorum/QuorumMXBean.java,ZOOKEEPER-3165,33,34,35,YES
34,zookeeper-server/src/main/java/org/apache/zookeeper/server/quorum/QuorumMXBean.java,ZOOKEEPER-3165,33,34,35,YES
33,zookeeper-server/src/main/java/org/apache/zookeeper/server/quorum/QuorumPeer.java,ZOOKEEPER-3165,33,34,35,YES
34,zookeeper-server/src/main/java/org/apache/zookeeper/server/quorum/QuorumPeer.java,ZOOKEEPER-3165,33,34,35,YES
33,zookeeper-server/src/main/java/org/apache/zookeeper/server/quorum/QuorumPeerConfig.java,ZOOKEEPER-3165,33,34,35,YES
34,zookeeper-server/src/main/java/org/apache/zookeeper/server/quorum/QuorumPeerConfig.java,ZOOKEEPER-3165,33,34,35,YES
33,zookeeper-server/src/main/java/org/apache/zookeeper/server/quorum/QuorumPeerMain.java,ZOOKEEPER-3165,33,34,35,YES
34,zookeeper-server/src/main/java/org/apache/zookeeper/server/quorum/QuorumPeerMain.java,ZOOKEEPER-3165,33,34,35,YES
33,zookeeper-server/src/main/java/org/apache/zookeeper/server/quorum/UnifiedServerSocket.java,ZOOKEEPER-3165,33,34,35,YES
34,zookeeper-server/src/main/java/org/apache/zookeeper/server/quorum/UnifiedServerSocket.java,ZOOKEEPER-3165,33,34,35,YES
22,src/java/main/org/apache/zookeeper/cli/CliException.java,ZOOKEEPER-2074,22,23,27,YES
23,src/java/main/org/apache/zookeeper/cli/CliException.java,ZOOKEEPER-2074,22,23,27,YES
24,src/java/main/org/apache/zookeeper/cli/CliException.java,ZOOKEEPER-2074,22,23,27,YES
25,src/java/main/org/apache/zookeeper/cli/CliException.java,ZOOKEEPER-2074,22,23,27,YES
26,src/java/main/org/apache/zookeeper/cli/CliException.java,ZOOKEEPER-2074,22,23,27,YES
22,src/java/main/org/apache/zookeeper/ZooKeeperMain.java,ZOOKEEPER-2074,22,23,27,YES
23,src/java/main/org/apache/zookeeper/ZooKeeperMain.java,ZOOKEEPER-2074,22,23,27,YES
24,src/java/main/org/apache/zookeeper/ZooKeeperMain.java,ZOOKEEPER-2074,22,23,27,YES
25,src/java/main/org/apache/zookeeper/ZooKeeperMain.java,ZOOKEEPER-2074,22,23,27,YES
26,src/java/main/org/apache/zookeeper/ZooKeeperMain.java,ZOOKEEPER-2074,22,23,27,YES
22,src/java/main/org/apache/zookeeper/ZooKeeperMain.java,ZOOKEEPER-2074,22,23,27,YES
23,src/java/main/org/apache/zookeeper/ZooKeeperMain.java,ZOOKEEPER-2074,22,23,27,YES
24,src/java/main/org/apache/zookeeper/ZooKeeperMain.java,ZOOKEEPER-2074,22,23,27,YES
25,src/java/main/org/apache/zookeeper/ZooKeeperMain.java,ZOOKEEPER-2074,22,23,27,YES
26,src/java/main/org/apache/zookeeper/ZooKeeperMain.java,ZOOKEEPER-2074,22,23,27,YES
1,src/java/main/org/apache/zookeeper/server/quorum/FastLeaderElection.java,ZOOKEEPER-275,1,3,4,YES
2,src/java/main/org/apache/zookeeper/server/quorum/FastLeaderElection.java,ZOOKEEPER-275,1,3,4,YES
3,src/java/main/org/apache/zookeeper/server/quorum/FastLeaderElection.java,ZOOKEEPER-275,1,3,4,YES
1,src/java/main/org/apache/zookeeper/server/quorum/QuorumCnxManager.java,ZOOKEEPER-275,1,3,4,YES
2,src/java/main/org/apache/zookeeper/server/quorum/QuorumCnxManager.java,ZOOKEEPER-275,1,3,4,YES
3,src/java/main/org/apache/zookeeper/server/quorum/QuorumCnxManager.java,ZOOKEEPER-275,1,3,4,YES
1,src/java/main/org/apache/zookeeper/server/quorum/QuorumPeer.java,ZOOKEEPER-275,1,3,4,YES
2,src/java/main/org/apache/zookeeper/server/quorum/QuorumPeer.java,ZOOKEEPER-275,1,3,4,YES
3,src/java/main/org/apache/zookeeper/server/quorum/QuorumPeer.java,ZOOKEEPER-275,1,3,4,YES
1,src/java/main/org/apache/zookeeper/ClientCnxn.java,ZOOKEEPER-272,1,3,4,YES
2,src/java/main/org/apache/zookeeper/ClientCnxn.java,ZOOKEEPER-272,1,3,4,YES
3,src/java/main/org/apache/zookeeper/ClientCnxn.java,ZOOKEEPER-272,1,3,4,YES
22,src/java/main/org/apache/zookeeper/ZooDefs.java,ZOOKEEPER-1910,22,22,23,YES
22,src/java/main/org/apache/zookeeper/ZooKeeper.java,ZOOKEEPER-1910,22,22,23,YES
22,src/java/main/org/apache/zookeeper/cli/RemoveWatchesCommand.java,ZOOKEEPER-1910,22,22,23,YES
22,src/java/main/org/apache/zookeeper/server/DataTree.java,ZOOKEEPER-1910,22,22,23,YES
22,src/java/main/org/apache/zookeeper/server/FinalRequestProcessor.java,ZOOKEEPER-1910,22,22,23,YES
22,src/java/main/org/apache/zookeeper/server/PrepRequestProcessor.java,ZOOKEEPER-1910,22,22,23,YES
22,src/java/main/org/apache/zookeeper/server/Request.java,ZOOKEEPER-1910,22,22,23,YES
22,src/java/main/org/apache/zookeeper/server/WatchManager.java,ZOOKEEPER-1910,22,22,23,YES
22,src/java/main/org/apache/zookeeper/server/ZKDatabase.java,ZOOKEEPER-1910,22,22,23,YES
1,src/java/main/org/apache/zookeeper/ClientCnxn.java,ZOOKEEPER-267,1,3,4,YES
2,src/java/main/org/apache/zookeeper/ClientCnxn.java,ZOOKEEPER-267,1,3,4,YES
3,src/java/main/org/apache/zookeeper/ClientCnxn.java,ZOOKEEPER-267,1,3,4,YES
1,src/java/main/org/apache/zookeeper/server/DataTree.java,ZOOKEEPER-267,1,3,4,YES
2,src/java/main/org/apache/zookeeper/server/DataTree.java,ZOOKEEPER-267,1,3,4,YES
3,src/java/main/org/apache/zookeeper/server/DataTree.java,ZOOKEEPER-267,1,3,4,YES
1,src/java/main/org/apache/zookeeper/server/quorum/CommitProcessor.java,ZOOKEEPER-267,1,3,4,YES
2,src/java/main/org/apache/zookeeper/server/quorum/CommitProcessor.java,ZOOKEEPER-267,1,3,4,YES
3,src/java/main/org/apache/zookeeper/server/quorum/CommitProcessor.java,ZOOKEEPER-267,1,3,4,YES
1,src/java/main/org/apache/jute/Utils.java,ZOOKEEPER-268,1,3,4,YES
2,src/java/main/org/apache/jute/Utils.java,ZOOKEEPER-268,1,3,4,YES
3,src/java/main/org/apache/jute/Utils.java,ZOOKEEPER-268,1,3,4,YES
43,zookeeper-contrib/zookeeper-contrib-zooinspector/src/main/java/org/apache/zookeeper/inspector/encryption/BasicDataEncryptionManager.java,ZOOKEEPER-4194,43,43,44,YES
1,src/java/main/org/apache/zookeeper/server/PurgeTxnLog.java,ZOOKEEPER-252,1,3,4,YES
2,src/java/main/org/apache/zookeeper/server/PurgeTxnLog.java,ZOOKEEPER-252,1,3,4,YES
3,src/java/main/org/apache/zookeeper/server/PurgeTxnLog.java,ZOOKEEPER-252,1,3,4,YES
1,src/java/main/org/apache/zookeeper/server/persistence/FileSnap.java,ZOOKEEPER-252,1,3,4,YES
2,src/java/main/org/apache/zookeeper/server/persistence/FileSnap.java,ZOOKEEPER-252,1,3,4,YES
3,src/java/main/org/apache/zookeeper/server/persistence/FileSnap.java,ZOOKEEPER-252,1,3,4,YES
1,src/java/main/org/apache/zookeeper/server/persistence/FileTxnSnapLog.java,ZOOKEEPER-252,1,3,4,YES
2,src/java/main/org/apache/zookeeper/server/persistence/FileTxnSnapLog.java,ZOOKEEPER-252,1,3,4,YES
3,src/java/main/org/apache/zookeeper/server/persistence/FileTxnSnapLog.java,ZOOKEEPER-252,1,3,4,YES
1,src/java/main/org/apache/zookeeper/server/persistence/FileSnap.java,ZOOKEEPER-250,1,3,4,YES
2,src/java/main/org/apache/zookeeper/server/persistence/FileSnap.java,ZOOKEEPER-250,1,3,4,YES
3,src/java/main/org/apache/zookeeper/server/persistence/FileSnap.java,ZOOKEEPER-250,1,3,4,YES
1,src/java/main/org/apache/zookeeper/server/persistence/Util.java,ZOOKEEPER-250,1,3,4,YES
2,src/java/main/org/apache/zookeeper/server/persistence/Util.java,ZOOKEEPER-250,1,3,4,YES
3,src/java/main/org/apache/zookeeper/server/persistence/Util.java,ZOOKEEPER-250,1,3,4,YES
1,src/java/main/org/apache/zookeeper/server/upgrade/UpgradeSnapShotV1.java,ZOOKEEPER-250,1,3,4,YES
2,src/java/main/org/apache/zookeeper/server/upgrade/UpgradeSnapShotV1.java,ZOOKEEPER-250,1,3,4,YES
3,src/java/main/org/apache/zookeeper/server/upgrade/UpgradeSnapShotV1.java,ZOOKEEPER-250,1,3,4,YES
20,src/java/main/org/apache/zookeeper/server/persistence/FileTxnLog.java,ZOOKEEPER-1900,20,22,23,YES
21,src/java/main/org/apache/zookeeper/server/persistence/FileTxnLog.java,ZOOKEEPER-1900,20,22,23,YES
22,src/java/main/org/apache/zookeeper/server/persistence/FileTxnLog.java,ZOOKEEPER-1900,20,22,23,YES
20,src/java/main/org/apache/zookeeper/server/quorum/Observer.java,ZOOKEEPER-1900,20,22,23,YES
21,src/java/main/org/apache/zookeeper/server/quorum/Observer.java,ZOOKEEPER-1900,20,22,23,YES
22,src/java/main/org/apache/zookeeper/server/quorum/Observer.java,ZOOKEEPER-1900,20,22,23,YES
5,src/java/main/org/apache/zookeeper/ZooKeeperMain.java,ZOOKEEPER-493,5,6,7,YES
6,src/java/main/org/apache/zookeeper/ZooKeeperMain.java,ZOOKEEPER-493,5,6,7,YES
1,src/java/main/org/apache/zookeeper/server/persistence/FileTxnLog.java,ZOOKEEPER-251,1,3,4,YES
2,src/java/main/org/apache/zookeeper/server/persistence/FileTxnLog.java,ZOOKEEPER-251,1,3,4,YES
3,src/java/main/org/apache/zookeeper/server/persistence/FileTxnLog.java,ZOOKEEPER-251,1,3,4,YES
1,src/java/main/org/apache/zookeeper/server/persistence/FileTxnSnapLog.java,ZOOKEEPER-251,1,3,4,YES
2,src/java/main/org/apache/zookeeper/server/persistence/FileTxnSnapLog.java,ZOOKEEPER-251,1,3,4,YES
3,src/java/main/org/apache/zookeeper/server/persistence/FileTxnSnapLog.java,ZOOKEEPER-251,1,3,4,YES
4,src/java/main/org/apache/zookeeper/ZooKeeper.java,ZOOKEEPER-490,4,6,7,YES
5,src/java/main/org/apache/zookeeper/ZooKeeper.java,ZOOKEEPER-490,4,6,7,YES
6,src/java/main/org/apache/zookeeper/ZooKeeper.java,ZOOKEEPER-490,4,6,7,YES
5,src/java/main/org/apache/zookeeper/server/quorum/FastLeaderElection.java,ZOOKEEPER-491,5,6,7,YES
6,src/java/main/org/apache/zookeeper/server/quorum/FastLeaderElection.java,ZOOKEEPER-491,5,6,7,YES
22,src/java/main/org/apache/zookeeper/ZooKeeper.java,ZOOKEEPER-1909,22,22,23,YES
22,src/java/main/org/apache/zookeeper/server/DataTree.java,ZOOKEEPER-1909,22,22,23,YES
22,src/java/main/org/apache/zookeeper/server/FinalRequestProcessor.java,ZOOKEEPER-1909,22,22,23,YES
22,src/java/main/org/apache/zookeeper/server/WatchManager.java,ZOOKEEPER-1909,22,22,23,YES
22,src/java/main/org/apache/zookeeper/server/ZKDatabase.java,ZOOKEEPER-1909,22,22,23,YES
5,src/java/main/org/apache/zookeeper/server/quorum/FastLeaderElection.java,ZOOKEEPER-498,5,6,7,YES
6,src/java/main/org/apache/zookeeper/server/quorum/FastLeaderElection.java,ZOOKEEPER-498,5,6,7,YES
5,src/java/main/org/apache/zookeeper/server/quorum/QuorumCnxManager.java,ZOOKEEPER-498,5,6,7,YES
6,src/java/main/org/apache/zookeeper/server/quorum/QuorumCnxManager.java,ZOOKEEPER-498,5,6,7,YES
5,src/java/main/org/apache/zookeeper/server/quorum/flexible/QuorumHierarchical.java,ZOOKEEPER-498,5,6,7,YES
6,src/java/main/org/apache/zookeeper/server/quorum/flexible/QuorumHierarchical.java,ZOOKEEPER-498,5,6,7,YES
5,src/java/main/org/apache/zookeeper/server/quorum/QuorumCnxManager.java,ZOOKEEPER-499,5,6,7,YES
6,src/java/main/org/apache/zookeeper/server/quorum/QuorumCnxManager.java,ZOOKEEPER-499,5,6,7,YES
5,src/java/main/org/apache/zookeeper/server/quorum/QuorumPeerConfig.java,ZOOKEEPER-499,5,6,7,YES
6,src/java/main/org/apache/zookeeper/server/quorum/QuorumPeerConfig.java,ZOOKEEPER-499,5,6,7,YES
4,src/java/main/org/apache/zookeeper/server/quorum/SendAckRequestProcessor.java,ZOOKEEPER-483,4,6,7,YES
5,src/java/main/org/apache/zookeeper/server/quorum/SendAckRequestProcessor.java,ZOOKEEPER-483,4,6,7,YES
6,src/java/main/org/apache/zookeeper/server/quorum/SendAckRequestProcessor.java,ZOOKEEPER-483,4,6,7,YES
4,src/java/main/org/apache/zookeeper/server/quorum/SendAckRequestProcessor.java,ZOOKEEPER-483,4,6,7,YES
5,src/java/main/org/apache/zookeeper/server/quorum/SendAckRequestProcessor.java,ZOOKEEPER-483,4,6,7,YES
6,src/java/main/org/apache/zookeeper/server/quorum/SendAckRequestProcessor.java,ZOOKEEPER-483,4,6,7,YES
1,src/java/main/org/apache/zookeeper/version/util/VerGen.java,ZOOKEEPER-241,1,2,3,YES
2,src/java/main/org/apache/zookeeper/version/util/VerGen.java,ZOOKEEPER-241,1,2,3,YES
5,src/java/main/org/apache/zookeeper/server/NIOServerCnxn.java,ZOOKEEPER-484,5,6,7,YES
6,src/java/main/org/apache/zookeeper/server/NIOServerCnxn.java,ZOOKEEPER-484,5,6,7,YES
5,src/java/main/org/apache/zookeeper/server/PrepRequestProcessor.java,ZOOKEEPER-484,5,6,7,YES
6,src/java/main/org/apache/zookeeper/server/PrepRequestProcessor.java,ZOOKEEPER-484,5,6,7,YES
5,src/java/main/org/apache/zookeeper/server/ServerCnxn.java,ZOOKEEPER-484,5,6,7,YES
6,src/java/main/org/apache/zookeeper/server/ServerCnxn.java,ZOOKEEPER-484,5,6,7,YES
5,src/java/main/org/apache/zookeeper/server/ZooKeeperServer.java,ZOOKEEPER-484,5,6,7,YES
6,src/java/main/org/apache/zookeeper/server/ZooKeeperServer.java,ZOOKEEPER-484,5,6,7,YES
5,src/java/main/org/apache/zookeeper/server/quorum/FollowerHandler.java,ZOOKEEPER-484,5,6,7,YES
6,src/java/main/org/apache/zookeeper/server/quorum/FollowerHandler.java,ZOOKEEPER-484,5,6,7,YES
5,src/java/main/org/apache/zookeeper/server/quorum/LeaderZooKeeperServer.java,ZOOKEEPER-484,5,6,7,YES
6,src/java/main/org/apache/zookeeper/server/quorum/LeaderZooKeeperServer.java,ZOOKEEPER-484,5,6,7,YES
4,src/java/main/org/apache/zookeeper/server/quorum/QuorumCnxManager.java,ZOOKEEPER-481,4,6,7,YES
5,src/java/main/org/apache/zookeeper/server/quorum/QuorumCnxManager.java,ZOOKEEPER-481,4,6,7,YES
6,src/java/main/org/apache/zookeeper/server/quorum/QuorumCnxManager.java,ZOOKEEPER-481,4,6,7,YES
5,src/java/main/org/apache/zookeeper/server/quorum/FastLeaderElection.java,ZOOKEEPER-480,5,6,7,YES
6,src/java/main/org/apache/zookeeper/server/quorum/FastLeaderElection.java,ZOOKEEPER-480,5,6,7,YES
1,src/java/main/org/apache/zookeeper/server/quorum/QuorumPeer.java,ZOOKEEPER-249,1,3,4,YES
2,src/java/main/org/apache/zookeeper/server/quorum/QuorumPeer.java,ZOOKEEPER-249,1,3,4,YES
3,src/java/main/org/apache/zookeeper/server/quorum/QuorumPeer.java,ZOOKEEPER-249,1,3,4,YES
4,src/java/main/org/apache/zookeeper/common/PathTrie.java,ZOOKEEPER-487,4,6,7,YES
5,src/java/main/org/apache/zookeeper/common/PathTrie.java,ZOOKEEPER-487,4,6,7,YES
6,src/java/main/org/apache/zookeeper/common/PathTrie.java,ZOOKEEPER-487,4,6,7,YES
31,src/java/main/org/apache/zookeeper/server/persistence/FileTxnSnapLog.java,ZOOKEEPER-3082,31,33,34,YES
32,src/java/main/org/apache/zookeeper/server/persistence/FileTxnSnapLog.java,ZOOKEEPER-3082,31,33,34,YES
33,src/java/main/org/apache/zookeeper/server/persistence/FileTxnSnapLog.java,ZOOKEEPER-3082,31,33,34,YES
61,zookeeper-server/src/main/java/org/apache/zookeeper/ZooKeeperMain.java,ZOOKEEPER-5021,61,61,62,YES
21,src/java/main/org/apache/zookeeper/server/quorum/QuorumPeer.java,ZOOKEEPER-1725,21,21,22,YES
29,src/contrib/zooinspector/src/java/org/apache/zookeeper/retry/ZooKeeperRetry.java,ZOOKEEPER-2818,29,30,31,YES
30,src/contrib/zooinspector/src/java/org/apache/zookeeper/retry/ZooKeeperRetry.java,ZOOKEEPER-2818,29,30,31,YES
29,src/java/main/org/apache/zookeeper/ZooKeeper.java,ZOOKEEPER-2818,29,30,31,YES
30,src/java/main/org/apache/zookeeper/ZooKeeper.java,ZOOKEEPER-2818,29,30,31,YES
22,src/java/main/org/apache/zookeeper/server/quorum/Learner.java,ZOOKEEPER-2819,22,30,31,YES
23,src/java/main/org/apache/zookeeper/server/quorum/Learner.java,ZOOKEEPER-2819,22,30,31,YES
24,src/java/main/org/apache/zookeeper/server/quorum/Learner.java,ZOOKEEPER-2819,22,30,31,YES
25,src/java/main/org/apache/zookeeper/server/quorum/Learner.java,ZOOKEEPER-2819,22,30,31,YES
26,src/java/main/org/apache/zookeeper/server/quorum/Learner.java,ZOOKEEPER-2819,22,30,31,YES
27,src/java/main/org/apache/zookeeper/server/quorum/Learner.java,ZOOKEEPER-2819,22,30,31,YES
28,src/java/main/org/apache/zookeeper/server/quorum/Learner.java,ZOOKEEPER-2819,22,30,31,YES
29,src/java/main/org/apache/zookeeper/server/quorum/Learner.java,ZOOKEEPER-2819,22,30,31,YES
30,src/java/main/org/apache/zookeeper/server/quorum/Learner.java,ZOOKEEPER-2819,22,30,31,YES
22,src/java/main/org/apache/zookeeper/server/quorum/QuorumPeer.java,ZOOKEEPER-2819,22,30,31,YES
23,src/java/main/org/apache/zookeeper/server/quorum/QuorumPeer.java,ZOOKEEPER-2819,22,30,31,YES
24,src/java/main/org/apache/zookeeper/server/quorum/QuorumPeer.java,ZOOKEEPER-2819,22,30,31,YES
25,src/java/main/org/apache/zookeeper/server/quorum/QuorumPeer.java,ZOOKEEPER-2819,22,30,31,YES
26,src/java/main/org/apache/zookeeper/server/quorum/QuorumPeer.java,ZOOKEEPER-2819,22,30,31,YES
27,src/java/main/org/apache/zookeeper/server/quorum/QuorumPeer.java,ZOOKEEPER-2819,22,30,31,YES
28,src/java/main/org/apache/zookeeper/server/quorum/QuorumPeer.java,ZOOKEEPER-2819,22,30,31,YES
29,src/java/main/org/apache/zookeeper/server/quorum/QuorumPeer.java,ZOOKEEPER-2819,22,30,31,YES
30,src/java/main/org/apache/zookeeper/server/quorum/QuorumPeer.java,ZOOKEEPER-2819,22,30,31,YES
22,src/java/main/org/apache/zookeeper/server/quorum/QuorumPeerConfig.java,ZOOKEEPER-2819,22,30,31,YES
23,src/java/main/org/apache/zookeeper/server/quorum/QuorumPeerConfig.java,ZOOKEEPER-2819,22,30,31,YES
24,src/java/main/org/apache/zookeeper/server/quorum/QuorumPeerConfig.java,ZOOKEEPER-2819,22,30,31,YES
25,src/java/main/org/apache/zookeeper/server/quorum/QuorumPeerConfig.java,ZOOKEEPER-2819,22,30,31,YES
26,src/java/main/org/apache/zookeeper/server/quorum/QuorumPeerConfig.java,ZOOKEEPER-2819,22,30,31,YES
27,src/java/main/org/apache/zookeeper/server/quorum/QuorumPeerConfig.java,ZOOKEEPER-2819,22,30,31,YES
28,src/java/main/org/apache/zookeeper/server/quorum/QuorumPeerConfig.java,ZOOKEEPER-2819,22,30,31,YES
29,src/java/main/org/apache/zookeeper/server/quorum/QuorumPeerConfig.java,ZOOKEEPER-2819,22,30,31,YES
30,src/java/main/org/apache/zookeeper/server/quorum/QuorumPeerConfig.java,ZOOKEEPER-2819,22,30,31,YES
40,zookeeper-server/src/main/java/org/apache/zookeeper/server/NettyServerCnxn.java,ZOOKEEPER-3905,40,41,42,YES
41,zookeeper-server/src/main/java/org/apache/zookeeper/server/NettyServerCnxn.java,ZOOKEEPER-3905,40,41,42,YES
40,zookeeper-server/src/main/java/org/apache/zookeeper/server/auth/ProviderRegistry.java,ZOOKEEPER-3905,40,41,42,YES
41,zookeeper-server/src/main/java/org/apache/zookeeper/server/auth/ProviderRegistry.java,ZOOKEEPER-3905,40,41,42,YES
40,zookeeper-server/src/main/java/org/apache/zookeeper/server/quorum/QuorumPeerConfig.java,ZOOKEEPER-3905,40,41,42,YES
41,zookeeper-server/src/main/java/org/apache/zookeeper/server/quorum/QuorumPeerConfig.java,ZOOKEEPER-3905,40,41,42,YES
28,src/java/main/org/apache/zookeeper/ZooKeeper.java,ZOOKEEPER-2804,28,30,31,YES
29,src/java/main/org/apache/zookeeper/ZooKeeper.java,ZOOKEEPER-2804,28,30,31,YES
30,src/java/main/org/apache/zookeeper/ZooKeeper.java,ZOOKEEPER-2804,28,30,31,YES
28,src/java/main/org/apache/zookeeper/server/PrepRequestProcessor.java,ZOOKEEPER-2804,28,30,31,YES
29,src/java/main/org/apache/zookeeper/server/PrepRequestProcessor.java,ZOOKEEPER-2804,28,30,31,YES
30,src/java/main/org/apache/zookeeper/server/PrepRequestProcessor.java,ZOOKEEPER-2804,28,30,31,YES
1,src/java/main/org/apache/zookeeper/server/quorum/QuorumPeer.java,ZOOKEEPER-3,1,1,7,YES
2,src/java/main/org/apache/zookeeper/server/quorum/QuorumPeer.java,ZOOKEEPER-3,1,1,7,YES
3,src/java/main/org/apache/zookeeper/server/quorum/QuorumPeer.java,ZOOKEEPER-3,1,1,7,YES
4,src/java/main/org/apache/zookeeper/server/quorum/QuorumPeer.java,ZOOKEEPER-3,1,1,7,YES
5,src/java/main/org/apache/zookeeper/server/quorum/QuorumPeer.java,ZOOKEEPER-3,1,1,7,YES
6,src/java/main/org/apache/zookeeper/server/quorum/QuorumPeer.java,ZOOKEEPER-3,1,1,7,YES
1,src/java/main/org/apache/zookeeper/server/quorum/AuthFastLeaderElection.java,ZOOKEEPER-2,1,1,2,YES
1,src/java/main/org/apache/zookeeper/server/quorum/FastLeaderElection.java,ZOOKEEPER-2,1,1,2,YES
1,src/java/main/org/apache/zookeeper/server/quorum/Follower.java,ZOOKEEPER-2,1,1,2,YES
1,src/java/main/org/apache/zookeeper/server/quorum/LeaderElection.java,ZOOKEEPER-2,1,1,2,YES
1,src/java/main/org/apache/zookeeper/server/quorum/QuorumCnxManager.java,ZOOKEEPER-2,1,1,2,YES
1,src/java/main/org/apache/zookeeper/server/quorum/QuorumPeer.java,ZOOKEEPER-2,1,1,2,YES
1,src/java/main/org/apache/zookeeper/server/DataNode.java,ZOOKEEPER-8,1,1,2,YES
1,src/java/main/org/apache/zookeeper/server/DataTree.java,ZOOKEEPER-8,1,1,2,YES
1,src/java/main/org/apache/zookeeper/server/PrepRequestProcessor.java,ZOOKEEPER-8,1,1,2,YES
1,src/java/main/org/apache/zookeeper/server/ZooKeeperServer.java,ZOOKEEPER-8,1,1,2,YES
29,src/java/main/org/apache/zookeeper/server/DataTree.java,ZOOKEEPER-2808,29,30,31,YES
30,src/java/main/org/apache/zookeeper/server/DataTree.java,ZOOKEEPER-2808,29,30,31,YES
29,src/java/main/org/apache/zookeeper/server/ZKDatabase.java,ZOOKEEPER-2808,29,30,31,YES
30,src/java/main/org/apache/zookeeper/server/ZKDatabase.java,ZOOKEEPER-2808,29,30,31,YES
1,src/java/main/org/apache/zookeeper/server/quorum/LearnerHandler.java,ZOOKEEPER-87,1,1,21,YES
2,src/java/main/org/apache/zookeeper/server/quorum/LearnerHandler.java,ZOOKEEPER-87,1,1,21,YES
3,src/java/main/org/apache/zookeeper/server/quorum/LearnerHandler.java,ZOOKEEPER-87,1,1,21,YES
4,src/java/main/org/apache/zookeeper/server/quorum/LearnerHandler.java,ZOOKEEPER-87,1,1,21,YES
5,src/java/main/org/apache/zookeeper/server/quorum/LearnerHandler.java,ZOOKEEPER-87,1,1,21,YES
6,src/java/main/org/apache/zookeeper/server/quorum/LearnerHandler.java,ZOOKEEPER-87,1,1,21,YES
7,src/java/main/org/apache/zookeeper/server/quorum/LearnerHandler.java,ZOOKEEPER-87,1,1,21,YES
8,src/java/main/org/apache/zookeeper/server/quorum/LearnerHandler.java,ZOOKEEPER-87,1,1,21,YES
9,src/java/main/org/apache/zookeeper/server/quorum/LearnerHandler.java,ZOOKEEPER-87,1,1,21,YES
10,src/java/main/org/apache/zookeeper/server/quorum/LearnerHandler.java,ZOOKEEPER-87,1,1,21,YES
11,src/java/main/org/apache/zookeeper/server/quorum/LearnerHandler.java,ZOOKEEPER-87,1,1,21,YES
12,src/java/main/org/apache/zookeeper/server/quorum/LearnerHandler.java,ZOOKEEPER-87,1,1,21,YES
13,src/java/main/org/apache/zookeeper/server/quorum/LearnerHandler.java,ZOOKEEPER-87,1,1,21,YES
14,src/java/main/org/apache/zookeeper/server/quorum/LearnerHandler.java,ZOOKEEPER-87,1,1,21,YES
15,src/java/main/org/apache/zookeeper/server/quorum/LearnerHandler.java,ZOOKEEPER-87,1,1,21,YES
16,src/java/main/org/apache/zookeeper/server/quorum/LearnerHandler.java,ZOOKEEPER-87,1,1,21,YES
17,src/java/main/org/apache/zookeeper/server/quorum/LearnerHandler.java,ZOOKEEPER-87,1,1,21,YES
18,src/java/main/org/apache/zookeeper/server/quorum/LearnerHandler.java,ZOOKEEPER-87,1,1,21,YES
19,src/java/main/org/apache/zookeeper/server/quorum/LearnerHandler.java,ZOOKEEPER-87,1,1,21,YES
20,src/java/main/org/apache/zookeeper/server/quorum/LearnerHandler.java,ZOOKEEPER-87,1,1,21,YES
15,src/java/main/org/apache/zookeeper/ClientCnxnSocketNIO.java,ZOOKEEPER-1702,15,21,22,YES
16,src/java/main/org/apache/zookeeper/ClientCnxnSocketNIO.java,ZOOKEEPER-1702,15,21,22,YES
17,src/java/main/org/apache/zookeeper/ClientCnxnSocketNIO.java,ZOOKEEPER-1702,15,21,22,YES
18,src/java/main/org/apache/zookeeper/ClientCnxnSocketNIO.java,ZOOKEEPER-1702,15,21,22,YES
19,src/java/main/org/apache/zookeeper/ClientCnxnSocketNIO.java,ZOOKEEPER-1702,15,21,22,YES
20,src/java/main/org/apache/zookeeper/ClientCnxnSocketNIO.java,ZOOKEEPER-1702,15,21,22,YES
21,src/java/main/org/apache/zookeeper/ClientCnxnSocketNIO.java,ZOOKEEPER-1702,15,21,22,YES
1,src/java/main/org/apache/zookeeper/KeeperException.java,ZOOKEEPER-291,1,3,4,YES
2,src/java/main/org/apache/zookeeper/KeeperException.java,ZOOKEEPER-291,1,3,4,YES
3,src/java/main/org/apache/zookeeper/KeeperException.java,ZOOKEEPER-291,1,3,4,YES
22,src/java/main/org/apache/zookeeper/server/quorum/LeaderElection.java,ZOOKEEPER-1932,22,22,30,YES
23,src/java/main/org/apache/zookeeper/server/quorum/LeaderElection.java,ZOOKEEPER-1932,22,22,30,YES
24,src/java/main/org/apache/zookeeper/server/quorum/LeaderElection.java,ZOOKEEPER-1932,22,22,30,YES
25,src/java/main/org/apache/zookeeper/server/quorum/LeaderElection.java,ZOOKEEPER-1932,22,22,30,YES
26,src/java/main/org/apache/zookeeper/server/quorum/LeaderElection.java,ZOOKEEPER-1932,22,22,30,YES
27,src/java/main/org/apache/zookeeper/server/quorum/LeaderElection.java,ZOOKEEPER-1932,22,22,30,YES
28,src/java/main/org/apache/zookeeper/server/quorum/LeaderElection.java,ZOOKEEPER-1932,22,22,30,YES
29,src/java/main/org/apache/zookeeper/server/quorum/LeaderElection.java,ZOOKEEPER-1932,22,22,30,YES
22,src/java/main/org/apache/zookeeper/server/quorum/QuorumPeer.java,ZOOKEEPER-1932,22,22,30,YES
23,src/java/main/org/apache/zookeeper/server/quorum/QuorumPeer.java,ZOOKEEPER-1932,22,22,30,YES
24,src/java/main/org/apache/zookeeper/server/quorum/QuorumPeer.java,ZOOKEEPER-1932,22,22,30,YES
25,src/java/main/org/apache/zookeeper/server/quorum/QuorumPeer.java,ZOOKEEPER-1932,22,22,30,YES
26,src/java/main/org/apache/zookeeper/server/quorum/QuorumPeer.java,ZOOKEEPER-1932,22,22,30,YES
27,src/java/main/org/apache/zookeeper/server/quorum/QuorumPeer.java,ZOOKEEPER-1932,22,22,30,YES
28,src/java/main/org/apache/zookeeper/server/quorum/QuorumPeer.java,ZOOKEEPER-1932,22,22,30,YES
29,src/java/main/org/apache/zookeeper/server/quorum/QuorumPeer.java,ZOOKEEPER-1932,22,22,30,YES
22,src/java/main/org/apache/zookeeper/server/quorum/QuorumPeerConfig.java,ZOOKEEPER-1932,22,22,30,YES
23,src/java/main/org/apache/zookeeper/server/quorum/QuorumPeerConfig.java,ZOOKEEPER-1932,22,22,30,YES
24,src/java/main/org/apache/zookeeper/server/quorum/QuorumPeerConfig.java,ZOOKEEPER-1932,22,22,30,YES
25,src/java/main/org/apache/zookeeper/server/quorum/QuorumPeerConfig.java,ZOOKEEPER-1932,22,22,30,YES
26,src/java/main/org/apache/zookeeper/server/quorum/QuorumPeerConfig.java,ZOOKEEPER-1932,22,22,30,YES
27,src/java/main/org/apache/zookeeper/server/quorum/QuorumPeerConfig.java,ZOOKEEPER-1932,22,22,30,YES
28,src/java/main/org/apache/zookeeper/server/quorum/QuorumPeerConfig.java,ZOOKEEPER-1932,22,22,30,YES
29,src/java/main/org/apache/zookeeper/server/quorum/QuorumPeerConfig.java,ZOOKEEPER-1932,22,22,30,YES
1,src/java/main/org/apache/zookeeper/server/quorum/Election.java,ZOOKEEPER-75,1,1,2,YES
21,zookeeper-server/src/main/java/org/apache/zookeeper/server/persistence/FileTxnSnapLog.java,ZOOKEEPER-1936,21,22,37,YES
22,zookeeper-server/src/main/java/org/apache/zookeeper/server/persistence/FileTxnSnapLog.java,ZOOKEEPER-1936,21,22,37,YES
23,zookeeper-server/src/main/java/org/apache/zookeeper/server/persistence/FileTxnSnapLog.java,ZOOKEEPER-1936,21,22,37,YES
24,zookeeper-server/src/main/java/org/apache/zookeeper/server/persistence/FileTxnSnapLog.java,ZOOKEEPER-1936,21,22,37,YES
25,zookeeper-server/src/main/java/org/apache/zookeeper/server/persistence/FileTxnSnapLog.java,ZOOKEEPER-1936,21,22,37,YES
26,zookeeper-server/src/main/java/org/apache/zookeeper/server/persistence/FileTxnSnapLog.java,ZOOKEEPER-1936,21,22,37,YES
27,zookeeper-server/src/main/java/org/apache/zookeeper/server/persistence/FileTxnSnapLog.java,ZOOKEEPER-1936,21,22,37,YES
28,zookeeper-server/src/main/java/org/apache/zookeeper/server/persistence/FileTxnSnapLog.java,ZOOKEEPER-1936,21,22,37,YES
29,zookeeper-server/src/main/java/org/apache/zookeeper/server/persistence/FileTxnSnapLog.java,ZOOKEEPER-1936,21,22,37,YES
30,zookeeper-server/src/main/java/org/apache/zookeeper/server/persistence/FileTxnSnapLog.java,ZOOKEEPER-1936,21,22,37,YES
31,zookeeper-server/src/main/java/org/apache/zookeeper/server/persistence/FileTxnSnapLog.java,ZOOKEEPER-1936,21,22,37,YES
32,zookeeper-server/src/main/java/org/apache/zookeeper/server/persistence/FileTxnSnapLog.java,ZOOKEEPER-1936,21,22,37,YES
33,zookeeper-server/src/main/java/org/apache/zookeeper/server/persistence/FileTxnSnapLog.java,ZOOKEEPER-1936,21,22,37,YES
34,zookeeper-server/src/main/java/org/apache/zookeeper/server/persistence/FileTxnSnapLog.java,ZOOKEEPER-1936,21,22,37,YES
35,zookeeper-server/src/main/java/org/apache/zookeeper/server/persistence/FileTxnSnapLog.java,ZOOKEEPER-1936,21,22,37,YES
36,zookeeper-server/src/main/java/org/apache/zookeeper/server/persistence/FileTxnSnapLog.java,ZOOKEEPER-1936,21,22,37,YES
1,src/java/main/org/apache/zookeeper/ZooKeeper.java,ZOOKEEPER-68,1,1,2,YES
33,zookeeper-server/src/main/java/org/apache/zookeeper/server/persistence/FileSnap.java,ZOOKEEPER-3701,33,37,42,YES
34,zookeeper-server/src/main/java/org/apache/zookeeper/server/persistence/FileSnap.java,ZOOKEEPER-3701,33,37,42,YES
35,zookeeper-server/src/main/java/org/apache/zookeeper/server/persistence/FileSnap.java,ZOOKEEPER-3701,33,37,42,YES
36,zookeeper-server/src/main/java/org/apache/zookeeper/server/persistence/FileSnap.java,ZOOKEEPER-3701,33,37,42,YES
37,zookeeper-server/src/main/java/org/apache/zookeeper/server/persistence/FileSnap.java,ZOOKEEPER-3701,33,37,42,YES
38,zookeeper-server/src/main/java/org/apache/zookeeper/server/persistence/FileSnap.java,ZOOKEEPER-3701,33,37,42,YES
39,zookeeper-server/src/main/java/org/apache/zookeeper/server/persistence/FileSnap.java,ZOOKEEPER-3701,33,37,42,YES
40,zookeeper-server/src/main/java/org/apache/zookeeper/server/persistence/FileSnap.java,ZOOKEEPER-3701,33,37,42,YES
41,zookeeper-server/src/main/java/org/apache/zookeeper/server/persistence/FileSnap.java,ZOOKEEPER-3701,33,37,42,YES
33,zookeeper-server/src/main/java/org/apache/zookeeper/server/persistence/FileTxnLog.java,ZOOKEEPER-3701,33,37,42,YES
34,zookeeper-server/src/main/java/org/apache/zookeeper/server/persistence/FileTxnLog.java,ZOOKEEPER-3701,33,37,42,YES
35,zookeeper-server/src/main/java/org/apache/zookeeper/server/persistence/FileTxnLog.java,ZOOKEEPER-3701,33,37,42,YES
36,zookeeper-server/src/main/java/org/apache/zookeeper/server/persistence/FileTxnLog.java,ZOOKEEPER-3701,33,37,42,YES
37,zookeeper-server/src/main/java/org/apache/zookeeper/server/persistence/FileTxnLog.java,ZOOKEEPER-3701,33,37,42,YES
38,zookeeper-server/src/main/java/org/apache/zookeeper/server/persistence/FileTxnLog.java,ZOOKEEPER-3701,33,37,42,YES
39,zookeeper-server/src/main/java/org/apache/zookeeper/server/persistence/FileTxnLog.java,ZOOKEEPER-3701,33,37,42,YES
40,zookeeper-server/src/main/java/org/apache/zookeeper/server/persistence/FileTxnLog.java,ZOOKEEPER-3701,33,37,42,YES
41,zookeeper-server/src/main/java/org/apache/zookeeper/server/persistence/FileTxnLog.java,ZOOKEEPER-3701,33,37,42,YES
33,zookeeper-server/src/main/java/org/apache/zookeeper/server/persistence/FileTxnSnapLog.java,ZOOKEEPER-3701,33,37,42,YES
34,zookeeper-server/src/main/java/org/apache/zookeeper/server/persistence/FileTxnSnapLog.java,ZOOKEEPER-3701,33,37,42,YES
35,zookeeper-server/src/main/java/org/apache/zookeeper/server/persistence/FileTxnSnapLog.java,ZOOKEEPER-3701,33,37,42,YES
36,zookeeper-server/src/main/java/org/apache/zookeeper/server/persistence/FileTxnSnapLog.java,ZOOKEEPER-3701,33,37,42,YES
37,zookeeper-server/src/main/java/org/apache/zookeeper/server/persistence/FileTxnSnapLog.java,ZOOKEEPER-3701,33,37,42,YES
38,zookeeper-server/src/main/java/org/apache/zookeeper/server/persistence/FileTxnSnapLog.java,ZOOKEEPER-3701,33,37,42,YES
39,zookeeper-server/src/main/java/org/apache/zookeeper/server/persistence/FileTxnSnapLog.java,ZOOKEEPER-3701,33,37,42,YES
40,zookeeper-server/src/main/java/org/apache/zookeeper/server/persistence/FileTxnSnapLog.java,ZOOKEEPER-3701,33,37,42,YES
41,zookeeper-server/src/main/java/org/apache/zookeeper/server/persistence/FileTxnSnapLog.java,ZOOKEEPER-3701,33,37,42,YES
29,src/java/main/org/apache/zookeeper/server/ZKDatabase.java,ZOOKEEPER-2852,29,30,31,YES
30,src/java/main/org/apache/zookeeper/server/ZKDatabase.java,ZOOKEEPER-2852,29,30,31,YES
29,src/java/main/org/apache/zookeeper/server/quorum/LearnerHandler.java,ZOOKEEPER-2852,29,30,31,YES
30,src/java/main/org/apache/zookeeper/server/quorum/LearnerHandler.java,ZOOKEEPER-2852,29,30,31,YES
16,src/java/main/org/apache/zookeeper/server/quorum/Leader.java,ZOOKEEPER-1521,16,18,19,YES
17,src/java/main/org/apache/zookeeper/server/quorum/Leader.java,ZOOKEEPER-1521,16,18,19,YES
18,src/java/main/org/apache/zookeeper/server/quorum/Leader.java,ZOOKEEPER-1521,16,18,19,YES
16,src/java/main/org/apache/zookeeper/server/quorum/LearnerHandler.java,ZOOKEEPER-1521,16,18,19,YES
17,src/java/main/org/apache/zookeeper/server/quorum/LearnerHandler.java,ZOOKEEPER-1521,16,18,19,YES
18,src/java/main/org/apache/zookeeper/server/quorum/LearnerHandler.java,ZOOKEEPER-1521,16,18,19,YES
28,src/java/main/org/apache/zookeeper/server/persistence/FileTxnLog.java,ZOOKEEPER-2853,28,30,31,YES
29,src/java/main/org/apache/zookeeper/server/persistence/FileTxnLog.java,ZOOKEEPER-2853,28,30,31,YES
30,src/java/main/org/apache/zookeeper/server/persistence/FileTxnLog.java,ZOOKEEPER-2853,28,30,31,YES
34,zookeeper-server/src/main/java/org/apache/zookeeper/ClientCnxn.java,ZOOKEEPER-3706,34,37,38,YES
35,zookeeper-server/src/main/java/org/apache/zookeeper/ClientCnxn.java,ZOOKEEPER-3706,34,37,38,YES
36,zookeeper-server/src/main/java/org/apache/zookeeper/ClientCnxn.java,ZOOKEEPER-3706,34,37,38,YES
37,zookeeper-server/src/main/java/org/apache/zookeeper/ClientCnxn.java,ZOOKEEPER-3706,34,37,38,YES
19,src/contrib/zooinspector/src/java/org/apache/zookeeper/inspector/ZooInspector.java,ZOOKEEPER-1769,19,21,22,YES
20,src/contrib/zooinspector/src/java/org/apache/zookeeper/inspector/ZooInspector.java,ZOOKEEPER-1769,19,21,22,YES
21,src/contrib/zooinspector/src/java/org/apache/zookeeper/inspector/ZooInspector.java,ZOOKEEPER-1769,19,21,22,YES
19,src/contrib/zooinspector/src/java/org/apache/zookeeper/inspector/gui/nodeviewer/NodeViewerData.java,ZOOKEEPER-1769,19,21,22,YES
20,src/contrib/zooinspector/src/java/org/apache/zookeeper/inspector/gui/nodeviewer/NodeViewerData.java,ZOOKEEPER-1769,19,21,22,YES
21,src/contrib/zooinspector/src/java/org/apache/zookeeper/inspector/gui/nodeviewer/NodeViewerData.java,ZOOKEEPER-1769,19,21,22,YES
19,src/contrib/zooinspector/src/java/org/apache/zookeeper/inspector/manager/ZooInspectorManagerImpl.java,ZOOKEEPER-1769,19,21,22,YES
20,src/contrib/zooinspector/src/java/org/apache/zookeeper/inspector/manager/ZooInspectorManagerImpl.java,ZOOKEEPER-1769,19,21,22,YES
21,src/contrib/zooinspector/src/java/org/apache/zookeeper/inspector/manager/ZooInspectorManagerImpl.java,ZOOKEEPER-1769,19,21,22,YES
27,src/contrib/zooinspector/src/java/org/apache/zookeeper/inspector/manager/ZooInspectorManagerImpl.java,ZOOKEEPER-2617,27,28,29,YES
28,src/contrib/zooinspector/src/java/org/apache/zookeeper/inspector/manager/ZooInspectorManagerImpl.java,ZOOKEEPER-2617,27,28,29,YES
27,src/java/main/org/apache/zookeeper/server/DatadirCleanupManager.java,ZOOKEEPER-2617,27,28,29,YES
28,src/java/main/org/apache/zookeeper/server/DatadirCleanupManager.java,ZOOKEEPER-2617,27,28,29,YES
27,src/java/main/org/apache/zookeeper/server/ZooKeeperThread.java,ZOOKEEPER-2617,27,28,29,YES
28,src/java/main/org/apache/zookeeper/server/ZooKeeperThread.java,ZOOKEEPER-2617,27,28,29,YES
1,src/java/main/org/apache/zookeeper/ClientCnxn.java,ZOOKEEPER-63,1,1,2,YES
1,src/java/main/org/apache/zookeeper/ZooKeeper.java,ZOOKEEPER-63,1,1,2,YES
1,src/java/main/org/apache/zookeeper/server/NIOServerCnxn.java,ZOOKEEPER-59,1,1,8,YES
2,src/java/main/org/apache/zookeeper/server/NIOServerCnxn.java,ZOOKEEPER-59,1,1,8,YES
3,src/java/main/org/apache/zookeeper/server/NIOServerCnxn.java,ZOOKEEPER-59,1,1,8,YES
4,src/java/main/org/apache/zookeeper/server/NIOServerCnxn.java,ZOOKEEPER-59,1,1,8,YES
5,src/java/main/org/apache/zookeeper/server/NIOServerCnxn.java,ZOOKEEPER-59,1,1,8,YES
6,src/java/main/org/apache/zookeeper/server/NIOServerCnxn.java,ZOOKEEPER-59,1,1,8,YES
7,src/java/main/org/apache/zookeeper/server/NIOServerCnxn.java,ZOOKEEPER-59,1,1,8,YES
22,src/java/main/org/apache/zookeeper/server/quorum/QuorumPeer.java,ZOOKEEPER-1992,22,22,23,YES
22,src/java/main/org/apache/zookeeper/server/quorum/QuorumPeerConfig.java,ZOOKEEPER-1992,22,22,23,YES
19,src/java/main/org/apache/zookeeper/server/NIOServerCnxn.java,ZOOKEEPER-1750,19,21,22,YES
20,src/java/main/org/apache/zookeeper/server/NIOServerCnxn.java,ZOOKEEPER-1750,19,21,22,YES
21,src/java/main/org/apache/zookeeper/server/NIOServerCnxn.java,ZOOKEEPER-1750,19,21,22,YES
17,src/java/main/org/apache/zookeeper/ClientCnxn.java,ZOOKEEPER-1751,17,21,22,YES
18,src/java/main/org/apache/zookeeper/ClientCnxn.java,ZOOKEEPER-1751,17,21,22,YES
19,src/java/main/org/apache/zookeeper/ClientCnxn.java,ZOOKEEPER-1751,17,21,22,YES
20,src/java/main/org/apache/zookeeper/ClientCnxn.java,ZOOKEEPER-1751,17,21,22,YES
21,src/java/main/org/apache/zookeeper/ClientCnxn.java,ZOOKEEPER-1751,17,21,22,YES
22,src/java/main/org/apache/zookeeper/ClientCnxn.java,ZOOKEEPER-1990,22,22,34,YES
23,src/java/main/org/apache/zookeeper/ClientCnxn.java,ZOOKEEPER-1990,22,22,34,YES
24,src/java/main/org/apache/zookeeper/ClientCnxn.java,ZOOKEEPER-1990,22,22,34,YES
25,src/java/main/org/apache/zookeeper/ClientCnxn.java,ZOOKEEPER-1990,22,22,34,YES
26,src/java/main/org/apache/zookeeper/ClientCnxn.java,ZOOKEEPER-1990,22,22,34,YES
27,src/java/main/org/apache/zookeeper/ClientCnxn.java,ZOOKEEPER-1990,22,22,34,YES
28,src/java/main/org/apache/zookeeper/ClientCnxn.java,ZOOKEEPER-1990,22,22,34,YES
29,src/java/main/org/apache/zookeeper/ClientCnxn.java,ZOOKEEPER-1990,22,22,34,YES
30,src/java/main/org/apache/zookeeper/ClientCnxn.java,ZOOKEEPER-1990,22,22,34,YES
31,src/java/main/org/apache/zookeeper/ClientCnxn.java,ZOOKEEPER-1990,22,22,34,YES
32,src/java/main/org/apache/zookeeper/ClientCnxn.java,ZOOKEEPER-1990,22,22,34,YES
33,src/java/main/org/apache/zookeeper/ClientCnxn.java,ZOOKEEPER-1990,22,22,34,YES
22,src/java/main/org/apache/zookeeper/server/SyncRequestProcessor.java,ZOOKEEPER-1990,22,22,34,YES
23,src/java/main/org/apache/zookeeper/server/SyncRequestProcessor.java,ZOOKEEPER-1990,22,22,34,YES
24,src/java/main/org/apache/zookeeper/server/SyncRequestProcessor.java,ZOOKEEPER-1990,22,22,34,YES
25,src/java/main/org/apache/zookeeper/server/SyncRequestProcessor.java,ZOOKEEPER-1990,22,22,34,YES
26,src/java/main/org/apache/zookeeper/server/SyncRequestProcessor.java,ZOOKEEPER-1990,22,22,34,YES
27,src/java/main/org/apache/zookeeper/server/SyncRequestProcessor.java,ZOOKEEPER-1990,22,22,34,YES
28,src/java/main/org/apache/zookeeper/server/SyncRequestProcessor.java,ZOOKEEPER-1990,22,22,34,YES
29,src/java/main/org/apache/zookeeper/server/SyncRequestProcessor.java,ZOOKEEPER-1990,22,22,34,YES
30,src/java/main/org/apache/zookeeper/server/SyncRequestProcessor.java,ZOOKEEPER-1990,22,22,34,YES
31,src/java/main/org/apache/zookeeper/server/SyncRequestProcessor.java,ZOOKEEPER-1990,22,22,34,YES
32,src/java/main/org/apache/zookeeper/server/SyncRequestProcessor.java,ZOOKEEPER-1990,22,22,34,YES
33,src/java/main/org/apache/zookeeper/server/SyncRequestProcessor.java,ZOOKEEPER-1990,22,22,34,YES
18,src/java/main/org/apache/zookeeper/server/quorum/ReadOnlyRequestProcessor.java,ZOOKEEPER-1754,18,21,22,YES
19,src/java/main/org/apache/zookeeper/server/quorum/ReadOnlyRequestProcessor.java,ZOOKEEPER-1754,18,21,22,YES
20,src/java/main/org/apache/zookeeper/server/quorum/ReadOnlyRequestProcessor.java,ZOOKEEPER-1754,18,21,22,YES
21,src/java/main/org/apache/zookeeper/server/quorum/ReadOnlyRequestProcessor.java,ZOOKEEPER-1754,18,21,22,YES
20,src/java/main/org/apache/zookeeper/server/DataTree.java,ZOOKEEPER-1755,20,21,22,YES
21,src/java/main/org/apache/zookeeper/server/DataTree.java,ZOOKEEPER-1755,20,21,22,YES
13,src/java/main/org/apache/jute/BinaryInputArchive.java,ZOOKEEPER-1513,13,18,21,YES
14,src/java/main/org/apache/jute/BinaryInputArchive.java,ZOOKEEPER-1513,13,18,21,YES
15,src/java/main/org/apache/jute/BinaryInputArchive.java,ZOOKEEPER-1513,13,18,21,YES
16,src/java/main/org/apache/jute/BinaryInputArchive.java,ZOOKEEPER-1513,13,18,21,YES
17,src/java/main/org/apache/jute/BinaryInputArchive.java,ZOOKEEPER-1513,13,18,21,YES
18,src/java/main/org/apache/jute/BinaryInputArchive.java,ZOOKEEPER-1513,13,18,21,YES
19,src/java/main/org/apache/jute/BinaryInputArchive.java,ZOOKEEPER-1513,13,18,21,YES
20,src/java/main/org/apache/jute/BinaryInputArchive.java,ZOOKEEPER-1513,13,18,21,YES
20,src/java/main/org/apache/zookeeper/ClientCnxn.java,ZOOKEEPER-1753,20,21,22,YES
21,src/java/main/org/apache/zookeeper/ClientCnxn.java,ZOOKEEPER-1753,20,21,22,YES
29,src/java/main/org/apache/zookeeper/server/quorum/QuorumPeer.java,ZOOKEEPER-2847,29,30,34,YES
30,src/java/main/org/apache/zookeeper/server/quorum/QuorumPeer.java,ZOOKEEPER-2847,29,30,34,YES
31,src/java/main/org/apache/zookeeper/server/quorum/QuorumPeer.java,ZOOKEEPER-2847,29,30,34,YES
32,src/java/main/org/apache/zookeeper/server/quorum/QuorumPeer.java,ZOOKEEPER-2847,29,30,34,YES
33,src/java/main/org/apache/zookeeper/server/quorum/QuorumPeer.java,ZOOKEEPER-2847,29,30,34,YES
29,src/java/main/org/apache/zookeeper/server/quorum/QuorumPeerConfig.java,ZOOKEEPER-2847,29,30,34,YES
30,src/java/main/org/apache/zookeeper/server/quorum/QuorumPeerConfig.java,ZOOKEEPER-2847,29,30,34,YES
31,src/java/main/org/apache/zookeeper/server/quorum/QuorumPeerConfig.java,ZOOKEEPER-2847,29,30,34,YES
32,src/java/main/org/apache/zookeeper/server/quorum/QuorumPeerConfig.java,ZOOKEEPER-2847,29,30,34,YES
33,src/java/main/org/apache/zookeeper/server/quorum/QuorumPeerConfig.java,ZOOKEEPER-2847,29,30,34,YES
29,src/java/main/org/apache/zookeeper/server/quorum/QuorumPeerConfig.java,ZOOKEEPER-2847,29,30,34,YES
30,src/java/main/org/apache/zookeeper/server/quorum/QuorumPeerConfig.java,ZOOKEEPER-2847,29,30,34,YES
31,src/java/main/org/apache/zookeeper/server/quorum/QuorumPeerConfig.java,ZOOKEEPER-2847,29,30,34,YES
32,src/java/main/org/apache/zookeeper/server/quorum/QuorumPeerConfig.java,ZOOKEEPER-2847,29,30,34,YES
33,src/java/main/org/apache/zookeeper/server/quorum/QuorumPeerConfig.java,ZOOKEEPER-2847,29,30,34,YES
26,src/java/main/org/apache/zookeeper/server/auth/SaslServerCallbackHandler.java,ZOOKEEPER-2606,26,28,29,YES
27,src/java/main/org/apache/zookeeper/server/auth/SaslServerCallbackHandler.java,ZOOKEEPER-2606,26,28,29,YES
28,src/java/main/org/apache/zookeeper/server/auth/SaslServerCallbackHandler.java,ZOOKEEPER-2606,26,28,29,YES
28,src/java/main/org/apache/zookeeper/server/ZKDatabase.java,ZOOKEEPER-2845,28,30,31,YES
29,src/java/main/org/apache/zookeeper/server/ZKDatabase.java,ZOOKEEPER-2845,28,30,31,YES
30,src/java/main/org/apache/zookeeper/server/ZKDatabase.java,ZOOKEEPER-2845,28,30,31,YES
28,src/java/main/org/apache/zookeeper/server/ZooKeeperServer.java,ZOOKEEPER-2845,28,30,31,YES
29,src/java/main/org/apache/zookeeper/server/ZooKeeperServer.java,ZOOKEEPER-2845,28,30,31,YES
30,src/java/main/org/apache/zookeeper/server/ZooKeeperServer.java,ZOOKEEPER-2845,28,30,31,YES
28,src/java/main/org/apache/zookeeper/server/persistence/FileTxnSnapLog.java,ZOOKEEPER-2845,28,30,31,YES
29,src/java/main/org/apache/zookeeper/server/persistence/FileTxnSnapLog.java,ZOOKEEPER-2845,28,30,31,YES
30,src/java/main/org/apache/zookeeper/server/persistence/FileTxnSnapLog.java,ZOOKEEPER-2845,28,30,31,YES
13,src/java/main/org/apache/zookeeper/server/quorum/FastLeaderElection.java,ZOOKEEPER-1514,13,18,19,YES
14,src/java/main/org/apache/zookeeper/server/quorum/FastLeaderElection.java,ZOOKEEPER-1514,13,18,19,YES
15,src/java/main/org/apache/zookeeper/server/quorum/FastLeaderElection.java,ZOOKEEPER-1514,13,18,19,YES
16,src/java/main/org/apache/zookeeper/server/quorum/FastLeaderElection.java,ZOOKEEPER-1514,13,18,19,YES
17,src/java/main/org/apache/zookeeper/server/quorum/FastLeaderElection.java,ZOOKEEPER-1514,13,18,19,YES
18,src/java/main/org/apache/zookeeper/server/quorum/FastLeaderElection.java,ZOOKEEPER-1514,13,18,19,YES
1,src/java/main/org/apache/zookeeper/server/NIOServerCnxn.java,ZOOKEEPER-48,1,1,2,YES
1,src/java/main/org/apache/zookeeper/server/PrepRequestProcessor.java,ZOOKEEPER-48,1,1,2,YES
21,src/java/main/org/apache/zookeeper/server/quorum/QuorumCnxManager.java,ZOOKEEPER-2836,21,30,39,YES
22,src/java/main/org/apache/zookeeper/server/quorum/QuorumCnxManager.java,ZOOKEEPER-2836,21,30,39,YES
23,src/java/main/org/apache/zookeeper/server/quorum/QuorumCnxManager.java,ZOOKEEPER-2836,21,30,39,YES
24,src/java/main/org/apache/zookeeper/server/quorum/QuorumCnxManager.java,ZOOKEEPER-2836,21,30,39,YES
25,src/java/main/org/apache/zookeeper/server/quorum/QuorumCnxManager.java,ZOOKEEPER-2836,21,30,39,YES
26,src/java/main/org/apache/zookeeper/server/quorum/QuorumCnxManager.java,ZOOKEEPER-2836,21,30,39,YES
27,src/java/main/org/apache/zookeeper/server/quorum/QuorumCnxManager.java,ZOOKEEPER-2836,21,30,39,YES
28,src/java/main/org/apache/zookeeper/server/quorum/QuorumCnxManager.java,ZOOKEEPER-2836,21,30,39,YES
29,src/java/main/org/apache/zookeeper/server/quorum/QuorumCnxManager.java,ZOOKEEPER-2836,21,30,39,YES
30,src/java/main/org/apache/zookeeper/server/quorum/QuorumCnxManager.java,ZOOKEEPER-2836,21,30,39,YES
31,src/java/main/org/apache/zookeeper/server/quorum/QuorumCnxManager.java,ZOOKEEPER-2836,21,30,39,YES
32,src/java/main/org/apache/zookeeper/server/quorum/QuorumCnxManager.java,ZOOKEEPER-2836,21,30,39,YES
33,src/java/main/org/apache/zookeeper/server/quorum/QuorumCnxManager.java,ZOOKEEPER-2836,21,30,39,YES
34,src/java/main/org/apache/zookeeper/server/quorum/QuorumCnxManager.java,ZOOKEEPER-2836,21,30,39,YES
35,src/java/main/org/apache/zookeeper/server/quorum/QuorumCnxManager.java,ZOOKEEPER-2836,21,30,39,YES
36,src/java/main/org/apache/zookeeper/server/quorum/QuorumCnxManager.java,ZOOKEEPER-2836,21,30,39,YES
37,src/java/main/org/apache/zookeeper/server/quorum/QuorumCnxManager.java,ZOOKEEPER-2836,21,30,39,YES
38,src/java/main/org/apache/zookeeper/server/quorum/QuorumCnxManager.java,ZOOKEEPER-2836,21,30,39,YES
31,zookeeper-server/src/main/java/org/apache/zookeeper/server/ZooKeeperServer.java,ZOOKEEPER-3911,31,41,42,YES
32,zookeeper-server/src/main/java/org/apache/zookeeper/server/ZooKeeperServer.java,ZOOKEEPER-3911,31,41,42,YES
33,zookeeper-server/src/main/java/org/apache/zookeeper/server/ZooKeeperServer.java,ZOOKEEPER-3911,31,41,42,YES
34,zookeeper-server/src/main/java/org/apache/zookeeper/server/ZooKeeperServer.java,ZOOKEEPER-3911,31,41,42,YES
35,zookeeper-server/src/main/java/org/apache/zookeeper/server/ZooKeeperServer.java,ZOOKEEPER-3911,31,41,42,YES
36,zookeeper-server/src/main/java/org/apache/zookeeper/server/ZooKeeperServer.java,ZOOKEEPER-3911,31,41,42,YES
37,zookeeper-server/src/main/java/org/apache/zookeeper/server/ZooKeeperServer.java,ZOOKEEPER-3911,31,41,42,YES
38,zookeeper-server/src/main/java/org/apache/zookeeper/server/ZooKeeperServer.java,ZOOKEEPER-3911,31,41,42,YES
39,zookeeper-server/src/main/java/org/apache/zookeeper/server/ZooKeeperServer.java,ZOOKEEPER-3911,31,41,42,YES
40,zookeeper-server/src/main/java/org/apache/zookeeper/server/ZooKeeperServer.java,ZOOKEEPER-3911,31,41,42,YES
41,zookeeper-server/src/main/java/org/apache/zookeeper/server/ZooKeeperServer.java,ZOOKEEPER-3911,31,41,42,YES
31,zookeeper-server/src/main/java/org/apache/zookeeper/server/quorum/Learner.java,ZOOKEEPER-3911,31,41,42,YES
32,zookeeper-server/src/main/java/org/apache/zookeeper/server/quorum/Learner.java,ZOOKEEPER-3911,31,41,42,YES
33,zookeeper-server/src/main/java/org/apache/zookeeper/server/quorum/Learner.java,ZOOKEEPER-3911,31,41,42,YES
34,zookeeper-server/src/main/java/org/apache/zookeeper/server/quorum/Learner.java,ZOOKEEPER-3911,31,41,42,YES
35,zookeeper-server/src/main/java/org/apache/zookeeper/server/quorum/Learner.java,ZOOKEEPER-3911,31,41,42,YES
36,zookeeper-server/src/main/java/org/apache/zookeeper/server/quorum/Learner.java,ZOOKEEPER-3911,31,41,42,YES
37,zookeeper-server/src/main/java/org/apache/zookeeper/server/quorum/Learner.java,ZOOKEEPER-3911,31,41,42,YES
38,zookeeper-server/src/main/java/org/apache/zookeeper/server/quorum/Learner.java,ZOOKEEPER-3911,31,41,42,YES
39,zookeeper-server/src/main/java/org/apache/zookeeper/server/quorum/Learner.java,ZOOKEEPER-3911,31,41,42,YES
40,zookeeper-server/src/main/java/org/apache/zookeeper/server/quorum/Learner.java,ZOOKEEPER-3911,31,41,42,YES
41,zookeeper-server/src/main/java/org/apache/zookeeper/server/quorum/Learner.java,ZOOKEEPER-3911,31,41,42,YES
20,src/java/main/org/apache/zookeeper/server/quorum/FastLeaderElection.java,ZOOKEEPER-1732,20,21,22,YES
21,src/java/main/org/apache/zookeeper/server/quorum/FastLeaderElection.java,ZOOKEEPER-1732,20,21,22,YES
20,src/java/main/org/apache/zookeeper/server/quorum/Leader.java,ZOOKEEPER-1732,20,21,22,YES
21,src/java/main/org/apache/zookeeper/server/quorum/Leader.java,ZOOKEEPER-1732,20,21,22,YES
20,src/java/main/org/apache/zookeeper/server/quorum/Learner.java,ZOOKEEPER-1732,20,21,22,YES
21,src/java/main/org/apache/zookeeper/server/quorum/Learner.java,ZOOKEEPER-1732,20,21,22,YES
20,src/java/main/org/apache/zookeeper/server/quorum/QuorumPeer.java,ZOOKEEPER-1732,20,21,22,YES
21,src/java/main/org/apache/zookeeper/server/quorum/QuorumPeer.java,ZOOKEEPER-1732,20,21,22,YES
29,zookeeper-server/src/main/java/org/apache/zookeeper/jmx/ManagedUtil.java,ZOOKEEPER-2822,29,30,34,YES
30,zookeeper-server/src/main/java/org/apache/zookeeper/jmx/ManagedUtil.java,ZOOKEEPER-2822,29,30,34,YES
31,zookeeper-server/src/main/java/org/apache/zookeeper/jmx/ManagedUtil.java,ZOOKEEPER-2822,29,30,34,YES
32,zookeeper-server/src/main/java/org/apache/zookeeper/jmx/ManagedUtil.java,ZOOKEEPER-2822,29,30,34,YES
33,zookeeper-server/src/main/java/org/apache/zookeeper/jmx/ManagedUtil.java,ZOOKEEPER-2822,29,30,34,YES
22,src/java/main/org/apache/zookeeper/server/admin/Commands.java,ZOOKEEPER-1973,22,22,23,YES
1,src/java/main/org/apache/zookeeper/ClientCnxn.java,ZOOKEEPER-21,1,1,2,YES
1,src/java/main/org/apache/zookeeper/ClientWatchManager.java,ZOOKEEPER-21,1,1,2,YES
1,src/java/main/org/apache/zookeeper/Watcher.java,ZOOKEEPER-21,1,1,2,YES
1,src/java/main/org/apache/zookeeper/ZooKeeper.java,ZOOKEEPER-21,1,1,2,YES
1,src/java/main/org/apache/zookeeper/ZooKeeperMain.java,ZOOKEEPER-21,1,1,2,YES
21,src/java/main/org/apache/zookeeper/ClientCnxn.java,ZOOKEEPER-2893,21,30,31,YES
22,src/java/main/org/apache/zookeeper/ClientCnxn.java,ZOOKEEPER-2893,21,30,31,YES
23,src/java/main/org/apache/zookeeper/ClientCnxn.java,ZOOKEEPER-2893,21,30,31,YES
24,src/java/main/org/apache/zookeeper/ClientCnxn.java,ZOOKEEPER-2893,21,30,31,YES
25,src/java/main/org/apache/zookeeper/ClientCnxn.java,ZOOKEEPER-2893,21,30,31,YES
26,src/java/main/org/apache/zookeeper/ClientCnxn.java,ZOOKEEPER-2893,21,30,31,YES
27,src/java/main/org/apache/zookeeper/ClientCnxn.java,ZOOKEEPER-2893,21,30,31,YES
28,src/java/main/org/apache/zookeeper/ClientCnxn.java,ZOOKEEPER-2893,21,30,31,YES
29,src/java/main/org/apache/zookeeper/ClientCnxn.java,ZOOKEEPER-2893,21,30,31,YES
30,src/java/main/org/apache/zookeeper/ClientCnxn.java,ZOOKEEPER-2893,21,30,31,YES
39,zookeeper-server/src/main/java/org/apache/zookeeper/server/NettyServerCnxnFactory.java,ZOOKEEPER-3988,39,42,45,YES
40,zookeeper-server/src/main/java/org/apache/zookeeper/server/NettyServerCnxnFactory.java,ZOOKEEPER-3988,39,42,45,YES
41,zookeeper-server/src/main/java/org/apache/zookeeper/server/NettyServerCnxnFactory.java,ZOOKEEPER-3988,39,42,45,YES
42,zookeeper-server/src/main/java/org/apache/zookeeper/server/NettyServerCnxnFactory.java,ZOOKEEPER-3988,39,42,45,YES
43,zookeeper-server/src/main/java/org/apache/zookeeper/server/NettyServerCnxnFactory.java,ZOOKEEPER-3988,39,42,45,YES
44,zookeeper-server/src/main/java/org/apache/zookeeper/server/NettyServerCnxnFactory.java,ZOOKEEPER-3988,39,42,45,YES
23,src/java/main/org/apache/zookeeper/server/ContainerManager.java,ZOOKEEPER-2413,23,26,27,YES
24,src/java/main/org/apache/zookeeper/server/ContainerManager.java,ZOOKEEPER-2413,23,26,27,YES
25,src/java/main/org/apache/zookeeper/server/ContainerManager.java,ZOOKEEPER-2413,23,26,27,YES
26,src/java/main/org/apache/zookeeper/server/ContainerManager.java,ZOOKEEPER-2413,23,26,27,YES
47,zookeeper-server/src/main/java/org/apache/zookeeper/Login.java,ZOOKEEPER-4839,47,57,58,YES
48,zookeeper-server/src/main/java/org/apache/zookeeper/Login.java,ZOOKEEPER-4839,47,57,58,YES
49,zookeeper-server/src/main/java/org/apache/zookeeper/Login.java,ZOOKEEPER-4839,47,57,58,YES
50,zookeeper-server/src/main/java/org/apache/zookeeper/Login.java,ZOOKEEPER-4839,47,57,58,YES
51,zookeeper-server/src/main/java/org/apache/zookeeper/Login.java,ZOOKEEPER-4839,47,57,58,YES
52,zookeeper-server/src/main/java/org/apache/zookeeper/Login.java,ZOOKEEPER-4839,47,57,58,YES
53,zookeeper-server/src/main/java/org/apache/zookeeper/Login.java,ZOOKEEPER-4839,47,57,58,YES
54,zookeeper-server/src/main/java/org/apache/zookeeper/Login.java,ZOOKEEPER-4839,47,57,58,YES
55,zookeeper-server/src/main/java/org/apache/zookeeper/Login.java,ZOOKEEPER-4839,47,57,58,YES
56,zookeeper-server/src/main/java/org/apache/zookeeper/Login.java,ZOOKEEPER-4839,47,57,58,YES
57,zookeeper-server/src/main/java/org/apache/zookeeper/Login.java,ZOOKEEPER-4839,47,57,58,YES
47,zookeeper-server/src/main/java/org/apache/zookeeper/client/ZooKeeperSaslClient.java,ZOOKEEPER-4839,47,57,58,YES
48,zookeeper-server/src/main/java/org/apache/zookeeper/client/ZooKeeperSaslClient.java,ZOOKEEPER-4839,47,57,58,YES
49,zookeeper-server/src/main/java/org/apache/zookeeper/client/ZooKeeperSaslClient.java,ZOOKEEPER-4839,47,57,58,YES
50,zookeeper-server/src/main/java/org/apache/zookeeper/client/ZooKeeperSaslClient.java,ZOOKEEPER-4839,47,57,58,YES
51,zookeeper-server/src/main/java/org/apache/zookeeper/client/ZooKeeperSaslClient.java,ZOOKEEPER-4839,47,57,58,YES
52,zookeeper-server/src/main/java/org/apache/zookeeper/client/ZooKeeperSaslClient.java,ZOOKEEPER-4839,47,57,58,YES
53,zookeeper-server/src/main/java/org/apache/zookeeper/client/ZooKeeperSaslClient.java,ZOOKEEPER-4839,47,57,58,YES
54,zookeeper-server/src/main/java/org/apache/zookeeper/client/ZooKeeperSaslClient.java,ZOOKEEPER-4839,47,57,58,YES
55,zookeeper-server/src/main/java/org/apache/zookeeper/client/ZooKeeperSaslClient.java,ZOOKEEPER-4839,47,57,58,YES
56,zookeeper-server/src/main/java/org/apache/zookeeper/client/ZooKeeperSaslClient.java,ZOOKEEPER-4839,47,57,58,YES
57,zookeeper-server/src/main/java/org/apache/zookeeper/client/ZooKeeperSaslClient.java,ZOOKEEPER-4839,47,57,58,YES
47,zookeeper-server/src/main/java/org/apache/zookeeper/server/ServerCnxnFactory.java,ZOOKEEPER-4839,47,57,58,YES
48,zookeeper-server/src/main/java/org/apache/zookeeper/server/ServerCnxnFactory.java,ZOOKEEPER-4839,47,57,58,YES
49,zookeeper-server/src/main/java/org/apache/zookeeper/server/ServerCnxnFactory.java,ZOOKEEPER-4839,47,57,58,YES
50,zookeeper-server/src/main/java/org/apache/zookeeper/server/ServerCnxnFactory.java,ZOOKEEPER-4839,47,57,58,YES
51,zookeeper-server/src/main/java/org/apache/zookeeper/server/ServerCnxnFactory.java,ZOOKEEPER-4839,47,57,58,YES
52,zookeeper-server/src/main/java/org/apache/zookeeper/server/ServerCnxnFactory.java,ZOOKEEPER-4839,47,57,58,YES
53,zookeeper-server/src/main/java/org/apache/zookeeper/server/ServerCnxnFactory.java,ZOOKEEPER-4839,47,57,58,YES
54,zookeeper-server/src/main/java/org/apache/zookeeper/server/ServerCnxnFactory.java,ZOOKEEPER-4839,47,57,58,YES
55,zookeeper-server/src/main/java/org/apache/zookeeper/server/ServerCnxnFactory.java,ZOOKEEPER-4839,47,57,58,YES
56,zookeeper-server/src/main/java/org/apache/zookeeper/server/ServerCnxnFactory.java,ZOOKEEPER-4839,47,57,58,YES
57,zookeeper-server/src/main/java/org/apache/zookeeper/server/ServerCnxnFactory.java,ZOOKEEPER-4839,47,57,58,YES
47,zookeeper-server/src/main/java/org/apache/zookeeper/server/ZooKeeperSaslServer.java,ZOOKEEPER-4839,47,57,58,YES
48,zookeeper-server/src/main/java/org/apache/zookeeper/server/ZooKeeperSaslServer.java,ZOOKEEPER-4839,47,57,58,YES
49,zookeeper-server/src/main/java/org/apache/zookeeper/server/ZooKeeperSaslServer.java,ZOOKEEPER-4839,47,57,58,YES
50,zookeeper-server/src/main/java/org/apache/zookeeper/server/ZooKeeperSaslServer.java,ZOOKEEPER-4839,47,57,58,YES
51,zookeeper-server/src/main/java/org/apache/zookeeper/server/ZooKeeperSaslServer.java,ZOOKEEPER-4839,47,57,58,YES
52,zookeeper-server/src/main/java/org/apache/zookeeper/server/ZooKeeperSaslServer.java,ZOOKEEPER-4839,47,57,58,YES
53,zookeeper-server/src/main/java/org/apache/zookeeper/server/ZooKeeperSaslServer.java,ZOOKEEPER-4839,47,57,58,YES
54,zookeeper-server/src/main/java/org/apache/zookeeper/server/ZooKeeperSaslServer.java,ZOOKEEPER-4839,47,57,58,YES
55,zookeeper-server/src/main/java/org/apache/zookeeper/server/ZooKeeperSaslServer.java,ZOOKEEPER-4839,47,57,58,YES
56,zookeeper-server/src/main/java/org/apache/zookeeper/server/ZooKeeperSaslServer.java,ZOOKEEPER-4839,47,57,58,YES
57,zookeeper-server/src/main/java/org/apache/zookeeper/server/ZooKeeperSaslServer.java,ZOOKEEPER-4839,47,57,58,YES
47,zookeeper-server/src/main/java/org/apache/zookeeper/server/auth/SaslServerCallbackHandler.java,ZOOKEEPER-4839,47,57,58,YES
48,zookeeper-server/src/main/java/org/apache/zookeeper/server/auth/SaslServerCallbackHandler.java,ZOOKEEPER-4839,47,57,58,YES
49,zookeeper-server/src/main/java/org/apache/zookeeper/server/auth/SaslServerCallbackHandler.java,ZOOKEEPER-4839,47,57,58,YES
50,zookeeper-server/src/main/java/org/apache/zookeeper/server/auth/SaslServerCallbackHandler.java,ZOOKEEPER-4839,47,57,58,YES
51,zookeeper-server/src/main/java/org/apache/zookeeper/server/auth/SaslServerCallbackHandler.java,ZOOKEEPER-4839,47,57,58,YES
52,zookeeper-server/src/main/java/org/apache/zookeeper/server/auth/SaslServerCallbackHandler.java,ZOOKEEPER-4839,47,57,58,YES
53,zookeeper-server/src/main/java/org/apache/zookeeper/server/auth/SaslServerCallbackHandler.java,ZOOKEEPER-4839,47,57,58,YES
54,zookeeper-server/src/main/java/org/apache/zookeeper/server/auth/SaslServerCallbackHandler.java,ZOOKEEPER-4839,47,57,58,YES
55,zookeeper-server/src/main/java/org/apache/zookeeper/server/auth/SaslServerCallbackHandler.java,ZOOKEEPER-4839,47,57,58,YES
56,zookeeper-server/src/main/java/org/apache/zookeeper/server/auth/SaslServerCallbackHandler.java,ZOOKEEPER-4839,47,57,58,YES
57,zookeeper-server/src/main/java/org/apache/zookeeper/server/auth/SaslServerCallbackHandler.java,ZOOKEEPER-4839,47,57,58,YES
47,zookeeper-server/src/main/java/org/apache/zookeeper/server/quorum/auth/SaslQuorumAuthLearner.java,ZOOKEEPER-4839,47,57,58,YES
48,zookeeper-server/src/main/java/org/apache/zookeeper/server/quorum/auth/SaslQuorumAuthLearner.java,ZOOKEEPER-4839,47,57,58,YES
49,zookeeper-server/src/main/java/org/apache/zookeeper/server/quorum/auth/SaslQuorumAuthLearner.java,ZOOKEEPER-4839,47,57,58,YES
50,zookeeper-server/src/main/java/org/apache/zookeeper/server/quorum/auth/SaslQuorumAuthLearner.java,ZOOKEEPER-4839,47,57,58,YES
51,zookeeper-server/src/main/java/org/apache/zookeeper/server/quorum/auth/SaslQuorumAuthLearner.java,ZOOKEEPER-4839,47,57,58,YES
52,zookeeper-server/src/main/java/org/apache/zookeeper/server/quorum/auth/SaslQuorumAuthLearner.java,ZOOKEEPER-4839,47,57,58,YES
53,zookeeper-server/src/main/java/org/apache/zookeeper/server/quorum/auth/SaslQuorumAuthLearner.java,ZOOKEEPER-4839,47,57,58,YES
54,zookeeper-server/src/main/java/org/apache/zookeeper/server/quorum/auth/SaslQuorumAuthLearner.java,ZOOKEEPER-4839,47,57,58,YES
55,zookeeper-server/src/main/java/org/apache/zookeeper/server/quorum/auth/SaslQuorumAuthLearner.java,ZOOKEEPER-4839,47,57,58,YES
56,zookeeper-server/src/main/java/org/apache/zookeeper/server/quorum/auth/SaslQuorumAuthLearner.java,ZOOKEEPER-4839,47,57,58,YES
57,zookeeper-server/src/main/java/org/apache/zookeeper/server/quorum/auth/SaslQuorumAuthLearner.java,ZOOKEEPER-4839,47,57,58,YES
47,zookeeper-server/src/main/java/org/apache/zookeeper/server/quorum/auth/SaslQuorumAuthServer.java,ZOOKEEPER-4839,47,57,58,YES
48,zookeeper-server/src/main/java/org/apache/zookeeper/server/quorum/auth/SaslQuorumAuthServer.java,ZOOKEEPER-4839,47,57,58,YES
49,zookeeper-server/src/main/java/org/apache/zookeeper/server/quorum/auth/SaslQuorumAuthServer.java,ZOOKEEPER-4839,47,57,58,YES
50,zookeeper-server/src/main/java/org/apache/zookeeper/server/quorum/auth/SaslQuorumAuthServer.java,ZOOKEEPER-4839,47,57,58,YES
51,zookeeper-server/src/main/java/org/apache/zookeeper/server/quorum/auth/SaslQuorumAuthServer.java,ZOOKEEPER-4839,47,57,58,YES
52,zookeeper-server/src/main/java/org/apache/zookeeper/server/quorum/auth/SaslQuorumAuthServer.java,ZOOKEEPER-4839,47,57,58,YES
53,zookeeper-server/src/main/java/org/apache/zookeeper/server/quorum/auth/SaslQuorumAuthServer.java,ZOOKEEPER-4839,47,57,58,YES
54,zookeeper-server/src/main/java/org/apache/zookeeper/server/quorum/auth/SaslQuorumAuthServer.java,ZOOKEEPER-4839,47,57,58,YES
55,zookeeper-server/src/main/java/org/apache/zookeeper/server/quorum/auth/SaslQuorumAuthServer.java,ZOOKEEPER-4839,47,57,58,YES
56,zookeeper-server/src/main/java/org/apache/zookeeper/server/quorum/auth/SaslQuorumAuthServer.java,ZOOKEEPER-4839,47,57,58,YES
57,zookeeper-server/src/main/java/org/apache/zookeeper/server/quorum/auth/SaslQuorumAuthServer.java,ZOOKEEPER-4839,47,57,58,YES
47,zookeeper-server/src/main/java/org/apache/zookeeper/server/quorum/auth/SaslQuorumServerCallbackHandler.java,ZOOKEEPER-4839,47,57,58,YES
48,zookeeper-server/src/main/java/org/apache/zookeeper/server/quorum/auth/SaslQuorumServerCallbackHandler.java,ZOOKEEPER-4839,47,57,58,YES
49,zookeeper-server/src/main/java/org/apache/zookeeper/server/quorum/auth/SaslQuorumServerCallbackHandler.java,ZOOKEEPER-4839,47,57,58,YES
50,zookeeper-server/src/main/java/org/apache/zookeeper/server/quorum/auth/SaslQuorumServerCallbackHandler.java,ZOOKEEPER-4839,47,57,58,YES
51,zookeeper-server/src/main/java/org/apache/zookeeper/server/quorum/auth/SaslQuorumServerCallbackHandler.java,ZOOKEEPER-4839,47,57,58,YES
52,zookeeper-server/src/main/java/org/apache/zookeeper/server/quorum/auth/SaslQuorumServerCallbackHandler.java,ZOOKEEPER-4839,47,57,58,YES
53,zookeeper-server/src/main/java/org/apache/zookeeper/server/quorum/auth/SaslQuorumServerCallbackHandler.java,ZOOKEEPER-4839,47,57,58,YES
54,zookeeper-server/src/main/java/org/apache/zookeeper/server/quorum/auth/SaslQuorumServerCallbackHandler.java,ZOOKEEPER-4839,47,57,58,YES
55,zookeeper-server/src/main/java/org/apache/zookeeper/server/quorum/auth/SaslQuorumServerCallbackHandler.java,ZOOKEEPER-4839,47,57,58,YES
56,zookeeper-server/src/main/java/org/apache/zookeeper/server/quorum/auth/SaslQuorumServerCallbackHandler.java,ZOOKEEPER-4839,47,57,58,YES
57,zookeeper-server/src/main/java/org/apache/zookeeper/server/quorum/auth/SaslQuorumServerCallbackHandler.java,ZOOKEEPER-4839,47,57,58,YES
23,zookeeper-server/src/main/java/org/apache/zookeeper/server/quorum/LearnerHandler.java,ZOOKEEPER-2418,23,26,36,YES
24,zookeeper-server/src/main/java/org/apache/zookeeper/server/quorum/LearnerHandler.java,ZOOKEEPER-2418,23,26,36,YES
25,zookeeper-server/src/main/java/org/apache/zookeeper/server/quorum/LearnerHandler.java,ZOOKEEPER-2418,23,26,36,YES
26,zookeeper-server/src/main/java/org/apache/zookeeper/server/quorum/LearnerHandler.java,ZOOKEEPER-2418,23,26,36,YES
27,zookeeper-server/src/main/java/org/apache/zookeeper/server/quorum/LearnerHandler.java,ZOOKEEPER-2418,23,26,36,YES
28,zookeeper-server/src/main/java/org/apache/zookeeper/server/quorum/LearnerHandler.java,ZOOKEEPER-2418,23,26,36,YES
29,zookeeper-server/src/main/java/org/apache/zookeeper/server/quorum/LearnerHandler.java,ZOOKEEPER-2418,23,26,36,YES
30,zookeeper-server/src/main/java/org/apache/zookeeper/server/quorum/LearnerHandler.java,ZOOKEEPER-2418,23,26,36,YES
31,zookeeper-server/src/main/java/org/apache/zookeeper/server/quorum/LearnerHandler.java,ZOOKEEPER-2418,23,26,36,YES
32,zookeeper-server/src/main/java/org/apache/zookeeper/server/quorum/LearnerHandler.java,ZOOKEEPER-2418,23,26,36,YES
33,zookeeper-server/src/main/java/org/apache/zookeeper/server/quorum/LearnerHandler.java,ZOOKEEPER-2418,23,26,36,YES
34,zookeeper-server/src/main/java/org/apache/zookeeper/server/quorum/LearnerHandler.java,ZOOKEEPER-2418,23,26,36,YES
35,zookeeper-server/src/main/java/org/apache/zookeeper/server/quorum/LearnerHandler.java,ZOOKEEPER-2418,23,26,36,YES
10,src/java/main/org/apache/zookeeper/server/auth/KerberosName.java,ZOOKEEPER-1327,10,14,16,YES
11,src/java/main/org/apache/zookeeper/server/auth/KerberosName.java,ZOOKEEPER-1327,10,14,16,YES
12,src/java/main/org/apache/zookeeper/server/auth/KerberosName.java,ZOOKEEPER-1327,10,14,16,YES
13,src/java/main/org/apache/zookeeper/server/auth/KerberosName.java,ZOOKEEPER-1327,10,14,16,YES
14,src/java/main/org/apache/zookeeper/server/auth/KerberosName.java,ZOOKEEPER-1327,10,14,16,YES
15,src/java/main/org/apache/zookeeper/server/auth/KerberosName.java,ZOOKEEPER-1327,10,14,16,YES
1,src/java/main/org/apache/zookeeper/ZooKeeper.java,ZOOKEEPER-16,1,1,3,YES
2,src/java/main/org/apache/zookeeper/ZooKeeper.java,ZOOKEEPER-16,1,1,3,YES
1,src/java/main/org/apache/zookeeper/server/PrepRequestProcessor.java,ZOOKEEPER-16,1,1,3,YES
2,src/java/main/org/apache/zookeeper/server/PrepRequestProcessor.java,ZOOKEEPER-16,1,1,3,YES
41,zookeeper-server/src/main/java/org/apache/zookeeper/server/quorum/QuorumCnxManager.java,ZOOKEEPER-3991,41,42,43,YES
42,zookeeper-server/src/main/java/org/apache/zookeeper/server/quorum/QuorumCnxManager.java,ZOOKEEPER-3991,41,42,43,YES
9,src/java/main/org/apache/zookeeper/Version.java,ZOOKEEPER-913,9,10,11,YES
10,src/java/main/org/apache/zookeeper/Version.java,ZOOKEEPER-913,9,10,11,YES
9,src/java/main/org/apache/zookeeper/version/util/VerGen.java,ZOOKEEPER-913,9,10,11,YES
10,src/java/main/org/apache/zookeeper/version/util/VerGen.java,ZOOKEEPER-913,9,10,11,YES
26,src/java/main/org/apache/zookeeper/admin/ZooKeeperAdmin.java,ZOOKEEPER-2642,26,28,29,YES
27,src/java/main/org/apache/zookeeper/admin/ZooKeeperAdmin.java,ZOOKEEPER-2642,26,28,29,YES
28,src/java/main/org/apache/zookeeper/admin/ZooKeeperAdmin.java,ZOOKEEPER-2642,26,28,29,YES
26,src/java/main/org/apache/zookeeper/cli/ReconfigCommand.java,ZOOKEEPER-2642,26,28,29,YES
27,src/java/main/org/apache/zookeeper/cli/ReconfigCommand.java,ZOOKEEPER-2642,26,28,29,YES
28,src/java/main/org/apache/zookeeper/cli/ReconfigCommand.java,ZOOKEEPER-2642,26,28,29,YES
19,src/java/main/org/apache/zookeeper/Login.java,ZOOKEEPER-1550,19,20,21,YES
20,src/java/main/org/apache/zookeeper/Login.java,ZOOKEEPER-1550,19,20,21,YES
19,src/java/main/org/apache/zookeeper/ZooKeeper.java,ZOOKEEPER-1550,19,20,21,YES
20,src/java/main/org/apache/zookeeper/ZooKeeper.java,ZOOKEEPER-1550,19,20,21,YES
19,src/java/main/org/apache/zookeeper/client/ZooKeeperSaslClient.java,ZOOKEEPER-1550,19,20,21,YES
20,src/java/main/org/apache/zookeeper/client/ZooKeeperSaslClient.java,ZOOKEEPER-1550,19,20,21,YES
16,src/java/main/org/apache/zookeeper/server/quorum/Leader.java,ZOOKEEPER-1551,16,20,21,YES
17,src/java/main/org/apache/zookeeper/server/quorum/Leader.java,ZOOKEEPER-1551,16,20,21,YES
18,src/java/main/org/apache/zookeeper/server/quorum/Leader.java,ZOOKEEPER-1551,16,20,21,YES
19,src/java/main/org/apache/zookeeper/server/quorum/Leader.java,ZOOKEEPER-1551,16,20,21,YES
20,src/java/main/org/apache/zookeeper/server/quorum/Leader.java,ZOOKEEPER-1551,16,20,21,YES
16,src/java/main/org/apache/zookeeper/server/quorum/Learner.java,ZOOKEEPER-1551,16,20,21,YES
17,src/java/main/org/apache/zookeeper/server/quorum/Learner.java,ZOOKEEPER-1551,16,20,21,YES
18,src/java/main/org/apache/zookeeper/server/quorum/Learner.java,ZOOKEEPER-1551,16,20,21,YES
19,src/java/main/org/apache/zookeeper/server/quorum/Learner.java,ZOOKEEPER-1551,16,20,21,YES
20,src/java/main/org/apache/zookeeper/server/quorum/Learner.java,ZOOKEEPER-1551,16,20,21,YES
16,src/java/main/org/apache/zookeeper/server/quorum/QuorumPeer.java,ZOOKEEPER-1551,16,20,21,YES
17,src/java/main/org/apache/zookeeper/server/quorum/QuorumPeer.java,ZOOKEEPER-1551,16,20,21,YES
18,src/java/main/org/apache/zookeeper/server/quorum/QuorumPeer.java,ZOOKEEPER-1551,16,20,21,YES
19,src/java/main/org/apache/zookeeper/server/quorum/QuorumPeer.java,ZOOKEEPER-1551,16,20,21,YES
20,src/java/main/org/apache/zookeeper/server/quorum/QuorumPeer.java,ZOOKEEPER-1551,16,20,21,YES
19,src/java/main/org/apache/zookeeper/server/quorum/ObserverZooKeeperServer.java,ZOOKEEPER-1798,19,21,22,YES
20,src/java/main/org/apache/zookeeper/server/quorum/ObserverZooKeeperServer.java,ZOOKEEPER-1798,19,21,22,YES
21,src/java/main/org/apache/zookeeper/server/quorum/ObserverZooKeeperServer.java,ZOOKEEPER-1798,19,21,22,YES
19,src/java/main/org/apache/zookeeper/server/SyncRequestProcessor.java,ZOOKEEPER-1798,19,21,22,YES
20,src/java/main/org/apache/zookeeper/server/SyncRequestProcessor.java,ZOOKEEPER-1798,19,21,22,YES
21,src/java/main/org/apache/zookeeper/server/SyncRequestProcessor.java,ZOOKEEPER-1798,19,21,22,YES
28,src/java/main/org/apache/zookeeper/server/FinalRequestProcessor.java,ZOOKEEPER-2886,28,30,33,YES
29,src/java/main/org/apache/zookeeper/server/FinalRequestProcessor.java,ZOOKEEPER-2886,28,30,33,YES
30,src/java/main/org/apache/zookeeper/server/FinalRequestProcessor.java,ZOOKEEPER-2886,28,30,33,YES
31,src/java/main/org/apache/zookeeper/server/FinalRequestProcessor.java,ZOOKEEPER-2886,28,30,33,YES
32,src/java/main/org/apache/zookeeper/server/FinalRequestProcessor.java,ZOOKEEPER-2886,28,30,33,YES
20,src/java/main/org/apache/zookeeper/server/PurgeTxnLog.java,ZOOKEEPER-1797,20,21,22,YES
21,src/java/main/org/apache/zookeeper/server/PurgeTxnLog.java,ZOOKEEPER-1797,20,21,22,YES
36,zookeeper-server/src/main/java/org/apache/zookeeper/common/FileChangeWatcher.java,ZOOKEEPER-3739,36,38,39,YES
37,zookeeper-server/src/main/java/org/apache/zookeeper/common/FileChangeWatcher.java,ZOOKEEPER-3739,36,38,39,YES
38,zookeeper-server/src/main/java/org/apache/zookeeper/common/FileChangeWatcher.java,ZOOKEEPER-3739,36,38,39,YES
12,src/java/main/org/apache/zookeeper/server/quorum/Leader.java,ZOOKEEPER-1319,12,14,15,YES
13,src/java/main/org/apache/zookeeper/server/quorum/Leader.java,ZOOKEEPER-1319,12,14,15,YES
14,src/java/main/org/apache/zookeeper/server/quorum/Leader.java,ZOOKEEPER-1319,12,14,15,YES
39,zookeeper-server/src/main/java/org/apache/zookeeper/audit/AuditHelper.java,ZOOKEEPER-3979,39,42,43,YES
40,zookeeper-server/src/main/java/org/apache/zookeeper/audit/AuditHelper.java,ZOOKEEPER-3979,39,42,43,YES
41,zookeeper-server/src/main/java/org/apache/zookeeper/audit/AuditHelper.java,ZOOKEEPER-3979,39,42,43,YES
42,zookeeper-server/src/main/java/org/apache/zookeeper/audit/AuditHelper.java,ZOOKEEPER-3979,39,42,43,YES
39,zookeeper-server/src/main/java/org/apache/zookeeper/server/Request.java,ZOOKEEPER-3979,39,42,43,YES
40,zookeeper-server/src/main/java/org/apache/zookeeper/server/Request.java,ZOOKEEPER-3979,39,42,43,YES
41,zookeeper-server/src/main/java/org/apache/zookeeper/server/Request.java,ZOOKEEPER-3979,39,42,43,YES
42,zookeeper-server/src/main/java/org/apache/zookeeper/server/Request.java,ZOOKEEPER-3979,39,42,43,YES
39,zookeeper-server/src/main/java/org/apache/zookeeper/server/auth/DigestAuthenticationProvider.java,ZOOKEEPER-3979,39,42,43,YES
40,zookeeper-server/src/main/java/org/apache/zookeeper/server/auth/DigestAuthenticationProvider.java,ZOOKEEPER-3979,39,42,43,YES
41,zookeeper-server/src/main/java/org/apache/zookeeper/server/auth/DigestAuthenticationProvider.java,ZOOKEEPER-3979,39,42,43,YES
42,zookeeper-server/src/main/java/org/apache/zookeeper/server/auth/DigestAuthenticationProvider.java,ZOOKEEPER-3979,39,42,43,YES
39,zookeeper-server/src/main/java/org/apache/zookeeper/server/auth/ProviderRegistry.java,ZOOKEEPER-3979,39,42,43,YES
40,zookeeper-server/src/main/java/org/apache/zookeeper/server/auth/ProviderRegistry.java,ZOOKEEPER-3979,39,42,43,YES
41,zookeeper-server/src/main/java/org/apache/zookeeper/server/auth/ProviderRegistry.java,ZOOKEEPER-3979,39,42,43,YES
42,zookeeper-server/src/main/java/org/apache/zookeeper/server/auth/ProviderRegistry.java,ZOOKEEPER-3979,39,42,43,YES
39,zookeeper-server/src/main/java/org/apache/zookeeper/server/util/AuthUtil.java,ZOOKEEPER-3979,39,42,43,YES
40,zookeeper-server/src/main/java/org/apache/zookeeper/server/util/AuthUtil.java,ZOOKEEPER-3979,39,42,43,YES
41,zookeeper-server/src/main/java/org/apache/zookeeper/server/util/AuthUtil.java,ZOOKEEPER-3979,39,42,43,YES
42,zookeeper-server/src/main/java/org/apache/zookeeper/server/util/AuthUtil.java,ZOOKEEPER-3979,39,42,43,YES
34,zookeeper-server/src/main/java/org/apache/zookeeper/jmx/ManagedUtil.java,ZOOKEEPER-3737,34,38,39,YES
35,zookeeper-server/src/main/java/org/apache/zookeeper/jmx/ManagedUtil.java,ZOOKEEPER-3737,34,38,39,YES
36,zookeeper-server/src/main/java/org/apache/zookeeper/jmx/ManagedUtil.java,ZOOKEEPER-3737,34,38,39,YES
37,zookeeper-server/src/main/java/org/apache/zookeeper/jmx/ManagedUtil.java,ZOOKEEPER-3737,34,38,39,YES
38,zookeeper-server/src/main/java/org/apache/zookeeper/jmx/ManagedUtil.java,ZOOKEEPER-3737,34,38,39,YES
23,src/java/main/org/apache/zookeeper/Login.java,ZOOKEEPER-2405,23,26,27,YES
24,src/java/main/org/apache/zookeeper/Login.java,ZOOKEEPER-2405,23,26,27,YES
25,src/java/main/org/apache/zookeeper/Login.java,ZOOKEEPER-2405,23,26,27,YES
26,src/java/main/org/apache/zookeeper/Login.java,ZOOKEEPER-2405,23,26,27,YES
9,src/contrib/hedwig/server/src/main/java/org/apache/hedwig/server/common/ServerConfiguration.java,ZOOKEEPER-907,9,10,11,YES
10,src/contrib/hedwig/server/src/main/java/org/apache/hedwig/server/common/ServerConfiguration.java,ZOOKEEPER-907,9,10,11,YES
9,src/contrib/hedwig/server/src/main/java/org/apache/hedwig/server/persistence/BookkeeperPersistenceManager.java,ZOOKEEPER-907,9,10,11,YES
10,src/contrib/hedwig/server/src/main/java/org/apache/hedwig/server/persistence/BookkeeperPersistenceManager.java,ZOOKEEPER-907,9,10,11,YES
9,src/java/main/org/apache/zookeeper/ZooKeeperMain.java,ZOOKEEPER-907,9,10,11,YES
10,src/java/main/org/apache/zookeeper/ZooKeeperMain.java,ZOOKEEPER-907,9,10,11,YES
9,src/java/main/org/apache/zookeeper/server/quorum/LearnerHandler.java,ZOOKEEPER-907,9,10,11,YES
10,src/java/main/org/apache/zookeeper/server/quorum/LearnerHandler.java,ZOOKEEPER-907,9,10,11,YES
9,src/java/main/org/apache/zookeeper/server/PrepRequestProcessor.java,ZOOKEEPER-904,9,10,11,YES
10,src/java/main/org/apache/zookeeper/server/PrepRequestProcessor.java,ZOOKEEPER-904,9,10,11,YES
9,src/java/main/org/apache/zookeeper/server/quorum/AuthFastLeaderElection.java,ZOOKEEPER-902,9,10,11,YES
10,src/java/main/org/apache/zookeeper/server/quorum/AuthFastLeaderElection.java,ZOOKEEPER-902,9,10,11,YES
9,src/java/main/org/apache/zookeeper/server/quorum/Follower.java,ZOOKEEPER-902,9,10,11,YES
10,src/java/main/org/apache/zookeeper/server/quorum/Follower.java,ZOOKEEPER-902,9,10,11,YES
9,src/java/main/org/apache/zookeeper/server/quorum/Learner.java,ZOOKEEPER-902,9,10,11,YES
10,src/java/main/org/apache/zookeeper/server/quorum/Learner.java,ZOOKEEPER-902,9,10,11,YES
9,src/java/main/org/apache/zookeeper/server/quorum/Observer.java,ZOOKEEPER-902,9,10,11,YES
10,src/java/main/org/apache/zookeeper/server/quorum/Observer.java,ZOOKEEPER-902,9,10,11,YES
9,src/java/main/org/apache/zookeeper/server/quorum/QuorumCnxManager.java,ZOOKEEPER-902,9,10,11,YES
10,src/java/main/org/apache/zookeeper/server/quorum/QuorumCnxManager.java,ZOOKEEPER-902,9,10,11,YES
19,src/java/main/org/apache/zookeeper/ClientCnxnSocketNIO.java,ZOOKEEPER-1560,19,20,21,YES
20,src/java/main/org/apache/zookeeper/ClientCnxnSocketNIO.java,ZOOKEEPER-1560,19,20,21,YES
28,src/java/main/org/apache/zookeeper/server/ZooKeeperServer.java,ZOOKEEPER-2872,28,30,43,YES
29,src/java/main/org/apache/zookeeper/server/ZooKeeperServer.java,ZOOKEEPER-2872,28,30,43,YES
30,src/java/main/org/apache/zookeeper/server/ZooKeeperServer.java,ZOOKEEPER-2872,28,30,43,YES
31,src/java/main/org/apache/zookeeper/server/ZooKeeperServer.java,ZOOKEEPER-2872,28,30,43,YES
32,src/java/main/org/apache/zookeeper/server/ZooKeeperServer.java,ZOOKEEPER-2872,28,30,43,YES
33,src/java/main/org/apache/zookeeper/server/ZooKeeperServer.java,ZOOKEEPER-2872,28,30,43,YES
34,src/java/main/org/apache/zookeeper/server/ZooKeeperServer.java,ZOOKEEPER-2872,28,30,43,YES
35,src/java/main/org/apache/zookeeper/server/ZooKeeperServer.java,ZOOKEEPER-2872,28,30,43,YES
36,src/java/main/org/apache/zookeeper/server/ZooKeeperServer.java,ZOOKEEPER-2872,28,30,43,YES
37,src/java/main/org/apache/zookeeper/server/ZooKeeperServer.java,ZOOKEEPER-2872,28,30,43,YES
38,src/java/main/org/apache/zookeeper/server/ZooKeeperServer.java,ZOOKEEPER-2872,28,30,43,YES
39,src/java/main/org/apache/zookeeper/server/ZooKeeperServer.java,ZOOKEEPER-2872,28,30,43,YES
40,src/java/main/org/apache/zookeeper/server/ZooKeeperServer.java,ZOOKEEPER-2872,28,30,43,YES
41,src/java/main/org/apache/zookeeper/server/ZooKeeperServer.java,ZOOKEEPER-2872,28,30,43,YES
42,src/java/main/org/apache/zookeeper/server/ZooKeeperServer.java,ZOOKEEPER-2872,28,30,43,YES
28,src/java/main/org/apache/zookeeper/server/persistence/FileSnap.java,ZOOKEEPER-2872,28,30,43,YES
29,src/java/main/org/apache/zookeeper/server/persistence/FileSnap.java,ZOOKEEPER-2872,28,30,43,YES
30,src/java/main/org/apache/zookeeper/server/persistence/FileSnap.java,ZOOKEEPER-2872,28,30,43,YES
31,src/java/main/org/apache/zookeeper/server/persistence/FileSnap.java,ZOOKEEPER-2872,28,30,43,YES
32,src/java/main/org/apache/zookeeper/server/persistence/FileSnap.java,ZOOKEEPER-2872,28,30,43,YES
33,src/java/main/org/apache/zookeeper/server/persistence/FileSnap.java,ZOOKEEPER-2872,28,30,43,YES
34,src/java/main/org/apache/zookeeper/server/persistence/FileSnap.java,ZOOKEEPER-2872,28,30,43,YES
35,src/java/main/org/apache/zookeeper/server/persistence/FileSnap.java,ZOOKEEPER-2872,28,30,43,YES
36,src/java/main/org/apache/zookeeper/server/persistence/FileSnap.java,ZOOKEEPER-2872,28,30,43,YES
37,src/java/main/org/apache/zookeeper/server/persistence/FileSnap.java,ZOOKEEPER-2872,28,30,43,YES
38,src/java/main/org/apache/zookeeper/server/persistence/FileSnap.java,ZOOKEEPER-2872,28,30,43,YES
39,src/java/main/org/apache/zookeeper/server/persistence/FileSnap.java,ZOOKEEPER-2872,28,30,43,YES
40,src/java/main/org/apache/zookeeper/server/persistence/FileSnap.java,ZOOKEEPER-2872,28,30,43,YES
41,src/java/main/org/apache/zookeeper/server/persistence/FileSnap.java,ZOOKEEPER-2872,28,30,43,YES
42,src/java/main/org/apache/zookeeper/server/persistence/FileSnap.java,ZOOKEEPER-2872,28,30,43,YES
28,src/java/main/org/apache/zookeeper/server/persistence/FileTxnSnapLog.java,ZOOKEEPER-2872,28,30,43,YES
29,src/java/main/org/apache/zookeeper/server/persistence/FileTxnSnapLog.java,ZOOKEEPER-2872,28,30,43,YES
30,src/java/main/org/apache/zookeeper/server/persistence/FileTxnSnapLog.java,ZOOKEEPER-2872,28,30,43,YES
31,src/java/main/org/apache/zookeeper/server/persistence/FileTxnSnapLog.java,ZOOKEEPER-2872,28,30,43,YES
32,src/java/main/org/apache/zookeeper/server/persistence/FileTxnSnapLog.java,ZOOKEEPER-2872,28,30,43,YES
33,src/java/main/org/apache/zookeeper/server/persistence/FileTxnSnapLog.java,ZOOKEEPER-2872,28,30,43,YES
34,src/java/main/org/apache/zookeeper/server/persistence/FileTxnSnapLog.java,ZOOKEEPER-2872,28,30,43,YES
35,src/java/main/org/apache/zookeeper/server/persistence/FileTxnSnapLog.java,ZOOKEEPER-2872,28,30,43,YES
36,src/java/main/org/apache/zookeeper/server/persistence/FileTxnSnapLog.java,ZOOKEEPER-2872,28,30,43,YES
37,src/java/main/org/apache/zookeeper/server/persistence/FileTxnSnapLog.java,ZOOKEEPER-2872,28,30,43,YES
38,src/java/main/org/apache/zookeeper/server/persistence/FileTxnSnapLog.java,ZOOKEEPER-2872,28,30,43,YES
39,src/java/main/org/apache/zookeeper/server/persistence/FileTxnSnapLog.java,ZOOKEEPER-2872,28,30,43,YES
40,src/java/main/org/apache/zookeeper/server/persistence/FileTxnSnapLog.java,ZOOKEEPER-2872,28,30,43,YES
41,src/java/main/org/apache/zookeeper/server/persistence/FileTxnSnapLog.java,ZOOKEEPER-2872,28,30,43,YES
42,src/java/main/org/apache/zookeeper/server/persistence/FileTxnSnapLog.java,ZOOKEEPER-2872,28,30,43,YES
28,src/java/main/org/apache/zookeeper/server/persistence/SnapShot.java,ZOOKEEPER-2872,28,30,43,YES
29,src/java/main/org/apache/zookeeper/server/persistence/SnapShot.java,ZOOKEEPER-2872,28,30,43,YES
30,src/java/main/org/apache/zookeeper/server/persistence/SnapShot.java,ZOOKEEPER-2872,28,30,43,YES
31,src/java/main/org/apache/zookeeper/server/persistence/SnapShot.java,ZOOKEEPER-2872,28,30,43,YES
32,src/java/main/org/apache/zookeeper/server/persistence/SnapShot.java,ZOOKEEPER-2872,28,30,43,YES
33,src/java/main/org/apache/zookeeper/server/persistence/SnapShot.java,ZOOKEEPER-2872,28,30,43,YES
34,src/java/main/org/apache/zookeeper/server/persistence/SnapShot.java,ZOOKEEPER-2872,28,30,43,YES
35,src/java/main/org/apache/zookeeper/server/persistence/SnapShot.java,ZOOKEEPER-2872,28,30,43,YES
36,src/java/main/org/apache/zookeeper/server/persistence/SnapShot.java,ZOOKEEPER-2872,28,30,43,YES
37,src/java/main/org/apache/zookeeper/server/persistence/SnapShot.java,ZOOKEEPER-2872,28,30,43,YES
38,src/java/main/org/apache/zookeeper/server/persistence/SnapShot.java,ZOOKEEPER-2872,28,30,43,YES
39,src/java/main/org/apache/zookeeper/server/persistence/SnapShot.java,ZOOKEEPER-2872,28,30,43,YES
40,src/java/main/org/apache/zookeeper/server/persistence/SnapShot.java,ZOOKEEPER-2872,28,30,43,YES
41,src/java/main/org/apache/zookeeper/server/persistence/SnapShot.java,ZOOKEEPER-2872,28,30,43,YES
42,src/java/main/org/apache/zookeeper/server/persistence/SnapShot.java,ZOOKEEPER-2872,28,30,43,YES
28,src/java/main/org/apache/zookeeper/server/quorum/Learner.java,ZOOKEEPER-2872,28,30,43,YES
29,src/java/main/org/apache/zookeeper/server/quorum/Learner.java,ZOOKEEPER-2872,28,30,43,YES
30,src/java/main/org/apache/zookeeper/server/quorum/Learner.java,ZOOKEEPER-2872,28,30,43,YES
31,src/java/main/org/apache/zookeeper/server/quorum/Learner.java,ZOOKEEPER-2872,28,30,43,YES
32,src/java/main/org/apache/zookeeper/server/quorum/Learner.java,ZOOKEEPER-2872,28,30,43,YES
33,src/java/main/org/apache/zookeeper/server/quorum/Learner.java,ZOOKEEPER-2872,28,30,43,YES
34,src/java/main/org/apache/zookeeper/server/quorum/Learner.java,ZOOKEEPER-2872,28,30,43,YES
35,src/java/main/org/apache/zookeeper/server/quorum/Learner.java,ZOOKEEPER-2872,28,30,43,YES
36,src/java/main/org/apache/zookeeper/server/quorum/Learner.java,ZOOKEEPER-2872,28,30,43,YES
37,src/java/main/org/apache/zookeeper/server/quorum/Learner.java,ZOOKEEPER-2872,28,30,43,YES
38,src/java/main/org/apache/zookeeper/server/quorum/Learner.java,ZOOKEEPER-2872,28,30,43,YES
39,src/java/main/org/apache/zookeeper/server/quorum/Learner.java,ZOOKEEPER-2872,28,30,43,YES
40,src/java/main/org/apache/zookeeper/server/quorum/Learner.java,ZOOKEEPER-2872,28,30,43,YES
41,src/java/main/org/apache/zookeeper/server/quorum/Learner.java,ZOOKEEPER-2872,28,30,43,YES
42,src/java/main/org/apache/zookeeper/server/quorum/Learner.java,ZOOKEEPER-2872,28,30,43,YES
19,src/java/main/org/apache/zookeeper/server/quorum/FastLeaderElection.java,ZOOKEEPER-1783,19,21,22,YES
20,src/java/main/org/apache/zookeeper/server/quorum/FastLeaderElection.java,ZOOKEEPER-1783,19,21,22,YES
21,src/java/main/org/apache/zookeeper/server/quorum/FastLeaderElection.java,ZOOKEEPER-1783,19,21,22,YES
19,src/java/main/org/apache/zookeeper/server/quorum/Leader.java,ZOOKEEPER-1783,19,21,22,YES
20,src/java/main/org/apache/zookeeper/server/quorum/Leader.java,ZOOKEEPER-1783,19,21,22,YES
21,src/java/main/org/apache/zookeeper/server/quorum/Leader.java,ZOOKEEPER-1783,19,21,22,YES
19,src/java/main/org/apache/zookeeper/server/quorum/QuorumPeer.java,ZOOKEEPER-1783,19,21,22,YES
20,src/java/main/org/apache/zookeeper/server/quorum/QuorumPeer.java,ZOOKEEPER-1783,19,21,22,YES
21,src/java/main/org/apache/zookeeper/server/quorum/QuorumPeer.java,ZOOKEEPER-1783,19,21,22,YES
17,src/java/main/org/apache/zookeeper/server/quorum/Learner.java,ZOOKEEPER-1784,17,21,23,YES
18,src/java/main/org/apache/zookeeper/server/quorum/Learner.java,ZOOKEEPER-1784,17,21,23,YES
19,src/java/main/org/apache/zookeeper/server/quorum/Learner.java,ZOOKEEPER-1784,17,21,23,YES
20,src/java/main/org/apache/zookeeper/server/quorum/Learner.java,ZOOKEEPER-1784,17,21,23,YES
21,src/java/main/org/apache/zookeeper/server/quorum/Learner.java,ZOOKEEPER-1784,17,21,23,YES
22,src/java/main/org/apache/zookeeper/server/quorum/Learner.java,ZOOKEEPER-1784,17,21,23,YES
20,src/java/main/org/apache/zookeeper/server/ZooKeeperServer.java,ZOOKEEPER-1781,20,21,22,YES
21,src/java/main/org/apache/zookeeper/server/ZooKeeperServer.java,ZOOKEEPER-1781,20,21,22,YES
20,src/java/main/org/apache/zookeeper/server/ZooKeeperServer.java,ZOOKEEPER-1782,20,21,30,YES
21,src/java/main/org/apache/zookeeper/server/ZooKeeperServer.java,ZOOKEEPER-1782,20,21,30,YES
22,src/java/main/org/apache/zookeeper/server/ZooKeeperServer.java,ZOOKEEPER-1782,20,21,30,YES
23,src/java/main/org/apache/zookeeper/server/ZooKeeperServer.java,ZOOKEEPER-1782,20,21,30,YES
24,src/java/main/org/apache/zookeeper/server/ZooKeeperServer.java,ZOOKEEPER-1782,20,21,30,YES
25,src/java/main/org/apache/zookeeper/server/ZooKeeperServer.java,ZOOKEEPER-1782,20,21,30,YES
26,src/java/main/org/apache/zookeeper/server/ZooKeeperServer.java,ZOOKEEPER-1782,20,21,30,YES
27,src/java/main/org/apache/zookeeper/server/ZooKeeperServer.java,ZOOKEEPER-1782,20,21,30,YES
28,src/java/main/org/apache/zookeeper/server/ZooKeeperServer.java,ZOOKEEPER-1782,20,21,30,YES
29,src/java/main/org/apache/zookeeper/server/ZooKeeperServer.java,ZOOKEEPER-1782,20,21,30,YES
20,src/java/main/org/apache/zookeeper/server/auth/SASLAuthenticationProvider.java,ZOOKEEPER-1782,20,21,30,YES
21,src/java/main/org/apache/zookeeper/server/auth/SASLAuthenticationProvider.java,ZOOKEEPER-1782,20,21,30,YES
22,src/java/main/org/apache/zookeeper/server/auth/SASLAuthenticationProvider.java,ZOOKEEPER-1782,20,21,30,YES
23,src/java/main/org/apache/zookeeper/server/auth/SASLAuthenticationProvider.java,ZOOKEEPER-1782,20,21,30,YES
24,src/java/main/org/apache/zookeeper/server/auth/SASLAuthenticationProvider.java,ZOOKEEPER-1782,20,21,30,YES
25,src/java/main/org/apache/zookeeper/server/auth/SASLAuthenticationProvider.java,ZOOKEEPER-1782,20,21,30,YES
26,src/java/main/org/apache/zookeeper/server/auth/SASLAuthenticationProvider.java,ZOOKEEPER-1782,20,21,30,YES
27,src/java/main/org/apache/zookeeper/server/auth/SASLAuthenticationProvider.java,ZOOKEEPER-1782,20,21,30,YES
28,src/java/main/org/apache/zookeeper/server/auth/SASLAuthenticationProvider.java,ZOOKEEPER-1782,20,21,30,YES
29,src/java/main/org/apache/zookeeper/server/auth/SASLAuthenticationProvider.java,ZOOKEEPER-1782,20,21,30,YES
17,src/java/main/org/apache/zookeeper/server/quorum/QuorumPeerConfig.java,ZOOKEEPER-1540,17,19,20,YES
18,src/java/main/org/apache/zookeeper/server/quorum/QuorumPeerConfig.java,ZOOKEEPER-1540,17,19,20,YES
19,src/java/main/org/apache/zookeeper/server/quorum/QuorumPeerConfig.java,ZOOKEEPER-1540,17,19,20,YES
2,src/java/main/org/apache/zookeeper/ZooKeeper.java,ZOOKEEPER-1307,2,13,17,YES
3,src/java/main/org/apache/zookeeper/ZooKeeper.java,ZOOKEEPER-1307,2,13,17,YES
4,src/java/main/org/apache/zookeeper/ZooKeeper.java,ZOOKEEPER-1307,2,13,17,YES
5,src/java/main/org/apache/zookeeper/ZooKeeper.java,ZOOKEEPER-1307,2,13,17,YES
6,src/java/main/org/apache/zookeeper/ZooKeeper.java,ZOOKEEPER-1307,2,13,17,YES
7,src/java/main/org/apache/zookeeper/ZooKeeper.java,ZOOKEEPER-1307,2,13,17,YES
8,src/java/main/org/apache/zookeeper/ZooKeeper.java,ZOOKEEPER-1307,2,13,17,YES
9,src/java/main/org/apache/zookeeper/ZooKeeper.java,ZOOKEEPER-1307,2,13,17,YES
10,src/java/main/org/apache/zookeeper/ZooKeeper.java,ZOOKEEPER-1307,2,13,17,YES
11,src/java/main/org/apache/zookeeper/ZooKeeper.java,ZOOKEEPER-1307,2,13,17,YES
12,src/java/main/org/apache/zookeeper/ZooKeeper.java,ZOOKEEPER-1307,2,13,17,YES
13,src/java/main/org/apache/zookeeper/ZooKeeper.java,ZOOKEEPER-1307,2,13,17,YES
14,src/java/main/org/apache/zookeeper/ZooKeeper.java,ZOOKEEPER-1307,2,13,17,YES
15,src/java/main/org/apache/zookeeper/ZooKeeper.java,ZOOKEEPER-1307,2,13,17,YES
16,src/java/main/org/apache/zookeeper/ZooKeeper.java,ZOOKEEPER-1307,2,13,17,YES
2,src/java/main/org/apache/zookeeper/ZooKeeperMain.java,ZOOKEEPER-1307,2,13,17,YES
3,src/java/main/org/apache/zookeeper/ZooKeeperMain.java,ZOOKEEPER-1307,2,13,17,YES
4,src/java/main/org/apache/zookeeper/ZooKeeperMain.java,ZOOKEEPER-1307,2,13,17,YES
5,src/java/main/org/apache/zookeeper/ZooKeeperMain.java,ZOOKEEPER-1307,2,13,17,YES
6,src/java/main/org/apache/zookeeper/ZooKeeperMain.java,ZOOKEEPER-1307,2,13,17,YES
7,src/java/main/org/apache/zookeeper/ZooKeeperMain.java,ZOOKEEPER-1307,2,13,17,YES
8,src/java/main/org/apache/zookeeper/ZooKeeperMain.java,ZOOKEEPER-1307,2,13,17,YES
9,src/java/main/org/apache/zookeeper/ZooKeeperMain.java,ZOOKEEPER-1307,2,13,17,YES
10,src/java/main/org/apache/zookeeper/ZooKeeperMain.java,ZOOKEEPER-1307,2,13,17,YES
11,src/java/main/org/apache/zookeeper/ZooKeeperMain.java,ZOOKEEPER-1307,2,13,17,YES
12,src/java/main/org/apache/zookeeper/ZooKeeperMain.java,ZOOKEEPER-1307,2,13,17,YES
13,src/java/main/org/apache/zookeeper/ZooKeeperMain.java,ZOOKEEPER-1307,2,13,17,YES
14,src/java/main/org/apache/zookeeper/ZooKeeperMain.java,ZOOKEEPER-1307,2,13,17,YES
15,src/java/main/org/apache/zookeeper/ZooKeeperMain.java,ZOOKEEPER-1307,2,13,17,YES
16,src/java/main/org/apache/zookeeper/ZooKeeperMain.java,ZOOKEEPER-1307,2,13,17,YES
26,src/java/main/org/apache/jute/compiler/JRecord.java,ZOOKEEPER-2636,26,28,29,YES
27,src/java/main/org/apache/jute/compiler/JRecord.java,ZOOKEEPER-2636,26,28,29,YES
28,src/java/main/org/apache/jute/compiler/JRecord.java,ZOOKEEPER-2636,26,28,29,YES
20,src/java/main/org/apache/zookeeper/server/quorum/QuorumCnxManager.java,ZOOKEEPER-1789,20,21,22,YES
21,src/java/main/org/apache/zookeeper/server/quorum/QuorumCnxManager.java,ZOOKEEPER-1789,20,21,22,YES
51,zookeeper-server/src/main/java/org/apache/zookeeper/compat/ProtocolManager.java,ZOOKEEPER-4814,51,56,57,YES
52,zookeeper-server/src/main/java/org/apache/zookeeper/compat/ProtocolManager.java,ZOOKEEPER-4814,51,56,57,YES
53,zookeeper-server/src/main/java/org/apache/zookeeper/compat/ProtocolManager.java,ZOOKEEPER-4814,51,56,57,YES
54,zookeeper-server/src/main/java/org/apache/zookeeper/compat/ProtocolManager.java,ZOOKEEPER-4814,51,56,57,YES
55,zookeeper-server/src/main/java/org/apache/zookeeper/compat/ProtocolManager.java,ZOOKEEPER-4814,51,56,57,YES
56,zookeeper-server/src/main/java/org/apache/zookeeper/compat/ProtocolManager.java,ZOOKEEPER-4814,51,56,57,YES
51,zookeeper-server/src/main/java/org/apache/zookeeper/server/ZooKeeperServer.java,ZOOKEEPER-4814,51,56,57,YES
52,zookeeper-server/src/main/java/org/apache/zookeeper/server/ZooKeeperServer.java,ZOOKEEPER-4814,51,56,57,YES
53,zookeeper-server/src/main/java/org/apache/zookeeper/server/ZooKeeperServer.java,ZOOKEEPER-4814,51,56,57,YES
54,zookeeper-server/src/main/java/org/apache/zookeeper/server/ZooKeeperServer.java,ZOOKEEPER-4814,51,56,57,YES
55,zookeeper-server/src/main/java/org/apache/zookeeper/server/ZooKeeperServer.java,ZOOKEEPER-4814,51,56,57,YES
56,zookeeper-server/src/main/java/org/apache/zookeeper/server/ZooKeeperServer.java,ZOOKEEPER-4814,51,56,57,YES
55,zookeeper-server/src/main/java/org/apache/zookeeper/ClientCnxn.java,ZOOKEEPER-4819,55,57,58,YES
56,zookeeper-server/src/main/java/org/apache/zookeeper/ClientCnxn.java,ZOOKEEPER-4819,55,57,58,YES
57,zookeeper-server/src/main/java/org/apache/zookeeper/ClientCnxn.java,ZOOKEEPER-4819,55,57,58,YES
55,zookeeper-server/src/main/java/org/apache/zookeeper/client/FourLetterWordMain.java,ZOOKEEPER-4819,55,57,58,YES
56,zookeeper-server/src/main/java/org/apache/zookeeper/client/FourLetterWordMain.java,ZOOKEEPER-4819,55,57,58,YES
57,zookeeper-server/src/main/java/org/apache/zookeeper/client/FourLetterWordMain.java,ZOOKEEPER-4819,55,57,58,YES
29,src/java/main/org/apache/zookeeper/client/StaticHostProvider.java,ZOOKEEPER-2862,29,30,31,YES
30,src/java/main/org/apache/zookeeper/client/StaticHostProvider.java,ZOOKEEPER-2862,29,30,31,YES
20,src/java/main/org/apache/zookeeper/server/SnapshotFormatter.java,ZOOKEEPER-1770,20,21,22,YES
21,src/java/main/org/apache/zookeeper/server/SnapshotFormatter.java,ZOOKEEPER-1770,20,21,22,YES
8,zookeeper-server/src/main/java/org/apache/zookeeper/server/FinalRequestProcessor.java,ZOOKEEPER-2623,8,28,52,YES
9,zookeeper-server/src/main/java/org/apache/zookeeper/server/FinalRequestProcessor.java,ZOOKEEPER-2623,8,28,52,YES
10,zookeeper-server/src/main/java/org/apache/zookeeper/server/FinalRequestProcessor.java,ZOOKEEPER-2623,8,28,52,YES
11,zookeeper-server/src/main/java/org/apache/zookeeper/server/FinalRequestProcessor.java,ZOOKEEPER-2623,8,28,52,YES
12,zookeeper-server/src/main/java/org/apache/zookeeper/server/FinalRequestProcessor.java,ZOOKEEPER-2623,8,28,52,YES
13,zookeeper-server/src/main/java/org/apache/zookeeper/server/FinalRequestProcessor.java,ZOOKEEPER-2623,8,28,52,YES
14,zookeeper-server/src/main/java/org/apache/zookeeper/server/FinalRequestProcessor.java,ZOOKEEPER-2623,8,28,52,YES
15,zookeeper-server/src/main/java/org/apache/zookeeper/server/FinalRequestProcessor.java,ZOOKEEPER-2623,8,28,52,YES
16,zookeeper-server/src/main/java/org/apache/zookeeper/server/FinalRequestProcessor.java,ZOOKEEPER-2623,8,28,52,YES
17,zookeeper-server/src/main/java/org/apache/zookeeper/server/FinalRequestProcessor.java,ZOOKEEPER-2623,8,28,52,YES
18,zookeeper-server/src/main/java/org/apache/zookeeper/server/FinalRequestProcessor.java,ZOOKEEPER-2623,8,28,52,YES
19,zookeeper-server/src/main/java/org/apache/zookeeper/server/FinalRequestProcessor.java,ZOOKEEPER-2623,8,28,52,YES
20,zookeeper-server/src/main/java/org/apache/zookeeper/server/FinalRequestProcessor.java,ZOOKEEPER-2623,8,28,52,YES
21,zookeeper-server/src/main/java/org/apache/zookeeper/server/FinalRequestProcessor.java,ZOOKEEPER-2623,8,28,52,YES
22,zookeeper-server/src/main/java/org/apache/zookeeper/server/FinalRequestProcessor.java,ZOOKEEPER-2623,8,28,52,YES
23,zookeeper-server/src/main/java/org/apache/zookeeper/server/FinalRequestProcessor.java,ZOOKEEPER-2623,8,28,52,YES
24,zookeeper-server/src/main/java/org/apache/zookeeper/server/FinalRequestProcessor.java,ZOOKEEPER-2623,8,28,52,YES
25,zookeeper-server/src/main/java/org/apache/zookeeper/server/FinalRequestProcessor.java,ZOOKEEPER-2623,8,28,52,YES
26,zookeeper-server/src/main/java/org/apache/zookeeper/server/FinalRequestProcessor.java,ZOOKEEPER-2623,8,28,52,YES
27,zookeeper-server/src/main/java/org/apache/zookeeper/server/FinalRequestProcessor.java,ZOOKEEPER-2623,8,28,52,YES
28,zookeeper-server/src/main/java/org/apache/zookeeper/server/FinalRequestProcessor.java,ZOOKEEPER-2623,8,28,52,YES
29,zookeeper-server/src/main/java/org/apache/zookeeper/server/FinalRequestProcessor.java,ZOOKEEPER-2623,8,28,52,YES
30,zookeeper-server/src/main/java/org/apache/zookeeper/server/FinalRequestProcessor.java,ZOOKEEPER-2623,8,28,52,YES
31,zookeeper-server/src/main/java/org/apache/zookeeper/server/FinalRequestProcessor.java,ZOOKEEPER-2623,8,28,52,YES
32,zookeeper-server/src/main/java/org/apache/zookeeper/server/FinalRequestProcessor.java,ZOOKEEPER-2623,8,28,52,YES
33,zookeeper-server/src/main/java/org/apache/zookeeper/server/FinalRequestProcessor.java,ZOOKEEPER-2623,8,28,52,YES
34,zookeeper-server/src/main/java/org/apache/zookeeper/server/FinalRequestProcessor.java,ZOOKEEPER-2623,8,28,52,YES
35,zookeeper-server/src/main/java/org/apache/zookeeper/server/FinalRequestProcessor.java,ZOOKEEPER-2623,8,28,52,YES
36,zookeeper-server/src/main/java/org/apache/zookeeper/server/FinalRequestProcessor.java,ZOOKEEPER-2623,8,28,52,YES
37,zookeeper-server/src/main/java/org/apache/zookeeper/server/FinalRequestProcessor.java,ZOOKEEPER-2623,8,28,52,YES
38,zookeeper-server/src/main/java/org/apache/zookeeper/server/FinalRequestProcessor.java,ZOOKEEPER-2623,8,28,52,YES
39,zookeeper-server/src/main/java/org/apache/zookeeper/server/FinalRequestProcessor.java,ZOOKEEPER-2623,8,28,52,YES
40,zookeeper-server/src/main/java/org/apache/zookeeper/server/FinalRequestProcessor.java,ZOOKEEPER-2623,8,28,52,YES
41,zookeeper-server/src/main/java/org/apache/zookeeper/server/FinalRequestProcessor.java,ZOOKEEPER-2623,8,28,52,YES
42,zookeeper-server/src/main/java/org/apache/zookeeper/server/FinalRequestProcessor.java,ZOOKEEPER-2623,8,28,52,YES
43,zookeeper-server/src/main/java/org/apache/zookeeper/server/FinalRequestProcessor.java,ZOOKEEPER-2623,8,28,52,YES
44,zookeeper-server/src/main/java/org/apache/zookeeper/server/FinalRequestProcessor.java,ZOOKEEPER-2623,8,28,52,YES
45,zookeeper-server/src/main/java/org/apache/zookeeper/server/FinalRequestProcessor.java,ZOOKEEPER-2623,8,28,52,YES
46,zookeeper-server/src/main/java/org/apache/zookeeper/server/FinalRequestProcessor.java,ZOOKEEPER-2623,8,28,52,YES
47,zookeeper-server/src/main/java/org/apache/zookeeper/server/FinalRequestProcessor.java,ZOOKEEPER-2623,8,28,52,YES
48,zookeeper-server/src/main/java/org/apache/zookeeper/server/FinalRequestProcessor.java,ZOOKEEPER-2623,8,28,52,YES
49,zookeeper-server/src/main/java/org/apache/zookeeper/server/FinalRequestProcessor.java,ZOOKEEPER-2623,8,28,52,YES
50,zookeeper-server/src/main/java/org/apache/zookeeper/server/FinalRequestProcessor.java,ZOOKEEPER-2623,8,28,52,YES
51,zookeeper-server/src/main/java/org/apache/zookeeper/server/FinalRequestProcessor.java,ZOOKEEPER-2623,8,28,52,YES
8,zookeeper-server/src/main/java/org/apache/zookeeper/server/PrepRequestProcessor.java,ZOOKEEPER-2623,8,28,52,YES
9,zookeeper-server/src/main/java/org/apache/zookeeper/server/PrepRequestProcessor.java,ZOOKEEPER-2623,8,28,52,YES
10,zookeeper-server/src/main/java/org/apache/zookeeper/server/PrepRequestProcessor.java,ZOOKEEPER-2623,8,28,52,YES
11,zookeeper-server/src/main/java/org/apache/zookeeper/server/PrepRequestProcessor.java,ZOOKEEPER-2623,8,28,52,YES
12,zookeeper-server/src/main/java/org/apache/zookeeper/server/PrepRequestProcessor.java,ZOOKEEPER-2623,8,28,52,YES
13,zookeeper-server/src/main/java/org/apache/zookeeper/server/PrepRequestProcessor.java,ZOOKEEPER-2623,8,28,52,YES
14,zookeeper-server/src/main/java/org/apache/zookeeper/server/PrepRequestProcessor.java,ZOOKEEPER-2623,8,28,52,YES
15,zookeeper-server/src/main/java/org/apache/zookeeper/server/PrepRequestProcessor.java,ZOOKEEPER-2623,8,28,52,YES
16,zookeeper-server/src/main/java/org/apache/zookeeper/server/PrepRequestProcessor.java,ZOOKEEPER-2623,8,28,52,YES
17,zookeeper-server/src/main/java/org/apache/zookeeper/server/PrepRequestProcessor.java,ZOOKEEPER-2623,8,28,52,YES
18,zookeeper-server/src/main/java/org/apache/zookeeper/server/PrepRequestProcessor.java,ZOOKEEPER-2623,8,28,52,YES
19,zookeeper-server/src/main/java/org/apache/zookeeper/server/PrepRequestProcessor.java,ZOOKEEPER-2623,8,28,52,YES
20,zookeeper-server/src/main/java/org/apache/zookeeper/server/PrepRequestProcessor.java,ZOOKEEPER-2623,8,28,52,YES
21,zookeeper-server/src/main/java/org/apache/zookeeper/server/PrepRequestProcessor.java,ZOOKEEPER-2623,8,28,52,YES
22,zookeeper-server/src/main/java/org/apache/zookeeper/server/PrepRequestProcessor.java,ZOOKEEPER-2623,8,28,52,YES
23,zookeeper-server/src/main/java/org/apache/zookeeper/server/PrepRequestProcessor.java,ZOOKEEPER-2623,8,28,52,YES
24,zookeeper-server/src/main/java/org/apache/zookeeper/server/PrepRequestProcessor.java,ZOOKEEPER-2623,8,28,52,YES
25,zookeeper-server/src/main/java/org/apache/zookeeper/server/PrepRequestProcessor.java,ZOOKEEPER-2623,8,28,52,YES
26,zookeeper-server/src/main/java/org/apache/zookeeper/server/PrepRequestProcessor.java,ZOOKEEPER-2623,8,28,52,YES
27,zookeeper-server/src/main/java/org/apache/zookeeper/server/PrepRequestProcessor.java,ZOOKEEPER-2623,8,28,52,YES
28,zookeeper-server/src/main/java/org/apache/zookeeper/server/PrepRequestProcessor.java,ZOOKEEPER-2623,8,28,52,YES
29,zookeeper-server/src/main/java/org/apache/zookeeper/server/PrepRequestProcessor.java,ZOOKEEPER-2623,8,28,52,YES
30,zookeeper-server/src/main/java/org/apache/zookeeper/server/PrepRequestProcessor.java,ZOOKEEPER-2623,8,28,52,YES
31,zookeeper-server/src/main/java/org/apache/zookeeper/server/PrepRequestProcessor.java,ZOOKEEPER-2623,8,28,52,YES
32,zookeeper-server/src/main/java/org/apache/zookeeper/server/PrepRequestProcessor.java,ZOOKEEPER-2623,8,28,52,YES
33,zookeeper-server/src/main/java/org/apache/zookeeper/server/PrepRequestProcessor.java,ZOOKEEPER-2623,8,28,52,YES
34,zookeeper-server/src/main/java/org/apache/zookeeper/server/PrepRequestProcessor.java,ZOOKEEPER-2623,8,28,52,YES
35,zookeeper-server/src/main/java/org/apache/zookeeper/server/PrepRequestProcessor.java,ZOOKEEPER-2623,8,28,52,YES
36,zookeeper-server/src/main/java/org/apache/zookeeper/server/PrepRequestProcessor.java,ZOOKEEPER-2623,8,28,52,YES
37,zookeeper-server/src/main/java/org/apache/zookeeper/server/PrepRequestProcessor.java,ZOOKEEPER-2623,8,28,52,YES
38,zookeeper-server/src/main/java/org/apache/zookeeper/server/PrepRequestProcessor.java,ZOOKEEPER-2623,8,28,52,YES
39,zookeeper-server/src/main/java/org/apache/zookeeper/server/PrepRequestProcessor.java,ZOOKEEPER-2623,8,28,52,YES
40,zookeeper-server/src/main/java/org/apache/zookeeper/server/PrepRequestProcessor.java,ZOOKEEPER-2623,8,28,52,YES
41,zookeeper-server/src/main/java/org/apache/zookeeper/server/PrepRequestProcessor.java,ZOOKEEPER-2623,8,28,52,YES
42,zookeeper-server/src/main/java/org/apache/zookeeper/server/PrepRequestProcessor.java,ZOOKEEPER-2623,8,28,52,YES
43,zookeeper-server/src/main/java/org/apache/zookeeper/server/PrepRequestProcessor.java,ZOOKEEPER-2623,8,28,52,YES
44,zookeeper-server/src/main/java/org/apache/zookeeper/server/PrepRequestProcessor.java,ZOOKEEPER-2623,8,28,52,YES
45,zookeeper-server/src/main/java/org/apache/zookeeper/server/PrepRequestProcessor.java,ZOOKEEPER-2623,8,28,52,YES
46,zookeeper-server/src/main/java/org/apache/zookeeper/server/PrepRequestProcessor.java,ZOOKEEPER-2623,8,28,52,YES
47,zookeeper-server/src/main/java/org/apache/zookeeper/server/PrepRequestProcessor.java,ZOOKEEPER-2623,8,28,52,YES
48,zookeeper-server/src/main/java/org/apache/zookeeper/server/PrepRequestProcessor.java,ZOOKEEPER-2623,8,28,52,YES
49,zookeeper-server/src/main/java/org/apache/zookeeper/server/PrepRequestProcessor.java,ZOOKEEPER-2623,8,28,52,YES
50,zookeeper-server/src/main/java/org/apache/zookeeper/server/PrepRequestProcessor.java,ZOOKEEPER-2623,8,28,52,YES
51,zookeeper-server/src/main/java/org/apache/zookeeper/server/PrepRequestProcessor.java,ZOOKEEPER-2623,8,28,52,YES
8,zookeeper-server/src/main/java/org/apache/zookeeper/server/Request.java,ZOOKEEPER-2623,8,28,52,YES
9,zookeeper-server/src/main/java/org/apache/zookeeper/server/Request.java,ZOOKEEPER-2623,8,28,52,YES
10,zookeeper-server/src/main/java/org/apache/zookeeper/server/Request.java,ZOOKEEPER-2623,8,28,52,YES
11,zookeeper-server/src/main/java/org/apache/zookeeper/server/Request.java,ZOOKEEPER-2623,8,28,52,YES
12,zookeeper-server/src/main/java/org/apache/zookeeper/server/Request.java,ZOOKEEPER-2623,8,28,52,YES
13,zookeeper-server/src/main/java/org/apache/zookeeper/server/Request.java,ZOOKEEPER-2623,8,28,52,YES
14,zookeeper-server/src/main/java/org/apache/zookeeper/server/Request.java,ZOOKEEPER-2623,8,28,52,YES
15,zookeeper-server/src/main/java/org/apache/zookeeper/server/Request.java,ZOOKEEPER-2623,8,28,52,YES
16,zookeeper-server/src/main/java/org/apache/zookeeper/server/Request.java,ZOOKEEPER-2623,8,28,52,YES
17,zookeeper-server/src/main/java/org/apache/zookeeper/server/Request.java,ZOOKEEPER-2623,8,28,52,YES
18,zookeeper-server/src/main/java/org/apache/zookeeper/server/Request.java,ZOOKEEPER-2623,8,28,52,YES
19,zookeeper-server/src/main/java/org/apache/zookeeper/server/Request.java,ZOOKEEPER-2623,8,28,52,YES
20,zookeeper-server/src/main/java/org/apache/zookeeper/server/Request.java,ZOOKEEPER-2623,8,28,52,YES
21,zookeeper-server/src/main/java/org/apache/zookeeper/server/Request.java,ZOOKEEPER-2623,8,28,52,YES
22,zookeeper-server/src/main/java/org/apache/zookeeper/server/Request.java,ZOOKEEPER-2623,8,28,52,YES
23,zookeeper-server/src/main/java/org/apache/zookeeper/server/Request.java,ZOOKEEPER-2623,8,28,52,YES
24,zookeeper-server/src/main/java/org/apache/zookeeper/server/Request.java,ZOOKEEPER-2623,8,28,52,YES
25,zookeeper-server/src/main/java/org/apache/zookeeper/server/Request.java,ZOOKEEPER-2623,8,28,52,YES
26,zookeeper-server/src/main/java/org/apache/zookeeper/server/Request.java,ZOOKEEPER-2623,8,28,52,YES
27,zookeeper-server/src/main/java/org/apache/zookeeper/server/Request.java,ZOOKEEPER-2623,8,28,52,YES
28,zookeeper-server/src/main/java/org/apache/zookeeper/server/Request.java,ZOOKEEPER-2623,8,28,52,YES
29,zookeeper-server/src/main/java/org/apache/zookeeper/server/Request.java,ZOOKEEPER-2623,8,28,52,YES
30,zookeeper-server/src/main/java/org/apache/zookeeper/server/Request.java,ZOOKEEPER-2623,8,28,52,YES
31,zookeeper-server/src/main/java/org/apache/zookeeper/server/Request.java,ZOOKEEPER-2623,8,28,52,YES
32,zookeeper-server/src/main/java/org/apache/zookeeper/server/Request.java,ZOOKEEPER-2623,8,28,52,YES
33,zookeeper-server/src/main/java/org/apache/zookeeper/server/Request.java,ZOOKEEPER-2623,8,28,52,YES
34,zookeeper-server/src/main/java/org/apache/zookeeper/server/Request.java,ZOOKEEPER-2623,8,28,52,YES
35,zookeeper-server/src/main/java/org/apache/zookeeper/server/Request.java,ZOOKEEPER-2623,8,28,52,YES
36,zookeeper-server/src/main/java/org/apache/zookeeper/server/Request.java,ZOOKEEPER-2623,8,28,52,YES
37,zookeeper-server/src/main/java/org/apache/zookeeper/server/Request.java,ZOOKEEPER-2623,8,28,52,YES
38,zookeeper-server/src/main/java/org/apache/zookeeper/server/Request.java,ZOOKEEPER-2623,8,28,52,YES
39,zookeeper-server/src/main/java/org/apache/zookeeper/server/Request.java,ZOOKEEPER-2623,8,28,52,YES
40,zookeeper-server/src/main/java/org/apache/zookeeper/server/Request.java,ZOOKEEPER-2623,8,28,52,YES
41,zookeeper-server/src/main/java/org/apache/zookeeper/server/Request.java,ZOOKEEPER-2623,8,28,52,YES
42,zookeeper-server/src/main/java/org/apache/zookeeper/server/Request.java,ZOOKEEPER-2623,8,28,52,YES
43,zookeeper-server/src/main/java/org/apache/zookeeper/server/Request.java,ZOOKEEPER-2623,8,28,52,YES
44,zookeeper-server/src/main/java/org/apache/zookeeper/server/Request.java,ZOOKEEPER-2623,8,28,52,YES
45,zookeeper-server/src/main/java/org/apache/zookeeper/server/Request.java,ZOOKEEPER-2623,8,28,52,YES
46,zookeeper-server/src/main/java/org/apache/zookeeper/server/Request.java,ZOOKEEPER-2623,8,28,52,YES
47,zookeeper-server/src/main/java/org/apache/zookeeper/server/Request.java,ZOOKEEPER-2623,8,28,52,YES
48,zookeeper-server/src/main/java/org/apache/zookeeper/server/Request.java,ZOOKEEPER-2623,8,28,52,YES
49,zookeeper-server/src/main/java/org/apache/zookeeper/server/Request.java,ZOOKEEPER-2623,8,28,52,YES
50,zookeeper-server/src/main/java/org/apache/zookeeper/server/Request.java,ZOOKEEPER-2623,8,28,52,YES
51,zookeeper-server/src/main/java/org/apache/zookeeper/server/Request.java,ZOOKEEPER-2623,8,28,52,YES
8,zookeeper-server/src/main/java/org/apache/zookeeper/server/quorum/CommitProcessor.java,ZOOKEEPER-2623,8,28,52,YES
9,zookeeper-server/src/main/java/org/apache/zookeeper/server/quorum/CommitProcessor.java,ZOOKEEPER-2623,8,28,52,YES
10,zookeeper-server/src/main/java/org/apache/zookeeper/server/quorum/CommitProcessor.java,ZOOKEEPER-2623,8,28,52,YES
11,zookeeper-server/src/main/java/org/apache/zookeeper/server/quorum/CommitProcessor.java,ZOOKEEPER-2623,8,28,52,YES
12,zookeeper-server/src/main/java/org/apache/zookeeper/server/quorum/CommitProcessor.java,ZOOKEEPER-2623,8,28,52,YES
13,zookeeper-server/src/main/java/org/apache/zookeeper/server/quorum/CommitProcessor.java,ZOOKEEPER-2623,8,28,52,YES
14,zookeeper-server/src/main/java/org/apache/zookeeper/server/quorum/CommitProcessor.java,ZOOKEEPER-2623,8,28,52,YES
15,zookeeper-server/src/main/java/org/apache/zookeeper/server/quorum/CommitProcessor.java,ZOOKEEPER-2623,8,28,52,YES
16,zookeeper-server/src/main/java/org/apache/zookeeper/server/quorum/CommitProcessor.java,ZOOKEEPER-2623,8,28,52,YES
17,zookeeper-server/src/main/java/org/apache/zookeeper/server/quorum/CommitProcessor.java,ZOOKEEPER-2623,8,28,52,YES
18,zookeeper-server/src/main/java/org/apache/zookeeper/server/quorum/CommitProcessor.java,ZOOKEEPER-2623,8,28,52,YES
19,zookeeper-server/src/main/java/org/apache/zookeeper/server/quorum/CommitProcessor.java,ZOOKEEPER-2623,8,28,52,YES
20,zookeeper-server/src/main/java/org/apache/zookeeper/server/quorum/CommitProcessor.java,ZOOKEEPER-2623,8,28,52,YES
21,zookeeper-server/src/main/java/org/apache/zookeeper/server/quorum/CommitProcessor.java,ZOOKEEPER-2623,8,28,52,YES
22,zookeeper-server/src/main/java/org/apache/zookeeper/server/quorum/CommitProcessor.java,ZOOKEEPER-2623,8,28,52,YES
23,zookeeper-server/src/main/java/org/apache/zookeeper/server/quorum/CommitProcessor.java,ZOOKEEPER-2623,8,28,52,YES
24,zookeeper-server/src/main/java/org/apache/zookeeper/server/quorum/CommitProcessor.java,ZOOKEEPER-2623,8,28,52,YES
25,zookeeper-server/src/main/java/org/apache/zookeeper/server/quorum/CommitProcessor.java,ZOOKEEPER-2623,8,28,52,YES
26,zookeeper-server/src/main/java/org/apache/zookeeper/server/quorum/CommitProcessor.java,ZOOKEEPER-2623,8,28,52,YES
27,zookeeper-server/src/main/java/org/apache/zookeeper/server/quorum/CommitProcessor.java,ZOOKEEPER-2623,8,28,52,YES
28,zookeeper-server/src/main/java/org/apache/zookeeper/server/quorum/CommitProcessor.java,ZOOKEEPER-2623,8,28,52,YES
29,zookeeper-server/src/main/java/org/apache/zookeeper/server/quorum/CommitProcessor.java,ZOOKEEPER-2623,8,28,52,YES
30,zookeeper-server/src/main/java/org/apache/zookeeper/server/quorum/CommitProcessor.java,ZOOKEEPER-2623,8,28,52,YES
31,zookeeper-server/src/main/java/org/apache/zookeeper/server/quorum/CommitProcessor.java,ZOOKEEPER-2623,8,28,52,YES
32,zookeeper-server/src/main/java/org/apache/zookeeper/server/quorum/CommitProcessor.java,ZOOKEEPER-2623,8,28,52,YES
33,zookeeper-server/src/main/java/org/apache/zookeeper/server/quorum/CommitProcessor.java,ZOOKEEPER-2623,8,28,52,YES
34,zookeeper-server/src/main/java/org/apache/zookeeper/server/quorum/CommitProcessor.java,ZOOKEEPER-2623,8,28,52,YES
35,zookeeper-server/src/main/java/org/apache/zookeeper/server/quorum/CommitProcessor.java,ZOOKEEPER-2623,8,28,52,YES
36,zookeeper-server/src/main/java/org/apache/zookeeper/server/quorum/CommitProcessor.java,ZOOKEEPER-2623,8,28,52,YES
37,zookeeper-server/src/main/java/org/apache/zookeeper/server/quorum/CommitProcessor.java,ZOOKEEPER-2623,8,28,52,YES
38,zookeeper-server/src/main/java/org/apache/zookeeper/server/quorum/CommitProcessor.java,ZOOKEEPER-2623,8,28,52,YES
39,zookeeper-server/src/main/java/org/apache/zookeeper/server/quorum/CommitProcessor.java,ZOOKEEPER-2623,8,28,52,YES
40,zookeeper-server/src/main/java/org/apache/zookeeper/server/quorum/CommitProcessor.java,ZOOKEEPER-2623,8,28,52,YES
41,zookeeper-server/src/main/java/org/apache/zookeeper/server/quorum/CommitProcessor.java,ZOOKEEPER-2623,8,28,52,YES
42,zookeeper-server/src/main/java/org/apache/zookeeper/server/quorum/CommitProcessor.java,ZOOKEEPER-2623,8,28,52,YES
43,zookeeper-server/src/main/java/org/apache/zookeeper/server/quorum/CommitProcessor.java,ZOOKEEPER-2623,8,28,52,YES
44,zookeeper-server/src/main/java/org/apache/zookeeper/server/quorum/CommitProcessor.java,ZOOKEEPER-2623,8,28,52,YES
45,zookeeper-server/src/main/java/org/apache/zookeeper/server/quorum/CommitProcessor.java,ZOOKEEPER-2623,8,28,52,YES
46,zookeeper-server/src/main/java/org/apache/zookeeper/server/quorum/CommitProcessor.java,ZOOKEEPER-2623,8,28,52,YES
47,zookeeper-server/src/main/java/org/apache/zookeeper/server/quorum/CommitProcessor.java,ZOOKEEPER-2623,8,28,52,YES
48,zookeeper-server/src/main/java/org/apache/zookeeper/server/quorum/CommitProcessor.java,ZOOKEEPER-2623,8,28,52,YES
49,zookeeper-server/src/main/java/org/apache/zookeeper/server/quorum/CommitProcessor.java,ZOOKEEPER-2623,8,28,52,YES
50,zookeeper-server/src/main/java/org/apache/zookeeper/server/quorum/CommitProcessor.java,ZOOKEEPER-2623,8,28,52,YES
51,zookeeper-server/src/main/java/org/apache/zookeeper/server/quorum/CommitProcessor.java,ZOOKEEPER-2623,8,28,52,YES
8,zookeeper-server/src/main/java/org/apache/zookeeper/server/quorum/FollowerRequestProcessor.java,ZOOKEEPER-2623,8,28,52,YES
9,zookeeper-server/src/main/java/org/apache/zookeeper/server/quorum/FollowerRequestProcessor.java,ZOOKEEPER-2623,8,28,52,YES
10,zookeeper-server/src/main/java/org/apache/zookeeper/server/quorum/FollowerRequestProcessor.java,ZOOKEEPER-2623,8,28,52,YES
11,zookeeper-server/src/main/java/org/apache/zookeeper/server/quorum/FollowerRequestProcessor.java,ZOOKEEPER-2623,8,28,52,YES
12,zookeeper-server/src/main/java/org/apache/zookeeper/server/quorum/FollowerRequestProcessor.java,ZOOKEEPER-2623,8,28,52,YES
13,zookeeper-server/src/main/java/org/apache/zookeeper/server/quorum/FollowerRequestProcessor.java,ZOOKEEPER-2623,8,28,52,YES
14,zookeeper-server/src/main/java/org/apache/zookeeper/server/quorum/FollowerRequestProcessor.java,ZOOKEEPER-2623,8,28,52,YES
15,zookeeper-server/src/main/java/org/apache/zookeeper/server/quorum/FollowerRequestProcessor.java,ZOOKEEPER-2623,8,28,52,YES
16,zookeeper-server/src/main/java/org/apache/zookeeper/server/quorum/FollowerRequestProcessor.java,ZOOKEEPER-2623,8,28,52,YES
17,zookeeper-server/src/main/java/org/apache/zookeeper/server/quorum/FollowerRequestProcessor.java,ZOOKEEPER-2623,8,28,52,YES
18,zookeeper-server/src/main/java/org/apache/zookeeper/server/quorum/FollowerRequestProcessor.java,ZOOKEEPER-2623,8,28,52,YES
19,zookeeper-server/src/main/java/org/apache/zookeeper/server/quorum/FollowerRequestProcessor.java,ZOOKEEPER-2623,8,28,52,YES
20,zookeeper-server/src/main/java/org/apache/zookeeper/server/quorum/FollowerRequestProcessor.java,ZOOKEEPER-2623,8,28,52,YES
21,zookeeper-server/src/main/java/org/apache/zookeeper/server/quorum/FollowerRequestProcessor.java,ZOOKEEPER-2623,8,28,52,YES
22,zookeeper-server/src/main/java/org/apache/zookeeper/server/quorum/FollowerRequestProcessor.java,ZOOKEEPER-2623,8,28,52,YES
23,zookeeper-server/src/main/java/org/apache/zookeeper/server/quorum/FollowerRequestProcessor.java,ZOOKEEPER-2623,8,28,52,YES
24,zookeeper-server/src/main/java/org/apache/zookeeper/server/quorum/FollowerRequestProcessor.java,ZOOKEEPER-2623,8,28,52,YES
25,zookeeper-server/src/main/java/org/apache/zookeeper/server/quorum/FollowerRequestProcessor.java,ZOOKEEPER-2623,8,28,52,YES
26,zookeeper-server/src/main/java/org/apache/zookeeper/server/quorum/FollowerRequestProcessor.java,ZOOKEEPER-2623,8,28,52,YES
27,zookeeper-server/src/main/java/org/apache/zookeeper/server/quorum/FollowerRequestProcessor.java,ZOOKEEPER-2623,8,28,52,YES
28,zookeeper-server/src/main/java/org/apache/zookeeper/server/quorum/FollowerRequestProcessor.java,ZOOKEEPER-2623,8,28,52,YES
29,zookeeper-server/src/main/java/org/apache/zookeeper/server/quorum/FollowerRequestProcessor.java,ZOOKEEPER-2623,8,28,52,YES
30,zookeeper-server/src/main/java/org/apache/zookeeper/server/quorum/FollowerRequestProcessor.java,ZOOKEEPER-2623,8,28,52,YES
31,zookeeper-server/src/main/java/org/apache/zookeeper/server/quorum/FollowerRequestProcessor.java,ZOOKEEPER-2623,8,28,52,YES
32,zookeeper-server/src/main/java/org/apache/zookeeper/server/quorum/FollowerRequestProcessor.java,ZOOKEEPER-2623,8,28,52,YES
33,zookeeper-server/src/main/java/org/apache/zookeeper/server/quorum/FollowerRequestProcessor.java,ZOOKEEPER-2623,8,28,52,YES
34,zookeeper-server/src/main/java/org/apache/zookeeper/server/quorum/FollowerRequestProcessor.java,ZOOKEEPER-2623,8,28,52,YES
35,zookeeper-server/src/main/java/org/apache/zookeeper/server/quorum/FollowerRequestProcessor.java,ZOOKEEPER-2623,8,28,52,YES
36,zookeeper-server/src/main/java/org/apache/zookeeper/server/quorum/FollowerRequestProcessor.java,ZOOKEEPER-2623,8,28,52,YES
37,zookeeper-server/src/main/java/org/apache/zookeeper/server/quorum/FollowerRequestProcessor.java,ZOOKEEPER-2623,8,28,52,YES
38,zookeeper-server/src/main/java/org/apache/zookeeper/server/quorum/FollowerRequestProcessor.java,ZOOKEEPER-2623,8,28,52,YES
39,zookeeper-server/src/main/java/org/apache/zookeeper/server/quorum/FollowerRequestProcessor.java,ZOOKEEPER-2623,8,28,52,YES
40,zookeeper-server/src/main/java/org/apache/zookeeper/server/quorum/FollowerRequestProcessor.java,ZOOKEEPER-2623,8,28,52,YES
41,zookeeper-server/src/main/java/org/apache/zookeeper/server/quorum/FollowerRequestProcessor.java,ZOOKEEPER-2623,8,28,52,YES
42,zookeeper-server/src/main/java/org/apache/zookeeper/server/quorum/FollowerRequestProcessor.java,ZOOKEEPER-2623,8,28,52,YES
43,zookeeper-server/src/main/java/org/apache/zookeeper/server/quorum/FollowerRequestProcessor.java,ZOOKEEPER-2623,8,28,52,YES
44,zookeeper-server/src/main/java/org/apache/zookeeper/server/quorum/FollowerRequestProcessor.java,ZOOKEEPER-2623,8,28,52,YES
45,zookeeper-server/src/main/java/org/apache/zookeeper/server/quorum/FollowerRequestProcessor.java,ZOOKEEPER-2623,8,28,52,YES
46,zookeeper-server/src/main/java/org/apache/zookeeper/server/quorum/FollowerRequestProcessor.java,ZOOKEEPER-2623,8,28,52,YES
47,zookeeper-server/src/main/java/org/apache/zookeeper/server/quorum/FollowerRequestProcessor.java,ZOOKEEPER-2623,8,28,52,YES
48,zookeeper-server/src/main/java/org/apache/zookeeper/server/quorum/FollowerRequestProcessor.java,ZOOKEEPER-2623,8,28,52,YES
49,zookeeper-server/src/main/java/org/apache/zookeeper/server/quorum/FollowerRequestProcessor.java,ZOOKEEPER-2623,8,28,52,YES
50,zookeeper-server/src/main/java/org/apache/zookeeper/server/quorum/FollowerRequestProcessor.java,ZOOKEEPER-2623,8,28,52,YES
51,zookeeper-server/src/main/java/org/apache/zookeeper/server/quorum/FollowerRequestProcessor.java,ZOOKEEPER-2623,8,28,52,YES
8,zookeeper-server/src/main/java/org/apache/zookeeper/server/quorum/ObserverRequestProcessor.java,ZOOKEEPER-2623,8,28,52,YES
9,zookeeper-server/src/main/java/org/apache/zookeeper/server/quorum/ObserverRequestProcessor.java,ZOOKEEPER-2623,8,28,52,YES
10,zookeeper-server/src/main/java/org/apache/zookeeper/server/quorum/ObserverRequestProcessor.java,ZOOKEEPER-2623,8,28,52,YES
11,zookeeper-server/src/main/java/org/apache/zookeeper/server/quorum/ObserverRequestProcessor.java,ZOOKEEPER-2623,8,28,52,YES
12,zookeeper-server/src/main/java/org/apache/zookeeper/server/quorum/ObserverRequestProcessor.java,ZOOKEEPER-2623,8,28,52,YES
13,zookeeper-server/src/main/java/org/apache/zookeeper/server/quorum/ObserverRequestProcessor.java,ZOOKEEPER-2623,8,28,52,YES
14,zookeeper-server/src/main/java/org/apache/zookeeper/server/quorum/ObserverRequestProcessor.java,ZOOKEEPER-2623,8,28,52,YES
15,zookeeper-server/src/main/java/org/apache/zookeeper/server/quorum/ObserverRequestProcessor.java,ZOOKEEPER-2623,8,28,52,YES
16,zookeeper-server/src/main/java/org/apache/zookeeper/server/quorum/ObserverRequestProcessor.java,ZOOKEEPER-2623,8,28,52,YES
17,zookeeper-server/src/main/java/org/apache/zookeeper/server/quorum/ObserverRequestProcessor.java,ZOOKEEPER-2623,8,28,52,YES
18,zookeeper-server/src/main/java/org/apache/zookeeper/server/quorum/ObserverRequestProcessor.java,ZOOKEEPER-2623,8,28,52,YES
19,zookeeper-server/src/main/java/org/apache/zookeeper/server/quorum/ObserverRequestProcessor.java,ZOOKEEPER-2623,8,28,52,YES
20,zookeeper-server/src/main/java/org/apache/zookeeper/server/quorum/ObserverRequestProcessor.java,ZOOKEEPER-2623,8,28,52,YES
21,zookeeper-server/src/main/java/org/apache/zookeeper/server/quorum/ObserverRequestProcessor.java,ZOOKEEPER-2623,8,28,52,YES
22,zookeeper-server/src/main/java/org/apache/zookeeper/server/quorum/ObserverRequestProcessor.java,ZOOKEEPER-2623,8,28,52,YES
23,zookeeper-server/src/main/java/org/apache/zookeeper/server/quorum/ObserverRequestProcessor.java,ZOOKEEPER-2623,8,28,52,YES
24,zookeeper-server/src/main/java/org/apache/zookeeper/server/quorum/ObserverRequestProcessor.java,ZOOKEEPER-2623,8,28,52,YES
25,zookeeper-server/src/main/java/org/apache/zookeeper/server/quorum/ObserverRequestProcessor.java,ZOOKEEPER-2623,8,28,52,YES
26,zookeeper-server/src/main/java/org/apache/zookeeper/server/quorum/ObserverRequestProcessor.java,ZOOKEEPER-2623,8,28,52,YES
27,zookeeper-server/src/main/java/org/apache/zookeeper/server/quorum/ObserverRequestProcessor.java,ZOOKEEPER-2623,8,28,52,YES
28,zookeeper-server/src/main/java/org/apache/zookeeper/server/quorum/ObserverRequestProcessor.java,ZOOKEEPER-2623,8,28,52,YES
29,zookeeper-server/src/main/java/org/apache/zookeeper/server/quorum/ObserverRequestProcessor.java,ZOOKEEPER-2623,8,28,52,YES
30,zookeeper-server/src/main/java/org/apache/zookeeper/server/quorum/ObserverRequestProcessor.java,ZOOKEEPER-2623,8,28,52,YES
31,zookeeper-server/src/main/java/org/apache/zookeeper/server/quorum/ObserverRequestProcessor.java,ZOOKEEPER-2623,8,28,52,YES
32,zookeeper-server/src/main/java/org/apache/zookeeper/server/quorum/ObserverRequestProcessor.java,ZOOKEEPER-2623,8,28,52,YES
33,zookeeper-server/src/main/java/org/apache/zookeeper/server/quorum/ObserverRequestProcessor.java,ZOOKEEPER-2623,8,28,52,YES
34,zookeeper-server/src/main/java/org/apache/zookeeper/server/quorum/ObserverRequestProcessor.java,ZOOKEEPER-2623,8,28,52,YES
35,zookeeper-server/src/main/java/org/apache/zookeeper/server/quorum/ObserverRequestProcessor.java,ZOOKEEPER-2623,8,28,52,YES
36,zookeeper-server/src/main/java/org/apache/zookeeper/server/quorum/ObserverRequestProcessor.java,ZOOKEEPER-2623,8,28,52,YES
37,zookeeper-server/src/main/java/org/apache/zookeeper/server/quorum/ObserverRequestProcessor.java,ZOOKEEPER-2623,8,28,52,YES
38,zookeeper-server/src/main/java/org/apache/zookeeper/server/quorum/ObserverRequestProcessor.java,ZOOKEEPER-2623,8,28,52,YES
39,zookeeper-server/src/main/java/org/apache/zookeeper/server/quorum/ObserverRequestProcessor.java,ZOOKEEPER-2623,8,28,52,YES
40,zookeeper-server/src/main/java/org/apache/zookeeper/server/quorum/ObserverRequestProcessor.java,ZOOKEEPER-2623,8,28,52,YES
41,zookeeper-server/src/main/java/org/apache/zookeeper/server/quorum/ObserverRequestProcessor.java,ZOOKEEPER-2623,8,28,52,YES
42,zookeeper-server/src/main/java/org/apache/zookeeper/server/quorum/ObserverRequestProcessor.java,ZOOKEEPER-2623,8,28,52,YES
43,zookeeper-server/src/main/java/org/apache/zookeeper/server/quorum/ObserverRequestProcessor.java,ZOOKEEPER-2623,8,28,52,YES
44,zookeeper-server/src/main/java/org/apache/zookeeper/server/quorum/ObserverRequestProcessor.java,ZOOKEEPER-2623,8,28,52,YES
45,zookeeper-server/src/main/java/org/apache/zookeeper/server/quorum/ObserverRequestProcessor.java,ZOOKEEPER-2623,8,28,52,YES
46,zookeeper-server/src/main/java/org/apache/zookeeper/server/quorum/ObserverRequestProcessor.java,ZOOKEEPER-2623,8,28,52,YES
47,zookeeper-server/src/main/java/org/apache/zookeeper/server/quorum/ObserverRequestProcessor.java,ZOOKEEPER-2623,8,28,52,YES
48,zookeeper-server/src/main/java/org/apache/zookeeper/server/quorum/ObserverRequestProcessor.java,ZOOKEEPER-2623,8,28,52,YES
49,zookeeper-server/src/main/java/org/apache/zookeeper/server/quorum/ObserverRequestProcessor.java,ZOOKEEPER-2623,8,28,52,YES
50,zookeeper-server/src/main/java/org/apache/zookeeper/server/quorum/ObserverRequestProcessor.java,ZOOKEEPER-2623,8,28,52,YES
51,zookeeper-server/src/main/java/org/apache/zookeeper/server/quorum/ObserverRequestProcessor.java,ZOOKEEPER-2623,8,28,52,YES
8,zookeeper-server/src/main/java/org/apache/zookeeper/server/quorum/ReadOnlyRequestProcessor.java,ZOOKEEPER-2623,8,28,52,YES
9,zookeeper-server/src/main/java/org/apache/zookeeper/server/quorum/ReadOnlyRequestProcessor.java,ZOOKEEPER-2623,8,28,52,YES
10,zookeeper-server/src/main/java/org/apache/zookeeper/server/quorum/ReadOnlyRequestProcessor.java,ZOOKEEPER-2623,8,28,52,YES
11,zookeeper-server/src/main/java/org/apache/zookeeper/server/quorum/ReadOnlyRequestProcessor.java,ZOOKEEPER-2623,8,28,52,YES
12,zookeeper-server/src/main/java/org/apache/zookeeper/server/quorum/ReadOnlyRequestProcessor.java,ZOOKEEPER-2623,8,28,52,YES
13,zookeeper-server/src/main/java/org/apache/zookeeper/server/quorum/ReadOnlyRequestProcessor.java,ZOOKEEPER-2623,8,28,52,YES
14,zookeeper-server/src/main/java/org/apache/zookeeper/server/quorum/ReadOnlyRequestProcessor.java,ZOOKEEPER-2623,8,28,52,YES
15,zookeeper-server/src/main/java/org/apache/zookeeper/server/quorum/ReadOnlyRequestProcessor.java,ZOOKEEPER-2623,8,28,52,YES
16,zookeeper-server/src/main/java/org/apache/zookeeper/server/quorum/ReadOnlyRequestProcessor.java,ZOOKEEPER-2623,8,28,52,YES
17,zookeeper-server/src/main/java/org/apache/zookeeper/server/quorum/ReadOnlyRequestProcessor.java,ZOOKEEPER-2623,8,28,52,YES
18,zookeeper-server/src/main/java/org/apache/zookeeper/server/quorum/ReadOnlyRequestProcessor.java,ZOOKEEPER-2623,8,28,52,YES
19,zookeeper-server/src/main/java/org/apache/zookeeper/server/quorum/ReadOnlyRequestProcessor.java,ZOOKEEPER-2623,8,28,52,YES
20,zookeeper-server/src/main/java/org/apache/zookeeper/server/quorum/ReadOnlyRequestProcessor.java,ZOOKEEPER-2623,8,28,52,YES
21,zookeeper-server/src/main/java/org/apache/zookeeper/server/quorum/ReadOnlyRequestProcessor.java,ZOOKEEPER-2623,8,28,52,YES
22,zookeeper-server/src/main/java/org/apache/zookeeper/server/quorum/ReadOnlyRequestProcessor.java,ZOOKEEPER-2623,8,28,52,YES
23,zookeeper-server/src/main/java/org/apache/zookeeper/server/quorum/ReadOnlyRequestProcessor.java,ZOOKEEPER-2623,8,28,52,YES
24,zookeeper-server/src/main/java/org/apache/zookeeper/server/quorum/ReadOnlyRequestProcessor.java,ZOOKEEPER-2623,8,28,52,YES
25,zookeeper-server/src/main/java/org/apache/zookeeper/server/quorum/ReadOnlyRequestProcessor.java,ZOOKEEPER-2623,8,28,52,YES
26,zookeeper-server/src/main/java/org/apache/zookeeper/server/quorum/ReadOnlyRequestProcessor.java,ZOOKEEPER-2623,8,28,52,YES
27,zookeeper-server/src/main/java/org/apache/zookeeper/server/quorum/ReadOnlyRequestProcessor.java,ZOOKEEPER-2623,8,28,52,YES
28,zookeeper-server/src/main/java/org/apache/zookeeper/server/quorum/ReadOnlyRequestProcessor.java,ZOOKEEPER-2623,8,28,52,YES
29,zookeeper-server/src/main/java/org/apache/zookeeper/server/quorum/ReadOnlyRequestProcessor.java,ZOOKEEPER-2623,8,28,52,YES
30,zookeeper-server/src/main/java/org/apache/zookeeper/server/quorum/ReadOnlyRequestProcessor.java,ZOOKEEPER-2623,8,28,52,YES
31,zookeeper-server/src/main/java/org/apache/zookeeper/server/quorum/ReadOnlyRequestProcessor.java,ZOOKEEPER-2623,8,28,52,YES
32,zookeeper-server/src/main/java/org/apache/zookeeper/server/quorum/ReadOnlyRequestProcessor.java,ZOOKEEPER-2623,8,28,52,YES
33,zookeeper-server/src/main/java/org/apache/zookeeper/server/quorum/ReadOnlyRequestProcessor.java,ZOOKEEPER-2623,8,28,52,YES
34,zookeeper-server/src/main/java/org/apache/zookeeper/server/quorum/ReadOnlyRequestProcessor.java,ZOOKEEPER-2623,8,28,52,YES
35,zookeeper-server/src/main/java/org/apache/zookeeper/server/quorum/ReadOnlyRequestProcessor.java,ZOOKEEPER-2623,8,28,52,YES
36,zookeeper-server/src/main/java/org/apache/zookeeper/server/quorum/ReadOnlyRequestProcessor.java,ZOOKEEPER-2623,8,28,52,YES
37,zookeeper-server/src/main/java/org/apache/zookeeper/server/quorum/ReadOnlyRequestProcessor.java,ZOOKEEPER-2623,8,28,52,YES
38,zookeeper-server/src/main/java/org/apache/zookeeper/server/quorum/ReadOnlyRequestProcessor.java,ZOOKEEPER-2623,8,28,52,YES
39,zookeeper-server/src/main/java/org/apache/zookeeper/server/quorum/ReadOnlyRequestProcessor.java,ZOOKEEPER-2623,8,28,52,YES
40,zookeeper-server/src/main/java/org/apache/zookeeper/server/quorum/ReadOnlyRequestProcessor.java,ZOOKEEPER-2623,8,28,52,YES
41,zookeeper-server/src/main/java/org/apache/zookeeper/server/quorum/ReadOnlyRequestProcessor.java,ZOOKEEPER-2623,8,28,52,YES
42,zookeeper-server/src/main/java/org/apache/zookeeper/server/quorum/ReadOnlyRequestProcessor.java,ZOOKEEPER-2623,8,28,52,YES
43,zookeeper-server/src/main/java/org/apache/zookeeper/server/quorum/ReadOnlyRequestProcessor.java,ZOOKEEPER-2623,8,28,52,YES
44,zookeeper-server/src/main/java/org/apache/zookeeper/server/quorum/ReadOnlyRequestProcessor.java,ZOOKEEPER-2623,8,28,52,YES
45,zookeeper-server/src/main/java/org/apache/zookeeper/server/quorum/ReadOnlyRequestProcessor.java,ZOOKEEPER-2623,8,28,52,YES
46,zookeeper-server/src/main/java/org/apache/zookeeper/server/quorum/ReadOnlyRequestProcessor.java,ZOOKEEPER-2623,8,28,52,YES
47,zookeeper-server/src/main/java/org/apache/zookeeper/server/quorum/ReadOnlyRequestProcessor.java,ZOOKEEPER-2623,8,28,52,YES
48,zookeeper-server/src/main/java/org/apache/zookeeper/server/quorum/ReadOnlyRequestProcessor.java,ZOOKEEPER-2623,8,28,52,YES
49,zookeeper-server/src/main/java/org/apache/zookeeper/server/quorum/ReadOnlyRequestProcessor.java,ZOOKEEPER-2623,8,28,52,YES
50,zookeeper-server/src/main/java/org/apache/zookeeper/server/quorum/ReadOnlyRequestProcessor.java,ZOOKEEPER-2623,8,28,52,YES
51,zookeeper-server/src/main/java/org/apache/zookeeper/server/quorum/ReadOnlyRequestProcessor.java,ZOOKEEPER-2623,8,28,52,YES
8,zookeeper-server/src/main/java/org/apache/zookeeper/server/util/RequestPathMetricsCollector.java,ZOOKEEPER-2623,8,28,52,YES
9,zookeeper-server/src/main/java/org/apache/zookeeper/server/util/RequestPathMetricsCollector.java,ZOOKEEPER-2623,8,28,52,YES
10,zookeeper-server/src/main/java/org/apache/zookeeper/server/util/RequestPathMetricsCollector.java,ZOOKEEPER-2623,8,28,52,YES
11,zookeeper-server/src/main/java/org/apache/zookeeper/server/util/RequestPathMetricsCollector.java,ZOOKEEPER-2623,8,28,52,YES
12,zookeeper-server/src/main/java/org/apache/zookeeper/server/util/RequestPathMetricsCollector.java,ZOOKEEPER-2623,8,28,52,YES
13,zookeeper-server/src/main/java/org/apache/zookeeper/server/util/RequestPathMetricsCollector.java,ZOOKEEPER-2623,8,28,52,YES
14,zookeeper-server/src/main/java/org/apache/zookeeper/server/util/RequestPathMetricsCollector.java,ZOOKEEPER-2623,8,28,52,YES
15,zookeeper-server/src/main/java/org/apache/zookeeper/server/util/RequestPathMetricsCollector.java,ZOOKEEPER-2623,8,28,52,YES
16,zookeeper-server/src/main/java/org/apache/zookeeper/server/util/RequestPathMetricsCollector.java,ZOOKEEPER-2623,8,28,52,YES
17,zookeeper-server/src/main/java/org/apache/zookeeper/server/util/RequestPathMetricsCollector.java,ZOOKEEPER-2623,8,28,52,YES
18,zookeeper-server/src/main/java/org/apache/zookeeper/server/util/RequestPathMetricsCollector.java,ZOOKEEPER-2623,8,28,52,YES
19,zookeeper-server/src/main/java/org/apache/zookeeper/server/util/RequestPathMetricsCollector.java,ZOOKEEPER-2623,8,28,52,YES
20,zookeeper-server/src/main/java/org/apache/zookeeper/server/util/RequestPathMetricsCollector.java,ZOOKEEPER-2623,8,28,52,YES
21,zookeeper-server/src/main/java/org/apache/zookeeper/server/util/RequestPathMetricsCollector.java,ZOOKEEPER-2623,8,28,52,YES
22,zookeeper-server/src/main/java/org/apache/zookeeper/server/util/RequestPathMetricsCollector.java,ZOOKEEPER-2623,8,28,52,YES
23,zookeeper-server/src/main/java/org/apache/zookeeper/server/util/RequestPathMetricsCollector.java,ZOOKEEPER-2623,8,28,52,YES
24,zookeeper-server/src/main/java/org/apache/zookeeper/server/util/RequestPathMetricsCollector.java,ZOOKEEPER-2623,8,28,52,YES
25,zookeeper-server/src/main/java/org/apache/zookeeper/server/util/RequestPathMetricsCollector.java,ZOOKEEPER-2623,8,28,52,YES
26,zookeeper-server/src/main/java/org/apache/zookeeper/server/util/RequestPathMetricsCollector.java,ZOOKEEPER-2623,8,28,52,YES
27,zookeeper-server/src/main/java/org/apache/zookeeper/server/util/RequestPathMetricsCollector.java,ZOOKEEPER-2623,8,28,52,YES
28,zookeeper-server/src/main/java/org/apache/zookeeper/server/util/RequestPathMetricsCollector.java,ZOOKEEPER-2623,8,28,52,YES
29,zookeeper-server/src/main/java/org/apache/zookeeper/server/util/RequestPathMetricsCollector.java,ZOOKEEPER-2623,8,28,52,YES
30,zookeeper-server/src/main/java/org/apache/zookeeper/server/util/RequestPathMetricsCollector.java,ZOOKEEPER-2623,8,28,52,YES
31,zookeeper-server/src/main/java/org/apache/zookeeper/server/util/RequestPathMetricsCollector.java,ZOOKEEPER-2623,8,28,52,YES
32,zookeeper-server/src/main/java/org/apache/zookeeper/server/util/RequestPathMetricsCollector.java,ZOOKEEPER-2623,8,28,52,YES
33,zookeeper-server/src/main/java/org/apache/zookeeper/server/util/RequestPathMetricsCollector.java,ZOOKEEPER-2623,8,28,52,YES
34,zookeeper-server/src/main/java/org/apache/zookeeper/server/util/RequestPathMetricsCollector.java,ZOOKEEPER-2623,8,28,52,YES
35,zookeeper-server/src/main/java/org/apache/zookeeper/server/util/RequestPathMetricsCollector.java,ZOOKEEPER-2623,8,28,52,YES
36,zookeeper-server/src/main/java/org/apache/zookeeper/server/util/RequestPathMetricsCollector.java,ZOOKEEPER-2623,8,28,52,YES
37,zookeeper-server/src/main/java/org/apache/zookeeper/server/util/RequestPathMetricsCollector.java,ZOOKEEPER-2623,8,28,52,YES
38,zookeeper-server/src/main/java/org/apache/zookeeper/server/util/RequestPathMetricsCollector.java,ZOOKEEPER-2623,8,28,52,YES
39,zookeeper-server/src/main/java/org/apache/zookeeper/server/util/RequestPathMetricsCollector.java,ZOOKEEPER-2623,8,28,52,YES
40,zookeeper-server/src/main/java/org/apache/zookeeper/server/util/RequestPathMetricsCollector.java,ZOOKEEPER-2623,8,28,52,YES
41,zookeeper-server/src/main/java/org/apache/zookeeper/server/util/RequestPathMetricsCollector.java,ZOOKEEPER-2623,8,28,52,YES
42,zookeeper-server/src/main/java/org/apache/zookeeper/server/util/RequestPathMetricsCollector.java,ZOOKEEPER-2623,8,28,52,YES
43,zookeeper-server/src/main/java/org/apache/zookeeper/server/util/RequestPathMetricsCollector.java,ZOOKEEPER-2623,8,28,52,YES
44,zookeeper-server/src/main/java/org/apache/zookeeper/server/util/RequestPathMetricsCollector.java,ZOOKEEPER-2623,8,28,52,YES
45,zookeeper-server/src/main/java/org/apache/zookeeper/server/util/RequestPathMetricsCollector.java,ZOOKEEPER-2623,8,28,52,YES
46,zookeeper-server/src/main/java/org/apache/zookeeper/server/util/RequestPathMetricsCollector.java,ZOOKEEPER-2623,8,28,52,YES
47,zookeeper-server/src/main/java/org/apache/zookeeper/server/util/RequestPathMetricsCollector.java,ZOOKEEPER-2623,8,28,52,YES
48,zookeeper-server/src/main/java/org/apache/zookeeper/server/util/RequestPathMetricsCollector.java,ZOOKEEPER-2623,8,28,52,YES
49,zookeeper-server/src/main/java/org/apache/zookeeper/server/util/RequestPathMetricsCollector.java,ZOOKEEPER-2623,8,28,52,YES
50,zookeeper-server/src/main/java/org/apache/zookeeper/server/util/RequestPathMetricsCollector.java,ZOOKEEPER-2623,8,28,52,YES
51,zookeeper-server/src/main/java/org/apache/zookeeper/server/util/RequestPathMetricsCollector.java,ZOOKEEPER-2623,8,28,52,YES
8,zookeeper-server/src/main/java/org/apache/zookeeper/server/FinalRequestProcessor.java,ZOOKEEPER-2623,8,28,52,YES
9,zookeeper-server/src/main/java/org/apache/zookeeper/server/FinalRequestProcessor.java,ZOOKEEPER-2623,8,28,52,YES
10,zookeeper-server/src/main/java/org/apache/zookeeper/server/FinalRequestProcessor.java,ZOOKEEPER-2623,8,28,52,YES
11,zookeeper-server/src/main/java/org/apache/zookeeper/server/FinalRequestProcessor.java,ZOOKEEPER-2623,8,28,52,YES
12,zookeeper-server/src/main/java/org/apache/zookeeper/server/FinalRequestProcessor.java,ZOOKEEPER-2623,8,28,52,YES
13,zookeeper-server/src/main/java/org/apache/zookeeper/server/FinalRequestProcessor.java,ZOOKEEPER-2623,8,28,52,YES
14,zookeeper-server/src/main/java/org/apache/zookeeper/server/FinalRequestProcessor.java,ZOOKEEPER-2623,8,28,52,YES
15,zookeeper-server/src/main/java/org/apache/zookeeper/server/FinalRequestProcessor.java,ZOOKEEPER-2623,8,28,52,YES
16,zookeeper-server/src/main/java/org/apache/zookeeper/server/FinalRequestProcessor.java,ZOOKEEPER-2623,8,28,52,YES
17,zookeeper-server/src/main/java/org/apache/zookeeper/server/FinalRequestProcessor.java,ZOOKEEPER-2623,8,28,52,YES
18,zookeeper-server/src/main/java/org/apache/zookeeper/server/FinalRequestProcessor.java,ZOOKEEPER-2623,8,28,52,YES
19,zookeeper-server/src/main/java/org/apache/zookeeper/server/FinalRequestProcessor.java,ZOOKEEPER-2623,8,28,52,YES
20,zookeeper-server/src/main/java/org/apache/zookeeper/server/FinalRequestProcessor.java,ZOOKEEPER-2623,8,28,52,YES
21,zookeeper-server/src/main/java/org/apache/zookeeper/server/FinalRequestProcessor.java,ZOOKEEPER-2623,8,28,52,YES
22,zookeeper-server/src/main/java/org/apache/zookeeper/server/FinalRequestProcessor.java,ZOOKEEPER-2623,8,28,52,YES
23,zookeeper-server/src/main/java/org/apache/zookeeper/server/FinalRequestProcessor.java,ZOOKEEPER-2623,8,28,52,YES
24,zookeeper-server/src/main/java/org/apache/zookeeper/server/FinalRequestProcessor.java,ZOOKEEPER-2623,8,28,52,YES
25,zookeeper-server/src/main/java/org/apache/zookeeper/server/FinalRequestProcessor.java,ZOOKEEPER-2623,8,28,52,YES
26,zookeeper-server/src/main/java/org/apache/zookeeper/server/FinalRequestProcessor.java,ZOOKEEPER-2623,8,28,52,YES
27,zookeeper-server/src/main/java/org/apache/zookeeper/server/FinalRequestProcessor.java,ZOOKEEPER-2623,8,28,52,YES
28,zookeeper-server/src/main/java/org/apache/zookeeper/server/FinalRequestProcessor.java,ZOOKEEPER-2623,8,28,52,YES
29,zookeeper-server/src/main/java/org/apache/zookeeper/server/FinalRequestProcessor.java,ZOOKEEPER-2623,8,28,52,YES
30,zookeeper-server/src/main/java/org/apache/zookeeper/server/FinalRequestProcessor.java,ZOOKEEPER-2623,8,28,52,YES
31,zookeeper-server/src/main/java/org/apache/zookeeper/server/FinalRequestProcessor.java,ZOOKEEPER-2623,8,28,52,YES
32,zookeeper-server/src/main/java/org/apache/zookeeper/server/FinalRequestProcessor.java,ZOOKEEPER-2623,8,28,52,YES
33,zookeeper-server/src/main/java/org/apache/zookeeper/server/FinalRequestProcessor.java,ZOOKEEPER-2623,8,28,52,YES
34,zookeeper-server/src/main/java/org/apache/zookeeper/server/FinalRequestProcessor.java,ZOOKEEPER-2623,8,28,52,YES
35,zookeeper-server/src/main/java/org/apache/zookeeper/server/FinalRequestProcessor.java,ZOOKEEPER-2623,8,28,52,YES
36,zookeeper-server/src/main/java/org/apache/zookeeper/server/FinalRequestProcessor.java,ZOOKEEPER-2623,8,28,52,YES
37,zookeeper-server/src/main/java/org/apache/zookeeper/server/FinalRequestProcessor.java,ZOOKEEPER-2623,8,28,52,YES
38,zookeeper-server/src/main/java/org/apache/zookeeper/server/FinalRequestProcessor.java,ZOOKEEPER-2623,8,28,52,YES
39,zookeeper-server/src/main/java/org/apache/zookeeper/server/FinalRequestProcessor.java,ZOOKEEPER-2623,8,28,52,YES
40,zookeeper-server/src/main/java/org/apache/zookeeper/server/FinalRequestProcessor.java,ZOOKEEPER-2623,8,28,52,YES
41,zookeeper-server/src/main/java/org/apache/zookeeper/server/FinalRequestProcessor.java,ZOOKEEPER-2623,8,28,52,YES
42,zookeeper-server/src/main/java/org/apache/zookeeper/server/FinalRequestProcessor.java,ZOOKEEPER-2623,8,28,52,YES
43,zookeeper-server/src/main/java/org/apache/zookeeper/server/FinalRequestProcessor.java,ZOOKEEPER-2623,8,28,52,YES
44,zookeeper-server/src/main/java/org/apache/zookeeper/server/FinalRequestProcessor.java,ZOOKEEPER-2623,8,28,52,YES
45,zookeeper-server/src/main/java/org/apache/zookeeper/server/FinalRequestProcessor.java,ZOOKEEPER-2623,8,28,52,YES
46,zookeeper-server/src/main/java/org/apache/zookeeper/server/FinalRequestProcessor.java,ZOOKEEPER-2623,8,28,52,YES
47,zookeeper-server/src/main/java/org/apache/zookeeper/server/FinalRequestProcessor.java,ZOOKEEPER-2623,8,28,52,YES
48,zookeeper-server/src/main/java/org/apache/zookeeper/server/FinalRequestProcessor.java,ZOOKEEPER-2623,8,28,52,YES
49,zookeeper-server/src/main/java/org/apache/zookeeper/server/FinalRequestProcessor.java,ZOOKEEPER-2623,8,28,52,YES
50,zookeeper-server/src/main/java/org/apache/zookeeper/server/FinalRequestProcessor.java,ZOOKEEPER-2623,8,28,52,YES
51,zookeeper-server/src/main/java/org/apache/zookeeper/server/FinalRequestProcessor.java,ZOOKEEPER-2623,8,28,52,YES
8,zookeeper-server/src/main/java/org/apache/zookeeper/server/PrepRequestProcessor.java,ZOOKEEPER-2623,8,28,52,YES
9,zookeeper-server/src/main/java/org/apache/zookeeper/server/PrepRequestProcessor.java,ZOOKEEPER-2623,8,28,52,YES
10,zookeeper-server/src/main/java/org/apache/zookeeper/server/PrepRequestProcessor.java,ZOOKEEPER-2623,8,28,52,YES
11,zookeeper-server/src/main/java/org/apache/zookeeper/server/PrepRequestProcessor.java,ZOOKEEPER-2623,8,28,52,YES
12,zookeeper-server/src/main/java/org/apache/zookeeper/server/PrepRequestProcessor.java,ZOOKEEPER-2623,8,28,52,YES
13,zookeeper-server/src/main/java/org/apache/zookeeper/server/PrepRequestProcessor.java,ZOOKEEPER-2623,8,28,52,YES
14,zookeeper-server/src/main/java/org/apache/zookeeper/server/PrepRequestProcessor.java,ZOOKEEPER-2623,8,28,52,YES
15,zookeeper-server/src/main/java/org/apache/zookeeper/server/PrepRequestProcessor.java,ZOOKEEPER-2623,8,28,52,YES
16,zookeeper-server/src/main/java/org/apache/zookeeper/server/PrepRequestProcessor.java,ZOOKEEPER-2623,8,28,52,YES
17,zookeeper-server/src/main/java/org/apache/zookeeper/server/PrepRequestProcessor.java,ZOOKEEPER-2623,8,28,52,YES
18,zookeeper-server/src/main/java/org/apache/zookeeper/server/PrepRequestProcessor.java,ZOOKEEPER-2623,8,28,52,YES
19,zookeeper-server/src/main/java/org/apache/zookeeper/server/PrepRequestProcessor.java,ZOOKEEPER-2623,8,28,52,YES
20,zookeeper-server/src/main/java/org/apache/zookeeper/server/PrepRequestProcessor.java,ZOOKEEPER-2623,8,28,52,YES
21,zookeeper-server/src/main/java/org/apache/zookeeper/server/PrepRequestProcessor.java,ZOOKEEPER-2623,8,28,52,YES
22,zookeeper-server/src/main/java/org/apache/zookeeper/server/PrepRequestProcessor.java,ZOOKEEPER-2623,8,28,52,YES
23,zookeeper-server/src/main/java/org/apache/zookeeper/server/PrepRequestProcessor.java,ZOOKEEPER-2623,8,28,52,YES
24,zookeeper-server/src/main/java/org/apache/zookeeper/server/PrepRequestProcessor.java,ZOOKEEPER-2623,8,28,52,YES
25,zookeeper-server/src/main/java/org/apache/zookeeper/server/PrepRequestProcessor.java,ZOOKEEPER-2623,8,28,52,YES
26,zookeeper-server/src/main/java/org/apache/zookeeper/server/PrepRequestProcessor.java,ZOOKEEPER-2623,8,28,52,YES
27,zookeeper-server/src/main/java/org/apache/zookeeper/server/PrepRequestProcessor.java,ZOOKEEPER-2623,8,28,52,YES
28,zookeeper-server/src/main/java/org/apache/zookeeper/server/PrepRequestProcessor.java,ZOOKEEPER-2623,8,28,52,YES
29,zookeeper-server/src/main/java/org/apache/zookeeper/server/PrepRequestProcessor.java,ZOOKEEPER-2623,8,28,52,YES
30,zookeeper-server/src/main/java/org/apache/zookeeper/server/PrepRequestProcessor.java,ZOOKEEPER-2623,8,28,52,YES
31,zookeeper-server/src/main/java/org/apache/zookeeper/server/PrepRequestProcessor.java,ZOOKEEPER-2623,8,28,52,YES
32,zookeeper-server/src/main/java/org/apache/zookeeper/server/PrepRequestProcessor.java,ZOOKEEPER-2623,8,28,52,YES
33,zookeeper-server/src/main/java/org/apache/zookeeper/server/PrepRequestProcessor.java,ZOOKEEPER-2623,8,28,52,YES
34,zookeeper-server/src/main/java/org/apache/zookeeper/server/PrepRequestProcessor.java,ZOOKEEPER-2623,8,28,52,YES
35,zookeeper-server/src/main/java/org/apache/zookeeper/server/PrepRequestProcessor.java,ZOOKEEPER-2623,8,28,52,YES
36,zookeeper-server/src/main/java/org/apache/zookeeper/server/PrepRequestProcessor.java,ZOOKEEPER-2623,8,28,52,YES
37,zookeeper-server/src/main/java/org/apache/zookeeper/server/PrepRequestProcessor.java,ZOOKEEPER-2623,8,28,52,YES
38,zookeeper-server/src/main/java/org/apache/zookeeper/server/PrepRequestProcessor.java,ZOOKEEPER-2623,8,28,52,YES
39,zookeeper-server/src/main/java/org/apache/zookeeper/server/PrepRequestProcessor.java,ZOOKEEPER-2623,8,28,52,YES
40,zookeeper-server/src/main/java/org/apache/zookeeper/server/PrepRequestProcessor.java,ZOOKEEPER-2623,8,28,52,YES
41,zookeeper-server/src/main/java/org/apache/zookeeper/server/PrepRequestProcessor.java,ZOOKEEPER-2623,8,28,52,YES
42,zookeeper-server/src/main/java/org/apache/zookeeper/server/PrepRequestProcessor.java,ZOOKEEPER-2623,8,28,52,YES
43,zookeeper-server/src/main/java/org/apache/zookeeper/server/PrepRequestProcessor.java,ZOOKEEPER-2623,8,28,52,YES
44,zookeeper-server/src/main/java/org/apache/zookeeper/server/PrepRequestProcessor.java,ZOOKEEPER-2623,8,28,52,YES
45,zookeeper-server/src/main/java/org/apache/zookeeper/server/PrepRequestProcessor.java,ZOOKEEPER-2623,8,28,52,YES
46,zookeeper-server/src/main/java/org/apache/zookeeper/server/PrepRequestProcessor.java,ZOOKEEPER-2623,8,28,52,YES
47,zookeeper-server/src/main/java/org/apache/zookeeper/server/PrepRequestProcessor.java,ZOOKEEPER-2623,8,28,52,YES
48,zookeeper-server/src/main/java/org/apache/zookeeper/server/PrepRequestProcessor.java,ZOOKEEPER-2623,8,28,52,YES
49,zookeeper-server/src/main/java/org/apache/zookeeper/server/PrepRequestProcessor.java,ZOOKEEPER-2623,8,28,52,YES
50,zookeeper-server/src/main/java/org/apache/zookeeper/server/PrepRequestProcessor.java,ZOOKEEPER-2623,8,28,52,YES
51,zookeeper-server/src/main/java/org/apache/zookeeper/server/PrepRequestProcessor.java,ZOOKEEPER-2623,8,28,52,YES
8,zookeeper-server/src/main/java/org/apache/zookeeper/server/Request.java,ZOOKEEPER-2623,8,28,52,YES
9,zookeeper-server/src/main/java/org/apache/zookeeper/server/Request.java,ZOOKEEPER-2623,8,28,52,YES
10,zookeeper-server/src/main/java/org/apache/zookeeper/server/Request.java,ZOOKEEPER-2623,8,28,52,YES
11,zookeeper-server/src/main/java/org/apache/zookeeper/server/Request.java,ZOOKEEPER-2623,8,28,52,YES
12,zookeeper-server/src/main/java/org/apache/zookeeper/server/Request.java,ZOOKEEPER-2623,8,28,52,YES
13,zookeeper-server/src/main/java/org/apache/zookeeper/server/Request.java,ZOOKEEPER-2623,8,28,52,YES
14,zookeeper-server/src/main/java/org/apache/zookeeper/server/Request.java,ZOOKEEPER-2623,8,28,52,YES
15,zookeeper-server/src/main/java/org/apache/zookeeper/server/Request.java,ZOOKEEPER-2623,8,28,52,YES
16,zookeeper-server/src/main/java/org/apache/zookeeper/server/Request.java,ZOOKEEPER-2623,8,28,52,YES
17,zookeeper-server/src/main/java/org/apache/zookeeper/server/Request.java,ZOOKEEPER-2623,8,28,52,YES
18,zookeeper-server/src/main/java/org/apache/zookeeper/server/Request.java,ZOOKEEPER-2623,8,28,52,YES
19,zookeeper-server/src/main/java/org/apache/zookeeper/server/Request.java,ZOOKEEPER-2623,8,28,52,YES
20,zookeeper-server/src/main/java/org/apache/zookeeper/server/Request.java,ZOOKEEPER-2623,8,28,52,YES
21,zookeeper-server/src/main/java/org/apache/zookeeper/server/Request.java,ZOOKEEPER-2623,8,28,52,YES
22,zookeeper-server/src/main/java/org/apache/zookeeper/server/Request.java,ZOOKEEPER-2623,8,28,52,YES
23,zookeeper-server/src/main/java/org/apache/zookeeper/server/Request.java,ZOOKEEPER-2623,8,28,52,YES
24,zookeeper-server/src/main/java/org/apache/zookeeper/server/Request.java,ZOOKEEPER-2623,8,28,52,YES
25,zookeeper-server/src/main/java/org/apache/zookeeper/server/Request.java,ZOOKEEPER-2623,8,28,52,YES
26,zookeeper-server/src/main/java/org/apache/zookeeper/server/Request.java,ZOOKEEPER-2623,8,28,52,YES
27,zookeeper-server/src/main/java/org/apache/zookeeper/server/Request.java,ZOOKEEPER-2623,8,28,52,YES
28,zookeeper-server/src/main/java/org/apache/zookeeper/server/Request.java,ZOOKEEPER-2623,8,28,52,YES
29,zookeeper-server/src/main/java/org/apache/zookeeper/server/Request.java,ZOOKEEPER-2623,8,28,52,YES
30,zookeeper-server/src/main/java/org/apache/zookeeper/server/Request.java,ZOOKEEPER-2623,8,28,52,YES
31,zookeeper-server/src/main/java/org/apache/zookeeper/server/Request.java,ZOOKEEPER-2623,8,28,52,YES
32,zookeeper-server/src/main/java/org/apache/zookeeper/server/Request.java,ZOOKEEPER-2623,8,28,52,YES
33,zookeeper-server/src/main/java/org/apache/zookeeper/server/Request.java,ZOOKEEPER-2623,8,28,52,YES
34,zookeeper-server/src/main/java/org/apache/zookeeper/server/Request.java,ZOOKEEPER-2623,8,28,52,YES
35,zookeeper-server/src/main/java/org/apache/zookeeper/server/Request.java,ZOOKEEPER-2623,8,28,52,YES
36,zookeeper-server/src/main/java/org/apache/zookeeper/server/Request.java,ZOOKEEPER-2623,8,28,52,YES
37,zookeeper-server/src/main/java/org/apache/zookeeper/server/Request.java,ZOOKEEPER-2623,8,28,52,YES
38,zookeeper-server/src/main/java/org/apache/zookeeper/server/Request.java,ZOOKEEPER-2623,8,28,52,YES
39,zookeeper-server/src/main/java/org/apache/zookeeper/server/Request.java,ZOOKEEPER-2623,8,28,52,YES
40,zookeeper-server/src/main/java/org/apache/zookeeper/server/Request.java,ZOOKEEPER-2623,8,28,52,YES
41,zookeeper-server/src/main/java/org/apache/zookeeper/server/Request.java,ZOOKEEPER-2623,8,28,52,YES
42,zookeeper-server/src/main/java/org/apache/zookeeper/server/Request.java,ZOOKEEPER-2623,8,28,52,YES
43,zookeeper-server/src/main/java/org/apache/zookeeper/server/Request.java,ZOOKEEPER-2623,8,28,52,YES
44,zookeeper-server/src/main/java/org/apache/zookeeper/server/Request.java,ZOOKEEPER-2623,8,28,52,YES
45,zookeeper-server/src/main/java/org/apache/zookeeper/server/Request.java,ZOOKEEPER-2623,8,28,52,YES
46,zookeeper-server/src/main/java/org/apache/zookeeper/server/Request.java,ZOOKEEPER-2623,8,28,52,YES
47,zookeeper-server/src/main/java/org/apache/zookeeper/server/Request.java,ZOOKEEPER-2623,8,28,52,YES
48,zookeeper-server/src/main/java/org/apache/zookeeper/server/Request.java,ZOOKEEPER-2623,8,28,52,YES
49,zookeeper-server/src/main/java/org/apache/zookeeper/server/Request.java,ZOOKEEPER-2623,8,28,52,YES
50,zookeeper-server/src/main/java/org/apache/zookeeper/server/Request.java,ZOOKEEPER-2623,8,28,52,YES
51,zookeeper-server/src/main/java/org/apache/zookeeper/server/Request.java,ZOOKEEPER-2623,8,28,52,YES
8,zookeeper-server/src/main/java/org/apache/zookeeper/server/quorum/CommitProcessor.java,ZOOKEEPER-2623,8,28,52,YES
9,zookeeper-server/src/main/java/org/apache/zookeeper/server/quorum/CommitProcessor.java,ZOOKEEPER-2623,8,28,52,YES
10,zookeeper-server/src/main/java/org/apache/zookeeper/server/quorum/CommitProcessor.java,ZOOKEEPER-2623,8,28,52,YES
11,zookeeper-server/src/main/java/org/apache/zookeeper/server/quorum/CommitProcessor.java,ZOOKEEPER-2623,8,28,52,YES
12,zookeeper-server/src/main/java/org/apache/zookeeper/server/quorum/CommitProcessor.java,ZOOKEEPER-2623,8,28,52,YES
13,zookeeper-server/src/main/java/org/apache/zookeeper/server/quorum/CommitProcessor.java,ZOOKEEPER-2623,8,28,52,YES
14,zookeeper-server/src/main/java/org/apache/zookeeper/server/quorum/CommitProcessor.java,ZOOKEEPER-2623,8,28,52,YES
15,zookeeper-server/src/main/java/org/apache/zookeeper/server/quorum/CommitProcessor.java,ZOOKEEPER-2623,8,28,52,YES
16,zookeeper-server/src/main/java/org/apache/zookeeper/server/quorum/CommitProcessor.java,ZOOKEEPER-2623,8,28,52,YES
17,zookeeper-server/src/main/java/org/apache/zookeeper/server/quorum/CommitProcessor.java,ZOOKEEPER-2623,8,28,52,YES
18,zookeeper-server/src/main/java/org/apache/zookeeper/server/quorum/CommitProcessor.java,ZOOKEEPER-2623,8,28,52,YES
19,zookeeper-server/src/main/java/org/apache/zookeeper/server/quorum/CommitProcessor.java,ZOOKEEPER-2623,8,28,52,YES
20,zookeeper-server/src/main/java/org/apache/zookeeper/server/quorum/CommitProcessor.java,ZOOKEEPER-2623,8,28,52,YES
21,zookeeper-server/src/main/java/org/apache/zookeeper/server/quorum/CommitProcessor.java,ZOOKEEPER-2623,8,28,52,YES
22,zookeeper-server/src/main/java/org/apache/zookeeper/server/quorum/CommitProcessor.java,ZOOKEEPER-2623,8,28,52,YES
23,zookeeper-server/src/main/java/org/apache/zookeeper/server/quorum/CommitProcessor.java,ZOOKEEPER-2623,8,28,52,YES
24,zookeeper-server/src/main/java/org/apache/zookeeper/server/quorum/CommitProcessor.java,ZOOKEEPER-2623,8,28,52,YES
25,zookeeper-server/src/main/java/org/apache/zookeeper/server/quorum/CommitProcessor.java,ZOOKEEPER-2623,8,28,52,YES
26,zookeeper-server/src/main/java/org/apache/zookeeper/server/quorum/CommitProcessor.java,ZOOKEEPER-2623,8,28,52,YES
27,zookeeper-server/src/main/java/org/apache/zookeeper/server/quorum/CommitProcessor.java,ZOOKEEPER-2623,8,28,52,YES
28,zookeeper-server/src/main/java/org/apache/zookeeper/server/quorum/CommitProcessor.java,ZOOKEEPER-2623,8,28,52,YES
29,zookeeper-server/src/main/java/org/apache/zookeeper/server/quorum/CommitProcessor.java,ZOOKEEPER-2623,8,28,52,YES
30,zookeeper-server/src/main/java/org/apache/zookeeper/server/quorum/CommitProcessor.java,ZOOKEEPER-2623,8,28,52,YES
31,zookeeper-server/src/main/java/org/apache/zookeeper/server/quorum/CommitProcessor.java,ZOOKEEPER-2623,8,28,52,YES
32,zookeeper-server/src/main/java/org/apache/zookeeper/server/quorum/CommitProcessor.java,ZOOKEEPER-2623,8,28,52,YES
33,zookeeper-server/src/main/java/org/apache/zookeeper/server/quorum/CommitProcessor.java,ZOOKEEPER-2623,8,28,52,YES
34,zookeeper-server/src/main/java/org/apache/zookeeper/server/quorum/CommitProcessor.java,ZOOKEEPER-2623,8,28,52,YES
35,zookeeper-server/src/main/java/org/apache/zookeeper/server/quorum/CommitProcessor.java,ZOOKEEPER-2623,8,28,52,YES
36,zookeeper-server/src/main/java/org/apache/zookeeper/server/quorum/CommitProcessor.java,ZOOKEEPER-2623,8,28,52,YES
37,zookeeper-server/src/main/java/org/apache/zookeeper/server/quorum/CommitProcessor.java,ZOOKEEPER-2623,8,28,52,YES
38,zookeeper-server/src/main/java/org/apache/zookeeper/server/quorum/CommitProcessor.java,ZOOKEEPER-2623,8,28,52,YES
39,zookeeper-server/src/main/java/org/apache/zookeeper/server/quorum/CommitProcessor.java,ZOOKEEPER-2623,8,28,52,YES
40,zookeeper-server/src/main/java/org/apache/zookeeper/server/quorum/CommitProcessor.java,ZOOKEEPER-2623,8,28,52,YES
41,zookeeper-server/src/main/java/org/apache/zookeeper/server/quorum/CommitProcessor.java,ZOOKEEPER-2623,8,28,52,YES
42,zookeeper-server/src/main/java/org/apache/zookeeper/server/quorum/CommitProcessor.java,ZOOKEEPER-2623,8,28,52,YES
43,zookeeper-server/src/main/java/org/apache/zookeeper/server/quorum/CommitProcessor.java,ZOOKEEPER-2623,8,28,52,YES
44,zookeeper-server/src/main/java/org/apache/zookeeper/server/quorum/CommitProcessor.java,ZOOKEEPER-2623,8,28,52,YES
45,zookeeper-server/src/main/java/org/apache/zookeeper/server/quorum/CommitProcessor.java,ZOOKEEPER-2623,8,28,52,YES
46,zookeeper-server/src/main/java/org/apache/zookeeper/server/quorum/CommitProcessor.java,ZOOKEEPER-2623,8,28,52,YES
47,zookeeper-server/src/main/java/org/apache/zookeeper/server/quorum/CommitProcessor.java,ZOOKEEPER-2623,8,28,52,YES
48,zookeeper-server/src/main/java/org/apache/zookeeper/server/quorum/CommitProcessor.java,ZOOKEEPER-2623,8,28,52,YES
49,zookeeper-server/src/main/java/org/apache/zookeeper/server/quorum/CommitProcessor.java,ZOOKEEPER-2623,8,28,52,YES
50,zookeeper-server/src/main/java/org/apache/zookeeper/server/quorum/CommitProcessor.java,ZOOKEEPER-2623,8,28,52,YES
51,zookeeper-server/src/main/java/org/apache/zookeeper/server/quorum/CommitProcessor.java,ZOOKEEPER-2623,8,28,52,YES
8,zookeeper-server/src/main/java/org/apache/zookeeper/server/quorum/FollowerRequestProcessor.java,ZOOKEEPER-2623,8,28,52,YES
9,zookeeper-server/src/main/java/org/apache/zookeeper/server/quorum/FollowerRequestProcessor.java,ZOOKEEPER-2623,8,28,52,YES
10,zookeeper-server/src/main/java/org/apache/zookeeper/server/quorum/FollowerRequestProcessor.java,ZOOKEEPER-2623,8,28,52,YES
11,zookeeper-server/src/main/java/org/apache/zookeeper/server/quorum/FollowerRequestProcessor.java,ZOOKEEPER-2623,8,28,52,YES
12,zookeeper-server/src/main/java/org/apache/zookeeper/server/quorum/FollowerRequestProcessor.java,ZOOKEEPER-2623,8,28,52,YES
13,zookeeper-server/src/main/java/org/apache/zookeeper/server/quorum/FollowerRequestProcessor.java,ZOOKEEPER-2623,8,28,52,YES
14,zookeeper-server/src/main/java/org/apache/zookeeper/server/quorum/FollowerRequestProcessor.java,ZOOKEEPER-2623,8,28,52,YES
15,zookeeper-server/src/main/java/org/apache/zookeeper/server/quorum/FollowerRequestProcessor.java,ZOOKEEPER-2623,8,28,52,YES
16,zookeeper-server/src/main/java/org/apache/zookeeper/server/quorum/FollowerRequestProcessor.java,ZOOKEEPER-2623,8,28,52,YES
17,zookeeper-server/src/main/java/org/apache/zookeeper/server/quorum/FollowerRequestProcessor.java,ZOOKEEPER-2623,8,28,52,YES
18,zookeeper-server/src/main/java/org/apache/zookeeper/server/quorum/FollowerRequestProcessor.java,ZOOKEEPER-2623,8,28,52,YES
19,zookeeper-server/src/main/java/org/apache/zookeeper/server/quorum/FollowerRequestProcessor.java,ZOOKEEPER-2623,8,28,52,YES
20,zookeeper-server/src/main/java/org/apache/zookeeper/server/quorum/FollowerRequestProcessor.java,ZOOKEEPER-2623,8,28,52,YES
21,zookeeper-server/src/main/java/org/apache/zookeeper/server/quorum/FollowerRequestProcessor.java,ZOOKEEPER-2623,8,28,52,YES
22,zookeeper-server/src/main/java/org/apache/zookeeper/server/quorum/FollowerRequestProcessor.java,ZOOKEEPER-2623,8,28,52,YES
23,zookeeper-server/src/main/java/org/apache/zookeeper/server/quorum/FollowerRequestProcessor.java,ZOOKEEPER-2623,8,28,52,YES
24,zookeeper-server/src/main/java/org/apache/zookeeper/server/quorum/FollowerRequestProcessor.java,ZOOKEEPER-2623,8,28,52,YES
25,zookeeper-server/src/main/java/org/apache/zookeeper/server/quorum/FollowerRequestProcessor.java,ZOOKEEPER-2623,8,28,52,YES
26,zookeeper-server/src/main/java/org/apache/zookeeper/server/quorum/FollowerRequestProcessor.java,ZOOKEEPER-2623,8,28,52,YES
27,zookeeper-server/src/main/java/org/apache/zookeeper/server/quorum/FollowerRequestProcessor.java,ZOOKEEPER-2623,8,28,52,YES
28,zookeeper-server/src/main/java/org/apache/zookeeper/server/quorum/FollowerRequestProcessor.java,ZOOKEEPER-2623,8,28,52,YES
29,zookeeper-server/src/main/java/org/apache/zookeeper/server/quorum/FollowerRequestProcessor.java,ZOOKEEPER-2623,8,28,52,YES
30,zookeeper-server/src/main/java/org/apache/zookeeper/server/quorum/FollowerRequestProcessor.java,ZOOKEEPER-2623,8,28,52,YES
31,zookeeper-server/src/main/java/org/apache/zookeeper/server/quorum/FollowerRequestProcessor.java,ZOOKEEPER-2623,8,28,52,YES
32,zookeeper-server/src/main/java/org/apache/zookeeper/server/quorum/FollowerRequestProcessor.java,ZOOKEEPER-2623,8,28,52,YES
33,zookeeper-server/src/main/java/org/apache/zookeeper/server/quorum/FollowerRequestProcessor.java,ZOOKEEPER-2623,8,28,52,YES
34,zookeeper-server/src/main/java/org/apache/zookeeper/server/quorum/FollowerRequestProcessor.java,ZOOKEEPER-2623,8,28,52,YES
35,zookeeper-server/src/main/java/org/apache/zookeeper/server/quorum/FollowerRequestProcessor.java,ZOOKEEPER-2623,8,28,52,YES
36,zookeeper-server/src/main/java/org/apache/zookeeper/server/quorum/FollowerRequestProcessor.java,ZOOKEEPER-2623,8,28,52,YES
37,zookeeper-server/src/main/java/org/apache/zookeeper/server/quorum/FollowerRequestProcessor.java,ZOOKEEPER-2623,8,28,52,YES
38,zookeeper-server/src/main/java/org/apache/zookeeper/server/quorum/FollowerRequestProcessor.java,ZOOKEEPER-2623,8,28,52,YES
39,zookeeper-server/src/main/java/org/apache/zookeeper/server/quorum/FollowerRequestProcessor.java,ZOOKEEPER-2623,8,28,52,YES
40,zookeeper-server/src/main/java/org/apache/zookeeper/server/quorum/FollowerRequestProcessor.java,ZOOKEEPER-2623,8,28,52,YES
41,zookeeper-server/src/main/java/org/apache/zookeeper/server/quorum/FollowerRequestProcessor.java,ZOOKEEPER-2623,8,28,52,YES
42,zookeeper-server/src/main/java/org/apache/zookeeper/server/quorum/FollowerRequestProcessor.java,ZOOKEEPER-2623,8,28,52,YES
43,zookeeper-server/src/main/java/org/apache/zookeeper/server/quorum/FollowerRequestProcessor.java,ZOOKEEPER-2623,8,28,52,YES
44,zookeeper-server/src/main/java/org/apache/zookeeper/server/quorum/FollowerRequestProcessor.java,ZOOKEEPER-2623,8,28,52,YES
45,zookeeper-server/src/main/java/org/apache/zookeeper/server/quorum/FollowerRequestProcessor.java,ZOOKEEPER-2623,8,28,52,YES
46,zookeeper-server/src/main/java/org/apache/zookeeper/server/quorum/FollowerRequestProcessor.java,ZOOKEEPER-2623,8,28,52,YES
47,zookeeper-server/src/main/java/org/apache/zookeeper/server/quorum/FollowerRequestProcessor.java,ZOOKEEPER-2623,8,28,52,YES
48,zookeeper-server/src/main/java/org/apache/zookeeper/server/quorum/FollowerRequestProcessor.java,ZOOKEEPER-2623,8,28,52,YES
49,zookeeper-server/src/main/java/org/apache/zookeeper/server/quorum/FollowerRequestProcessor.java,ZOOKEEPER-2623,8,28,52,YES
50,zookeeper-server/src/main/java/org/apache/zookeeper/server/quorum/FollowerRequestProcessor.java,ZOOKEEPER-2623,8,28,52,YES
51,zookeeper-server/src/main/java/org/apache/zookeeper/server/quorum/FollowerRequestProcessor.java,ZOOKEEPER-2623,8,28,52,YES
8,zookeeper-server/src/main/java/org/apache/zookeeper/server/quorum/ObserverRequestProcessor.java,ZOOKEEPER-2623,8,28,52,YES
9,zookeeper-server/src/main/java/org/apache/zookeeper/server/quorum/ObserverRequestProcessor.java,ZOOKEEPER-2623,8,28,52,YES
10,zookeeper-server/src/main/java/org/apache/zookeeper/server/quorum/ObserverRequestProcessor.java,ZOOKEEPER-2623,8,28,52,YES
11,zookeeper-server/src/main/java/org/apache/zookeeper/server/quorum/ObserverRequestProcessor.java,ZOOKEEPER-2623,8,28,52,YES
12,zookeeper-server/src/main/java/org/apache/zookeeper/server/quorum/ObserverRequestProcessor.java,ZOOKEEPER-2623,8,28,52,YES
13,zookeeper-server/src/main/java/org/apache/zookeeper/server/quorum/ObserverRequestProcessor.java,ZOOKEEPER-2623,8,28,52,YES
14,zookeeper-server/src/main/java/org/apache/zookeeper/server/quorum/ObserverRequestProcessor.java,ZOOKEEPER-2623,8,28,52,YES
15,zookeeper-server/src/main/java/org/apache/zookeeper/server/quorum/ObserverRequestProcessor.java,ZOOKEEPER-2623,8,28,52,YES
16,zookeeper-server/src/main/java/org/apache/zookeeper/server/quorum/ObserverRequestProcessor.java,ZOOKEEPER-2623,8,28,52,YES
17,zookeeper-server/src/main/java/org/apache/zookeeper/server/quorum/ObserverRequestProcessor.java,ZOOKEEPER-2623,8,28,52,YES
18,zookeeper-server/src/main/java/org/apache/zookeeper/server/quorum/ObserverRequestProcessor.java,ZOOKEEPER-2623,8,28,52,YES
19,zookeeper-server/src/main/java/org/apache/zookeeper/server/quorum/ObserverRequestProcessor.java,ZOOKEEPER-2623,8,28,52,YES
20,zookeeper-server/src/main/java/org/apache/zookeeper/server/quorum/ObserverRequestProcessor.java,ZOOKEEPER-2623,8,28,52,YES
21,zookeeper-server/src/main/java/org/apache/zookeeper/server/quorum/ObserverRequestProcessor.java,ZOOKEEPER-2623,8,28,52,YES
22,zookeeper-server/src/main/java/org/apache/zookeeper/server/quorum/ObserverRequestProcessor.java,ZOOKEEPER-2623,8,28,52,YES
23,zookeeper-server/src/main/java/org/apache/zookeeper/server/quorum/ObserverRequestProcessor.java,ZOOKEEPER-2623,8,28,52,YES
24,zookeeper-server/src/main/java/org/apache/zookeeper/server/quorum/ObserverRequestProcessor.java,ZOOKEEPER-2623,8,28,52,YES
25,zookeeper-server/src/main/java/org/apache/zookeeper/server/quorum/ObserverRequestProcessor.java,ZOOKEEPER-2623,8,28,52,YES
26,zookeeper-server/src/main/java/org/apache/zookeeper/server/quorum/ObserverRequestProcessor.java,ZOOKEEPER-2623,8,28,52,YES
27,zookeeper-server/src/main/java/org/apache/zookeeper/server/quorum/ObserverRequestProcessor.java,ZOOKEEPER-2623,8,28,52,YES
28,zookeeper-server/src/main/java/org/apache/zookeeper/server/quorum/ObserverRequestProcessor.java,ZOOKEEPER-2623,8,28,52,YES
29,zookeeper-server/src/main/java/org/apache/zookeeper/server/quorum/ObserverRequestProcessor.java,ZOOKEEPER-2623,8,28,52,YES
30,zookeeper-server/src/main/java/org/apache/zookeeper/server/quorum/ObserverRequestProcessor.java,ZOOKEEPER-2623,8,28,52,YES
31,zookeeper-server/src/main/java/org/apache/zookeeper/server/quorum/ObserverRequestProcessor.java,ZOOKEEPER-2623,8,28,52,YES
32,zookeeper-server/src/main/java/org/apache/zookeeper/server/quorum/ObserverRequestProcessor.java,ZOOKEEPER-2623,8,28,52,YES
33,zookeeper-server/src/main/java/org/apache/zookeeper/server/quorum/ObserverRequestProcessor.java,ZOOKEEPER-2623,8,28,52,YES
34,zookeeper-server/src/main/java/org/apache/zookeeper/server/quorum/ObserverRequestProcessor.java,ZOOKEEPER-2623,8,28,52,YES
35,zookeeper-server/src/main/java/org/apache/zookeeper/server/quorum/ObserverRequestProcessor.java,ZOOKEEPER-2623,8,28,52,YES
36,zookeeper-server/src/main/java/org/apache/zookeeper/server/quorum/ObserverRequestProcessor.java,ZOOKEEPER-2623,8,28,52,YES
37,zookeeper-server/src/main/java/org/apache/zookeeper/server/quorum/ObserverRequestProcessor.java,ZOOKEEPER-2623,8,28,52,YES
38,zookeeper-server/src/main/java/org/apache/zookeeper/server/quorum/ObserverRequestProcessor.java,ZOOKEEPER-2623,8,28,52,YES
39,zookeeper-server/src/main/java/org/apache/zookeeper/server/quorum/ObserverRequestProcessor.java,ZOOKEEPER-2623,8,28,52,YES
40,zookeeper-server/src/main/java/org/apache/zookeeper/server/quorum/ObserverRequestProcessor.java,ZOOKEEPER-2623,8,28,52,YES
41,zookeeper-server/src/main/java/org/apache/zookeeper/server/quorum/ObserverRequestProcessor.java,ZOOKEEPER-2623,8,28,52,YES
42,zookeeper-server/src/main/java/org/apache/zookeeper/server/quorum/ObserverRequestProcessor.java,ZOOKEEPER-2623,8,28,52,YES
43,zookeeper-server/src/main/java/org/apache/zookeeper/server/quorum/ObserverRequestProcessor.java,ZOOKEEPER-2623,8,28,52,YES
44,zookeeper-server/src/main/java/org/apache/zookeeper/server/quorum/ObserverRequestProcessor.java,ZOOKEEPER-2623,8,28,52,YES
45,zookeeper-server/src/main/java/org/apache/zookeeper/server/quorum/ObserverRequestProcessor.java,ZOOKEEPER-2623,8,28,52,YES
46,zookeeper-server/src/main/java/org/apache/zookeeper/server/quorum/ObserverRequestProcessor.java,ZOOKEEPER-2623,8,28,52,YES
47,zookeeper-server/src/main/java/org/apache/zookeeper/server/quorum/ObserverRequestProcessor.java,ZOOKEEPER-2623,8,28,52,YES
48,zookeeper-server/src/main/java/org/apache/zookeeper/server/quorum/ObserverRequestProcessor.java,ZOOKEEPER-2623,8,28,52,YES
49,zookeeper-server/src/main/java/org/apache/zookeeper/server/quorum/ObserverRequestProcessor.java,ZOOKEEPER-2623,8,28,52,YES
50,zookeeper-server/src/main/java/org/apache/zookeeper/server/quorum/ObserverRequestProcessor.java,ZOOKEEPER-2623,8,28,52,YES
51,zookeeper-server/src/main/java/org/apache/zookeeper/server/quorum/ObserverRequestProcessor.java,ZOOKEEPER-2623,8,28,52,YES
8,zookeeper-server/src/main/java/org/apache/zookeeper/server/quorum/ReadOnlyRequestProcessor.java,ZOOKEEPER-2623,8,28,52,YES
9,zookeeper-server/src/main/java/org/apache/zookeeper/server/quorum/ReadOnlyRequestProcessor.java,ZOOKEEPER-2623,8,28,52,YES
10,zookeeper-server/src/main/java/org/apache/zookeeper/server/quorum/ReadOnlyRequestProcessor.java,ZOOKEEPER-2623,8,28,52,YES
11,zookeeper-server/src/main/java/org/apache/zookeeper/server/quorum/ReadOnlyRequestProcessor.java,ZOOKEEPER-2623,8,28,52,YES
12,zookeeper-server/src/main/java/org/apache/zookeeper/server/quorum/ReadOnlyRequestProcessor.java,ZOOKEEPER-2623,8,28,52,YES
13,zookeeper-server/src/main/java/org/apache/zookeeper/server/quorum/ReadOnlyRequestProcessor.java,ZOOKEEPER-2623,8,28,52,YES
14,zookeeper-server/src/main/java/org/apache/zookeeper/server/quorum/ReadOnlyRequestProcessor.java,ZOOKEEPER-2623,8,28,52,YES
15,zookeeper-server/src/main/java/org/apache/zookeeper/server/quorum/ReadOnlyRequestProcessor.java,ZOOKEEPER-2623,8,28,52,YES
16,zookeeper-server/src/main/java/org/apache/zookeeper/server/quorum/ReadOnlyRequestProcessor.java,ZOOKEEPER-2623,8,28,52,YES
17,zookeeper-server/src/main/java/org/apache/zookeeper/server/quorum/ReadOnlyRequestProcessor.java,ZOOKEEPER-2623,8,28,52,YES
18,zookeeper-server/src/main/java/org/apache/zookeeper/server/quorum/ReadOnlyRequestProcessor.java,ZOOKEEPER-2623,8,28,52,YES
19,zookeeper-server/src/main/java/org/apache/zookeeper/server/quorum/ReadOnlyRequestProcessor.java,ZOOKEEPER-2623,8,28,52,YES
20,zookeeper-server/src/main/java/org/apache/zookeeper/server/quorum/ReadOnlyRequestProcessor.java,ZOOKEEPER-2623,8,28,52,YES
21,zookeeper-server/src/main/java/org/apache/zookeeper/server/quorum/ReadOnlyRequestProcessor.java,ZOOKEEPER-2623,8,28,52,YES
22,zookeeper-server/src/main/java/org/apache/zookeeper/server/quorum/ReadOnlyRequestProcessor.java,ZOOKEEPER-2623,8,28,52,YES
23,zookeeper-server/src/main/java/org/apache/zookeeper/server/quorum/ReadOnlyRequestProcessor.java,ZOOKEEPER-2623,8,28,52,YES
24,zookeeper-server/src/main/java/org/apache/zookeeper/server/quorum/ReadOnlyRequestProcessor.java,ZOOKEEPER-2623,8,28,52,YES
25,zookeeper-server/src/main/java/org/apache/zookeeper/server/quorum/ReadOnlyRequestProcessor.java,ZOOKEEPER-2623,8,28,52,YES
26,zookeeper-server/src/main/java/org/apache/zookeeper/server/quorum/ReadOnlyRequestProcessor.java,ZOOKEEPER-2623,8,28,52,YES
27,zookeeper-server/src/main/java/org/apache/zookeeper/server/quorum/ReadOnlyRequestProcessor.java,ZOOKEEPER-2623,8,28,52,YES
28,zookeeper-server/src/main/java/org/apache/zookeeper/server/quorum/ReadOnlyRequestProcessor.java,ZOOKEEPER-2623,8,28,52,YES
29,zookeeper-server/src/main/java/org/apache/zookeeper/server/quorum/ReadOnlyRequestProcessor.java,ZOOKEEPER-2623,8,28,52,YES
30,zookeeper-server/src/main/java/org/apache/zookeeper/server/quorum/ReadOnlyRequestProcessor.java,ZOOKEEPER-2623,8,28,52,YES
31,zookeeper-server/src/main/java/org/apache/zookeeper/server/quorum/ReadOnlyRequestProcessor.java,ZOOKEEPER-2623,8,28,52,YES
32,zookeeper-server/src/main/java/org/apache/zookeeper/server/quorum/ReadOnlyRequestProcessor.java,ZOOKEEPER-2623,8,28,52,YES
33,zookeeper-server/src/main/java/org/apache/zookeeper/server/quorum/ReadOnlyRequestProcessor.java,ZOOKEEPER-2623,8,28,52,YES
34,zookeeper-server/src/main/java/org/apache/zookeeper/server/quorum/ReadOnlyRequestProcessor.java,ZOOKEEPER-2623,8,28,52,YES
35,zookeeper-server/src/main/java/org/apache/zookeeper/server/quorum/ReadOnlyRequestProcessor.java,ZOOKEEPER-2623,8,28,52,YES
36,zookeeper-server/src/main/java/org/apache/zookeeper/server/quorum/ReadOnlyRequestProcessor.java,ZOOKEEPER-2623,8,28,52,YES
37,zookeeper-server/src/main/java/org/apache/zookeeper/server/quorum/ReadOnlyRequestProcessor.java,ZOOKEEPER-2623,8,28,52,YES
38,zookeeper-server/src/main/java/org/apache/zookeeper/server/quorum/ReadOnlyRequestProcessor.java,ZOOKEEPER-2623,8,28,52,YES
39,zookeeper-server/src/main/java/org/apache/zookeeper/server/quorum/ReadOnlyRequestProcessor.java,ZOOKEEPER-2623,8,28,52,YES
40,zookeeper-server/src/main/java/org/apache/zookeeper/server/quorum/ReadOnlyRequestProcessor.java,ZOOKEEPER-2623,8,28,52,YES
41,zookeeper-server/src/main/java/org/apache/zookeeper/server/quorum/ReadOnlyRequestProcessor.java,ZOOKEEPER-2623,8,28,52,YES
42,zookeeper-server/src/main/java/org/apache/zookeeper/server/quorum/ReadOnlyRequestProcessor.java,ZOOKEEPER-2623,8,28,52,YES
43,zookeeper-server/src/main/java/org/apache/zookeeper/server/quorum/ReadOnlyRequestProcessor.java,ZOOKEEPER-2623,8,28,52,YES
44,zookeeper-server/src/main/java/org/apache/zookeeper/server/quorum/ReadOnlyRequestProcessor.java,ZOOKEEPER-2623,8,28,52,YES
45,zookeeper-server/src/main/java/org/apache/zookeeper/server/quorum/ReadOnlyRequestProcessor.java,ZOOKEEPER-2623,8,28,52,YES
46,zookeeper-server/src/main/java/org/apache/zookeeper/server/quorum/ReadOnlyRequestProcessor.java,ZOOKEEPER-2623,8,28,52,YES
47,zookeeper-server/src/main/java/org/apache/zookeeper/server/quorum/ReadOnlyRequestProcessor.java,ZOOKEEPER-2623,8,28,52,YES
48,zookeeper-server/src/main/java/org/apache/zookeeper/server/quorum/ReadOnlyRequestProcessor.java,ZOOKEEPER-2623,8,28,52,YES
49,zookeeper-server/src/main/java/org/apache/zookeeper/server/quorum/ReadOnlyRequestProcessor.java,ZOOKEEPER-2623,8,28,52,YES
50,zookeeper-server/src/main/java/org/apache/zookeeper/server/quorum/ReadOnlyRequestProcessor.java,ZOOKEEPER-2623,8,28,52,YES
51,zookeeper-server/src/main/java/org/apache/zookeeper/server/quorum/ReadOnlyRequestProcessor.java,ZOOKEEPER-2623,8,28,52,YES
8,zookeeper-server/src/main/java/org/apache/zookeeper/server/util/RequestPathMetricsCollector.java,ZOOKEEPER-2623,8,28,52,YES
9,zookeeper-server/src/main/java/org/apache/zookeeper/server/util/RequestPathMetricsCollector.java,ZOOKEEPER-2623,8,28,52,YES
10,zookeeper-server/src/main/java/org/apache/zookeeper/server/util/RequestPathMetricsCollector.java,ZOOKEEPER-2623,8,28,52,YES
11,zookeeper-server/src/main/java/org/apache/zookeeper/server/util/RequestPathMetricsCollector.java,ZOOKEEPER-2623,8,28,52,YES
12,zookeeper-server/src/main/java/org/apache/zookeeper/server/util/RequestPathMetricsCollector.java,ZOOKEEPER-2623,8,28,52,YES
13,zookeeper-server/src/main/java/org/apache/zookeeper/server/util/RequestPathMetricsCollector.java,ZOOKEEPER-2623,8,28,52,YES
14,zookeeper-server/src/main/java/org/apache/zookeeper/server/util/RequestPathMetricsCollector.java,ZOOKEEPER-2623,8,28,52,YES
15,zookeeper-server/src/main/java/org/apache/zookeeper/server/util/RequestPathMetricsCollector.java,ZOOKEEPER-2623,8,28,52,YES
16,zookeeper-server/src/main/java/org/apache/zookeeper/server/util/RequestPathMetricsCollector.java,ZOOKEEPER-2623,8,28,52,YES
17,zookeeper-server/src/main/java/org/apache/zookeeper/server/util/RequestPathMetricsCollector.java,ZOOKEEPER-2623,8,28,52,YES
18,zookeeper-server/src/main/java/org/apache/zookeeper/server/util/RequestPathMetricsCollector.java,ZOOKEEPER-2623,8,28,52,YES
19,zookeeper-server/src/main/java/org/apache/zookeeper/server/util/RequestPathMetricsCollector.java,ZOOKEEPER-2623,8,28,52,YES
20,zookeeper-server/src/main/java/org/apache/zookeeper/server/util/RequestPathMetricsCollector.java,ZOOKEEPER-2623,8,28,52,YES
21,zookeeper-server/src/main/java/org/apache/zookeeper/server/util/RequestPathMetricsCollector.java,ZOOKEEPER-2623,8,28,52,YES
22,zookeeper-server/src/main/java/org/apache/zookeeper/server/util/RequestPathMetricsCollector.java,ZOOKEEPER-2623,8,28,52,YES
23,zookeeper-server/src/main/java/org/apache/zookeeper/server/util/RequestPathMetricsCollector.java,ZOOKEEPER-2623,8,28,52,YES
24,zookeeper-server/src/main/java/org/apache/zookeeper/server/util/RequestPathMetricsCollector.java,ZOOKEEPER-2623,8,28,52,YES
25,zookeeper-server/src/main/java/org/apache/zookeeper/server/util/RequestPathMetricsCollector.java,ZOOKEEPER-2623,8,28,52,YES
26,zookeeper-server/src/main/java/org/apache/zookeeper/server/util/RequestPathMetricsCollector.java,ZOOKEEPER-2623,8,28,52,YES
27,zookeeper-server/src/main/java/org/apache/zookeeper/server/util/RequestPathMetricsCollector.java,ZOOKEEPER-2623,8,28,52,YES
28,zookeeper-server/src/main/java/org/apache/zookeeper/server/util/RequestPathMetricsCollector.java,ZOOKEEPER-2623,8,28,52,YES
29,zookeeper-server/src/main/java/org/apache/zookeeper/server/util/RequestPathMetricsCollector.java,ZOOKEEPER-2623,8,28,52,YES
30,zookeeper-server/src/main/java/org/apache/zookeeper/server/util/RequestPathMetricsCollector.java,ZOOKEEPER-2623,8,28,52,YES
31,zookeeper-server/src/main/java/org/apache/zookeeper/server/util/RequestPathMetricsCollector.java,ZOOKEEPER-2623,8,28,52,YES
32,zookeeper-server/src/main/java/org/apache/zookeeper/server/util/RequestPathMetricsCollector.java,ZOOKEEPER-2623,8,28,52,YES
33,zookeeper-server/src/main/java/org/apache/zookeeper/server/util/RequestPathMetricsCollector.java,ZOOKEEPER-2623,8,28,52,YES
34,zookeeper-server/src/main/java/org/apache/zookeeper/server/util/RequestPathMetricsCollector.java,ZOOKEEPER-2623,8,28,52,YES
35,zookeeper-server/src/main/java/org/apache/zookeeper/server/util/RequestPathMetricsCollector.java,ZOOKEEPER-2623,8,28,52,YES
36,zookeeper-server/src/main/java/org/apache/zookeeper/server/util/RequestPathMetricsCollector.java,ZOOKEEPER-2623,8,28,52,YES
37,zookeeper-server/src/main/java/org/apache/zookeeper/server/util/RequestPathMetricsCollector.java,ZOOKEEPER-2623,8,28,52,YES
38,zookeeper-server/src/main/java/org/apache/zookeeper/server/util/RequestPathMetricsCollector.java,ZOOKEEPER-2623,8,28,52,YES
39,zookeeper-server/src/main/java/org/apache/zookeeper/server/util/RequestPathMetricsCollector.java,ZOOKEEPER-2623,8,28,52,YES
40,zookeeper-server/src/main/java/org/apache/zookeeper/server/util/RequestPathMetricsCollector.java,ZOOKEEPER-2623,8,28,52,YES
41,zookeeper-server/src/main/java/org/apache/zookeeper/server/util/RequestPathMetricsCollector.java,ZOOKEEPER-2623,8,28,52,YES
42,zookeeper-server/src/main/java/org/apache/zookeeper/server/util/RequestPathMetricsCollector.java,ZOOKEEPER-2623,8,28,52,YES
43,zookeeper-server/src/main/java/org/apache/zookeeper/server/util/RequestPathMetricsCollector.java,ZOOKEEPER-2623,8,28,52,YES
44,zookeeper-server/src/main/java/org/apache/zookeeper/server/util/RequestPathMetricsCollector.java,ZOOKEEPER-2623,8,28,52,YES
45,zookeeper-server/src/main/java/org/apache/zookeeper/server/util/RequestPathMetricsCollector.java,ZOOKEEPER-2623,8,28,52,YES
46,zookeeper-server/src/main/java/org/apache/zookeeper/server/util/RequestPathMetricsCollector.java,ZOOKEEPER-2623,8,28,52,YES
47,zookeeper-server/src/main/java/org/apache/zookeeper/server/util/RequestPathMetricsCollector.java,ZOOKEEPER-2623,8,28,52,YES
48,zookeeper-server/src/main/java/org/apache/zookeeper/server/util/RequestPathMetricsCollector.java,ZOOKEEPER-2623,8,28,52,YES
49,zookeeper-server/src/main/java/org/apache/zookeeper/server/util/RequestPathMetricsCollector.java,ZOOKEEPER-2623,8,28,52,YES
50,zookeeper-server/src/main/java/org/apache/zookeeper/server/util/RequestPathMetricsCollector.java,ZOOKEEPER-2623,8,28,52,YES
51,zookeeper-server/src/main/java/org/apache/zookeeper/server/util/RequestPathMetricsCollector.java,ZOOKEEPER-2623,8,28,52,YES
17,src/java/main/org/apache/zookeeper/ZooKeeperMain.java,ZOOKEEPER-1535,17,19,21,YES
18,src/java/main/org/apache/zookeeper/ZooKeeperMain.java,ZOOKEEPER-1535,17,19,21,YES
19,src/java/main/org/apache/zookeeper/ZooKeeperMain.java,ZOOKEEPER-1535,17,19,21,YES
20,src/java/main/org/apache/zookeeper/ZooKeeperMain.java,ZOOKEEPER-1535,17,19,21,YES
26,src/java/main/org/apache/zookeeper/server/ZooTrace.java,ZOOKEEPER-2622,26,28,29,YES
27,src/java/main/org/apache/zookeeper/server/ZooTrace.java,ZOOKEEPER-2622,26,28,29,YES
28,src/java/main/org/apache/zookeeper/server/ZooTrace.java,ZOOKEEPER-2622,26,28,29,YES
26,src/java/main/org/apache/jute/compiler/CGenerator.java,ZOOKEEPER-2628,26,28,29,YES
27,src/java/main/org/apache/jute/compiler/CGenerator.java,ZOOKEEPER-2628,26,28,29,YES
28,src/java/main/org/apache/jute/compiler/CGenerator.java,ZOOKEEPER-2628,26,28,29,YES
26,src/java/main/org/apache/jute/compiler/CppGenerator.java,ZOOKEEPER-2628,26,28,29,YES
27,src/java/main/org/apache/jute/compiler/CppGenerator.java,ZOOKEEPER-2628,26,28,29,YES
28,src/java/main/org/apache/jute/compiler/CppGenerator.java,ZOOKEEPER-2628,26,28,29,YES
26,src/java/main/org/apache/jute/compiler/JRecord.java,ZOOKEEPER-2628,26,28,29,YES
27,src/java/main/org/apache/jute/compiler/JRecord.java,ZOOKEEPER-2628,26,28,29,YES
28,src/java/main/org/apache/jute/compiler/JRecord.java,ZOOKEEPER-2628,26,28,29,YES
26,src/java/main/org/apache/zookeeper/ZooKeeperMain.java,ZOOKEEPER-2628,26,28,29,YES
27,src/java/main/org/apache/zookeeper/ZooKeeperMain.java,ZOOKEEPER-2628,26,28,29,YES
28,src/java/main/org/apache/zookeeper/ZooKeeperMain.java,ZOOKEEPER-2628,26,28,29,YES
26,src/java/main/org/apache/zookeeper/cli/DeleteCommand.java,ZOOKEEPER-2628,26,28,29,YES
27,src/java/main/org/apache/zookeeper/cli/DeleteCommand.java,ZOOKEEPER-2628,26,28,29,YES
28,src/java/main/org/apache/zookeeper/cli/DeleteCommand.java,ZOOKEEPER-2628,26,28,29,YES
26,src/java/main/org/apache/zookeeper/server/DataTree.java,ZOOKEEPER-2628,26,28,29,YES
27,src/java/main/org/apache/zookeeper/server/DataTree.java,ZOOKEEPER-2628,26,28,29,YES
28,src/java/main/org/apache/zookeeper/server/DataTree.java,ZOOKEEPER-2628,26,28,29,YES
26,src/java/main/org/apache/zookeeper/server/NIOServerCnxn.java,ZOOKEEPER-2628,26,28,29,YES
27,src/java/main/org/apache/zookeeper/server/NIOServerCnxn.java,ZOOKEEPER-2628,26,28,29,YES
28,src/java/main/org/apache/zookeeper/server/NIOServerCnxn.java,ZOOKEEPER-2628,26,28,29,YES
26,src/java/main/org/apache/zookeeper/server/NettyServerCnxn.java,ZOOKEEPER-2628,26,28,29,YES
27,src/java/main/org/apache/zookeeper/server/NettyServerCnxn.java,ZOOKEEPER-2628,26,28,29,YES
28,src/java/main/org/apache/zookeeper/server/NettyServerCnxn.java,ZOOKEEPER-2628,26,28,29,YES
26,src/java/main/org/apache/zookeeper/server/PurgeTxnLog.java,ZOOKEEPER-2628,26,28,29,YES
27,src/java/main/org/apache/zookeeper/server/PurgeTxnLog.java,ZOOKEEPER-2628,26,28,29,YES
28,src/java/main/org/apache/zookeeper/server/PurgeTxnLog.java,ZOOKEEPER-2628,26,28,29,YES
26,src/java/main/org/apache/zookeeper/server/ZooKeeperServer.java,ZOOKEEPER-2628,26,28,29,YES
27,src/java/main/org/apache/zookeeper/server/ZooKeeperServer.java,ZOOKEEPER-2628,26,28,29,YES
28,src/java/main/org/apache/zookeeper/server/ZooKeeperServer.java,ZOOKEEPER-2628,26,28,29,YES
26,src/java/main/org/apache/zookeeper/server/command/FourLetterCommands.java,ZOOKEEPER-2628,26,28,29,YES
27,src/java/main/org/apache/zookeeper/server/command/FourLetterCommands.java,ZOOKEEPER-2628,26,28,29,YES
28,src/java/main/org/apache/zookeeper/server/command/FourLetterCommands.java,ZOOKEEPER-2628,26,28,29,YES
26,src/java/main/org/apache/zookeeper/server/quorum/flexible/QuorumHierarchical.java,ZOOKEEPER-2628,26,28,29,YES
27,src/java/main/org/apache/zookeeper/server/quorum/flexible/QuorumHierarchical.java,ZOOKEEPER-2628,26,28,29,YES
28,src/java/main/org/apache/zookeeper/server/quorum/flexible/QuorumHierarchical.java,ZOOKEEPER-2628,26,28,29,YES
26,src/java/main/org/apache/zookeeper/version/util/VerGen.java,ZOOKEEPER-2628,26,28,29,YES
27,src/java/main/org/apache/zookeeper/version/util/VerGen.java,ZOOKEEPER-2628,26,28,29,YES
28,src/java/main/org/apache/zookeeper/version/util/VerGen.java,ZOOKEEPER-2628,26,28,29,YES
53,zookeeper-server/src/main/java/org/apache/zookeeper/common/NettyUtils.java,ZOOKEEPER-4804,53,55,56,YES
54,zookeeper-server/src/main/java/org/apache/zookeeper/common/NettyUtils.java,ZOOKEEPER-4804,53,55,56,YES
55,zookeeper-server/src/main/java/org/apache/zookeeper/common/NettyUtils.java,ZOOKEEPER-4804,53,55,56,YES
51,zookeeper-server/src/main/java/org/apache/zookeeper/server/quorum/FastLeaderElection.java,ZOOKEEPER-4808,51,55,57,YES
52,zookeeper-server/src/main/java/org/apache/zookeeper/server/quorum/FastLeaderElection.java,ZOOKEEPER-4808,51,55,57,YES
53,zookeeper-server/src/main/java/org/apache/zookeeper/server/quorum/FastLeaderElection.java,ZOOKEEPER-4808,51,55,57,YES
54,zookeeper-server/src/main/java/org/apache/zookeeper/server/quorum/FastLeaderElection.java,ZOOKEEPER-4808,51,55,57,YES
55,zookeeper-server/src/main/java/org/apache/zookeeper/server/quorum/FastLeaderElection.java,ZOOKEEPER-4808,51,55,57,YES
56,zookeeper-server/src/main/java/org/apache/zookeeper/server/quorum/FastLeaderElection.java,ZOOKEEPER-4808,51,55,57,YES
